:020000040800F2
:100000000000022499DF0008691300086B13000840
:100010006D1300086F130008711300080000000042
:1000200000000000000000000000000091770008C0
:10003000731300080000000031780008957800086C
:10004000EDDF0008EDDF0008EDDF0008EDDF000860
:10005000EDDF0008EDDF0008EDDF0008EDDF000850
:10006000EDDF0008EDDF0008EDDF00087513000884
:100070008513000895130008EDDF0008EDDF000888
:10008000EDDF0008EDDF0008EDDF0008A513000834
:10009000EDDF0008EDDF0008B5130008EDDF000814
:1000A000EDDF0008EDDF0008EDDF0008EDDF000800
:1000B000C5130008EDDF0008EDDF0008EDDF0008E4
:1000C000EDDF0008EDDF0008EDDF0008EDDF0008E0
:1000D000D5130008E5130008EDDF0008EDDF000888
:1000E000EDDF0008EDDF000800000000EDDF000894
:1000F000EDDF0008EDDF0008EDDF0008F513000874
:10010000EDDF0008EDDF0008EDDF0008EDDF00089F
:10011000EDDF000805140008EDDF0008EDDF000842
:10012000EDDF0008EDDF0008EDDF0008EDDF00087F
:10013000EDDF0008EDDF0008EDDF0008EDDF00086F
:1001400000000000000000000000000000000000AF
:10015000EDDF0008EDDF0008EDDF0008EDDF00084F
:10016000EDDF0008EDDF0008EDDF0008EDDF00083F
:10017000EDDF0008EDDF0008EDDF00080000000003
:10018000EDDF0008EDDF000815140008EDDF0008C2
:10019000EDDF0008EDDF0008EDDF0008EDDF00080F
:1001A000EDDF0008EDDF0008EDDF000800000000D3
:1001B000EDDF0008EDDF0008EDDF0008EDDF0008EF
:1001C000EDDF0008EDDF0008000000000000000087
:1001D0000000000000000000EDDF0008000000004B
:1001E000000000000000000000000000000000000F
:1001F0000000000000000000EDDF0008EDDF000857
:10020000EDDF0008EDDF000800000000EDDF000872
:10021000EDDF0008EDDF0008EDDF0008EDDF00088E
:10022000EDDF000800000000EDDF00080000000026
:10023000EDDF0008EDDF000800000000EDDF000842
:10024000EDDF0008EDDF0008EDDF0008EDDF00085E
:10025000EDDF0008EDDF0008EDDF0008EDDF00084E
:10026000EDDF0008EDDF0008EDDF0008EDDF00083E
:10027000EDDF0008EDDF0008EDDF00080000000002
:10028000EDDF0008EDDF0008EDDF0008EDDF00081E
:1002900000000000EDDF0008EDDF000800000000B6
:1002A00000000000EDDF0008EDDF0008EDDF0008D2
:1002B000EDDF0008EDDF0008EDDF0008EDDF0008EE
:0C02C000EDDF0008EDDF0008EDDF0008B6
:1002D00010B5054C237833B9044B13B10448AFF380
:1002E00000800123237010BDD8030024000000000B
:1002F000C41C010808B5034B1BB103490348AFF305
:10030000008008BD00000000DC030024C41C0108BC
:10031000034613F8012B002AFBD1181A0138704745
:1003200001F0FF01102A2BDB10F0070F08D010F8A6
:10033000013B013A8B422DD010F0070F42B3F6D1AA
:10034000F0B441EA012141EA014122F007047FF0C3
:1003500000070023F0E80256083C85EA010586EA1A
:10036000010685FA47F5A3FA87F586FA47F6A5FA56
:1003700087F68EB9EED1F0BC01F0FF0102F0070262
:1003800032B110F8013B013A83EA010313B1F8D10D
:100390000020704701387047002D06BF35460338EE
:1003A000073815F0010F07D1013015F4807F02BF27
:1003B000013015F4C03F0130F0BC0138704700BF78
:1003C00081F0004102E000BF83F0004330B54FEA06
:1003D00041044FEA430594EA050F08BF90EA020F73
:1003E0001FBF54EA000C55EA020C7FEA645C7FEA06
:1003F000655C00F0E2804FEA5454D4EB5555B8BF29
:100400006D420CDD2C4480EA020281EA030382EA99
:10041000000083EA010180EA020281EA0303362D2B
:1004200088BF30BD11F0004F4FEA01314FF4801CFE
:100430004CEA113102D0404261EB410113F0004F10
:100440004FEA03334CEA133302D0524263EB4303C7
:1004500094EA050F00F0A780A4F10104D5F1200E65
:100460000DDB02FA0EFC22FA05F2801841F10001C0
:1004700003FA0EF2801843FA05F359410EE0A5F194
:1004800020050EF1200E012A03FA0EFC28BF4CF0C5
:10049000020C43FA05F3C01851EBE37101F000457B
:1004A00007D54FF0000EDCF1000C7EEB00006EEB88
:1004B0000101B1F5801F1BD3B1F5001F0CD3490812
:1004C0005FEA30004FEA3C0C04F101044FEA445269
:1004D00012F5800F80F09A80BCF1004F08BF5FEAF0
:1004E000500C50F1000041EB045141EA050130BDD0
:1004F0005FEA4C0C404141EB0101013C28BFB1F5E2
:10050000801FE9D291F0000F04BF01460020B1FA2C
:1005100081F308BF2033A3F10B03B3F120020CDAFF
:100520000C3208DD02F1140CC2F10C0201FA0CF0DD
:1005300021FA02F10CE002F11402D8BFC2F1200C42
:1005400001FA02F120FA0CFCDCBF41EA0C019040F8
:10055000E41AA2BF01EB0451294330BD6FEA040441
:100560001F3C1CDA0C340EDC04F11404C4F120022C
:1005700020FA04F001FA02F340EA030021FA04F33E
:1005800045EA030130BDC4F10C04C4F1200220FA95
:1005900002F001FA04F340EA0300294630BD21FAD3
:1005A00004F0294630BD94F0000F83F4801306BF99
:1005B00081F480110134013D4EE77FEA645C18BF8D
:1005C0007FEA655C29D094EA050F08BF90EA020F24
:1005D00005D054EA000C04BF1946104630BD91EA1C
:1005E000030F1EBF0021002030BD5FEA545C05D11F
:1005F0004000494128BF41F0004130BD14F580045E
:100600003CBF01F5801130BD01F0004545F0FE41D1
:1006100041F470014FF0000030BD7FEA645C1ABF06
:10062000194610467FEA655C1CBF0B46024650EA3D
:10063000013406BF52EA033591EA030F41F4002169
:1006400030BD00BF90F0000F04BF0021704730B5EF
:100650004FF4806404F132044FF000054FF00001C4
:1006600050E700BF90F0000F04BF0021704730B585
:100670004FF4806404F1320410F0004548BF40425A
:100680004FF000013EE700BF42004FEAE2014FEAAF
:1006900031014FEA02701FBF12F07F4393F07F4F8A
:1006A00081F06051704732F07F4208BF704793F08D
:1006B0007F4F04BF41F40021704730B54FF46074A0
:1006C00001F0004521F000411CE700BF50EA0102A3
:1006D00008BF704730B54FF000050AE050EA01024C
:1006E00008BF704730B511F0004502D5404261EBBC
:1006F00041014FF4806404F132045FEA915C3FF4FD
:10070000D8AE4FF003025FEADC0C18BF03325FEA99
:10071000DC0C18BF033202EBDC02C2F1200300FA4A
:1007200003FC20FA02F001FA03FE40EA0E0021FA6F
:1007300002F11444BDE600BF53B94AB9002908BF0D
:1007400000281CBF4FF0FF314FF0FF3000F074B9AC
:10075000ADF1080C6DE904CE00F006F8DDF804E018
:10076000DDE9022304B070472DE9F047089D0446F7
:100770008E46002B4DD18A42944669D9B2FA82F254
:1007800052B101FA02F3C2F1200120FA01F10CFA90
:1007900002FC41EA030E94404FEA1C48210CBEFBC8
:1007A000F8F61FFA8CF708FB16E341EA034306FB51
:1007B00007F199420AD91CEB030306F1FF3080F0E0
:1007C0001F81994240F21C81023E63445B1AA4B22D
:1007D000B3FBF8F008FB103344EA034400FB07F7CF
:1007E000A7420AD91CEB040400F1FF3380F00A8110
:1007F000A74240F207816444023840EA0640E41B05
:1008000000261DB1D4400023C5E900433146BDE8B0
:10081000F0878B4209D9002D00F0EF800026C5E952
:10082000000130463146BDE8F087B3FA83F6002E6A
:100830004AD18B4202D3824200F2F980841A61EBE2
:10084000030301209E46002DE0D0C5E9004EDDE700
:1008500002B9FFDEB2FA82F2002A40F09280A1EBE8
:100860000C014FEA1C471FFA8CFE0126200CB1FB3D
:10087000F7F307FB131140EA01410EFB03F0884236
:1008800008D91CEB010103F1FF3802D2884200F2C3
:10089000CB804346091AA4B2B1FBF7F007FB101155
:1008A00044EA01440EFB00FEA64508D91CEB0404F3
:1008B00000F1FF3102D2A64500F2BB800846A4EB4E
:1008C0000E0440EA03409CE7C6F12007B34022FA39
:1008D00007FC4CEA030C20FA07F401FA06F31C4368
:1008E000F9404FEA1C4900FA06F3B1FBF9F8200C75
:1008F0001FFA8CFE09FB181140EA014108FB0EF0BB
:10090000884202FA06F20BD91CEB010108F1FF3A0A
:1009100080F08880884240F28580A8F10208614416
:10092000091AA4B2B1FBF9F009FB101144EA014124
:1009300000FB0EFE8E4508D91CEB010100F1FF34CF
:100940006CD28E456AD90238614440EA0840A0FB67
:100950000294A1EB0E01A142C846A64656D353D03D
:100960005DB1B3EB080261EB0E0101FA07F722FA61
:1009700006F3F1401F43C5E9007100263146BDE88A
:10098000F087C2F12003D8400CFA02FC21FA03F3ED
:10099000914001434FEA1C471FFA8CFEB3FBF7F06E
:1009A00007FB10360B0C43EA064300FB0EF69E4293
:1009B00004FA02F408D91CEB030300F1FF382FD22C
:1009C0009E422DD9023863449B1B89B2B3FBF7F6D4
:1009D00007FB163341EA034106FB0EF38B4208D9AD
:1009E0001CEB010106F1FF3816D28B4214D9023EEE
:1009F0006144C91A46EA004638E72E46284605E70C
:100A00000646E3E61846F8E64B45A9D2B9EB0208DC
:100A100064EB0C0E0138A3E74646EAE7204694E76C
:100A20004046D1E7D0467BE7023B614432E730469F
:100A300009E76444023842E7704700BF08B503681D
:100A4000B3F1804F00D008BD04F00AFDFBE772B699
:100A5000FEE7000000B59DB04C22002109A80DF072
:100A600007FB2022002101A80DF002FB022004F068
:100A70009FFC00230093204B9A6922F440429A6124
:100A80009B6903F440430093009B1B4B9B6913F449
:100A9000005FFAD0012209924FF480330A930223B7
:100AA00012931393149328211591169204221792EE
:100AB00018930C23199300231A931B9309A801F090
:100AC00003FAA8B93F230193032102910023039362
:100AD000082304934023059306934FF48062079202
:100AE000089301A801F0E0FD20B91DB05DF804FBFA
:100AF000FFF7ADFFFFF7ABFF0048025808B504F061
:100B000081FCFFF7A7FF00F017F800F079F900F07B
:100B1000BFFA00F0A9F900F0D9F900F0E1FB0CF000
:100B20000DF80BF0D3FF0CF03DF80BF087FF00F051
:100B3000C1F806F073FCFEE770B58CB00024079492
:100B4000089409940A940B94384BD3F8E02042F0AF
:100B50000402C3F8E020D3F8E02002F0040201927E
:100B6000019AD3F8E02042F08002C3F8E020D3F8E5
:100B7000E02002F080020292029AD3F8E02042F0D4
:100B80000202C3F8E020D3F8E02002F00202039250
:100B9000039AD3F8E02042F01002C3F8E020D3F823
:100BA000E02002F010020492049AD3F8E02042F010
:100BB0000102C3F8E020D3F8E02002F00102059220
:100BC000059AD3F8E02042F00802C3F8E020D3F8F9
:100BD000E03003F008030693069B154D012248F20E
:100BE0000901284603F040F84FF40043079301261B
:100BF000089609940A9407A9284602F02BFF0923B6
:100C000007930896099403230A9307A9284602F03C
:100C100021FF4FF4A05307934FF4881308930994CE
:100C200007A9044802F016FF0CB070BD004402583A
:100C3000000802580010025808B5012006F028FCF0
:100C4000FBE708B5012006F023FCFBE708B501200F
:100C500006F01EFCFBE708B50BF070F8012006F06B
:100C600017FCF9E708B50BF06BFB012006F010FC50
:100C7000F9E708B50BF0ECFE012006F009FCF9E7F6
:100C800008B50BF0D1FE012006F002FCF9E708B52B
:100C90000BF0D6FD012006F0FBFBF9E7034B0360E8
:100CA000034B0B6080231360704700BF14060024C1
:100CB0001404002410B5B8B0484C0DF1C40CA6467D
:100CC000BEE80F00ACE80F009EE807008CE80700C4
:100CD000002131A806F0A7FB414B18600DF1A80CCC
:100CE00004F11C0EBEE80F00ACE80F009EE8070000
:100CF0008CE8070000212AA806F095FB394B186004
:100D00000DF18C0C04F1380EBEE80F00ACE80F00BA
:100D10009EE807008CE80700002123A806F083FB6B
:100D2000314B18600DF1700C04F1540EBEE80F0049
:100D3000ACE80F009EE807008CE8070000211CA823
:100D400006F071FB294B18600DF1540C04F1700E84
:100D5000BEE80F00ACE80F009EE807008CE8070033
:100D6000002115A806F05FFB214B18600DF1380C2F
:100D700004F18C0EBEE80F00ACE80F009EE80700FF
:100D80008CE8070000210EA806F04DFB194B1860F7
:100D90000DF11C0C04F1A80EBEE80F00ACE80F002A
:100DA0009EE807008CE80700002107A806F03BFB3F
:100DB000114B1860EE4604F1C40CBCE80F00AEE81D
:100DC0000F009CE807008EE807000021684606F047
:100DD0002AFB0A4B186038B010BD00BFE01C0108A8
:100DE00010040024FC0300240C040024F803002455
:100DF0000004002408040024F40300240404002454
:100E000000B583B0174BD3F8D82042F00102C3F8E5
:100E1000D820D3F8D83003F001030193019B0022BE
:100E200005210B2001F00CF80B2001F03FF8002207
:100E300005210C2001F004F80C2001F037F8002205
:100E400005210D2000F0FCFF0D2001F02FF80022FD
:100E500005212F2000F0F4FF2F2001F027F803B028
:100E60005DF804FB0044025808B51648164B0360B1
:100E700000238360C360037443748374032242615C
:100E8000012181611D22C2610A22026204224262A2
:100E90008162C1620163436305218163C1630264AE
:100EA000082141648364C164036542658365C36549
:100EB00002664366816604F029FC00B908BDFFF7AD
:100EC000C6FDFBE76C06002400A0004010B51748E3
:100ED000174B036000238360C360037443748374FF
:100EE00003244461012282611D21C1610A22026240
:100EF00044628262C162026340F2064242630E2291
:100F00008263C3630422026442648264C264036530
:100F100042658365C36502664366826604F0F6FB3C
:100F200000B910BDFFF793FDFBE700BF0C070024DD
:100F300000A4004010B5B8B00446002133913491AC
:100F4000359136913791B82204A80DF091F82368B5
:100F5000494A934204D0494A934247D038B010BD21
:100F60004FF400420023CDE904234FF080531F9338
:100F700004A801F05FFE40BB414A136801331360CF
:100F8000012B25D03F4BD3F8E02042F00802C3F8F4
:100F9000E020D3F8E03003F008030193019B032322
:100FA00033930223349300243594369409233793E2
:100FB00033A9354802F04EFD22460521132000F0EA
:100FC0003FFF132000F072FFC8E7FFF740FDD3E7B3
:100FD0002C4BD3F8EC2042F48072C3F8EC20D3F809
:100FE000EC3003F480730093009BCBE74FF4004296
:100FF0000023CDE904234FF080531F9304A801F090
:1010000019FE40BB1E4A136801331360012B25D023
:101010001C4BD3F8E02042F00202C3F8E020D3F8E2
:10102000E03003F002030393039B60233393022316
:1010300034930024359436940923379333A9134805
:1010400002F008FD22460521162000F0F9FE1620C8
:1010500000F02CFF82E7FFF7FAFCD3E7094BD3F847
:10106000EC2042F48072C3F8EC20D3F8EC3003F4A7
:1010700080730293029BCBE700A0004000A40040D5
:101080006806002400440258000C0258000402586C
:1010900008B51548154B03604FF4800343600023E7
:1010A00083600722C2604FF0007202614FF08072CD
:1010B00042614FF0806282614FF08042C261036200
:1010C00043628362C36242638363C36303644364B2
:1010D0008364C36403654365836505F0D7F800B98D
:1010E00008BDFFF7B4FCFBE79C0800240038004073
:1010F0002DE9F041B8B00446002133913491359187
:1011000036913791B82204A80CF0B2FF2268494BFF
:101110009A4202D038B0BDE8F0814FF480520023EB
:10112000CDE9042304A801F085FD002879D1424BC4
:10113000D3F8E82042F48042C3F8E820D3F8E8204E
:1011400002F480420192019AD3F8E02042F00402B6
:10115000C3F8E020D3F8E02002F004020292029AE1
:10116000D3F8E02042F00202C3F8E020D3F8E030E8
:1011700003F002030393039B062333934FF002080B
:10118000CDF8D0800025359503273697052637966C
:1011900033A92A4802F05EFC4FF400533393CDF894
:1011A000D08035953697379633A9254802F052FC02
:1011B0002448254B0360272343608560C5604FF4B6
:1011C0008063036145618561C5614FF4403303620B
:1011D000456202F063FF38BB1A4BE3679C631B4810
:1011E0001B4B036028234360402383600023C360BC
:1011F0004FF48062026143618361C3614FF4003246
:101200000262436202F04AFF88B9104BA3679C63F5
:1012100000220521242000F013FE242000F046FEC9
:1012200078E7FFF714FC82E7FFF711FCD4E7FFF73C
:101230000EFCEAE70038004000440258000802585B
:1012400000040258AC070024400002402408002497
:101250002800024002680A4B9A4200D0704782B0D0
:10126000084BD3F8E82042F00202C3F8E820D3F894
:10127000E83003F002030193019B02B0704700BF06
:10128000000400400044025800B587B000230193D9
:10129000029303930493059302680E4B9A4202D083
:1012A00007B05DF804FB0C4BD3F8E02042F00202DB
:1012B000C3F8E020D3F8E03003F002030093009B72
:1012C000022301930293059301A9044802F0C2FB93
:1012D000E6E700BF00040040004402580004025842
:1012E00000B58BB0002307930893099300930193F3
:1012F000029303930493059306931948194A0260D5
:1013000017224260836042F20F72C2600361802341
:10131000836100F00FFCC8B900230793099307A964
:101320000F4800F01FFDA0B9602300930023019334
:10133000029304930C226946094800F075FC58B9E1
:101340000748FFF7A1FF0BB05DF804FBFFF77FFB39
:10135000E2E7FFF77CFBE7E7FFF779FBF0E700BF89
:101360002409002400040040FEE7FEE7FEE7FEE754
:10137000FEE7704708B5024803F07EFC08BD00BFD9
:10138000108E002408B5024803F076FC08BD00BFAB
:101390002408002408B5024803F06EFC08BD00BF15
:1013A000AC07002408B5024804F04EFD08BD00BF9C
:1013B0006C06002408B5024804F046FD08BD00BFD5
:1013C0000C07002408B5024800F036FA08BD00BF3B
:1013D0007009002408B5024805F07CFA08BD00BF7A
:1013E0009C08002408B502480BF0D2FD08BD00BFE0
:1013F000888E002408B5024803F03EFC08BD00BFFB
:10140000988D002408B502480BF0C2FD08BD00BF4E
:101410001C8F002408B502480BF0BAFD08BD00BFC0
:10142000B08F002400B583B00A4BD3F8F42042F00B
:101430000202C3F8F420D3F8F43003F0020301935E
:10144000019B00220F216FF0010000F0F9FC03B0B6
:101450005DF804FB004402580F2801D901207047B1
:1014600010B58AB00446002201461C2000F0E8FCBA
:101470001C2000F01BFD1B4B1C601B4BD3F8E8200D
:1014800042F00102C3F8E820D3F8E83003F001038A
:101490000093009B01A902A801F096FA079BC3B92B
:1014A00001F06EFA03461148A0FB03239B0C013B9D
:1014B0000F484FF08042026040F2E732C260436062
:1014C00000230361836000F005FB30B101200AB006
:1014D00010BD01F055FA4300E5E7054800F058F962
:1014E000F5E700BF040000240044025883DE1B43DC
:1014F00070090024F0B4036A026A22F00102026259
:10150000466884691F4A22400D68154323F0020390
:101510008C6823431C4A1D4CA04218BF90420CBF4C
:10152000012200220CD004F58044A04214BF002404
:101530000124174FB84203D014B9164CA04205D16C
:1015400023F00803CC68234323F004035AB9124A5A
:10155000904214BF002201220D4CA04203D012B9C8
:101560000C4A904207D126F4407C4A6942EA0C0CAE
:101570008E6946EA0C06466085614A6842630362EA
:10158000F0BC70478CFFFEFF0000014000040140EA
:1015900000400140004801400044014070B4036A2B
:1015A000026A22F4807202624568C4691A4A2240C3
:1015B0000E68164323F400738A6843EA0223174A2D
:1015C000174CA04218BF90420CBF0122002206D146
:1015D00023F40063CC6843EA042323F480635AB9FC
:1015E000104A904214BF002201220F4CA04203D0A7
:1015F00012B90E4A904207D125F4405C4A694CEA80
:10160000021C8D694CEA05154560C6614A68C263D3
:10161000036270BC704700BF8CFFFEFF00000140FA
:1016200000040140004401400040014000480140E6
:1016300070B4036A026A22F4805202624468C56987
:10164000144A2A400D6842EA052223F400538D68AB
:1016500043EA0533104E114DA84218BFB0420DD0D9
:1016600005F58045A84214BF0025012506F58046F2
:10167000B04203D015B90A4DA84204D124F48044E5
:101680004D6944EA85144460C2614A680264036299
:1016900070BC7047FF8CFFFE000001400004014059
:1016A0000048014070B4036A026A22F48032026288
:1016B0004268456D144C2C400D682C4323F40033D4
:1016C0008D6843EA0543114E114DA84218BFB04240
:1016D0000DD005F58045A84214BF0025012506F56B
:1016E0008046B04203D015B90A4DA84204D122F475
:1016F00080324D6942EA0522426044654A6882654B
:10170000036270BC704700BF8FFFFEFF0000014006
:10171000000401400048014070B4036A026A22F4E8
:10172000801202624468456D144A2A400D6842EAFC
:10173000052223F400138D6843EA0553104E114D22
:10174000A84218BFB0420DD005F58045A84214BF8D
:101750000025012506F58046B04203D015B90A4D93
:10176000A84204D124F480244D6944EA85244460CD
:1017700042654A68C265036270BC7047FF8FFFFE16
:101780000000014000040140004801407047000093
:1017900090F83D30DBB2012B42D1022380F83D307E
:1017A0000268D36843F00103D36003681E4AB3F1B3
:1017B000804F18BF934225D0A2F57C42934221D09E
:1017C00002F5806293421DD002F58062934219D0E7
:1017D00002F57842934215D0A2F56C42934211D0A3
:1017E00002F5943293420DD0A2F5C042934209D043
:1017F00002F58062934205D01A6842F001021A6035
:10180000002070479968094A0A40062A18BFB2F5B5
:10181000803F07D01A6842F001021A60002070472A
:1018200001207047002070470000014007000100C0
:10183000704770477047704770B504460368DE68AC
:101840001D6915F0020F10D016F0020F0DD06FF0C9
:1018500002021A610123037703689B6913F0030FE7
:1018600064D0FFF7E6FF0023237715F0040F12D0B2
:1018700016F0040F0FD023686FF004021A610223E0
:10188000237723689B6913F4407F55D02046FFF7E8
:10189000D0FF0023237715F0080F12D016F0080FA1
:1018A0000FD023686FF008021A610423237723689E
:1018B000DB6913F0030F46D02046FFF7BAFF002381
:1018C000237715F0100F12D016F0100F0FD02368E9
:1018D0006FF010021A61082323772368DB6913F481
:1018E000407F37D02046FFF7A4FF0023237715F071
:1018F000010F02D016F0010F33D115F4025F02D0B0
:1019000016F0800F35D115F4807F02D016F0800FCD
:1019100037D115F0400F02D016F0400F39D115F035
:10192000200F02D016F0200F3BD170BDFFF780FFD3
:101930002046FFF77FFF96E72046FFF779FF204616
:10194000FFF778FFA5E72046FFF772FF2046FFF775
:1019500071FFB4E72046FFF76BFF2046FFF76AFFF1
:10196000C3E723686FF001021A612046FFF766F8AB
:10197000C3E723686FF402521A61204600F04BFA65
:10198000C1E723686FF480721A61204600F044FAC0
:10199000BFE723686FF040021A612046FFF74BFF54
:1019A000BDE723686FF020021A61204600F032FA8A
:1019B000BBE7000070B403683E4A904214BF0022A7
:1019C0000122B0F1804F14BF144642F00104ACB9BB
:1019D000394DA84214BF00250125384EB0420DD024
:1019E00065B905F1804505F58235A84214BF00258B
:1019F000012506F50066B04200D01DB123F070034A
:101A00004D682B4364BB2C4CA04214BF002401241E
:101A10002A4DA84224D01CBB04F1804404F5823432
:101A2000A04214BF0024012405F50065A84217D088
:101A3000B4B9234CA04214BF0024012405F59A3503
:101A4000A8420DD064B91F4CA04214BF0024012449
:101A500005F50065A84203D014B91B4CA04203D180
:101A600023F44073CC68234323F080034C69234361
:101A70008C68C4620C688462144CA04208BF42F0B7
:101A8000010262B90E4A904214BF0022012204F5FD
:101A90007054A04203D012B90D4A904201D10A6994
:101AA0000263026842F004020260012242610360A4
:101AB00070BC704700000140000800400004004076
:101AC0000044014000E0004000E400400004014008
:101AD0000048014060B310B5044690F83D3013B3A0
:101AE000022384F83D30214651F8040BFFF762FFD2
:101AF000012384F8483084F83E3084F83F3084F87D
:101B0000403084F8413084F8423084F8433084F81F
:101B1000443084F8453084F8463084F8473084F8FF
:101B20003D30002010BD80F83C30FFF72FFED7E796
:101B30000120704760B310B5044690F83D3013B3F0
:101B4000022384F83D30214651F8040BFFF732FFA1
:101B5000012384F8483084F83E3084F83F3084F81C
:101B6000403084F8413084F8423084F8433084F8BF
:101B7000443084F8453084F8463084F8473084F89F
:101B80003D30002010BD80F83C30FFF763FBD7E705
:101B90000120704770B4036A026A22F010020262E8
:101BA000456884691A4A22400E6842EA062623F0F4
:101BB00020038A6843EA0213164A174CA04218BF52
:101BC00090420CBF0122002206D123F08003CC6892
:101BD00043EA041323F040035AB9104A904214BF59
:101BE000002201220E4CA04203D012B90D4A9042AD
:101BF00007D125F4406C4A694CEA820C8D694CEAA5
:101C00008505456086614A688263036270BC7047DF
:101C1000FF8CFFFE00000140000401400044014031
:101C2000004001400048014038B590F83C30012B9D
:101C300000F0958004460D46012380F83C30142ABC
:101C400000F28880DFE802F00B8686861F86868693
:101C500034868686488686865D868686710000681C
:101C6000FFF748FC2268936943F0080393612268F8
:101C7000936923F0040393612268936929690B43F4
:101C80009361002067E00068FFF784FF2268936992
:101C900043F4006393612268936923F48063936142
:101CA00022689369296943EA01239361002052E085
:101CB0000068FFF773FC2268D36943F00803D3611F
:101CC0002268D36923F00403D3612268D3692969A8
:101CD0000B43D36100203EE00068FFF7A9FC2268B7
:101CE000D36943F40063D3612268D36923F480632A
:101CF000D3612268D369296943EA0123D3610020B3
:101D000029E00068FFF7CEFC2268536D43F008031A
:101D100053652268536D23F0040353652268536DA5
:101D200029690B435365002015E00068FFF7F4FCB8
:101D30002268536D43F4006353652268536D23F4A6
:101D4000806353652268536D296943EA0123536513
:101D5000002000E00120002384F83C3038BD022040
:101D6000FCE7000090F83C30012B4DD070B401230B
:101D700080F83C30022380F83D3003685A689C6844
:101D8000224E234DAB4218BFB34203D122F470025E
:101D90004D682A4322F070020D682A435A60036896
:101DA0001A4AB3F1804F18BF93421FD0A2F57C426C
:101DB00093421BD002F58062934217D002F58062F5
:101DC000934213D002F5784293420FD0A2F56C42B1
:101DD00093420BD002F59432934207D0A2F5C04251
:101DE000934203D002F58062934204D124F0800430
:101DF0008A6814439C60012380F83D30002380F8FA
:101E00003C30184670BC704702207047000001400B
:101E10000004014070477047704700000649CB68D6
:101E200023F4E0631B041B0C000200F4E060034396
:101E3000024A1A43CA60704700ED00E00000FA054C
:101E400000B5174BDB68C3F30223C3F1070CBCF1E9
:101E5000040F28BF4FF0040C03F1040EBEF1060F6F
:101E600014D9033B4FF0FF3E0EFA0CFC21EA0C01A3
:101E700099400EFA03F322EA03031943002807DB13
:101E80000901C9B2074B19545DF804FB0023E9E7C7
:101E900000F00F000901C9B2034B1954F4E700BF69
:101EA00000ED00E000E400E014ED00E0002807DBB6
:101EB00000F01F02400901239340024A42F82030FB
:101EC000704700BF00E100E0002800F0D78238B57D
:101ED0000446036813F0010F25D0A04A136903F0EC
:101EE0003803926A102B15D0182B0FD06368B3F506
:101EF000803F3FD0002B53D1984B1A6822F4803298
:101F00001A601A6822F480221A6038E002F0030294
:101F1000022AEBD1914B1B6813F4003F03D0636896
:101F2000002B00F0AD82236813F0020F00F08880D0
:101F30008A4A1369926A13F038035AD0182B55D085
:101F4000E368002B00F0A98084490A6822F0190296
:101F500013430B6003F090FA0546804B1B6813F0A7
:101F6000040F40F0918003F087FA401B0228F4D957
:101F700003208CE2794A136843F48033136063686A
:101F80002BB303F079FA0546744B1B6813F4003F3A
:101F9000C9D103F071FA401B6428F5D9032076E219
:101FA000B3F5A02F09D06D4B1A6822F480321A6065
:101FB0001A6822F480221A60E1E7684B1A6842F43A
:101FC00080221A601A6842F480321A60D7E703F060
:101FD00053FA0546614B1B6813F4003FA3D003F08E
:101FE0004BFA401B6428F5D9032050E212F0030F8E
:101FF000A6D15A4B1B6813F0040F03D0E368002BE3
:1020000000F04082554A136823F01903E1680B433E
:10201000136003F031FA0546504B1B6813F0040FB0
:1020200006D103F029FA401B0228F5D903202EE23D
:102030004A4A536823F0FE43216943EA016353602F
:10204000236813F0100F51D0444A136903F038038A
:10205000926A082B39D0182B33D0E369002B69D052
:102060003E4A136843F08003136003F005FA054607
:102070003A4B1B6813F4807F53D103F0FDF9401BEA
:102080000228F5D9032002E2344A536823F0FE43C4
:10209000216943EA01635360D2E7304A136823F0B1
:1020A0000103136003F0E8F905462C4B1B6813F09D
:1020B000040FC5D003F0E0F9401B0228F5D9032036
:1020C000E5E102F00302012AC7D1244B1B6813F497
:1020D000807F03D0E369802B40F0D6811F4AD3680C
:1020E00023F07C53216A43EA0163D360236813F031
:1020F000080F49D06369002B32D0184A536F43F060
:102100000103536703F0B8F90546144B5B6F13F0F6
:10211000020F39D103F0B0F9401B0228F5D9032092
:10212000B5E10E4AD36823F07C53216A43EA016388
:10213000D360DBE7094A136823F08003136003F0E0
:102140009BF90546054B1B6813F4807FCED003F046
:1021500093F9401B0228F5D9032098E10044025866
:102160009D4A536F23F00103536703F085F9054639
:10217000994B5B6F13F0020F06D003F07DF9401B03
:102180000228F5D9032082E1236813F0200F29D01B
:10219000A3699BB1904A136843F48053136003F022
:1021A0006BF905468C4B1B6813F4005F1AD103F0E2
:1021B00063F9401B0228F5D9032068E1864A1368B9
:1021C00023F48053136003F057F90546824B1B68D4
:1021D00013F4005F06D003F04FF9401B0228F5D935
:1021E000032054E1236813F0040F21D1636A002B0C
:1021F00000F04C81784A126902F03802182A00F087
:10220000F380022B75D0744A136823F08073136037
:1022100003F032F90446704B1B6813F0007F00F0A6
:10222000D88003F029F9001B0228F4D903202EE1FD
:102230006A4A136843F48073136003F01DF905467E
:10224000664B1B6813F4807F06D103F015F9401B21
:102250006428F5D903201AE1A368012B0AD00BBB2F
:102260005D4B1A6F22F001021A671A6F22F0040206
:102270001A6704E0584A136F43F001031367A36819
:1022800033B303F0F9F80546534B1B6F13F0020FFD
:10229000ACD103F0F1F8401B41F288339842F3D9F6
:1022A0000320F4E0052B09D04B4B1A6F22F00102FA
:1022B0001A671A6F22F004021A67E0E7464B1A6F9A
:1022C00042F004021A671A6F42F001021A67D6E759
:1022D00003F0D2F80546404B1B6F13F0020F85D078
:1022E00003F0CAF8401B41F288339842F3D9032027
:1022F000CDE0394A136823F08073136003F0BCF813
:102300000546354B1B6813F0007F06D003F0B4F888
:10231000401B0228F5D90320B9E02F4B996A304AB7
:102320000A40A16AE06A41EA00110A439A62226BFC
:10233000013AC2F30802616B0139490289B20A43CA
:10234000A16B0139090401F4FE010A43E16B013973
:10235000090601F0FE410A431A63DA6A22F001021B
:10236000DA62596B1F4A0A40A16C42EAC1025A6301
:10237000DA6A22F00C02216C0A43DA62DA6A22F08D
:102380000202616C0A43DA62DA6A42F48032DA628B
:10239000DA6A42F40032DA62DA6A42F48022DA62FD
:1023A000DA6A42F00102DA621A6842F080721A6058
:1023B00003F062F80446084B1B6813F0007F06D157
:1023C00003F05AF8001B0228F5D903205FE0002033
:1023D0005DE000205BE000BF004402580048025866
:1023E0000CFCFFFF0700FFFF30498A6A086B012BD6
:1023F0004ED002F00303A16A8B424BD1C2F3051207
:10240000E36A9A4248D1C0F30802236B013B9A4227
:1024100044D1C0F34622636B013B9A4240D1C0F3E2
:102420000642A36B013B9A423CD1C0F30660E36BCA
:10243000013B984238D11D4B5B6BC3F3CC03A26CBC
:102440009A4201D1002022E0184AD36A23F0010306
:10245000D36203F011F8054603F00EF8A842FBD052
:10246000124A516B124B0B40A16C43EAC1035363F8
:10247000D36A43F00103D362002008E001207047D3
:10248000012004E0012002E0012000E0002038BD2E
:102490000120FCE70120FAE70120F8E70120F6E738
:1024A0000120F4E70120F2E70120F0E700440258A0
:1024B0000700FFFF744B1B6903F03803102B00F07B
:1024C000DE80182B10D00BB1704870476E4B1B6824
:1024D00013F0200F00F0D5806B4B1868C0F3C100DB
:1024E0006B4B23FA00F0704710B4674A916A01F011
:1024F0000301946AC4F30510D36A03F0010C536B13
:10250000C3F3CC030CFB03F307EE903AF8EE677AC3
:1025100014F47C7F00F09380012965D0022900F03B
:102520009180E1B107EE100AF8EE476A9FED596A13
:1025300086EE267A544B1B6BC3F3080306EE903AE3
:10254000F8EE666A9FED546A67EE867A76EEA77AB1
:10255000F7EE006A77EEA67A27EE277A60E0136836
:1025600013F0200F23D011461268C2F3C102484B6A
:10257000D34007EE103AF8EE476A07EE100AB8EEBD
:10258000476A86EE867A0B6BC3F3080306EE903A31
:10259000F8EE666A9FED406A67EE867A76EEA77A75
:1025A000F7EE006A77EEA67A27EE277A38E007EE94
:1025B000100AF8EE476A9FED396A86EE267A324BAA
:1025C0001B6BC3F3080306EE903AF8EE666A9FEDC4
:1025D000326A67EE867A76EEA77AF7EE006A77EED1
:1025E000A67A27EE277A1BE007EE100AF8EE476A74
:1025F0009FED286A86EE267A234B1B6BC3F30803F4
:1026000006EE903AF8EE666A9FED236A67EE867AE8
:1026100076EEA77AF7EE006A77EEA67A27EE277AAB
:10262000194B1B6BC3F34623013307EE903AF8EEC8
:10263000677AC7EE276AFCEEE67A17EE900A5DF835
:10264000044B704707EE100AF8EE476A9FED146AD4
:1026500086EE267A0C4B1B6BC3F3080306EE903A0A
:10266000F8EE666A9FED0C6A67EE867A76EEA77AD8
:10267000F7EE006A77EEA67A27EE277AD0E70948C8
:1026800070470348704700BF0044025800093D00EE
:102690000090D0030024744A000000390024744CD8
:1026A000001BB74B00366E01002800F0328170B578
:1026B0000D4604469B4B1B6803F00F038B420BD265
:1026C000984A136823F00F030B431360136803F059
:1026D0000F038B4240F01F81236813F0040F0CD0CE
:1026E0002269914B9B6903F070039A4205D98E4988
:1026F0008B6923F070031A438A61236813F0080F73
:102700000CD06269884BDB6903F070039A4205D9EB
:102710008549CB6923F070031A43CA61236813F01B
:10272000100F0CD0A269804BDB6903F4E0639A427E
:1027300005D97D49CB6923F4E0631A43CA61236854
:1027400013F0200F0CD0E269774B1B6A03F0700383
:102750009A4205D974490B6A23F070031A430A623E
:10276000236813F0020F0CD0E2686F4B9B6903F0F3
:102770000F039A4205D96C498B6923F00F031A4362
:102780008A61236813F0010F41D0674A936923F4EB
:102790007063A1680B4393616368022B0AD0032B1B
:1027A00027D0012B2CD0604A126812F0040F06D1FA
:1027B0000120ADE0126812F4003F00F0AE805A49EB
:1027C0000A6922F0070213430B6102F055FE064628
:1027D000554B1B6903F038036268B3EBC20F16D088
:1027E00002F04AFE801B41F288339842F0D9032060
:1027F0008EE04D4A126812F0007FE0D1012087E0A0
:10280000494A126812F4807FD9D1012080E0236800
:1028100013F0020F0CD0E268434B9B6903F00F03E7
:102820009A4205D240498B6923F00F031A438A610B
:102830003C4B1B6803F00F03AB420AD9394A1368BB
:1028400023F00F032B431360136803F00F03AB4215
:1028500065D1236813F0040F0CD02269324B9B69B9
:1028600003F070039A4205D22F498B6923F070035D
:102870001A438A61236813F0080F0CD062692A4B4F
:10288000DB6903F070039A4205D22749CB6923F034
:1028900070031A43CA61236813F0100F0CD0A269A9
:1028A000214BDB6903F4E0639A4205D21E49CB69F0
:1028B00023F4E0631A43CA61236813F0200F0CD09D
:1028C000E269194B1B6A03F070039A4205D216495C
:1028D0000B6A23F070031A430A62FFF7EBFD1249FB
:1028E0008B69C3F30323114AD35C03F01F03D84061
:1028F0008B6903F00F03D35C03F01F0320FA03F38B
:102900000B4A13600B4B18600B4B1868FEF7A4FDC5
:1029100070BD012070470120FAE70120F8E701208F
:10292000F6E700BF0020005200440258981E01083C
:102930000C000024080000240400002408B5FFF760
:10294000B9FD0B4A9369C3F303230A49CB5C03F037
:102950001F0320FA03F3926902F00F02885C00F073
:102960001F0023FA00F0044A1060044A136008BDF7
:1029700000440258981E01080C000024080000249E
:1029800008B5FFF7DBFF054BDB69C3F30213044A0D
:10299000D35C03F01F03D84008BD00BF00440258B9
:1029A000981E010808B5FFF7C9FF054BDB69C3F3A3
:1029B0000223044AD35C03F01F03D84008BD00BFC4
:1029C00000440258981E01083F230360114B1A6906
:1029D00002F0070242609A6902F4706282609A69AA
:1029E00002F00F02C2609A6902F070020261DA69B5
:1029F00002F070024261DA6902F4E06282611B6AED
:102A000003F07003C361044B1B6803F00F030B60FA
:102A1000704700BF0044025800200052404B9B6AA0
:102A200003F00303032B79D070B505460E463C4AEC
:102A3000136823F08063136002F01EFD0446384BD8
:102A40001B6813F0006F06D002F016FD031B022B6B
:102A5000F5D9032070BD324B9A6A22F47C32296882
:102A600042EA01329A626A68013AC2F30802A9682E
:102A70000139490289B20A43E9680139090401F4BC
:102A8000FE010A4329690139090601F0FE410A43A2
:102A90009A63DA6A22F0C00269690A43DA62DA6A82
:102AA00022F02002A9690A43DA62DA6A22F01002EF
:102AB000DA62D96B1B4A0A40E96942EAC102DA6369
:102AC000DA6A42F01002DA62C6B91A46DB6A43F4E7
:102AD0000023D362124A136843F08063136002F04C
:102AE000CBFC04460E4B1B6813F0006F14D102F0B0
:102AF000C3FC001B0228F5D90320ABE7012E05D04B
:102B0000074AD36A43F40013D362E3E7044AD36A63
:102B100043F48013D362DDE700209BE70120704778
:102B2000004402580700FFFF404B9B6A03F0030379
:102B3000032B79D070B505460E463C4A136823F046
:102B40008053136002F098FC0446384B1B6813F066
:102B5000005F06D002F090FC031B022BF5D9032086
:102B600070BD324B9A6A22F07C72296842EA0152A7
:102B70009A626A68013AC2F30802A96801394902F7
:102B800089B20A43E9680139090401F4FE010A43E4
:102B900029690139090601F0FE410A431A64DA6A1B
:102BA00022F4406269690A43DA62DA6A22F4007246
:102BB000A9690A43DA62DA6A22F48072DA62596C2D
:102BC0001B4A0A40E96942EAC1025A64DA6A42F4DD
:102BD0008072DA62C6B91A46DB6A43F48003D362B4
:102BE000124A136843F08053136002F045FC044618
:102BF0000E4B1B6813F0005F14D102F03DFC001B6C
:102C00000228F5D90320ABE7012E05D0074AD36A85
:102C100043F08073D362E3E7044AD36A43F40003CA
:102C2000D362DDE700209BE7012070470044025893
:102C30000700FFFFF8B50446036813F0006F30D0BB
:102C4000436EB3F5001F26D00ED8EBB1B3F5801F4D
:102C500007D102210830FFF7E1FE054645B12E46B7
:102C600021E0012635461EE0B3F5401F09D10025BD
:102C70009F4A136D23F44013616E0B4313650026C6
:102C800011E0012635460EE0994AD36A43F4003339
:102C9000D3620025ECE702212830FFF745FF054607
:102CA000DCE700263546236813F4807F27D0A36D28
:102CB000042B20D8DFE803F00311180808008C4A21
:102CC000D36A43F40033D362C5B9894A136D23F044
:102CD0000703A16D0B43136511E0002104F1080007
:102CE000FFF79CFE0546EFE7002104F12800FFF7FF
:102CF0001BFF0546E8E70126354600E02E4623681F
:102D000013F4806F22D0D4F8A430B3F5800F3FD0F5
:102D10000DD8BBB3B3F5001F06D1002104F10800A4
:102D2000FFF77CFE054608E0012635460EE0B3F5C8
:102D3000000F02D0B3F5200F1ED185BB6C4A936DF6
:102D400023F46003D4F8A4100B439365236813F4B1
:102D5000006F39D0D4F8A830B3F1007F5AD023D80F
:102D6000002B51D0B3F1807F1BD1002104F108006A
:102D7000FFF754FE05461DE0B3F5C00FDDD0012678
:102D80003546E3E75A4AD36A43F40033D362D4E7C3
:102D9000002104F12800FFF7C7FE0546CDE72E46C7
:102DA000D4E7012635460FE0B3F1806F02D0B3F1CE
:102DB000A06F23D1002D34D14D4A936D23F0E063F1
:102DC000D4F8A8100B439365236813F0007F31D02B
:102DD000E36C202B42D029D833B1102B23D1444AA5
:102DE000D36A43F40033D362002D3ED1404AD36C02
:102DF00023F03003E16C0B43D3641BE0B3F1407F5D
:102E0000D8D001263546DFE7394AD36A43F4003388
:102E1000D362CFE7002104F12800FFF785FE0546C5
:102E2000C8E72E46D0E70126354603E0302BDBD03D
:102E300001263546236813F4805F3BD0E36DB3F57C
:102E4000005F2FD016D83BB3B3F5805F0FD10021C0
:102E500004F10800FFF7E2FD054611E0022104F14C
:102E60000800FFF7DBFD0546BEE72E46E2E7012638
:102E700035461FE0B3F5405F02D0B3F5804F08D16F
:102E8000BDB91B4A136D23F4E043E16D0B43136599
:102E900010E0012635460DE0154AD36A43F40033AD
:102EA000D362EDE7002104F12800FFF73DFE05465F
:102EB000E6E72E46236813F4005F29D0236EB3F5AE
:102EC000003F44D019D843B1B3F5803F12D101215E
:102ED00004F10800FFF7A2FD0546002D3ED1044A8B
:102EE000136D23F4E023216E0B43136510E000BF44
:102EF00000440258012635460AE0B3F5802FECD095
:102F0000B3F5A02FE9D0B3F5403FE6D00126354612
:102F1000236813F4804F31D0D4F8AC30B3F1005FA4
:102F200045D020D843B1B3F1805F19D1012104F11C
:102F30000800FFF773FD0546002D3FD18F4A936DC2
:102F400023F0E043D4F8AC100B43936516E0012165
:102F500004F12800FFF7E8FD0546BEE72E46D7E757
:102F6000012635460AE0B3F1804FE5D0B3F1A04F1A
:102F7000E2D0B3F1405FDFD001263546236813F479
:102F8000004F09D0E36EB3F1805F19D0B3F1005F59
:102F900024D0D3B101263546236813F0807F33D087
:102FA000A36C032B5BD8DFE803F027225327012112
:102FB00004F12800FFF7B8FD0546BDE72E46DDE722
:102FC0006E4AD36A43F40033D36275B96B4A136D0A
:102FD00023F04053E16E0B431365DDE7012104F15B
:102FE0000800FFF71BFD0546EFE72E46D4E7634ACE
:102FF000D36A43F40033D362A5BB604AD36C23F099
:103000000303A16C0B43D364236813F4800F2BD10B
:10301000236813F0010F00F0A380A36F282B00F2A8
:103020009D80DFE803F08B9B9B9B9B9B9B9B859BE1
:103030009B9B9B9B9B9B949B9B9B9B9B9B9B8B9BF7
:103040009B9B9B9B9B9B8B9B9B9B9B9B9B9B8B008B
:10305000022104F10800FFF7E1FC0546CCE7012658
:103060003546D1E72E46CFE7454A136843F48073CF
:10307000136002F001FA0746414B1B6813F4807F8E
:1030800005D102F0F9F9C01B6428F5D90325002DFC
:103090004AD13A4B1B6FD4F8B020534013F4407F11
:1030A0000CD0364B1A6F22F44072196F41F4803104
:1030B0001967196F21F4803119671A67D4F8B03095
:1030C000B3F5807F15D08DBBD4F8B03003F44072D7
:1030D000B2F5407F1ED0294A136923F47C53136153
:1030E00026490B6FD4F8B020C2F30B0213430B67D1
:1030F0008EE702F0C1F90746204B1B6F13F0020F59
:10310000E1D102F0B9F9C01B41F288339842F3D9FA
:103110000325D8E71948026922F47C52194901EACB
:10312000131313430361DBE72E4671E72E466FE767
:10313000012104F10800FFF771FC0546E5B90F4ACB
:10314000536D23F03803A16F0B43536508E0012151
:1031500004F12800FFF7E8FC0546EFE701263546B5
:10316000236813F0020F1DD0636F052B2ED8DFE804
:1031700003F0110B261111112E46F1E700440258FD
:1031800000480258CFFFFF00012104F10800FFF7BB
:1031900045FC0546EDB9A94A536D23F00703616F5D
:1031A0000B435365236813F0040F23D0D4F89030F9
:1031B000052B45D8DFE803F0150F3D151515012146
:1031C00004F12800FFF7B0FC0546E3E70126354689
:1031D000E8E72E46E6E7012104F10800FFF71EFCB0
:1031E000054685BB954A936D23F00703D4F89010EC
:1031F0000B439365236813F0200F34D0D4F88C3040
:10320000B3F1005F4ED023D843B1B3F1805F1CD13E
:10321000002104F10800FFF701FC0546002D48D10C
:10322000864A536D23F0E043D4F88C100B4353656A
:1032300019E0012104F12800FFF776FC0546D0E7EC
:1032400001263546D6E72E46D4E7012635460AE064
:10325000B3F1804FE2D0B3F1A04FDFD0B3F1405FC4
:10326000DCD001263546236813F0400F31D0D4F866
:103270009830B3F5006F4DD020D843B1B3F5806FCF
:1032800019D1002104F10800FFF7C8FB0546002D05
:1032900047D16A4A936D23F4E053D4F898100B4356
:1032A000936516E0022104F12800FFF73DFC054676
:1032B000B4E72E46D7E7012635460AE0B3F5805F2E
:1032C000E5D0B3F5A05FE2D0B3F5406FDFD00126C3
:1032D0003546236813F0800F33D0D4F89C30B3F513
:1032E000804F00F0A18021D843B1B3F5005F1AD11F
:1032F000002104F10800FFF791FB0546002D40F086
:103300009A804E4A936D23F46043D4F89C100B438B
:10331000936516E0022104F12800FFF705FC05463D
:10332000B5E72E46D5E7012635460AE0B3F5004F4E
:10333000E4D0B3F5204FE1D0B3F5C04FDED0012685
:103340003546236813F0080F0CD0D4F88030B3F55D
:10335000805F75D0394A536D23F44053D4F8801000
:103360000B435365236813F0100F0CD0D4F894303E
:10337000B3F5807F6DD0314A936D23F44073D4F858
:1033800094100B439365236813F4002F0BD0D4F8EB
:10339000A030B3F5803F75D0B3F5003F68D0002B67
:1033A00060D001263546236813F4802F0CD0D4F862
:1033B0008430B3F5001F7DD0B3F5401F70D0B3F556
:1033C000801F68D001263546236813F4803F08D05B
:1033D000236D002B77D0B3F5803F00F0828001266B
:1033E0003546236813F0005F40F08480236813F4AF
:1033F000003F00F08C80E36FB3F5807F00F0DF804A
:1034000040F28280B3F5007F03D0B3F5407F40F0F7
:10341000D480002D40F0D980084A536D23F44073C6
:10342000E16F0B43536572E0022104F12800FFF7BE
:103430007BFB054662E72E4683E700BF0044025847
:10344000022104F12800FFF76FFB002882D001263B
:1034500080E7022104F12800FFF766FB00288AD0EC
:10346000012688E7002104F10800FFF7D7FA054696
:103470007DB9724A936D23F44033D4F8A0100B4306
:10348000936590E7022104F12800FFF74DFB054604
:10349000EEE72E4687E7694AD36A43F40033D362E6
:1034A0007DB9664A536D23F44013D4F884100B435E
:1034B000536589E7012104F12800FFF735FB054634
:1034C000EEE72E4680E75D4AD36A43F40033D362C9
:1034D00075B95A4AD36C23F48033216D0B43D364FE
:1034E0007FE7022104F10800FFF798FA0546EFE7AD
:1034F0002E4676E7022104F12800FFF715FB00288D
:103500003FF474AF012671E7002B82D001262368B7
:1035100013F4801F06D0494A136D23F00043216F36
:103520000B431365236813F4001F06D0434A136D41
:1035300023F08073A16E0B431365236813F0804F53
:1035400009D03E4B1A6922F400421A611A69D4F874
:10355000B4100A431A612368002B06DA374AD36C89
:1035600023F04053616D0B43D364236813F4000FC1
:1035700007D0324A536D23F44003D4F888100B432C
:103580005365636813F0010F21D1636813F0020FD4
:1035900026D1636813F0040F2BD1636813F0080F72
:1035A00030D1636813F0100F35D1636813F0200F2A
:1035B0003AD106B101263046F8BD0126A7E71F4AD9
:1035C000D36A43F40033D36223E72E469FE70021FA
:1035D00004F10800FFF722FA0028D6D00646D4E707
:1035E000012104F10800FFF719FA0028D1D006469E
:1035F000CFE7022104F10800FFF710FA0028CCD031
:103600000646CAE7002104F12800FFF78DFA0028DA
:10361000C7D00646C5E7012104F12800FFF784FA68
:103620000028C2D00646C0E7022104F12800FFF7B7
:103630007BFA0028BDD00646BBE700BF0044025815
:1036400008B5FFF77BF9054B1B6AC3F30213044A65
:10365000D35C03F01F03D84008BD00BF00440258EC
:10366000981E010810B5774A916A946AC4F3053E22
:10367000D36AC3F3001CD36BC3F3CC030CFB03F37B
:1036800014F47C3F00F0D88001F0030107EE903A7B
:10369000F8EE677A012965D0022900F0B080E1B127
:1036A00007EE10EAB8EE477A9FED676AC6EE076A42
:1036B000644B9B6BC3F3080307EE103AB8EE477AEE
:1036C0009FED626A67EE867A77EE277AB7EE007A28
:1036D00077EE877A66EEA76A60E0136813F0200F32
:1036E00023D011461268C2F3C102594BD34007EEF2
:1036F000103AB8EE477A06EE90EAB8EE666AC7EE80
:10370000066A8B6BC3F3080307EE103AB8EE477AEC
:103710009FED4E6A67EE867A77EE277AB7EE007AEB
:1037200077EE877A66EEA76A38E007EE10EAB8EE21
:10373000477A9FED486AC6EE076A424B9B6BC3F31C
:10374000080307EE103AB8EE477A9FED406A67EE3D
:10375000867A77EE277AB7EE007A77EE877A66EE8A
:10376000A76A1BE007EE10EAB8EE477A9FED366ACB
:10377000C6EE076A334B9B6BC3F3080307EE103AA0
:10378000B8EE477A9FED316A67EE867A77EE277A50
:10379000B7EE007A77EE877A66EEA76A294A936BCE
:1037A000C3F3462307EE103AB8EE477AB7EE006A45
:1037B00037EE067AC6EE877AFCEEE77AC0ED007A3D
:1037C000936BC3F3064307EE103AB8EE477A37EE31
:1037D000067AC6EE877AFCEEE77AC0ED017A936B43
:1037E000C3F3066307EE903AF8EE677A77EE867ACF
:1037F00086EEA77ABCEEC77A80ED027A10BD07EE9E
:1038000010EAB8EE477A9FED146AC6EE076A0D4BD0
:103810009B6BC3F3080307EE103AB8EE477A9FEDAF
:103820000B6A67EE867A77EE277AB7EE007A77EE44
:10383000877A66EEA76AB1E700230360436083607E
:10384000DCE700BF004402580024744A000000393D
:103850000090D0030024744C001BB74B10B5774A7E
:10386000916A946AC4F3055ED36AC3F3002C536C67
:10387000C3F3CC030CFB03F314F07C7F00F0D8807F
:1038800001F0030107EE903AF8EE677A012965D05E
:10389000022900F0B080E1B107EE10EAB8EE477AF5
:1038A0009FED676AC6EE076A644B1B6CC3F308039F
:1038B00007EE103AB8EE477A9FED626A67EE867AB5
:1038C00077EE277AB7EE007A77EE877A66EEA76A08
:1038D00060E0136813F0200F23D011461268C2F382
:1038E000C102594BD34007EE103AB8EE477A06EEC4
:1038F00090EAB8EE666AC7EE066A0B6CC3F308037B
:1039000007EE103AB8EE477A9FED4E6A67EE867A78
:1039100077EE277AB7EE007A77EE877A66EEA76AB7
:1039200038E007EE10EAB8EE477A9FED486AC6EE37
:10393000076A424B1B6CC3F3080307EE103AB8EE5C
:10394000477A9FED406A67EE867A77EE277AB7EE80
:10395000007A77EE877A66EEA76A1BE007EE10EA38
:10396000B8EE477A9FED366AC6EE076A334B1B6C9A
:10397000C3F3080307EE103AB8EE477A9FED316AB9
:1039800067EE867A77EE277AB7EE007A77EE877A57
:1039900066EEA76A294A136CC3F3462307EE103A72
:1039A000B8EE477AB7EE006A37EE067AC6EE877A47
:1039B000FCEEE77AC0ED007A136CC3F3064307EE22
:1039C000103AB8EE477A37EE067AC6EE877AFCEE02
:1039D000E77AC0ED017A136CC3F3066307EE903A01
:1039E000F8EE677A77EE867A86EEA77ABCEEC77A2B
:1039F00080ED027A10BD07EE10EAB8EE477A9FED2F
:103A0000146AC6EE076A0D4B1B6CC3F3080307EE7E
:103A1000103AB8EE477A9FED0B6A67EE867A77EE3A
:103A2000277AB7EE007A77EE877A66EEA76AB1E773
:103A30000023036043608360DCE700BF004402585A
:103A40000024744A000000390090D0030024744C14
:103A5000001BB74BF0B583B000236BE085685E00B8
:103A60000324B44025EA0405CC68B4402C438460A8
:103A7000446824EA0C0C4C68C4F300149C4044EAEB
:103A80000C04446068E0DD08083550F8256003F058
:103A900007044FEA840C0F2404FA0CF426EA040EFF
:103AA0000C6904FA0CF444EA0E0440F825406BE07B
:103AB000092400E0002404FA0EF42C430CF1020C5B
:103AC000664D45F82C404FF0B0442568D44325EAB4
:103AD00002064F6817F4801F01D042EA05064FF036
:103AE000B0452E606D6804EA05064F6817F4001FA4
:103AF00001D042EA05064FF0B0456E60D5F884501B
:103B000004EA05064F6817F4003F01D042EA0506B3
:103B10004FF0B045C5F88460D5F880502C404E6811
:103B200016F4803F01D042EA05044FF0B042C2F8DB
:103B3000804001330A6832FA03F400F08C804FF0C1
:103B4000010C0CFA03FC1CEA0202F2D04C6804F0EF
:103B50000304013C012C81D94C6804F00304032CBC
:103B60000CD0C4685D004FF0030C0CFA05FC24EA8D
:103B70000C0C8C68AC4044EA0C04C4604C6804F043
:103B80000304022C3FF47FAF04684FEA430E4FF06A
:103B9000030C0CFA0EFC24EA0C0C4C6804F0030431
:103BA00004FA0EF444EA0C0404604C6814F4403F38
:103BB000BFD02B4CD4F8F45045F00205C4F8F450B3
:103BC000D4F8F44004F002040194019C4FEA930CF1
:103BD0000CF10205214C54F8255003F003044FEA80
:103BE000840E0F2404FA0EF425EA04051D4CA042AD
:103BF0003FF460AF04F58064A0421ED004F58064F9
:103C0000A0421CD004F58064A0421AD004F5806460
:103C1000A04218D004F58064A04216D004F5806458
:103C2000A04214D004F58064A04212D004F50064D0
:103C3000A0423FF43DAF0A243DE701243BE70224C4
:103C400039E7032437E7042435E7052433E706245E
:103C500031E707242FE703B0F0BD00BF0004005890
:103C600000440258000002580AB1816170470904FB
:103C700081617047F0B4876D0468664E664DAC4252
:103C800018BFB44242D01835AC423FD01835AC42D0
:103C90003CD01835AC4239D01835AC4236D0183546
:103CA000AC4233D01835AC4230D005F55675AC4235
:103CB0002CD01835AC4229D01835AC4226D0183556
:103CC000AC4223D01835AC4220D01835AC421DD0C0
:103CD0001835AC421AD01835AC4217D04F4DAC4213
:103CE00014D01435AC4211D01435AC420ED014357A
:103CF000AC420BD01435AC4208D01435AC4205D0E0
:103D00001435AC4202D01435AC4207D1446E856EF6
:103D10006560C46E14B1046F456F656004683D4E04
:103D20003D4DAC4218BFB44252D01835AC424FD0D2
:103D30001835AC424CD01835AC4249D01835AC429D
:103D400046D01835AC4243D01835AC4240D005F5CA
:103D50005675AC423CD01835AC4239D01835AC421F
:103D600036D01835AC4233D01835AC4230D0183587
:103D7000AC422DD01835AC422AD01835AC4227D0F1
:103D8000264E274DAC4218BFB44211D0254DAC424F
:103D90000ED01435AC420BD01435AC4208D01435DB
:103DA000AC4205D01435AC4202D01435AC4224D11B
:103DB000C46D04F01F050124AC407C60046863609E
:103DC0008368402B20D0036899600368DA6014E0B0
:103DD000C46D04F01F0C3F2404FA0CF4BC600568A9
:103DE0002C6824F480242C60046863608368402B72
:103DF00005D0036899600368DA60F0BC7047036817
:103E00009A600368D960F8E703689A600368D9602C
:103E1000F3E700BF10000240280002400854025897
:103E20001C5402583054025803682749274A9342C9
:103E300018BF8B422FD0183293422CD018329342A5
:103E400029D01832934226D01832934223D0183208
:103E5000934220D0183293421DD002F556729342FD
:103E600019D01832934216D01832934213D0183218
:103E7000934210D0183293420DD0183293420AD098
:103E80001832934207D01832934204D023F0FF0334
:103E90008365806D704710B4D9B210390C4AA2FB0B
:103EA0000142C2F302120B4CA25CC2655F2907D922
:103EB000094A1A4004328265806D5DF8044B7047F0
:103EC000054A1A408265F7E71000024028000240C8
:103ED000ABAAAAAA801E010800FCFFFF83699BB958
:103EE000836A012B0AD0022B02D00BB1002070474D
:103EF000C36A13F0807F2AD100207047C36AB3F1F0
:103F0000C07F26D000207047B3F5005F0AD0836AD7
:103F1000022B26D9032B26D1C36A13F0807F24D12C
:103F200000207047836A032B03D8DFE803F01404F2
:103F3000140A00207047C36A13F0807F0DD100205F
:103F40007047C36AB3F1C07F09D0002070470120D9
:103F50007047012070470120704701207047012001
:103F60007047012070470020704701207047000013
:103F700003682249224A934218BF8B4228D0143248
:103F8000934225D01432934222D0143293421FD050
:103F9000143293421CD01432934219D014329342FB
:103FA00016D0DAB2103A1749A1FB021212091649CB
:103FB0001944A8291FD9154B13449B000366144BC1
:103FC000436602F01F02012303FA02F28266704781
:103FD000DBB2083B0F4AA2FB03230F4A02EB13128A
:103FE000920002660D4A4266C3F30413012202FAEC
:103FF00003F3836670470832DDE700BF08540258B8
:104000001C540258ABAAAAAAF0FBFDBF0082001004
:1040100080080240CDCCCCCC0096001680580258C7
:1040200001794A1E072A2CD830B40368154D164C66
:10403000A34218BFAB4218D01434A34215D0143495
:10404000A34212D01434A3420FD01434A3420CD094
:104050001434A34209D01434A34206D00B4B0B44B2
:104060009B00C3660A4B036705E00A4B0B449B00A9
:10407000C366094B0367012303FA02F2426730BCAF
:1040800070477047085402581C5402583F82001071
:10409000400902403F9600164059025870B5044648
:1040A00001F0EAF9002C00F0B3810546236853497A
:1040B000534A934218BF8B420CBF0122002250D0BA
:1040C00030318B424DD018318B424AD018318B425F
:1040D00047D018318B4244D018318B4241D018312F
:1040E0008B423ED001F556718B423AD018318B424B
:1040F00037D018318B4234D018318B4231D018313F
:104100008B422ED018318B422BD018318B4228D0C5
:1041100018318B4225D03B493B4A934218BF8B4212
:1041200000F02E81394A934200F02A8114329342E2
:1041300000F026811432934200F02281143293421F
:1041400000F01E811432934200F01A81143293421F
:1041500000F0168140236365032384F83530012085
:104160004AE0022184F83510002184F834107ABB2B
:10417000274A93422CD01832934229D018329342C6
:1041800026D01832934223D01832934220D01832CE
:1041900093421DD002F55672934219D018329342C1
:1041A00016D01832934213D01832934210D01832DE
:1041B00093420DD0183293420AD01832934207D05E
:1041C0001832934204D01A6822F001021A6003E008
:1041D0001A6822F001021A6023681A6812F0010FAF
:1041E00018D001F049F9431B052BF5D9202363654D
:1041F000032384F83530012070BD00BF1000024059
:1042000028000240085402581C54025830540258E6
:10421000400002401A687F481040A168E2680A43E3
:1042200021690A4361690A43A1690A43E1690A43B2
:10423000216A0A430243616A042900F0968061689A
:10424000A1F12905A1F13F00032888BF052D0AD956
:10425000A1F14700012806D9A1F14F00032802D996
:104260007439032901D842F480121A6026687569EE
:1042700025F00705636A1D43042B08D1A36A1D437B
:10428000E36A23B12046FFF729FE002872D1756149
:104290002046FFF7C9FDE36D03F01F023F23934063
:1042A000836023685C495D4A934218BF8B4242D0C9
:1042B000183293423FD0183293423CD01832934286
:1042C00039D01832934236D01832934233D0183254
:1042D000934230D002F5567293422CD0183293425A
:1042E00029D01832934226D01832934223D0183264
:1042F000934220D0183293421DD0183293421AD0E4
:104300001832934217D0464A934214D01432934243
:1043100011D0143293420ED0143293420BD0143287
:10432000934208D01432934205D01432934202D003
:104330001432934213D12046FFF71AFEA368802B54
:1043400059D0236E22791A60636EA26E5A60636838
:10435000013B072B52D90023E366236763670020E4
:104360006065012384F8353046E7E16A206B01433C
:104370000A4364E740236365012084F835003BE786
:10438000022284F83520002284F834201A68254956
:104390001140A268402A2CD0802A27D00022E06851
:1043A00042EAD002206942EAD002606942EAD002C1
:1043B000A06942EAD002E06942EAD002206A42EAF9
:1043C00010120A431A602268174B1344174AA2FBC3
:1043D00003231B099B00E3652046FFF725FDE26DE3
:1043E00002F01F0101228A4042605AE74FF48042E6
:1043F000D5E71022D3E700236360A2E72046FFF74A
:104400000FFEE36E00221A60236F626F5A60A6E708
:104410000120F1E63F8010FE10000240280002401B
:10442000085402580F00FEFFF8ABFDA7CDCCCCCC52
:10443000002800F03E8170B5044690F83400012851
:1044400000F03981012084F8340094F83500C0B2BE
:10445000012807D04FF400636365002384F83430EB
:10446000012070BD022084F83500002060652068BE
:10447000924E934DA84218BFB0422FD01835A84293
:104480002CD01835A84229D01835A84226D0183586
:10449000A84223D01835A84220D01835A8421DD0F4
:1044A00005F55675A84219D01835A84216D018350A
:1044B000A84213D01835A84210D01835A8420DD004
:1044C0001835A8420AD01835A84207D01835A84296
:1044D00004D0056825F00105056003E0056825F0B6
:1044E000010505602046FFF7C5FB23687349744A40
:1044F000934218BF8B4238D01832934235D01832CD
:10450000934232D0183293422FD0183293422CD09B
:104510001832934229D01832934226D002F55672AF
:10452000934222D0183293421FD0183293421CD0AB
:104530001832934219D01832934216D0183293424F
:1045400013D01832934210D0183293420DD01A680B
:1045500022F00E0242F00A021A60236C93B1226824
:10456000136843F0040313600CE01A6822F01E0283
:1045700042F016021A60236C23B12268136843F0DC
:104580000803136023684D494D4A934218BF8B427C
:1045900042D0183293423FD0183293423CD0183266
:1045A000934239D01832934236D01832934233D0E6
:1045B0001832934230D002F5567293422CD0183202
:1045C000934229D01832934226D01832934223D0F6
:1045D0001832934220D0183293421DD018329342A1
:1045E0001AD01832934217D0364A934214D014325C
:1045F000934211D0143293420ED0143293420BD016
:104600001432934208D01432934205D014329342AC
:1046100002D0143293420ED1236E1A6812F4803FF6
:1046200003D01A6842F480721A60E36E1BB11A68F4
:1046300042F480721A6023682049214A934218BFCD
:104640008B4230D0183293422DD0183293422AD068
:104650001832934227D01832934224D01832934212
:1046600021D0183293421ED002F5567293421AD0CE
:104670001832934217D01832934214D01832934212
:1046800011D0183293420ED0183293420BD0183208
:10469000934208D01832934205D01A6842F00102C2
:1046A0001A600020DDE61A6842F001021A6000205C
:1046B000D7E6012070470220D3E600BF1000024079
:1046C000280002400854025870B5044600F0D4FE99
:1046D000002C00F09181054694F83530DBB2022BB6
:1046E00006D080236365002384F83430012070BD38
:1046F00023688C498C4A934218BF8B4230D01832C1
:1047000093422DD0183293422AD01832934227D0A8
:104710001832934224D01832934221D01832934257
:104720001ED002F5567293421AD01832934217D017
:104730001832934214D01832934211D01832934257
:104740000ED0183293420BD01832934208D0183250
:10475000934205D01A6822F00E021A60266809E01A
:104760001A6822F01E021A602268536923F080033F
:104770005361266823686B496B4A934218BF8B428A
:1047800042D0183293423FD0183293423CD0183274
:10479000934239D01832934236D01832934233D0F4
:1047A0001832934230D002F5567293422CD0183210
:1047B000934229D01832934226D01832934223D004
:1047C0001832934220D0183293421DD018329342AF
:1047D0001AD01832934217D0544A934214D014324C
:1047E000934211D0143293420ED0143293420BD024
:1047F0001432934208D01432934205D014329342BB
:1048000002D01432934204D1226E136823F48073D1
:10481000136023684349444A934218BF8B422FD008
:10482000183293422CD01832934229D01832934236
:1048300026D01832934223D01832934220D0183217
:1048400093421DD002F55672934219D0183293420A
:1048500016D01832934213D01832934210D0183227
:1048600093420DD0183293420AD01832934207D0A7
:104870001832934204D01A6822F001021A6003E051
:104880001A6822F001021A60336813F0010F0ED08B
:1048900000F0F2FD431B052BF6D9202363650323AB
:1048A00084F83530002384F8343001201FE7236872
:1048B0001C491D4A934218BF8B4239D0183293428B
:1048C00036D01832934233D01832934230D0183257
:1048D00093422DD0183293422AD01832934227D0D7
:1048E00002F55672934223D01832934220D01832E8
:1048F00093421DD0183293421AD01832934217D0E7
:104900001832934214D01832934211D01832934285
:104910000ED0A16DE36D03F01F02012393404B60A5
:104920000DE000BF10000240280002400854025869
:10493000A16DE36D03F01F023F2393408B6023685A
:104940002E492F4A934218BF8B4242D018329342CD
:104950003FD0183293423CD01832934239D01832AB
:10496000934236D01832934233D01832934230D02B
:1049700002F5567293422CD01832934229D0183245
:10498000934226D01832934223D01832934220D03B
:10499000183293421DD0183293421AD018329342E3
:1049A00017D0184A934214D01432934211D01432C3
:1049B00093420ED0143293420BD01432934208D05B
:1049C0001432934205D01432934202D014329342EF
:1049D0000BD1636EA26E5A60E36E33B11A6822F493
:1049E00080721A60236F626F5A60012384F8353039
:1049F000002084F834007AE6012078E610000240B6
:104A00002800024008540258002800F0298108B507
:104A1000024690F83530DBB2022B03D08023436589
:104A2000012008BD0368904890498B4218BF83421B
:104A30000CBF0121002166D03030834263D0183092
:104A4000834260D0183083425DD0183083425AD000
:104A50001830834257D01830834254D000F5567036
:104A6000834250D0183083424DD0183083424AD010
:104A70001830834247D01830834244D018308342E4
:104A800041D0183083423ED0183083423BD0196861
:104A900021F00E0119601368A0F5956073498B42EF
:104AA00018BF83426AD072498B4267D018318B425B
:104AB00064D018318B4261D018318B425ED01831EE
:104AC0008B425BD018318B4258D001F556718B4226
:104AD00054D018318B4251D018318B424ED01831FE
:104AE0008B424BD018318B4248D018318B4245D085
:104AF00018318B4242D018318B423FD0196821F0D7
:104B0000010119603EE0042082F8350081BB584A5B
:104B100093422DD0183293422AD01832934227D094
:104B20001832934224D01832934221D01832934243
:104B30001ED002F5567293421AD01832934217D003
:104B40001832934214D01832934211D01832934243
:104B50000ED0183293420BD01832934208D018323C
:104B6000934205D01A6822F001021A60002058E72B
:104B70001A6822F001021A60002052E7196821F039
:104B8000010119601368384838498B4218BF8342C5
:104B900042D018318B423FD018318B423CD0183173
:104BA0008B4239D018318B4236D018318B4233D0FA
:104BB00018318B4230D001F556718B422CD0183110
:104BC0008B4229D018318B4226D018318B4223D00A
:104BD00018318B4220D018318B421DD018318B42B6
:104BE0001AD018318B4217D022498B4214D014317D
:104BF0008B4211D014318B420ED014318B420BD02A
:104C000014318B4208D014318B4205D014318B42C1
:104C100002D014318B4217D1116E0B6823F48073CC
:104C20000B60906DD36D03F01F0101238B40436037
:104C3000536E916E5960D36E33B1196821F480714F
:104C40001960136F516F5960012382F835300023CA
:104C500082F83430136D2BB1104698470020E0E6FF
:104C6000012070470020DCE61000024028000240CE
:104C70004000024008540258F0B583B004460023B7
:104C800001937D4B1D687D4BA3FB0535AD0A876DF8
:104C90003E68D7F800C0036879497A48834218BF54
:104CA0008B420CBF0120002061D0774A93425ED036
:104CB000183293425BD01832934258D01832934244
:104CC00055D01832934252D0183293424FD002F549
:104CD000567293424BD01832934248D018329342C6
:104CE00045D01832934242D0183293423FD0183206
:104CF00093423CD01832934239D01832934236D086
:104D00006249634A934218BF8B4212D0614A934270
:104D10000FD0143293420CD01432934209D0143283
:104D2000934206D01432934203D01432934240F09F
:104D300061821A68E16D01F01F010420884010EAC9
:104D40000C0F00F0A78212F0040F00F0A38278602D
:104D500012F4004F00F05A8212F4803F40F050826B
:104D6000A36C002B00F046822046984742E2E26D99
:104D700002F01F0108228A40324241D070BB424AF1
:104D800093422BD01832934228D01832934225D028
:104D90001832934222D0183293421FD018329342D5
:104DA0001CD002F55672934218D01832934215D097
:104DB0001832934212D0183293420FD018329342D5
:104DC0000CD01832934209D01832934206D01832D0
:104DD000934203D01A68C2F3C00202E01A68C2F319
:104DE00080026AB11A6822F004021A60E36D03F0CF
:104DF0001F0208239340BB60636D43F001036365AA
:104E0000E26D02F01F0226FA02F313F0010F47D001
:104E100023681B481B498B4218BF83423CD0183182
:104E20008B4239D018318B4236D018318B4233D077
:104E300018318B4230D018318B422DD018318B4233
:104E40002AD001F556718B4226D018318B4223D0DF
:104E500018318B4220D018318B421DD018318B4233
:104E60001AD018318B4217D018318B4214D0183118
:104E70008B4211D01B6813E008000024B5814E1B43
:104E8000100002402800024040000240085402582E
:104E90001C540258305402585B6913F0800F3BD108
:104EA000E36D03F01F03042202FA03F3334240D000
:104EB0002268964896498A4218BF824235D01831F6
:104EC0008A4232D018318A422FD018318A422CD0EF
:104ED00018318A4229D018318A4226D018318A42A4
:104EE00023D001F556718A421FD018318A421CD056
:104EF00018318A4219D018318A4216D018318A42A4
:104F000013D018318A4210D018318A420DD018318E
:104F10008A420AD013680CE0012303FA02F2BA6055
:104F2000636D43F002036365BAE7126812F0020F83
:104F30003DD1E36D03F01F03102202FA03F3334265
:104F40005FD02268714872498A4218BF824234D0C9
:104F500018318A4231D018318A422ED018318A4213
:104F60002BD018318A4228D018318A4225D01831E6
:104F70008A4222D001F556718A421ED018318A42E7
:104F80001BD018318A4218D018318A4215D01831F6
:104F90008A4212D018318A420FD018318A420CD07E
:104FA00018318A4209D01268C2F3800208E0BB605F
:104FB000636D43F004036365BBE71268C2F3C0028C
:104FC000FAB1BB6023681A6812F4802F0DD01B68F9
:104FD00013F4002F04D1236C9BB12046984710E0B6
:104FE000A36C73B1204698470BE01A6812F4807FD7
:104FF00003D11A6822F008021A60236C0BB1204614
:105000009847E36D03F01F03202202FA03F33342B3
:1050100000F0928022683D483D498A4218BF824292
:105020002ED018318A422BD018318A4228D018311C
:105030008A4225D018318A4222D018318A421FD0A4
:1050400018318A421CD001F556718A4218D01831A5
:105050008A4215D018318A4212D018318A420FD0B4
:1050600018318A420CD018318A4209D018318A424C
:1050700006D018318A4203D01268C2F3400202E01F
:105080001268C2F30012002A56D0BB6094F8353083
:10509000DBB2042B0ED023681A6812F4802F39D0AB
:1050A0001B6813F4002F2CD1636C002B44D02046D6
:1050B000984741E02268136823F0160313602268C2
:1050C000536923F080035361236CB3B122681368E2
:1050D00023F008031360E36D03F01F023F239340A6
:1050E000BB60012384F83530002384F83430236D0D
:1050F000002B7FD0204698477CE0A36C002BE5D1A5
:10510000E9E7E36BC3B12046984715E01000024081
:10511000280002401A6812F4807F09D11A6822F030
:1051200010021A60012384F83530002384F83430EB
:10513000E36B0BB120469847636D002B5AD0636D2B
:1051400013F0010F52D0042384F8353023689649B8
:10515000964A934218BF8B422FD0183293422CD0DC
:105160001832934229D01832934226D018329342F3
:1051700023D01832934220D0183293421DD002F52A
:105180005672934219D01832934216D01832934275
:1051900013D01832934210D0183293420DD01832E7
:1051A00093420AD01832934207D01832934204D067
:1051B0001A6822F001021A6003E01A6822F0010264
:1051C0001A60019B01330193AB4204D823681B682A
:1051D00013F0010FF5D123681B6813F0010F0BD0FA
:1051E000032384F83530002384F83430E36C0BB1AA
:1051F0002046984703B0F0BD012384F83530F2E72C
:10520000236C002BF6D020469847F3E712F0200FCE
:105210003AD123686449654A934218BF8B422FD024
:10522000183293422CD01832934229D0183293422C
:1052300026D01832934223D01832934220D018320D
:1052400093421DD002F55672934219D01832934200
:1052500016D01832934213D01832934210D018321D
:1052600093420DD0183293420AD01832934207D09D
:105270001832934204D01A6822F004021A6003E044
:105280001A6822F008021A60236C002BB2D0204664
:105290009847AFE70220884010EA0C0F60D012F068
:1052A000020F5DD0786012F4004F0ED012F4803FF0
:1052B00005D1636C002B9DD0204698479AE7E36B9D
:1052C000002B97D02046984794E712F0200F40D14A
:1052D00023683549354A934218BF8B422FD0183284
:1052E00093422CD01832934229D01832934226D0C0
:1052F0001832934223D01832934220D0183293426E
:105300001DD002F55672934219D01832934216D02E
:105310001832934213D01832934210D0183293426D
:105320000DD0183293420AD01832934207D0183267
:10533000934204D01A6822F00A021A6003E01A6845
:1053400022F014021A60012384F83530002384F817
:105350003430E36B002B3FF44DAF2046984749E7CC
:10536000082000FA01F111EA0C0F3FF443AF12F0EC
:10537000080F3FF43FAF1A6822F00E021A60E36D87
:1053800003F01F03012202FA03F37B60626584F8D5
:105390003520002384F83430E36C002B3FF42AAF2F
:1053A0002046984726E700BF100002402800024030
:1053B000134BDB6813F0040F07D1114BDB6803F0CC
:1053C000070383421AD00120704710B50C4AD368F6
:1053D00023F007031843D06000F04EF80446084B52
:1053E0005B6813F4005F07D100F046F8001BB0F5CE
:1053F0007A7FF4D9012000E0002010BD0020704722
:105400000048025810B50320FCF708FDFDF752F8DC
:105410000F498B69C3F303230E4AD35C03F01F03C8
:10542000D8408B6903F00F03D35C03F01F0320FA0D
:1054300003F3094A1360094B18600F20FCF70CF8BE
:1054400010B10124204610BD0446FBF7EBFFF9E73D
:1054500000440258981E01080C0000240800002493
:10546000034B1B78034A11680B441360704700BF5D
:1054700000000024BC090024014B1868704700BFDD
:10548000BC09002438B50446FFF7F6FF0546B4F121
:10549000FF3F02D0044B1B781C44FFF7EDFF401B7D
:1054A000A042FAD338BD00BF0000002430B4446BE2
:1054B0000368D3F884106F4A114041EA8401C3F8AD
:1054C00084100368D3F8841021F47F01856B41EACE
:1054D0000541C3F88410836B23440468D4F8881012
:1054E000114041EA8301C4F888100468D4F8881098
:1054F00021F4FE01C56B41EA0541C4F88810C16B77
:1055000003EB41030468D4F8A010114041EA830181
:10551000C4F8A0100468D4F8A01021F4FE01056CB2
:1055200041EA0541C4F8A010016C446C04FB01334E
:105530000468D4F8B010114041EA8301C4F8B010F7
:105540000468D4F8B01021F4FE01856C41EA0541ED
:10555000C4F8B010816CC46C04FB01330468D4F847
:10556000AC10114041EA8301C4F8AC10016D446DE8
:1055700004FB01330468D4F8F010114041EA8301C0
:10558000C4F8F0100468D4F8F01021F47C11856D93
:1055900041EA0541C4F8F010816D03EB4103046852
:1055A000D4F8C0100A4042EA8303C4F8C03002684D
:1055B000D2F8C03023F47C13C16D43EA0143C2F832
:1055C000C0300268D2F8C03023F07C53016E43EA49
:1055D0000163C2F8C030436B274A1A449200C26686
:1055E000836B02EB83030367C16B03EBC103436768
:1055F000016C446C04FB01F103EB81038367816C54
:10560000C46C04FB01F103EB8103C367016D446DBE
:1056100004FB01F103EB8103C0F88030816D03EBE3
:10562000C103C0F88430816EC46D01FB04FC03EB40
:105630008C03C0F88830046E04FB01F103EB810396
:10564000C0F890300D498B420DD9D0F89C3043F012
:105650002003C0F89C30032380F89830012007E035
:10566000002342F8043BD0F890309342F8D8002051
:1056700030BC70470300FFFF002B0010FCD300403C
:1056800070B54C68FCB90D698C6825430C6845EA17
:1056900084450E6ACC6944EA06648E6934434E69D7
:1056A0003443CE6844EA0644D0F88460806E00FB40
:1056B00003F306EB830E46F82350CEF804400EF1B8
:1056C000080E002019E00C698D6825430C682543FD
:1056D00045F08045DDE702EB000C9CF803409CF8A8
:1056E00002301B0443EA04639CF8014043EA0423AC
:1056F000145C23434EF8043B0430CB68024CE35C5B
:105700008342E8D870BD00BF881E010830B595B04F
:1057100004464C22A04901A808F09CFC002C00F093
:10572000388123689D4A934220D094F898300BB377
:105730002268936923F010039361FFF79DFE0546ED
:1057400023689A6912F0080F1AD0FFF795FE431BE1
:105750000A2BF5D9D4F89C3043F00103C4F89C30EF
:10576000032384F89830012015B030BD03F5807311
:105770006360DAE784F899302046FBF7DBFBD7E774
:105780009A6942F001029A61FFF776FE05462368A6
:105790009A6912F0010F0FD1FFF76EFE401B0A2825
:1057A000F5D9D4F89C3043F00103C4F89C300323AE
:1057B00084F898300120D7E79A6942F002029A6192
:1057C000237C012B40D02268936943F0400393610E
:1057D000637C012B3ED02268936923F4804393615C
:1057E000A37C012B3CD02268936943F480539361DE
:1057F0002268936923F44073A1680B439361226884
:10580000936923F0A40393612268136923F01003C2
:105810001361E368012B29D0002B2CD0022B00F060
:105820009B802268936943F0800393612268136927
:1058300043F010031361E368032B1CD122689369C2
:1058400043F02003936116E02268936923F040033C
:105850009361BDE72268936943F480439361BFE796
:105860002268936923F480539361C1E722689369A6
:1058700043F004039361A3695A1EE369013B1B02D1
:1058800043EA4263226A013A13436269013A21689A
:1058900043EA0243CB61A368B3F5407F62D0236E35
:1058A00033B12268D2F8C030616E0B43C2F8C03009
:1058B000E36D226ED3420DD02168D1F8C83023F0B9
:1058C0000703A26E14A800EB820252F84C2C13437B
:1058D000C1F8C830236C6BB12168D1F8BC3023F01B
:1058E0000703626C14A800EB820252F84C2C13439D
:1058F000C1F8BC30A36C73B12168D1F8BC3023F07F
:105900007003E26C14A800EB820252F84C2C43EABC
:105910000213C1F8BC30236D73B12168D1F8BC30DB
:1059200023F4E063626D14A800EB820252F84C2C61
:1059300043EA0223C1F8BC302268184B9A4222D0B5
:105940000023C4F89430C4F89C30012384F89830C4
:105950002046FFF7ABFD07E72268936943F0200379
:10596000936188E7A36A013BE26A013A43EA0223B2
:10597000226B013A43EA0213626A013A216843EA60
:105980000243CB608BE76268936823F00303936064
:10599000D6E70120E8E600BFC01D010800A00040D6
:1059A00090F89830013BDBB2012B07D9D0F89C303E
:1059B00043F00203C0F89C3001207047CB680A68AE
:1059C000D2B9072B0ED08A68DB0643EA82730A69D4
:1059D00043EA02434A691343C26E496842F82130E0
:1059E000002070470A69CB691B0243EA02438A69B7
:1059F000134343F06053EFE710B40A6942EA43727D
:105A0000072B0FD04B698C6843EA8473006F496899
:105A100000EBC10C40F83120CCF8043000205DF8D8
:105A2000044B70478B69F1E790F898C05FFA8CFCE3
:105A3000BCF1010F07D0D0F89C3043F00403C0F84C
:105A40009C3001207047920042EA011242EA430270
:105A5000036800990A43C3F880200020704790F83B
:105A60009830DBB2012B07D0D0F89C3043F0040310
:105A7000C0F89C300120704740290AD00168D1F855
:105A8000B03023F0004343EAC272C1F8B0200020D6
:105A900070470168D1F8A03023F0004343EAC27296
:105AA000C1F8A020F3E790F89830DBB2012B07D0C3
:105AB000D0F89C3043F00403C0F89C3001207047BC
:105AC000022380F898300268936923F00103936100
:105AD0000023C0F89C301846704738B5044690F84B
:105AE0009830DBB2022B2BD10368D3F8C00010F042
:105AF0007C5F0CD0D3F8C40010F4001F0FD0D4F892
:105B00009C3043F40073C4F89C3001201FE0D4F8AB
:105B10009C3043F02003C4F89C30012017E0D3F8F8
:105B2000C450C5F304452B462046FFF7A9FD226863
:105B30000123AB40C2F8D030C4F89430002006E016
:105B4000D0F89C3043F00803C0F89C30012038BDE9
:105B500090F898C05FFA8CFCBCF1020F40F0E28034
:105B600070B540290CD041293DD0046D8C426DD8D0
:105B7000D0F89C3043F02003C0F89C300120C3E0F3
:105B80000468D4F8A05015F4FE0F0CD0D4F8A4503B
:105B900015F07F0F0FD1D0F89C3043F48073C0F81C
:105BA0009C300120B0E0D0F89C3043F02003C0F8D6
:105BB0009C300120A8E0D4F8A450C5F3006615F08D
:105BC000807F04D0D4F8A060F60F00D10026D4F86E
:105BD000A440C4F305242644456F446C06FB04F43A
:105BE00005EB840C39E00468D4F8B05015F4FE0FCE
:105BF0000CD0D4F8B45015F07F0F0FD1D0F89C30F2
:105C000043F48073C0F89C3001207DE0D0F89C30D4
:105C100043F02003C0F89C30012075E0D4F8B45064
:105C2000C5F3006615F0807F04D0D4F8B060F60F9D
:105C300000D10026D4F8B440C4F305242644856F6F
:105C4000C46C06FB04F405EB840C06E0C56F446DE0
:105C500001FB04F405EB840C0026DCF8004004F0A2
:105C60008044546074BBDCF80040C4F38A44146080
:105C7000DCF8004004F000549460DCF8004004F0CC
:105C800000441461BCF80440D461BCF8064004F040
:105C90000F04D460DCF8044004F480145461DCF890
:105CA000044004F4001494619CF8074004F07F045D
:105CB0001462DCF80440E40F54620CF1080E4FF05B
:105CC000000C0BE0DCF8004024F060441460CFE7E7
:105CD0001EF80C4003F80C400CF1010CD468154D73
:105CE0002C5D6445F4D840290AD041290DD01F29E4
:105CF0000FD80268012303FA01F1C2F8981002E0FC
:105D00000368C3F8A860002070BD0368C3F8B860DA
:105D1000F9E701F01F010268012303FA01F1C2F85B
:105D20009C10F0E7D0F89C3043F00803C0F89C309A
:105D300001207047881E0108402905D00368D3F868
:105D4000B40000F07F0070470368D3F8A40000F0AF
:105D50007F0070470368D3F8C40000F03F0070472D
:105D600090F89830013BDBB2012B07D9D0F89C307A
:105D700043F00203C0F89C3001207047012A05D08F
:105D80000268936D19439165002070470268936D16
:105D900023EA01019165F7E790F89830013BDBB207
:105DA000012B07D9D0F89C3043F00203C0F89C3097
:105DB0000120704710B403689C6D0C4224D1DC6D47
:105DC00044F00104DC6511F4007F05D00468D4F8C8
:105DD000E0301343C4F8E03011F4806F05D004685C
:105DE000D4F8E4301A43C4F8E4200068436D0C4A48
:105DF0000A40134343650B4A536943EA9171516169
:105E000000205DF8044B70479C6D31EA040402D019
:105E10000324DC65D7E7DC6D44F00204DC65D2E7DF
:105E2000FFFFCF3F00A800407047704770477047A2
:105E300070477047704770477047704770477047AA
:105E400070477047704700002DE9F04F83B004465B
:105E5000B04B1A695B699B0703EA8273019303687D
:105E60001A6D02F4704A5A6D0AEA020A1A6D02F0BB
:105E70000F095A6D09EA02091A6D02F0F0085A6D0D
:105E800008EA02081E6D06F071565A6D16401F6D25
:105E900007F060775A6D17405D6DD3F850B015F478
:105EA000807F02D01BF4807F64D115F4806F02D014
:105EB0001BF4806F67D1019B002B74D1BAF1000FE6
:105EC0007CD1B9F1000F40F08580B8F1000F40F0AF
:105ED0008D8015F4006F03D01BF4006F40F09280AA
:105EE00015F4007F03D01BF4007F40F0968015F47A
:105EF000002F03D01BF4002F40F09F8015F4803F4B
:105F000003D01BF4803F40F0A38015F4802F03D012
:105F10001BF4802F40F0A78015F4003F0FD01BF436
:105F2000003F0CD023684FF400321A65794B0022F1
:105F30001A61D4F89C3043F08003C4F89C30002FE1
:105F400040F09C804EB123681E65B20F714B1A6100
:105F5000D4F89C301E43C4F89C6022686E4B9A4271
:105F600000F09680D4F89C30002B40F0F78003B00E
:105F7000BDE8F08F4FF480721A65664B00221A61FB
:105F8000FFF75AFF91E72368D3F8DC10D3F8E42039
:105F90004FF4806018655F4B002018611140204667
:105FA000FFF746FF87E7236800221A6501998A0FE9
:105FB000584B1A612046FFF737FF7FE72368C3F885
:105FC00050A04FEA9A72534B1A6151462046FFF790
:105FD0002CFF76E72368C3F850904FEA99724D4B37
:105FE0001A614946204601F08FFE6EE72368C3F828
:105FF00050804FEA9872474B1A614146204601F0A3
:10600000C9FE66E723684FF400621A65414B00221F
:106010001A612046FFF70AFF62E72368D3F8D81019
:10602000D3F8E0204FF4007018653A4B0020186157
:1060300011402046FFF7FBFE59E723684FF400228A
:106040001A65344B00221A612046FFF7F2FE55E72D
:1060500023684FF480321A652E4B00221A612046C5
:10606000FFF7E8FE51E723684FF480221A65294BB9
:1060700000221A612046FFF7DEFE4DE723681F6508
:10608000BA0F244B1A6139462046FFF7D7FE59E76D
:1060900063689A6812F0030F3FF464AF196A01F065
:1060A0000F015A6A186A00F03008586A08EA0008B6
:1060B0001F6A07F4C077586A07401E6A06F4FC4658
:1060C000586A06401D6A05F4F025586A0540D3F861
:1060D0002490D3F820A0114020D1B8F1000F22D194
:1060E00019F0400F02D01AF0400F24D17FBB36B117
:1060F00063681E62D4F89C301E43C4F89C60002D77
:106100003FF430AF63681D62D4F89C301D43C4F87F
:106110009C5027E700A8004000A0004019622046DC
:10612000FFF78DFED9E76368C3F82080414620461B
:10613000FFF786FED4E76368D96BDA6B40201862FC
:1061400002F03F02090C2046FFF77BFECEE76368B2
:106150001F6239462046FFF775FEC8E72046FFF765
:106160006CFE04E710B402685369916941F00801BC
:10617000916101688A6942F010028A6101680A68C7
:1061800022F001020A6001680C69294A22400A6172
:1061900001688A6822F440428A6090F88120D2B275
:1061A000042A0DD013F0200F0AD0D0F8842042F03A
:1061B0008002C0F8842001688A6942F020028A6166
:1061C00090F88120D2B2032A0DD013F0400F0AD0EC
:1061D000D0F8842042F00402C0F8842001688A6963
:1061E00042F040028A6113F4007F0AD0D0F8842084
:1061F00042F00102C0F8842001688A6942F400720A
:106200008A6113F4807F0AD0D0F8843043F0080309
:10621000C0F884300268936943F48073936100236B
:10622000A0F86230A0F86A305DF8044B704700BFF8
:1062300090FCFFFFC36B5B09C0680830C00803FB1C
:10624000000070472DE9F04107460E4615461C46F2
:10625000DDF8188000E0B4B13B685B6936EA0303FF
:106260000CBF01230023AB420AD1FFF705F9A0EBD5
:106270000800A042EFD3B4F1FF3FECD0032000E0D0
:106280000020BDE8F0810320FBE70000002800F0BB
:10629000B78070B504460023836205685C4B5D4E91
:1062A0009D4218BFB54214BF0126002607D0A3F5B2
:1062B00074439D4203D0C3680F2B00F2A380204695
:1062C000FFF7B8FF2EB1544B9D4202D0082800F2D0
:1062D0009B804F4A4F4B9D4218BF954203D003F518
:1062E00080639D4202D1102800F2908094F88130A2
:1062F000F3B1022384F881302268136823F001038C
:10630000136021688A6802F4F812A369B3F1806F00
:1063100014D0636813F4800F23D0E368062B20D9D0
:1063200021680B6823F48073206D03430B601DE02C
:1063300084F880302046FAF7DBFEDAE76368B3F5CD
:10634000800F06D0002BE4D1A36BB3F1805FE0D1C6
:1063500002E0A06B0028F5D10B6843F480530B607A
:10636000D7E721680B6823F480730B60E369A16AA7
:106370000B431343E26B1343E16822680B439360C2
:10638000636B626A1343A26B1343A26913432269CE
:10639000134362691343226A134362681343E26C36
:1063A0001343A2681343A26C1343A16D22680B43ED
:1063B000D36063686BB92268936823F4C05343F4D5
:1063C000006393602268936823F4C06343F480639E
:1063D00093602268136D23F001031365636813F45F
:1063E000800F06D02268D36823F00043616D0B4311
:1063F000D3600020C4F88400012384F8813070BD8C
:10640000012070470120FAE70120F8E70120F6E7B4
:106410000030014000380040003C00402DE9F04FC2
:1064200083B004468A4691461D46D0F800B0C66B3C
:10643000C6F34F16FFF720F894F88170FFB2012FD2
:1064400040F02F820136B6B28046B9F1000F18BF76
:10645000BAF1000F00F02682002D00F0238294F89C
:106460008030012B00F02282012384F88030052344
:1064700084F881300023C4F88430C4F86490A4F810
:106480006A50A4F86850C4F85CA0A4F86250A4F85C
:106490006050236763672268D36823F4C023D36006
:1064A00022689C499C4B9A4218BF8A4209D003F546
:1064B00080639A4202D04FF0080904E04FF01009BF
:1064C00001E04FF010095168944B0B402B4353608F
:1064D0002268136843F0010313606368B3F5800F0B
:1064E00006D0E3680F2B7AD94FEA990BA9461FE033
:1064F0002268136843F400731360F2E723685A6953
:10650000B9F1000F14D0596911F0010F32D0626E49
:106510001B6B1360636E04336366B4F86A309BB21E
:10652000013B9BB2A4F86A30B4F86A901FFA89F96B
:1065300045EA09039BB2002B00F0968123685A6953
:1065400012F0020FDAD0002DD8D005EB0B029145E6
:10655000D4D2E26D12681A62E36D0433E365B4F8D5
:1065600062309BB2013B9BB2A4F86230B4F8625037
:10657000ADB2C3E7B14514D212F4004F11D0626E30
:106580001B6B1360636E04336366B4F86A309BB2AE
:10659000013B9BB2A4F86A30B4F86A901FFA89F9FB
:1065A000C6E7FEF769FFA0EB08000C9B984202D3F8
:1065B000B3F1FF3F02D10C9B002BB9D12046FFF76E
:1065C000D1FDD4F8843043F48073C4F884300123BF
:1065D00084F88130002384F88030032762E1072BA0
:1065E00040F240814FEA59039A46A9461AE02368CF
:1065F0005A69B9F1000F15D05B6913F0010F34D05F
:10660000636EBBF830201A80636E02336366B4F8A1
:106610006A309BB2013B9BB2A4F86A30B4F86A902E
:106620001FFA89F945EA09039BB2002B00F01C818F
:1066300023685B6913F0020FD9D0002DD7D05346E1
:10664000EB189945D3D2E36D1B88ABF82030E36D8E
:106650000233E365B4F862309BB2013B9BB2A4F80D
:106660006230B4F86250ADB2C1E7B1451BD212F44A
:10667000004F18D0636EBBF830201A80636E9A1CEE
:106680006266BBF830205A80636E02336366B4F8EA
:106690006A309BB2023B9BB2A4F86A30B4F86A90AD
:1066A0001FFA89F9BEE7B9F1010F15D112F4005FA5
:1066B00012D0636EBBF830201A80636E02336366BB
:1066C000B4F86A309BB2013B9BB2A4F86A30B4F8CC
:1066D0006A901FFA89F9A5E7FEF7CEFEA0EB080045
:1066E0000C9B984202D3B3F1FF3F02D10C9B002BCD
:1066F00098D12046FFF736FDD4F8843043F48073F8
:10670000C4F88430012384F88130002384F8803079
:106710000327C7E000300140003800400000FFFFC1
:1067200023685A69BBF1000F15D0596911F0010FA8
:1067300034D0626E93F830301370636E0133636649
:10674000B4F86A309BB2013B9BB2A4F86A30B4F84B
:106750006AB01FFA8BFB45EA0B039BB2002B00F0DB
:10676000838023685A6912F0020FD9D0002DD7D048
:1067700005EB09029345D3D2E26D127883F820200D
:10678000E36D0133E365B4F862309BB2013B9BB229
:10679000A4F86230B4F86250ADB2C1E7B3452AD272
:1067A00012F4004F27D0626E93F830301370636E8E
:1067B0005A1C6266226892F830205A70636E5A1C26
:1067C0006266226892F830205A70636E5A1C6266C4
:1067D000226892F830205A70636E01336366B4F811
:1067E0006A309BB2043B9BB2A4F86A30B4F86AB03A
:1067F0001FFA8BFBAFE7BBF1030F15D812F4C04FA4
:1068000012D0626E93F830301370636E013363669A
:10681000B4F86A309BB2013B9BB2A4F86A30B4F87A
:106820006AB01FFA8BFB96E7FEF726FEA0EB080086
:106830000C9B984202D3B3F1FF3F02D10C9B002B7B
:1068400089D12046FFF78EFCD4F8843043F480735E
:10685000C4F88430012384F88130002384F8803028
:1068600003271FE0AB4676E7CDF800800C9B0022A3
:1068700008212046FFF7E6FC28B1D4F8843043F025
:106880002003C4F884302046FFF76CFC012384F811
:106890008130002384F88030D4F8843013B9002785
:1068A00000E00227384603B0BDE8F08F0227F9E781
:1068B000704770477047704708B5806B0023A0F899
:1068C0006A30A0F86230012380F88130FFF7F3FFCF
:1068D00008BD70472DE9F8430446066832697369BC
:1068E00002EA0305D6F8089090F88170FFB213F41D
:1068F000006F02D012F0080F3FD105F06403042BA3
:1069000042D0002305F04508B8F1010F44D005F04E
:106910002602022A45D0002B46D115F0080F79D067
:106920002268936943F0080393612268936943F0F6
:10693000100393612268936943F4006393612268B2
:10694000136923F00803136123689B6813F4404F15
:106950003BD02046FFF706FC012384F88130D4F8B1
:106960008430002B4AD1052F4CD0042F4ED0032F5A
:106970001AD12046FFF79CFF16E0B36943F4006389
:10698000B361FFF7A6FF0FE0636F20469847236FC0
:10699000204698470123B5E7236F20469847434692
:1069A000B5E7636F20469847BDE8F883072B1CD9ED
:1069B000636E328E1A80636E02336366B4F86A3097
:1069C0009BB2013B9BB2A4F86A30B4F86A309BB228
:1069D000002BBED0E3680F2BE8D92268636E126BE0
:1069E0001A60636E04336366E8E72268636E92F8A8
:1069F00030201A70636E01336366DFE72046FFF7CD
:106A00005AFFD1E72046FFF755FFCDE72046FFF7B5
:106A100050FFC9E715F4587FC6D015F0400F0AD0D3
:106A2000D4F8843043F00403C4F8843022689369B6
:106A300043F04003936115F4007F0AD0D4F884300A
:106A400043F00103C4F884302268936943F400736F
:106A5000936115F4807F0AD0D4F8843043F00803A2
:106A6000C4F884302268936943F48073936115F00D
:106A7000200F0AD0D4F8843043F08003C4F8843067
:106A80002268936943F020039361D4F88430002B8B
:106A90008AD02268136823F0010313602268116909
:106AA0001A4B0B40136109F44049B9F5404F25D109
:106AB0002268936823F440439360E36F5BB1144A08
:106AC0001A65E06FFDF7A0FF28B1D4F8843043F0D9
:106AD0004003C4F88430A36F002B3FF465AF0C4A29
:106AE0001A65A06FFDF790FF00283FF45DAFD4F862
:106AF000843043F04003C4F8843055E7012384F820
:106B000081302046FFF7D7FE4EE700BF94FCFFFF21
:106B1000B96800082B4AD2F8883043F47003C2F8F1
:106B20008830294B1B6803F00F03062B06D8264A32
:106B3000136823F00F0343F007031360234B1A6815
:106B400042F001021A6000221A611968204A0A40C4
:106B50001A601D4B1B6813F0080F06D01A4A136801
:106B600023F00F0343F007031360184B00229A61D0
:106B7000DA611A62174999621749D962174919638C
:106B80005A639963DA6319645A64196821F480219D
:106B900019601A66D3F8D43013F4805F10D10B4B10
:106BA000D3F8D42042F48052C3F8D4200C4A43F2E4
:106BB000D2011160D3F8D42022F48052C3F8D4203B
:106BC000704700BF00ED00E0002000520044025872
:106BD0007FEDF6EA000202020000FF0180020101DF
:106BE00000400052054AD36843F00203D360034BD0
:106BF0005B6813F4005FFAD0704700BF004802588A
:106C000000F1080343604FF0FF328260C36003610C
:106C100000230360704700230361704743684B60A3
:106C20009A688A6051609960086103680133036063
:106C3000704730B40D68B5F1FF3F11D000F1080383
:106C40001C465B681A68AA42FAD963684B6099606F
:106C50008C606160086103680133036030BC704779
:106C60000469F2E70369416882688A60416851609B
:106C70005A68824206D0002202611A68013A1A60FC
:106C80001868704782685A60F5E70000084B1B6877
:106C90001B6823B9074B4FF0FF321A607047044B53
:106CA0001B68DB68DB685A68024B1A60704700BFDC
:106CB000C4090024980A00242DE9F04707469846A5
:106CC000089DDDF824900A9C266B6FF04043134426
:106CD00006EB830626F0070600293AD08E464FF0D1
:106CE000000CBCF10F0F0BD81EF80C2004EB0C03AA
:106CF00083F834201EF80C3013B10CF1010CF0E7CE
:106D0000002384F84330062D00D90625E56265642A
:106D10004FF0000AC4F848A0201DFFF77CFF04F1E3
:106D20001800FFF778FF2461C5F10705A5616462CB
:106D3000C4F84CA084F850A042463946304600F0D2
:106D40000DFD2060B9F1000F01D0C9F80040BDE889
:106D5000F087002384F83430D5E7000038B50024EC
:106D600007E004EB840293000E481844FFF748FF45
:106D70000134062CF5D90C4D2846FFF741FF0B4C8A
:106D80002046FFF73DFF0A48FFF73AFF0948FFF7A3
:106D900037FF0948FFF734FF084B1D60084B1C60A4
:106DA00038BD00BFCC0900246C0A0024800A0024EE
:106DB000A40A0024D00A0024BC0A0024C409002428
:106DC000C809002410B5044600F0F4FC214A1368F9
:106DD00001331360204B1B685BB1204B1B686BB900
:106DE0001D4B1B68DA6AE36A9A4207D81A4B1C608B
:106DF00004E0194B1C601368012B28D0184A136853
:106E000001331360E06A01238340164A11680B4383
:106E1000136000EB8000211D134B03EB8000FFF794
:106E2000FDFE00F0E9FC0D4B1B687BB10A4B1B68B3
:106E3000DA6AE36A9A4209D24FF0E0234FF08052B7
:106E4000C3F8042DBFF34F8FBFF36F8F10BDFFF753
:106E500085FFD3E7580A0024C0090024B80A00249B
:106E6000640A0024680A0024CC09002410B50446F2
:106E700090F8513063B1012B11D0022B0ED04FF09E
:106E8000500383F31188BFF36F8FBFF34F8FFEE77B
:106E9000006B00F0E7FB204600F0E4FB10BD00F0C3
:106EA000E1FBFBE70F4B1B68D3B110B500F082FC90
:106EB0000D4BDB68DC68201DFFF7D4FE0B4A13681E
:106EC000013B1360074A1368013B136000F094FC18
:106ED0002046FFF7CBFF034B1B68002BE6D110BD0C
:106EE000704700BF5C0A0024D00A0024580A00241E
:106EF00008B5FFF7D7FF074B1B68012BF9D94FF0F7
:106F0000E0234FF08052C3F8042DBFF34F8FBFF33F
:106F10006F8FEEE7CC09002470B504460D461F4B79
:106F20001E681F4B18680430FFF79CFE50B91C4BBD
:106F30001B68DA6A012303FA02F21A490B6823EA92
:106F400002030B60B4F1FF3F14BF00230123002DA7
:106F500008BF00236BB93444114B1B685C60A64228
:106F60000ED9114B18680E4B19680431FFF761FEFA
:106F700070BD0B4B196804310C48FFF74FFEF7E763
:106F80000B4B1868064B19680431FFF752FE094B8A
:106F90001B68A342ECD9074B1C60E9E7E40A002414
:106FA000C0090024680A0024C8090024BC0A00247F
:106FB000C4090024980A002430B587B00B9C7CB12A
:106FC0000C9DB5B154250495049D542D1AD04FF055
:106FD000500383F31188BFF36F8FBFF34F8FFEE72A
:106FE0004FF0500383F31188BFF36F8FBFF34F8FC0
:106FF000FEE74FF0500383F31188BFF36F8FBFF3A9
:107000004F8FFEE7049D0C9D2C63022485F85140B0
:1070100000240394029505AC01940A9C0094FFF7A8
:107020004BFE0C98FFF7CEFE059807B030BD2DE95A
:10703000F04385B00746884614461E46900000F08F
:1070400093FA00B38146542000F08EFA0546B0B1A1
:10705000C0F83090E5B1002385F8513003930295D4
:107060000D9B01930C9B00933346224641463846C4
:10707000FFF722FE2846FFF7A5FE012005E048465F
:1070800000F0F0FAE6E74FF0FF3005B0BDE8F0831E
:107090004FF0FF30F9E7000010B588B000240594E8
:1070A000069407AA06A905A8F9F7F8FD059B02931F
:1070B000069B019300942346079A0E490E48FFF75A
:1070C0007BFF0E4B186090B14FF0500383F3118893
:1070D000BFF36F8FBFF34F8F094B4FF0FF321A6032
:1070E000084B01221A60084B1C6000F0FDFB08B041
:1070F00010BD00BFA81E0108F16E0008940A00240C
:10710000980A0024B80A0024E40A0024024A1368FA
:1071100001331360704700BF600A0024F8B53A4B92
:107120001B68002B69D1394B1D6801351D60C5B93D
:10713000374B1B681B6843B14FF0500383F3118832
:10714000BFF36F8FBFF34F8FFEE7314A1168314BAA
:10715000186810601960304A136801331360FFF734
:1071600095FD2E4B1B68AB423DD900272C4B1B686D
:10717000DB6A03EB83039A002A4B9B58012B00D94F
:107180000127294B1B68002B3CD001273AE001273F
:107190001F4B1B681B6843B31D4B1B68DB68DC6817
:1071A00063689D4226D3261D3046FFF75BFDA36A28
:1071B0001BB104F11800FFF755FDE36A01229A4064
:1071C0001A49086802430A6003EB83039A003146B8
:1071D00014481044FFF722FDE26A114B1B68DB6A7A
:1071E0009A42D4D2D4E70027D2E70C4B4FF0FF32BB
:1071F0001A60BBE7094A1360B8E70D4A1368013308
:10720000136000273846F8BD600A0024E40A002411
:10721000C4090024C80900249C0A0024980A0024F8
:10722000C0090024CC090024E80A0024680A0024CC
:10723000A00A002438B5354B1B6843B94FF0500302
:1072400083F31188BFF36F8FBFF34F8FFEE700F01A
:10725000B1FA2E4B1A68013A1A601B68002B4FD105
:107260002B4B1B680BB900244BE00024294B1B68F7
:107270001BB3284BDB68DC6804F11800FFF7F2FC55
:10728000251D2846FFF7EEFCE06A01238340224AD1
:1072900011680B43136000EB800029461F4B03EB82
:1072A0008000FFF7BBFCE26A1D4B1B68DB6A9A4259
:1072B000DCD31C4B01221A60D8E70CB1FFF7E6FCC7
:1072C000194B1C6884B9174B1C68D4B14FF0E023EC
:1072D0004FF08052C3F8042DBFF34F8FBFF36F8F71
:1072E00001240EE0013C07D0FFF718FF0028F9D079
:1072F0000C4B01221A60F5E70B4B00221A60E2E703
:10730000002400F079FA204638BD00BF600A00244E
:10731000580A0024A40A0024680A0024CC09002486
:10732000C0090024E80A0024A00A002410B5A8B16E
:107330000446104B1B6843B14FF0500383F3118890
:10734000BFF36F8FBFF34F8FFEE7FFF7DFFE002124
:107350002046FFF7E1FDFFF76DFF48B94FF0E0234E
:107360004FF08052C3F8042DBFF34F8FBFF36F8FE0
:1073700010BD00BF600A0024204B1B681BB1204BCE
:1073800001221A6070471E4B00221A601D4B1B68B9
:10739000B3FA83F3DBB2C3F11F0303EB83018A006B
:1073A00019498A5842B94FF0500383F31188BFF34B
:1073B0006F8FBFF34F8FFEE7134903EB830082000B
:1073C0000A4450684068506003EB830C4FEA8C021B
:1073D00008321144884209D003EB83039A000A4B18
:1073E00013445B68DA68094B1A607047406862466C
:1073F0009100054A0A445060EEE700BF600A00248D
:10740000E80A0024680A0024CC090024C0090024EA
:10741000842801D0033070470020704708B5FFF77B
:107420003BFE002008BD2DE9F04387B004460F461F
:107430004569BDB18669AEB1D0F80480D0F800903E
:10744000B0F90800FFF7E4FF0296019500903B4673
:10745000226949464046FFF7AFFD0590059807B001
:10746000BDE8F08365682668D4F81080B4F9080098
:10747000FFF7CEFF05AB019300903B461FFA88F261
:1074800031462846FFF7D3FD0128E7D00020E6E784
:1074900008B500B90120FFF749FF002008BD000032
:1074A000124A12F0070F1ED0D11D21F00701C1F5BD
:1074B000F04313440A460E48026000214160134421
:1074C000083B23F007030B48036059601960991AC1
:1074D00051601360084B1960084B1960084B4FF05E
:1074E00000421A6070474FF4F043E4E7F00A0024CA
:1074F00004830024EC0A0024F8820024F48200248F
:10750000F0820024164B1A461B688342FBD3516855
:1075100002EB010C844509D0416800EB010C634586
:1075200009D00360904219D0106070474068014450
:1075300051601046F0E710B40A4C2468A3420BD007
:107540005B681944416013681B680360904200D077
:1075500010605DF8044B70470460F7E7704700BFA8
:1075600004830024EC0A002470B50546FFF7CEFD25
:10757000364B1B68A3B1364B1B681D424ED135B14B
:10758000083515F0070F02D025F007050835002D46
:1075900046D0304B1B68AB4251D32F4A146804E0ED
:1075A000FFF77EFFE7E722461C466368AB4202D244
:1075B0002368002BF7D1254B1B68A34241D01668E6
:1075C00008362368136063685B1B102B10D96019A1
:1075D00010F0070F08D04FF0500383F31188BFF36A
:1075E0006F8FBFF34F8FFEE743606560FFF78AFF41
:1075F000626818490B689B1A0B60184909688B422E
:1076000001D216490B60124B1B68134363600023C1
:107610002360134A13680133136002E0002600E080
:107620000026FFF707FE16F0070F0CD04FF05003AF
:1076300083F31188BFF36F8FBFF34F8FFEE70026F0
:10764000EFE70026EDE7304670BD00BFEC0A0024EE
:10765000F0820024F482002404830024F8820024B1
:10766000FC820024002834D038B50446A0F1080577
:1076700050F8043C174A1268134208D14FF05003E7
:1076800083F31188BFF36F8FBFF34F8FFEE750F87E
:10769000081C41B14FF0500383F31188BFF36F8F83
:1076A000BFF34F8FFEE723EA020340F8043CFFF7E5
:1076B0002DFD54F8041C084A13680B441360284637
:1076C000FFF720FF054A136801331360FFF7B2FD8F
:1076D00038BD7047F0820024F48200240083002427
:1076E00082B0002301930D4B1B68B3F1FF3F08D01C
:1076F0004FF0500383F31188BFF36F8FBFF34F8FA9
:10770000FEE74FF0500383F31188BFF36F8FBFF391
:107710004F8F019B002BFCD002B07047100000245B
:1077200008480068006880F308884FF0000080F384
:10773000148862B661B6BFF34F8FBFF36F8F00DF5F
:1077400000BF000008ED00E0DFF80C00016841F424
:10775000700101607047000088ED00E04FF0807319
:1077600040F8043C21F0010140F8081C054B40F8AA
:107770000C3C40F8202C6FF0020340F8243C4438C5
:10778000704700BFE1760008000000000000000024
:10779000074B19680868B0E8F04F80F30988BFF319
:1077A0006F8F4FF0000080F311887047AFF30080B7
:1077B000C00900244FF0500383F31188BFF36F8F8B
:1077C000BFF34F8F0B4A136801331360012B00D0B6
:1077D00070474FF0E023D3F8043D13F0FF0FF7D0CC
:1077E0004FF0500383F31188BFF36F8FBFF34F8FB8
:1077F000FEE700BF10000024094B1B6843B94FF09F
:10780000500383F31188BFF36F8FBFF34F8FFEE7F1
:10781000013B034A13600BB983F31188704700BF23
:107820001000002400000000000000000000000024
:10783000EFF30980BFF36F8F154B1A681EF0100F1E
:1078400008BF20ED108A20E9F04F10602DE90900F3
:107850004FF0500080F31188BFF34F8FBFF36F8F4D
:10786000FFF78AFD4FF0000080F3118809BC19680A
:107870000868B0E8F04F1EF0100F08BFB0EC108A97
:1078800080F30988BFF36F8F704700BFAFF30080AC
:10789000C009002408B54FF0500383F31188BFF3EB
:1078A0006F8FBFF34F8FFFF739FC28B14FF0E02304
:1078B0004FF08052C3F8042D002383F3118808BDD4
:1078C0004FF0E022002313619361054B1B680549CB
:1078D000A1FB03139B09013B53610723136170470D
:1078E00008000024D34D62104FF0E023D3F8002DA0
:1078F0003D4B9A421CD04FF0E023D3F8002D3B4B78
:107900009A421ED030B583B0394B1A78D2B2019268
:10791000FF221A701B78DBB28DF803309DF803301C
:1079200003F05003334A1370334B07221A601BE0F5
:107930004FF0500383F31188BFF36F8FBFF34F8F66
:10794000FEE74FF0500383F31188BFF36F8FBFF34F
:107950004F8FFEE7284A1368013B13609DF8033000
:107960005B00DBB28DF803309DF8033013F0800F1D
:10797000F0D1214B1B68032B08D04FF0500383F349
:107980001188BFF36F8FBFF34F8FFEE71B021A4AB8
:10799000136003F4E0631360019BDBB2144A1370BD
:1079A0004FF0E024D4F8203D43F47003C4F8203DA8
:1079B000D4F8203D43F07043C4F8203DFFF780FF2A
:1079C00000250E4B1D60FFF7BFFED4F8343F43F097
:1079D0004043C4F8343FFFF7A3FEFFF7CDFCFFF7A9
:1079E0007FFE284603B030BD71C20F4170C20F4107
:1079F00000E400E00C830024108300241000002425
:107A000010B503460C4A0D490D48006840B10C48BA
:107A100000680344521A934206D8094A136010BD05
:107A20000748084C0460F2E706F0E2FA0C23036012
:107A30004FF0FF30F3E700BF000002240010000009
:107A40001483002458900024114B1B78114A926B28
:107A5000934200D9FEE701680E4A914200D0FEE74A
:107A600000B589B0591C0A4A117001930123029391
:107A700002230393036C049305930023009307935D
:107A800069460068FDF78CFF09B05DF804FB00BF94
:107A9000208300240C07002470B505460E463146AD
:107AA0002846FEF749F900283ED0204C204B2246BC
:107AB00031462846FEF74CF8E36803F00F02082A27
:107AC0000BD813461B4A1380184B9B68002BE6D13A
:107AD000164B5C68002CE2D104E0164B00221A80A1
:107AE000F2E70134144B1B78A342D8D9134B53F857
:107AF00024000368AB42F4D10C4B1A68036C9A4221
:107B0000EFD1D0F84530002BC9D00A4B1A7880F855
:107B100044200749383006F09DFA084B53F82400FA
:107B2000D0F845309847BAE770BD00BF7083002495
:107B300064830024188300246C830024248300249D
:107B4000F0B58BB00024029403940226049601271A
:107B50000597069407940B4D02A92846FDF720FFD0
:107B600000942346324631462846FDF75DFF2846FD
:107B7000FDF799FF224639462846FEF70DF90BB06E
:107B8000F0BD00BF6C06002410B58AB0019100243E
:107B9000029403940823049305940694079408948C
:107BA000099401A9FDF799FF20460AB010BD000015
:107BB00010B582B0104C012240212046FDF74FFF46
:107BC000012241212046FDF74AFF012300930222B2
:107BD00011462046FDF728FF0222FF212046FEF72E
:107BE000BFF82046FDF75FFF0022FF212046FEF789
:107BF000D3F802B010BD00BF0C07002438B504460E
:107C0000224B1B7833B1214B93F800C0BCF10F0F0E
:107C100012D9FEE7FFF7CCFFF5E701339C450DD9FC
:107C20001B4A52F82320106CA1688842F5D11168D4
:107C300022689142F1D1FEE70023EFE74D2006F0E4
:107C400001FA05464D22002106F012FA62686A60C8
:107C50000023082129746B74AB74EB7423682B60C8
:107C6000AA62A3682B64E368C5F845302369C5F8A8
:107C700049302846FFF7E8FE044A1378591C117072
:107C8000034A42F82350284638BD00BF6C830024C5
:107C90002483002410B52DED028B0446F0EE408ABB
:107CA00000F07EF9B0EE408A2068FEF753F880B904
:107CB00000F076F930EE480AB4EEE80AF1EE10FA78
:107CC000F2DD0F4A1368013313600020BDEC028B14
:107CD00010BD00F065F930EE488A0A4B83ED008A4A
:107CE000224652F8300B211DFDF7F7FE08B901209E
:107CF000ECE7034A1368013313600020E6E700BF96
:107D00001C8300249883002410B58CB0044611F025
:107D1000010F05D10CB010BD69461A4803F070FB85
:107D200040212046FEF708F80028F3D06B4602AA4F
:107D300040212046FDF70CFF039B002BF0D1049B54
:107D4000002BEDD1029B113B032BE9D801A252F885
:107D500023F000BF6F7D0008797D0008197D0008C1
:107D6000657D00086946084803F04AFBD8E7694684
:107D7000064803F045FBD3E76946054803F040FB9E
:107D8000CEE700BF308C0024F08B0024708C0024E0
:107D9000B08C002411F0700F00D1704708B541215C
:107DA000FFF77AFE08BD000082B0084B5B680193C4
:107DB000019A074B1B689A4203D2064A13680133A3
:107DC0001360019A024B1A6002B07047001000E085
:107DD000D0830024D4830024104AD2F8FC3043F02E
:107DE0008073C2F8FC300E4B002159601A6842F0D3
:107DF00001021A600B4B03FB00F00B4B18600B4B9E
:107E0000A3FB00239B090A4A13600A4BA3FB003023
:107E1000800C094B1860094B1960704700ED00E0B9
:107E2000001000E040420F00B8830024D34D6210E0
:107E3000BC83002483DE1B43C0830024D48300243E
:107E400000B52DED028B83B00D4B5B680193019B58
:107E500002689B1A07EE903AF8EE677A094B93EDA9
:107E6000007AB8EE477A87EE878A019B0360FFF7B6
:107E70009BFFB0EE480A03B0BDEC028B5DF804FB3B
:107E8000001000E0B88300242DE9F04182B0274BB8
:107E90005B680193FFF788FF254B1C680026650887
:107EA000E3071B1B65F10005DB186D411C1945F14B
:107EB0000005019BE41845F100071E4B1C605F6044
:107EC0001D4B1D682A46334620463946F8F734FCD8
:107ED0001A4A10605160A5FB003205FB0125E41A27
:107EE00067EB0505164B1C605D60DFF86480C8F821
:107EF0000000144B1F683A46334620462946F8F7DF
:107F00001BFC80B2A8F8040007FB00F0201A65F102
:107F100000010D4B186059600C4B1A683346F8F796
:107F20000BFCA8F8060002B0BDE8F081001000E0EC
:107F3000D4830024C8830024B8830024A0830024B1
:107F4000A8830024BC830024B0830024C0830024C1
:107F5000D883002408B5FFF797FF0E4B9A8800EEF0
:107F6000102AB8EEC00ADFED0C7A60EE277A93EDA6
:107F7000007AB8EE470A30EE270ADB8807EE903A1F
:107F8000F8EEE77A9FED057A67EE877A30EE270AFA
:107F900008BD00BFD88300246F12833ABD378635F1
:107FA00008B5FFF771FF0B4A116893884FF47A7098
:107FB00000FB013300EE103AB8EE400AD38807EE1A
:107FC000903AF8EEE77A9FED047A67EE877A30EE22
:107FD000270A08BDD88300246F12833A0A4B5A68D7
:107FE000094B5B689B1A07EE903AB8EE677A074B2D
:107FF000D3ED007AF8EE677A67EE807AB4EEE77A2E
:10800000F1EE10FAECD47047001000E0B8830024C1
:1080100010B5044690F800210146D0F8040105F09F
:1080200093FFD4F80431D3F880301B681D491E4AF1
:10803000934218BF8B422FD0183293422CD0183263
:10804000934229D01832934226D01832934223D03B
:108050001832934220D0183293421DD002F5567246
:10806000934219D01832934216D01832934213D04B
:108070001832934210D0183293420DD018329342E6
:108080000AD01832934207D01832934204D01A68AB
:1080900022F004021A6003E01A6822F008021A6053
:1080A00010BD00BF100002402800024070B5194BFF
:1080B0001D78072D0DD9FEE70133DBB29D420BD9A8
:1080C000154A52F82320D2F8041162689142F3D184
:1080D000FEE704460023F1E74FF4867005F0B2FF97
:1080E00006464FF48672002105F0C2FF6368C6F8A9
:1080F0000431237886F80031A368C6F808316A1C79
:10810000044B1A70044B43F825603046FFF780FF9C
:10811000304670BDE0830024E483002438B50C466B
:10812000002306E01A6822F008021A6038BD013305
:10813000DBB22F4A92F800C09C45F7D91D462D4A64
:1081400052F82320D2F804118142F0D1D2F808313C
:108150003BB1984722460021264B53F8250005F0F5
:1081600087FF244C54F8251091F80021D1F8040120
:1081700005F0EAFE54F82530D3F80431D3F8803006
:108180001B681D491D4A934218BF8B42CAD0183242
:108190009342C7D018329342C4D018329342C1D010
:1081A00018329342BED018329342BBD01832934259
:1081B000B8D002F556729342B4D018329342B1D07F
:1081C00018329342AED018329342ABD01832934259
:1081D000A8D018329342A5D018329342A2D01832B8
:1081E00093429FD01A6822F004021A609EE700BFF3
:1081F000E0830024E48300241000024028000240B1
:10820000844600232D4A12789A4256D910B51C464E
:108210002B4A52F82310D1F80401604506D00133EF
:10822000DBB2264A12789A42F1D845E091F8002153
:1082300005F08AFE224B53F82430D3F80431D3F8EA
:1082400080301B681F49204A934218BF8B422FD0B1
:10825000183293422CD01832934229D018329342CC
:1082600026D01832934223D01832934220D01832AD
:1082700093421DD002F55672934219D018329342A0
:1082800016D01832934213D01832934210D01832BD
:1082900093420DD0183293420AD01832934207D03D
:1082A0001832934204D01A6822F004021A6003E0E4
:1082B0001A6822F008021A6010BD7047E08300249B
:1082C000E48300241000024028000240F6EE007A09
:1082D00060EE277A10EE103A074AA2EB630307EE2E
:1082E000103A67EE277A67EE277AB7EE080A30EE83
:1082F000670A27EE000A7047865A375F10B52DEDE2
:10830000048B0446D0F8F43093ED009A5C4A82ED79
:10831000009A93ED018A5B4A82ED008AD3ED028ACE
:10832000594AC2ED008AD3ED039A584BC3ED009A27
:1083300069EE097A28EE080A77EE807A28EEA80A14
:1083400077EE807A29EEA90A37EE800AFFF7BEFFA2
:108350004F4B83ED000A00230BE0D4F8F42002EB2E
:108360008302D2ED007A67EE807AC2ED007A0133A3
:10837000DBB2032BF1D9474B93ED717A28EE077AE4
:10838000D4F80821F6EE007A27EE277A82ED047AF7
:1083900093ED717A28EE877AD4F8082127EE277AB0
:1083A00082ED057A93ED717A29EE477AD4F80821A7
:1083B00027EE277A82ED0A7A93ED717A29EE877A91
:1083C000D4F8082127EE277A82ED0B7A93ED717AA3
:1083D00069EEC79AD4F8082169EEA79AC2ED109AFF
:1083E00093ED717A29EE479AD4F8082129EE279A5D
:1083F00082ED119A93ED717A68EE878AD4F808219C
:1084000068EEA78AC2ED168A93ED717A28EE478A44
:10841000D4F8082128EE278A82ED178AD4F80021A3
:1084200093ED767AD2ED1C6AC6EE877AC2ED1C7A9D
:10843000D4F8002193ED767AD2ED236AC6EE877ADE
:10844000C2ED237AD4F8003193ED1C7ADFED127A75
:10845000B4EEE77AF1EE10FA01DDC3ED1C7AD4F840
:10846000003193ED237ADFED0C7AB4EEE77AF1EE8A
:1084700010FA01DDC3ED237ABDEC048B10BD00BF03
:10848000A4860024AC860024B4860024BC86002484
:10849000C08600249884002400401C4638B5044659
:1084A0009022D0F80011084805F0D4FD48252A464E
:1084B000D4F82811054805F0CDFD2A46D4F8181146
:1084C000034805F0C7FD38BD140000244C84002487
:1084D000048400242DE9F84F044600F1800500F1E2
:1084E00088073946284609F085F884F8D000B4F8A2
:1084F0008030A4F8B030B4F85A30A4F8B23004F1A7
:10850000580A04F1B00842465146284609F03AF9A3
:1085100084F8D000B4F8B030A4F8B830B4F88A3099
:10852000A4F8BA3004F1B8094A463946404609F081
:1085300029F984F8D000B4F89830A4F8A830B4F839
:108540009A30A4F8AA3004F1A8052A4604F198014B
:10855000484609F0BDFA84F8D0004946284609F09B
:10856000B5F984F8D000D4F8F430D3ED007AC44AD9
:10857000C2ED007A93ED016AC24A82ED006AD3ED42
:10858000026AC14AC2ED006A93ED037ABF4B83EDE4
:10859000007AB4F88030A4F8C0300123A4F8C230C7
:1085A00066EE075A27EEA65A75EEC55AD4F838314A
:1085B00075EEA55AC3ED005A67EE865A26EE875A25
:1085C00075EE855AD4F8383175EEA55AC3ED015AC7
:1085D00067EEA77A26EE066A77EEC67A66EEA66A98
:1085E00077EEE67A27EE077AD4F8383177EE877A95
:1085F000C3ED027A002512E0D4F8383103EB85038D
:1086000093ED000AB0EEC00A08F0BAFB05F1620271
:108610009F4B03EB820383ED010A0135EDB2022D7E
:10862000EAD9B4F84830A4F8C8304FF0010BA4F8E8
:10863000CAB004F1C00504F1C8063246294604F167
:10864000480009F035F884F8D000B4F8C830A4F830
:10865000B030A4F8B2B042463146484609F092F82C
:1086600084F8D000A4F8C0B0B4F8C830A4F8C23080
:108670002946304608F0BEFF84F8D000DFF810B27B
:108680000BF5E4724146284609F07CF884F8D000E6
:108690009BED747ADBED757AF6EE006A67EEA66AFA
:1086A000B4EEE67AF1EE10FA02D501228BF84421FD
:1086B000B4EEE77AF1EE10FA45DD754B93F84431EC
:1086C000002B40D0724B93F84531DBB1704AD2F8A1
:1086D0004831D2F84C11013341F10001C2F8483160
:1086E000C2F84C116A4BD3F84821D3F84C31332AE5
:1086F00073F100030CD30023654A82F8443184F8F7
:108700002C3046E0624B00200021C3E95201E9E72A
:10871000227B604D2B8803FB02F2D4F8F410D4F8CE
:10872000F00005F097FC227B2B8802FB03F303FB90
:1087300002F2D4F80411D4F8000105F08BFC0123F7
:1087400084F82C309AE0DFED546A67EEA66AB4EE46
:10875000E67AF1EE10FA0FDD4D4B93F844315BB140
:1087600037EEC77ADFED4D6A67EEA67AC7EE276A65
:10877000474BC3ED696A04E0454B4FF07E52C3F8A6
:10878000A421434B00200021C3E95201002384F8B7
:108790002C30B4F85830A4F8B030B4F88A30A4F8CB
:1087A000B23042463946504608F0ECFF84F8D0001B
:1087B00004F1A0073A464946404608F0E3FF84F832
:1087C000D00000230EE0D4F8282102EB83023049C8
:1087D00091ED697AD2ED007A67EE877AC2ED007A80
:1087E0000133DBB2B4F8A020B4F8A21001FB02F20E
:1087F0009342E8DB042201E00132D2B2052A1DD8FF
:108800000023022BF8D8D4F8281102EB42001844B8
:1088100001EB800102F15E0C1D4800EB8C00D0EDF5
:10882000016ADFED1F7A86EEA77AD1ED007A67EE56
:10883000877AC1ED007A0133DBB2E2E7B4F8A03009
:10884000A4F8C0300123A4F8C2302A463146384685
:1088500008F098FF84F8D0000D4B93F84431002BBA
:108860004DD1D4F8C4300022DA6004F13002294638
:1088700004F1380009F02CF984F8D000BDE8F88F35
:10888000A0860024A8860024B0860024B886002490
:1088900098840024C6860024CDCCCC3D6666663F15
:1088A000DA0FC93F0133DBB2052BDAD8D4F8C41094
:1088B000980001EB830191ED007A124AD2ED717AB2
:1088C000DFED116A67EEA67AB4EEE77AF1EE10FA00
:1088D00001DDC1ED007AD4F8C420024492ED007AA3
:1088E0000849D1ED717ADFED096A67EEA67AB4EE38
:1088F000E77AF1EE10FAD5D5C2ED007AD2E704237B
:10890000D2E700BF988400240AD7233C0AD723BCAF
:1089100010B52DED048B0446D0F8F43093ED009A99
:1089200039EE099A2E4A82ED009A93ED018A38EECB
:10893000088A2C4A82ED008AD3ED029A79EEA99A30
:10894000294AC2ED009AD3ED038A78EEA88A274B14
:10895000C3ED008A827B264B1B8802FB03F3027B5C
:1089600003FB02F20021D0F8180105F081FBD4F8D6
:108970001831F1EE697AC3ED007AD4F81831C3EDFD
:10898000018AD4F81831B1EE497A83ED027AD4F82D
:10899000183183ED038AD4F8183183ED068AD4F8B0
:1089A000183183ED079AD4F81831C3ED088AD4F84A
:1089B0001831C3ED099AD4F8183183ED0C9AD4F824
:1089C0001831B1EE488A83ED0D8AD4F81831C3ED21
:1089D0000E7AD4F81831C3ED0F8ABDEC048B10BDAC
:1089E00084860024888600248C86002490860024B7
:1089F000C686002438B504462F4B01221A7083ED39
:108A00006E0AC3ED6F0A83ED701A2C4AC3F8D421A5
:108A1000002283F8442100200021C3E95201C3E968
:108A20005401F7EE007AF4EEE71AF1EE10FA01DDE8
:108A3000F0EE671A204DC5ED761A85ED662A032300
:108A400000220621281D00F0F7FA05F5E87301223F
:108A5000114605F5E47009F037F8002309E0164ADD
:108A6000D2F8F42002EB830204EB83010968116061
:108A70000133032BF3DD104C114BC4F8D830114BEC
:108A8000C4F8DC30104BC4F8E030104BC4F8E430CC
:108A9000012384F82E3084F82F3090252A460C4983
:108AA000D4F80C0105F0D6FA2A460A49D4F8040194
:108AB00005F0D0FA38BD00BF9884002477CC2B3263
:108AC0009D840008FD82000811890008D5840008F3
:108AD000B01E01081400002410B52DED068BF0EE39
:108AE00061AAB0EE42AAF0EE629A804C84ED713A2F
:108AF00094ED5A9A30EE490A84ED5D0A94ED5B8A52
:108B000070EEC80AC4ED5E0AD4ED5C8A31EE681AD4
:108B100084ED5F1AF6EE008A20EE280A20EE039A12
:108B2000734B83ED009A60EEA80A20EE838A714BA6
:108B300083ED008A21EE281A61EE038A6E4BC3EDA5
:108B4000008A90226D49D4F80C0105F083FAD4F81C
:108B50000C31F1EE497AC3ED017AD4F80C31F1EE23
:108B6000486AC3ED026AD4F80C31B1EE687A83ED3D
:108B7000037AD4F80C3183ED069AD4F80C31C3EDA6
:108B8000088AD4F80C31C3ED096AD4F80C3183EDAE
:108B90000C8AD4F80C3183ED0D7AD4F80C3183EDC6
:108BA0000F9AD4F80C31C3ED128AD4F80C3183ED4E
:108BB000138AD4F80C31C3ED147AD4F85021D4F8C8
:108BC0005431134305D1C4ED60AA84ED61AAC4ED0C
:108BD000629A464B93ED607AD3ED667A27EE277A58
:108BE00093ED716A77EE866A87EE260A66EE2AAA08
:108BF0008AEEA67A30EE070A83ED600AD3ED615A59
:108C000067EEA55A85EEA67A26EE0AAACAEE265A7D
:108C100037EE257A83ED617AD3ED625A67EEA55A75
:108C2000C5EEA67A26EE296AC6EE265A77EEA57A12
:108C3000C3ED627A20EE000A27EE077A30EE070ACB
:108C400067EEA77A30EE270AFFF740FBB0EE408AC6
:108C50002B4B83ED000A00230FE0244903F160024F
:108C600001EB8202D2ED007A8A6802EB830268EEA1
:108C7000277AC2ED007A0133DBB2022BEDD91B4C0F
:108C800094ED5D0A20EE000AD4ED5E7A67EEA77AD5
:108C900030EE270AD4ED5F7A67EEA77A30EE270A26
:108CA000FFF714FBB7EE007AC7EE007AC4ED677ADF
:108CB000C7EE086AC4ED686A9FED127AF4EEC77ACF
:108CC000F1EE10FA24D5DFED107AF4EEE76AF1EE5A
:108CD00010FA1DDDDFED0D7AF4EEE76AF1EE10FA21
:108CE00016D5012284F8452116E000BF988400249F
:108CF00094860024988600249C860024B01E0108D7
:108D0000808600249A99993ECDCC1441CDCC244143
:108D10007E4B002283F845217C4CD4ED6E7A94ED95
:108D2000717AD4F8243167EE877AC3ED007AD4EDF6
:108D30006E7A94ED717AD4F8243167EE877AC3EDB8
:108D4000077AD4ED6E7A94ED717AD4F8243167EE17
:108D5000877AC3ED0E7AD4ED6E7A94ED717AD4F8F9
:108D6000243167EE877AC3ED157AD4ED6F7A94EDEE
:108D7000717AD4F8243167EE877AC3ED1C7AD4ED8A
:108D80006F7A94ED717AD4F8243167EE877AC3ED67
:108D9000237AD4F82821D4F8C0311360D4F82821DC
:108DA0001361D4F82831D4F8C0211A62201D00F0D4
:108DB000C7FC6368D3ED000AC4ED560AD3ED017A0F
:108DC000C4ED577A93ED027A84ED587A93ED030A55
:108DD00084ED590A1A69C4F868215B69C4F86C31DA
:108DE0000023C4F8703120EE800A27EE877A30EE37
:108DF000070A60EEA00A67EEA77A70EEA70A70EE87
:108E0000A00AF7EE008A70EEE80A30EE000A08F0D9
:108E10000FF89FED3F8A20EE080A84ED6C0AD4ED2E
:108E2000560A94ED570A20EE800A94ED587AD4ED54
:108E3000597A27EE277A30EE070A60EEA00A67EE2D
:108E4000A77A70EEA70A70EEA00A70EEE80A30EE7C
:108E5000000A07F0EDFF20EE080A84ED6B0AD4ED5E
:108E6000577A94ED590A67EE807A94ED560A94ED9C
:108E7000587A20EE070A77EEC07AB8EE000A27EE9D
:108E8000800A07F0A9FF20EE080A84ED6A0A94ED33
:108E90006C7AD4ED787A77EE677ADFED1E6AF4EEBD
:108EA000E67AF1EE10FA23DDB4F9DC31013BA4F8E7
:108EB000DC31164BB3F9DC2107EE902AF8EEE77AA5
:108EC000DFED156A67EEA67A77EE277AC3ED6D7A45
:108ED00083ED787AD3F85021D3F85411013241F15F
:108EE0000001C3F85021C3F85411BDEC068B10BD2E
:108EF000DFED0A6AF4EEE67AF1EE10FAD9D5034A0C
:108F0000B2F9DC310133A2F8DC31D2E798840024D5
:108F1000E12E6542000034430000B443000034C336
:108F200070B5044600250574827B424E338803FBEE
:108F300002F24168D0F8FC0005F08CF8A27B33887F
:108F400003FB02F22946606805F092F8A27B3388A1
:108F500002FB03F303FB02F22946D4F8240105F0D7
:108F600087F8227B338802FB03F3A27B03FB02F228
:108F70002946D4F8180105F07BF8294601E00131B3
:108F8000C9B2A37B8B422AD9D4F8FC304FEA810EB8
:108F900003EB8100D0ED007AF5EE407AF1EE10FAA5
:108FA000EDD0227C03EB8203C3ED007A626A237C5E
:108FB000D154A269D4F81831207B257C666916F853
:108FC00001C005FB00CC6FF04040604403EB800320
:108FD000724412681A60237C01332374CFE70023A4
:108FE0000FE0E069616A11F803C0D4F8241102FBB4
:108FF000033201EB820200EB8C0001681160013347
:10900000DBB2227C9A42ECD892B2A4F88020237B77
:10901000A4F88230A4F88830A4F88A20A4F8982014
:10902000A4F89A20A4F8A030A4F8A220A4F848201C
:1090300070BD00BFC68600242DE9F04704460D46EA
:1090400091461E46DFF8B8830423A8F80030EB4BA6
:1090500008221A80017380F80D9086730027077428
:10906000304604F0EFFF60613246394605F000F803
:10907000B8F800A006FB0AFA504604F0E3FFA0612E
:109080005246394604F0F4FFB8F800A006FB0AFA8D
:10909000504604F0D7FFE0615246394604F0E8FF3D
:1090A000B8F800A005FB0AFA504604F0CBFF206296
:1090B0005246394604F0DCFF304604F0C3FF6062DC
:1090C0003246394604F0D4FFB8F8000005FB00F042
:1090D00004F0B8FF2060B8F8002005FB02F2394622
:1090E00004F0C6FFB8F800A006FB0AFA504604F0E8
:1090F000A9FF60605246394604F0BAFFB8F800A0F4
:1091000009FB0AFA504604F09DFFA060524639461A
:1091100004F0AEFFB8F800A005FB0AFA504604F0D0
:1091200091FFC4F8F0005246394604F0A1FFD4F88C
:10913000F0300122217B04F1300008F0C5FCB8F8C2
:10914000008005FB08F8404604F07CFFC4F8F400FA
:109150004246394604F08CFFD4F8F4300122217BDA
:1091600004F1380008F0B0FCB9F1000F40F04A817A
:10917000DFF88C82B8F8007006FB07F7384604F079
:1091800061FFC4F8FC003A46002104F071FFD4F8F6
:10919000FC300122A17B04F1480008F095FCB8F8EE
:1091A000007005FB07F705FB07F7384604F04AFF98
:1091B000C4F800013A46002104F05AFF217BD4F89C
:1091C00000310A4604F1500008F07EFCB8F8007047
:1091D00005FB07F705FB07F7384604F033FFC4F833
:1091E00004013A46002104F043FF217BD4F8043106
:1091F0000A4604F1580008F067FCB8F8007005FB57
:1092000007F705FB07F7384604F01CFF8246C4F851
:109210000801384604F016FFC4F80C013A46002154
:10922000504604F025FFB8F8002005FB02F205FBCC
:1092300002F20021D4F80C0104F01AFF217BD4F8CB
:1092400008310A4604F1600008F03EFC217BD4F8A6
:109250000C310A4604F1680008F036FCB9F1000F41
:1092600040F0E680664FB7F800A00AFB06F909FB5C
:1092700005F9484604F0E6FE8046C4F818010AFBEA
:1092800005F006FB00F004F0DDFEC4F81C014A46C0
:109290000021404604F0ECFE3A8805FB02F206FB92
:1092A00002F20021D4F81C0104F0E2FED4F81831D7
:1092B000227BA17B04F1800008F006FCD4F81C316D
:1092C000A27B217B04F1880008F0FEFBB7F8008048
:1092D00005FB08F808FB05F8404604F0B3FEC4F8A7
:1092E00020014246002104F0C3FE217BD4F8203146
:1092F0000A4604F1900008F0E7FBB7F8008006FB8F
:1093000008F808FB06F8404604F09CFEC4F8240167
:109310004246002104F0ACFEA17BD4F824310A4679
:1093200004F1980008F0D0FB398801FB05F505FB36
:1093300006F6304604F086FEC4F8280132460021C5
:1093400004F096FED4F82831A27B217B04F1A00022
:1093500008F0BAFB267B3F8806FB07F707FB06F5FC
:10936000284604F06FFE8046C4F82C01284604F01D
:1093700069FEC4F83001284604F064FEC4F83401E4
:10938000384604F05FFEC4F83801384604F05AFE4F
:10939000C4F83C01B1B243460A4604F1A80008F003
:1093A00093FB217BD4F830310A4604F1B00008F079
:1093B0008BFB217BD4F834310A4604F1B80008F065
:1093C00083FBD4F838310122217B04F1C00008F07E
:1093D0007BFBD4F83C310122217B04F1C80008F06A
:1093E00073FB002384F8283084F8293084F82A306D
:1093F00084F82B3084F82C30BDE8F087C486002434
:10940000C6860024164B1F8809FB07F7384604F070
:1094100019FEC4F8F8003A46002104F029FED4F8F9
:10942000F8300122617B04F1400008F04DFB9FE61B
:10943000B8F8002005FB02F202FB09F9484604F0E7
:1094400001FEC4F814014A46002104F011FED4F8CC
:109450001431627B217B04F1780008F035FB01E7D1
:10946000C686002438B50446C37B63B1FFF758FDB8
:10947000627B0E4B1B8803FB02F2A168D4F8F80054
:1094800004F0E8FD38BD827B084D2B8803FB02F217
:109490004168D0F8FC0004F0DDFDA27B2B8803FBC3
:1094A00002F20021606804F0E3FDE1E7C6860024D3
:1094B00090F82830B3BB70B50446437B43B3037BBD
:1094C000A0F8C0300126A0F8C26000F1C0052A460D
:1094D00000F13001603008F055F984F8D000237BAA
:1094E000A4F8C830A4F8CA6004F1C806324604F1F2
:1094F000400104F1780008F045F984F8D00004F147
:1095000038023146284608F0E3FA84F8D00070BDEE
:1095100000F1380200F13001603008F033F984F8CE
:10952000D000F4E77047F8B590F8293003B1F8BDE2
:10953000044600F1600600F168073946304608F03D
:1095400059F884F8D00004F158052A4604F1500176
:10955000304608F017F984F8D000B4F85830A4F871
:10956000B030B4F86A30A4F8B23004F1B006324634
:109570003946284608F006F984F8D0002A4604F156
:109580009001304608F0A4FA84F8D000CFE72DE926
:10959000F84390F82A300BB1BDE8F883044600F197
:1095A000800600F188073946304608F023F884F831
:1095B000D000B4F88030A4F8B030B4F85A30A4F831
:1095C000B23004F1580804F1B0052A46414630464D
:1095D00008F0D8F884F8D000B4F8B030A4F8B83067
:1095E000B4F88A30A4F8BA3004F1B80632463946E5
:1095F000284608F0C7F884F8D000B4F89830A4F8EA
:10960000A830B4F89A30A4F8AA3004F1A8094A4660
:1096100004F19801304608F05BFA84F8D000314636
:10962000484608F053F984F8D000B4F85830A4F84C
:10963000B030B4F88A30A4F8B2302A4639464046F1
:1096400008F0A0F884F8D00004F1A00231462846C2
:1096500008F098F884F8D0009EE790F82B3003B11A
:1096600070472DE9F0410446B0F88030A0F8C030D2
:109670000126A0F8C26000F1380700F1C0052A46B3
:109680003946803008F07EF884F8D000B4F84830CD
:10969000A4F8C830A4F8CA6004F1C80842462946B4
:1096A00004F1480008F004F884F8D000B4F8A030C1
:1096B000A4F8C030A4F8C2602A46414604F1A000D4
:1096C00008F060F884F8D00004F1300229463846EA
:1096D00008F0FEF984F8D000BDE8F081F8B590F804
:1096E0002C3003B1F8BD0446B0F8A030A0F8B0307B
:1096F000B0F88220A0F8B220A0F8B830B0F85A3004
:10970000A0F8BA3000F1B0073A4600F18001A0306D
:1097100008F038F884F8D00004F1580504F1B806D0
:1097200032462946384608F02DF884F8D00004F176
:1097300050023146284607F0BBFF84F8D000D1E73D
:1097400038B50446FFF78EFED4F8D4300BB120466E
:1097500098472046FFF7ACFED4F8D8300BB120462E
:1097600098472046FFF7DFFED4F8DC300BB12046E7
:109770009847237C0BB9E37BCBB92046FFF707FF63
:10978000D4F8E0300BB1204698472046FFF765FF3C
:10979000D4F8E4300BB1204698472046FFF79EFFEF
:1097A000D4F8E8300BB120469847002319E0227B1B
:1097B000204D2B8803FB02F2D4F8F410D4F8F0000B
:1097C00004F048FC227B2B8802FB03F303FB02F22C
:1097D000D4F80411D4F8000104F03CFCE0E70133B4
:1097E000DBB2227B9A4214D9D4F8001102FB033277
:1097F00001EB820292ED007A216A01EB8301D1ED47
:10980000007AB4EEE77AF1EE10FAE8D5C2ED007A0C
:10981000E5E7084B1B8803FB02F2D4F8F010206840
:1098200004F018FCD4F8EC300BB1204698472068BF
:1098300038BD00BFC6860024D0ED0D7A27EEA74ABA
:10984000D0ED0E6A66EEA64A90ED0F6A26EE065A35
:1098500090ED0C7A67EE875A26EE873A26EE077A65
:1098600067EEA62A67EE867A66EE866A74EEA44AEA
:10987000B7EE006A76EE643A35EE055A73EEC53AF5
:10988000C0ED103A72EEC73A73EEA33AC0ED113A4A
:1098900073EE273A73EEA33AC0ED123A37EE227A0E
:1098A00037EE077A80ED137A34EE044A36EE447AC6
:1098B00037EE455A80ED145A36EEE56A36EE066A02
:1098C00080ED156A77EEC37A77EEA77AC0ED167A47
:1098D00075EEA66A76EEA66AC0ED176A37EE647A70
:1098E00080ED187A704786B003468DED030ACDED02
:1098F000040A8DED051ACDED001A8DED012ACDED8E
:10990000022A00F10C0C06AA12E907008CE80700F5
:1099100018336A4607CA83E8070006B0704710B5D7
:10992000044690ED060A20EE000AD0ED077A67EEB5
:10993000A77A30EE270AD0ED087A67EEA77A30EEE4
:10994000270AB7EEC00A07F0F7F9B7EEC00B94ED9F
:10995000067AC7EE007AC4ED067A94ED077AC7EE70
:10996000004AC4ED074AD4ED086A86EE807A84ED99
:10997000087AD4ED185A24EEA54A94ED176A67EEDA
:10998000066A34EE664A94ED165A27EE057A67EEBB
:10999000A55A77EE655A67EE867A24EE855A37EE39
:1099A000C55A94ED017A67EE046A94ED020A66EEF8
:1099B000806AD4ED097A76EEA76AC4ED096A27EECB
:1099C000256A20EE066AD4ED0A7A36EE276A84ED1F
:1099D0000A6A67EE057A60EE277A94ED0B7A77EEE5
:1099E000877AC4ED0B7A94ED007A27EE044A76EE7E
:1099F000846AD4ED034A76EEA46AC4ED036A67EE86
:109A0000255A36EE256AD4ED045A36EE256A84EDE1
:109A1000046A27EE057A77EE877A94ED057A77EE79
:109A2000877AC4ED057A94ED0C3AD4ED0D3A94EDB5
:109A30000E4AD4ED0F2AF6EE004A60EE244A23EED9
:109A4000E67A66EE045A37EE657A67EEA25A37EE8A
:109A5000657A27EE247A37EE037A84ED0C7A26EEC7
:109A6000835A67EE845A35EE255A66EE225A35EE51
:109A7000655A25EE245A35EE235A84ED0D5A66EECA
:109A8000035A27EEA32A75EEC25A26EEA22A75EED5
:109A9000825A65EEA45A75EE845AC4ED0E5A67EEEA
:109AA000837A26EE230A37EE800A66EE846A30EE69
:109AB000660A20EE240A30EE220A84ED0F0A27EE11
:109AC000077A25EE055A37EE057A65EEA55A37EE88
:109AD000257A20EE000A37EE000AB7EEC00A07F03A
:109AE0002BF9B7EEC00B94ED0C7AC7EE007AC4EDFB
:109AF0000C7A94ED0D7AC7EE007AC4ED0D7A94EDF0
:109B00000E7AC7EE007AC4ED0E7A94ED0F7AC7EEA6
:109B1000007AC4ED0F7AD4F880302046984710BD03
:109B200010B5044690ED160A07F056F9B1EE400A5A
:109B300084ED190AD4ED180A94ED170A07F078F9A4
:109B400084ED1A0AD4ED100A94ED130A07F070F9A7
:109B500084ED1B0A10BD000080ED000AC0ED010A73
:109B600080ED021A4FF07E530363054B4367054BAC
:109B70008367054BC367054BC0F88030704700BF53
:109B8000E79800081F990008219B000839980008F1
:109B9000D0ED017A90ED0D7AD0ED0E6A37EE267A8F
:109BA000F6EE006A27EE267A67EE877A90ED197A4C
:109BB00067EE877AC0ED137A7047D0ED0D7A90ED9D
:109BC000117A27EE877AB5EEC07AF1EE10FA26DD2B
:109BD000F5EEC07AF1EE10FA1CDD90ED087AB4EEE5
:109BE000E77AF1EE10FA1ADAD0ED076A37EE266A54
:109BF000B4EEE76AF1EE10FA0FDB76EEE77A77EE75
:109C0000277A87EEA67AD0ED137A67EE877AC0EDD1
:109C1000137A7047F1EE677ADFE70023C364704779
:109C2000D0ED116A90ED137A36EE877A1F4B83EDF3
:109C3000007AD0ED107A76EEA77A90ED126A77EE80
:109C4000867A1B4BC3ED007AF5EEC07AF1EE10FA7E
:109C500028DD90ED036AB4EEE76AF1EE10FA0AD55A
:109C6000D0ED0D7A66EEA76AF5EEC06AF1EE10FA55
:109C700001DD0023C364D0ED067AB4EEE77AF1EE9D
:109C800010FA03DD0023C364C0ED117AF1EE677AA8
:109C9000B4EEE77AF1EE10FA03D50023C364C0ED09
:109CA000117A7047F1EE677AD3E700BFC8860024C7
:109CB000CC860024D0ED027A90ED0C7AD0ED0B6AC0
:109CC00037EE667A67EE877AD0ED196A87EEA67A64
:109CD00080ED127A704790ED126AD0ED197A26EE77
:109CE000276A90ED0A7A77EE877AC6EE276A90EDBA
:109CF000166A27EE067A87EE276A76EE867AC0ED38
:109D0000127A704790ED146AD0ED197A26EE276A20
:109D100090ED097A77EE877AC6EE276A90ED156A9C
:109D200027EE067A87EE276A76EE867AC0ED147AF9
:109D3000704790ED147AD0ED037AB4EEE77AF1EE45
:109D400010FA01DDC0ED147A90ED147AF1EE677A25
:109D5000B4EEE77AF1EE10FA01D5C0ED147A70474F
:109D600090ED147AB0EEC77AD0ED037ADFED1D6A7C
:109D700067EEA67AB4EEE77AF1EE10FA2BD4D0EDC6
:109D8000177AB0EEE77ADFED186AB4EEE67AF1EE14
:109D900010FA20D4D0ED0B6A77EEE67AF0EEE77A8F
:109DA000C7EE876ADFED117AF4EEE76AF1EE10FA9A
:109DB00012DD836EC26E013342F100028366C26619
:109DC000816EC36E40F2F512914273F1000302D32B
:109DD000012380F87030704700220023C0E91A2365
:109DE000EEE700BF6F12833A17B7D1383333733FB2
:109DF00038B505460C467822002104F039F923468F
:109E00002A462034D3F800E0D3F804C09868D96813
:109E1000C2F800E0C2F804C09060D1601033103284
:109E2000A342EFD1186859689B6810605160936035
:109E300005F16000FEF704F838BD10B52DED028B7A
:109E40000446F0EE408AB0EE608A90F91430002BA0
:109E500071DB04F16000FDF7F3FF84ED190AC4ED36
:109E60000B8A84ED178A78EE680AC4ED0D0AF5EEC8
:109E7000C00AF1EE10FA61DDF0EE607A94ED047A3A
:109E8000B4EEE77AF1EE10FA73D5D4ED007A60EE15
:109E9000A77AC4ED107AD4ED017A60EEA77A60EE6D
:109EA000277AC4ED137AD4ED027A94ED0E7A70EE2F
:109EB000C70A67EEA00AC0EE807AC4ED127A237D4D
:109EC00013F0040F3DD1237D13F0200F3DD1237DEE
:109ED00013F0020F3DD1237D13F0400F3DD1237DC0
:109EE00013F0010F3DD1D4ED137A94ED117A77EE92
:109EF000877AC4ED117A94ED107A77EE877A94ED33
:109F0000127A77EE877AC4ED147A237D13F0100F5E
:109F10002BD12046FFF70DFFE36A236394ED140A6B
:109F200084ED150AA36CA365636BA363E36CE36321
:109F3000BDEC028B10BDFFF713FF8AE7F1EE607AEC
:109F40009CE72046FFF724FEBDE72046FFF735FEDD
:109F5000BDE72046FFF7AEFEBDE72046FFF7BBFE9C
:109F6000BDE72046FFF75CFEBDE72046FFF7CAFECF
:109F7000CFE700232365E364CEE79446002A18BFA9
:109F8000002817D0017012684260DCF8042082605B
:109F9000DCF80820C26080ED040AC0ED050A00224A
:109FA0008263426302630262C2628262426242640C
:109FB0000264C263704700000346002800F0A380DB
:109FC000D0ED107AC0ED117AD0ED0F6AC0ED106AB5
:109FD000C0ED060A80ED070A70EEC00AC0ED0F0A58
:109FE0000278002A4CD190ED017A20EE877A80ED3C
:109FF000097AD0ED027A60EEA77A90ED0A6A77EEE0
:10A00000867AC0ED0A7A426B8263026B426370EE1D
:10A01000E60AC0ED0C0AD0ED036A60EEA60AC0EDB8
:10A020000B0AD0ED056AF4EEE67AF1EE10FA13DDD4
:10A03000C0ED0A6AD3ED0A7A37EE277A70EE870A06
:10A04000C3ED080AD3ED047AF4EEE70AF1EE10FA54
:10A050000CDDC3ED087A15E0F1EE666AF4EEE67AFF
:10A06000F1EE10FAE6D5C0ED0A6AE3E7F1EE677AA1
:10A07000F4EEE70AF1EE10FA04D5C3ED087A01E038
:10A08000012A02D093ED080A704790ED017A30EE74
:10A09000E66A27EE067A80ED097A90ED026A20EEF4
:10A0A000866A80ED0A6A426B8263026B426376EED7
:10A0B000A66A70EEE60A77EEA00AC0ED0C0AD0EDB3
:10A0C000037A60EEA77AC0ED0B7A37EE067A77EE68
:10A0D000877A90ED087A77EE877AC0ED087A90ED6E
:10A0E000047AF4EEC77AF1EE10FA02DD80ED087A18
:10A0F000C8E7B1EE477AF4EEC77AF1EE10FAC1D5AF
:10A1000080ED087ABEE79FED010A7047000000006D
:10A1100038B52DED048B04460D4690ED070AD1EDC0
:10A12000017A30EE670A07F03DFD9FED4F8A60EE41
:10A13000088A94ED140AD5ED007A30EE670A07F02C
:10A1400031FD68EE808A95ED010AD5ED007A30EE9A
:10A15000670A07F027FDC8EE807AC4ED187A94EDFF
:10A16000070AD5ED017A30EE670A07F061FD60EE6F
:10A17000088A94ED140AD5ED007A30EE670A07F0EC
:10A1800011FD68EE808A94ED029A95ED010AD5EDF5
:10A19000007A30EE670A07F005FD29EE009AC8EE56
:10A1A000897AC4ED197A94ED070AD5ED007A30EE7C
:10A1B000670A07F0F7FC60EE088A95ED010AD4ED16
:10A1C000157A30EE670A07F0EDFC68EE808A95EDAF
:10A1D000010AD5ED007A30EE670A07F0E3FCC8EE1D
:10A1E000807AC4ED1A7A94ED070AD5ED007A30EE44
:10A1F000670A07F01DFD20EE088A95ED010AD4EDEF
:10A20000157A30EE670A07F0CDFC28EE008AD4ED0F
:10A21000028A95ED010AD5ED007A30EE670A07F063
:10A22000C1FC68EE808AC8EE286AC4ED1B6A94ED12
:10A23000187AD4ED0E7A27EE277A94ED196AD4EDC8
:10A24000105A26EE256A37EE067A84ED127A94EDDE
:10A250001A7A67EE877A66EEA56A77EEA67AC4ED7B
:10A26000137ABDEC048B38BD3D0A573EB5EEC00AEB
:10A27000F1EE10FA02DA9FED030A704708B506F016
:10A28000D9FD08BD0000000038B52DED088B04464F
:10A290000D4690ED150A07F0CBFCDFED4B9A60EE12
:10A2A00029AA94ED150A07F07DFC60EE29BA94ED19
:10A2B000140A07F0BDFC20EE29AA94ED140A07F059
:10A2C00071FC60EE298A3AEECABA2BEE0B0A3BEE1D
:10A2D000E89A69EE097A30EE270AFFF7C7FFF6EE33
:10A2E000007A2BEE27BA29EE279A20EE008A9FEDFE
:10A2F000370A38EE008A38EE408A6BEE0B7A29EE88
:10A30000090A77EE807A28EE080A37EEC00AFFF7CE
:10A31000ADFF7BEE080A30EE090A06F089FD30EE4B
:10A32000000A85ED000A78EEEB8A07F03BFCB5EEFB
:10A33000009A20EE090A78EE808A3AEE6AAA95ED34
:10A34000000A07F075FC60EE090A7AEE200AB0EE0A
:10A35000680A06F06DFD85ED010A94ED140A07F018
:10A3600067FC20EE298A95ED000A07F061FC20EEDB
:10A37000090A38EE008A84ED008A94ED140A07F089
:10A3800011FC60EE299A95ED000A07F00BFC60EED7
:10A39000097A79EEA77AC4ED017A94ED000A20EEED
:10A3A000000A67EEA77A30EE270AFFF75FFF84ED19
:10A3B000020AD4ED000A94ED010A06F039FD84ED9D
:10A3C000070ABDEC088B38BD3D0A573E0000803DB2
:10A3D00010B50446102003F035FE002303604360EF
:10A3E0008360C360A368C360238803B964230380C8
:10A3F00063684360638803B964230381238803810E
:10A40000034A1378591C1170024A42F8230010BD08
:10A41000D0870024D086002403880381704738B594
:10A420000D46144640F0800000F0C0FD06E05520C7
:10A4300000F0BCFD05F8010B013CE4B2002CF6D1A4
:10A4400038BD10B50C4600F0B1FD204600F0AEFD61
:10A4500010BD10B50C4640F0800000F0A7FD55205F
:10A4600000F0A4FD207010BD30B52DED048B89B037
:10A470000446C44B93E803000690ADF81C10090C89
:10A480008DF81E1000238DF81F30FDF763FDBE4BC5
:10A4900083ED000AFDF75EFDBB4BD3ED007A30EE95
:10A4A000670AF2EE047AB4EEE70AF1EE10FA0CDC79
:10A4B0009FEDB60AFDF792FD0023E3636362A3629A
:10A4C000E362B0EE689A0025D9E0B14B6362B14B0C
:10A4D000A362B14BE362B14BE363B14BA36194ED73
:10A4E0000F7ADFEDB06AC6EE877AC4ED087A0025F0
:10A4F00067E29DF81B301B021BB29DF81A20134324
:10A5000007EE103AA84BD3ED006AB8EEC77A27EEF3
:10A51000267A84ED037AD4ED097A37EE877A84EDD2
:10A52000097A9DF81D301B021BB29DF81C201343B5
:10A5300007EE103AB8EEC77A27EE267A84ED047A51
:10A54000D4ED0A7A37EE877A84ED0A7A9DF81F30C7
:10A550001B021BB29DF81E20134307EE903AF8EE43
:10A56000E77A67EEA67AC4ED057A94ED0B7A77EE7A
:10A57000277AC4ED0B7AE6E00023022B0DD89A1C53
:10A5800004EB8202516808AA02EB830242F8141C11
:10A5900042F8201C0133DBB2EFE7B0EE688A78EEB8
:10A5A000C86A824BC3ED006A00233BE00133DBB293
:10A5B000022B24D819469A1C04EB8202D2ED017AB0
:10A5C00008AA02EB830212ED057AF4EEC77AF1EEE7
:10A5D00010FA04DD08AA02EB830242ED057A08AA0C
:10A5E00002EB810212ED087AF4EEC77AF1EE10FA6E
:10A5F000DCD508AA02EB810141ED087AD6E7F0EE3E
:10A60000498ACCE708AA02EB830252ED057A12EDE3
:10A61000087A77EEC77A664A02EB8302C2ED007AC7
:10A620000133DBB2022BEDD9F6EE007AF4EEE76AE5
:10A63000F1EE10FA00F39C805D4B93ED007ADFEDB4
:10A640005D7AB4EEE77AF1EE10FA00F3918093EDC3
:10A65000017AB4EEE77AF1EE10FA00F3898093ED17
:10A66000027AB4EEE77AF1EE10FA00F381809FED02
:10A67000520AFDF7B3FC0135ADB2B0EE689A41F273
:10A680006F739D4272D800F069FC922000F08EFC3E
:10A69000062206A91220FFF7C2FE00F069FC9DF811
:10A6A00019301B021BB29DF81820134300EE103A1C
:10A6B000B8EEC00A414AD2ED007A20EE270A84EDB6
:10A6C000000A9DF81B301B021BB29DF81A100B43A9
:10A6D00007EE103AD2ED006AB8EEC77A27EE267A76
:10A6E00084ED017A9DF81D301B021BB29DF81C20E1
:10A6F000134307EE903AF8EEE77A67EEA67AC4EDD8
:10A70000027A20EE000A27EE077A30EE070A67EE9B
:10A71000A77A30EE270A06F08DFBF0EE408AD4EDE2
:10A720000F7A77EE807AC4ED0F7A00F02BFC0822C6
:10A7300006A90020FFF773FE00F02EFC9DF81830EC
:10A740000F2B3FF4D6AE002D3FF416AFB4EEE89ACF
:10A75000F1EE10FA01D5B0EE689AB4EEE88AF1EEA7
:10A7600010FA01DDB0EE688A002321E7F0EE498A95
:10A77000D4ED0F6A9FED127AC6EE877AC4ED0F7A98
:10A7800000232DE00C1E0108388800240AD7A33BC3
:10A79000F0A032BAB9F3AFBAB1EFBBBA7A841D41B7
:10A7A00000002042C3F51C41A80000242488002496
:10A7B000288800249A99193E6F12033AA4000024B5
:10A7C0000080BB4503F1080204EB8202D2ED016A6E
:10A7D0001FED057AC6EE877AC2ED017A0133DBB24E
:10A7E000022BEFD900F0BAFBA22000F0DFFB02221F
:10A7F00006A92220FFF713FE00F0BAFB9DF81820EF
:10A800009DF819305B0943EAC203B3F5806F01DBA1
:10A81000A3F5006307EE903AF8EEE77AB4EE007A1B
:10A8200067EE877AB3EE077A77EE877AC4ED067A19
:10A83000684A138801331380674B93ED007AF6EE74
:10A84000007AB4EEE77AF1EE10FA3FF723AED4EDDA
:10A850000F7A9FED627A77EEC77AF0EEE77AB6EE7E
:10A86000007AF4EEC77AF1EE10FA3FF713AE5C4BC4
:10A8700093ED007ADFED5B7AB4EEE77AF1EE10FA51
:10A880003FF708AE93ED017AB4EEE77AF1EE10FAF5
:10A890003FF700AE93ED027AB4EEE77AF1EE10FAEC
:10A8A0003FF7F8ADD4ED097AF0EEE77A9FED4E7AF6
:10A8B000F4EEC77AF1EE10FA3FF7ECADD4ED0A7A78
:10A8C000F0EEE77AF4EEC77AF1EE10FA3FF7E2AD78
:10A8D000D4ED0B7AF0EEE77AF4EEC77AF1EE10FAE7
:10A8E0003FF7D8ADFBE500F039FB922000F05EFBAE
:10A8F000062206A91220FFF792FD00F039FB9DF811
:10A9000019301B021BB29DF81820134307EE903A32
:10A91000F8EEE77A354A92ED007A67EE877A94EDA1
:10A92000087A67EE877AC4ED007AD4ED0C6ADFED21
:10A93000305A66EEA56A9FED2F6A67EE867A76EE4C
:10A94000A77AC4ED0C7A9DF81B301B021BB29DF850
:10A950001A100B4307EE903A92ED005AF8EEE77AA0
:10A9600067EE857A67EE277AC4ED017AD4ED0D6A39
:10A9700066EEA56A67EE867A76EEA77AC4ED0D7A62
:10A980009DF81D301B021BB29DF81C20134307EEDF
:10A99000903AF8EEE77A67EE857A67EE277AC4EDAB
:10A9A000027A94ED0E7A27EE257A67EE867A77EEB4
:10A9B000277AC4ED0E7A9FED100AFDF70FFB0135E3
:10A9C000ADB241F26F739D428DD909B0BDEC048BDD
:10A9D00030BD00BF2088002424880024CDCC1C4139
:10A9E000288800249A99193E0AD7233CA400002401
:10A9F000CDCC4C3FCDCC4C3E6F12033A70B500F03D
:10AA0000ADFA802000F0D2FA552000F0CFFA5520A0
:10AA100000F0CCFA464C207000F0AAFA0120FAF7B8
:10AA200031FD00F09BFA802000F0C0FA552000F0C4
:10AA3000BDFA552000F0BAFA207000F099FA012012
:10AA4000FAF720FD00F08AFAB6217E20FFF7F9FC24
:10AA500000F08EFA5020FAF715FD00F07FFA802002
:10AA600000F0A4FA552000F0A1FA552000F09EFA5B
:10AA7000207000F07DFA0120FAF704FD00F06EFA74
:10AA8000802000F093FA552000F090FA552000F055
:10AA90008DFA207000F06CFA0120FAF7F3FC2378AD
:10AAA0001E2B42D1234B00221A7002E00133214AAF
:10AAB0001370204B1B78052B35D800F04FFA1D4D35
:10AAC0002B781D4C03EB4303E2185178E05CFFF751
:10AAD000B8FC00F04DFA0120FAF7D4FC00F03EFA81
:10AAE0002B7803EB4303E05C40F0800000F05EFA5B
:10AAF000552000F05BFA552000F058FA0C4E3070EB
:10AB000000F036FA0120FAF7BDFC2B7803EB430284
:10AB10001444617832789142C8D0A2780749087805
:10AB200002430A70C2E7002070BDFF20FCE700BFAF
:10AB3000348800243C880024401F01082288002417
:10AB400070B500F01FFA3F4C21460020FFF781FC52
:10AB500000F022FA0120FAF795FC00F013FA2146E2
:10AB60000020FFF776FC00F017FA0120FAF78AFCC4
:10AB700000F008FAB6211420FFF763FC00F00CFA8D
:10AB80005020FAF77FFC00F0FDF921460020FFF786
:10AB900060FC00F001FA0120FAF774FC00F0F2F911
:10ABA00021460020FFF755FC00F0F6F90120FAF7E6
:10ABB00069FC23780F2B42D1234B00221A7003E04B
:10ABC000214A1378013313701F4B1B78052B34D89F
:10ABD00000F0D8F91C4D2B781C4C03EB4303E21812
:10ABE0005178E05CFFF72DFC00F0D6F90120FAF770
:10ABF00049FC00F0C7F9134E2B7803EB43033146B1
:10AC0000E05CFFF726FC00F0C7F90120FAF73AFCF8
:10AC10002B7803EB43021444617832789142CFD011
:10AC2000013BDBB22B7003EB4303094A13449B78CF
:10AC3000084A11780B431370C2E7002070BDFF2053
:10AC4000FCE700BF348800243C880024541F01081E
:10AC5000401F01082288002438B50D46144B1860A7
:10AC6000144C00232370FFF7C9FE2378184320708B
:10AC7000FFF766FF237818432070ADB90E4B0F4ADB
:10AC80005A620F4A9A620F4ADA620F4A1A630F4AEF
:10AC90005A6300229A630E4ADA630E4A1A620E4A17
:10ACA0009A61044B187838BD0348FFF7DDFBF8E7DD
:10ACB0004088002422880024D4870024F0A032BADF
:10ACC000B9F3AFBAB1EFBBBA0B6F993E2A98933D77
:10ACD0007A841D410F187F3F0000204238B504469A
:10ACE00000F03CF9922000F061F90622964912200A
:10ACF000FFF795FB00F03CF9944B1B78002B79D0C3
:10AD0000914A53781B021BB211780B4390490B8078
:10AD100007EE903AF8EEE77A8E4890ED007A67EE0B
:10AD2000877A94ED087A67EE877AD4ED0C6A77EE2D
:10AD3000E67AC4ED007AD3781B021BB295782B43D8
:10AD40000B80D0ED006A07EE903AF8EEE77A67EEF6
:10AD5000A67A67EE277A94ED0D6A77EEC67AC4ED8F
:10AD6000017A53791B021BB2127913430B8007EE51
:10AD7000903AF8EEE77A67EEA67A67EE277AC4EDA6
:10AD8000027A00F0FFF8704D082229460020FFF7F4
:10AD900046FB00F001F92B780F2B65D000F0DEF8B0
:10ADA000A22000F003F9684D022229462220FFF775
:10ADB00036FB00F0DDF82A786B785B0943EAC203C2
:10ADC000634A1380B3F5806F02DBA3F50063138041
:10ADD0005F4BB3F9003007EE903AF8EEE77AB4EE45
:10ADE000007A67EE877AB3EE077A77EE877AC4ED5A
:10ADF000077A38BD544A53781B021BB211780B43B3
:10AE000053490B8007EE903AF8EEE77A514890EDFF
:10AE1000007A67EE877A94ED087A67EE877AC4ED58
:10AE2000007AD3781B021BB295782B430B80D0EDB0
:10AE3000006A07EE903AF8EEE77A67EEA67A67EED8
:10AE4000277AC4ED017A53791B021BB2127913439E
:10AE50000B8007EE903AF8EEE77A67EEA67A67EE97
:10AE6000277AC4ED027A8CE7384B1B78002B3AD056
:10AE7000EB781B021BB2A9780B4335490B8036488F
:10AE8000D0ED006A07EE903AB8EEE77A27EE267A20
:10AE9000D4ED097A37EE677A84ED037A6B791B0279
:10AEA0001BB2287903430B8007EE903AB8EEE77A9D
:10AEB00027EE267AD4ED0A7A37EE677A84ED047AA3
:10AEC000EB791B021BB2AA7913430B8007EE903A71
:10AED000F8EEE77A67EEA67A94ED0B7A77EEC77A0A
:10AEE000C4ED057A5AE7184AD3781B021BB2917851
:10AEF0000B4317490B801848D0ED006A07EE903AD3
:10AF0000B8EEE77A27EE267A84ED037A53791B02AE
:10AF10001BB2107903430B8007EE903AB8EEE77A44
:10AF200027EE267A84ED047AD3791B021BB292793C
:10AF300013430B8007EE903AF8EEE77A67EEA67AB5
:10AF4000C4ED057A2AE700BF18880024AC0000246D
:10AF500014880024A4000024A800002408B50022BE
:10AF600001210248F8F780FE08BD00BF0008025822
:10AF700008B5012211460248F8F776FE08BD00BF69
:10AF80000008025808B5002208210248F8F76CFEB4
:10AF900008BD00BF0008025808B501220821024878
:10AFA000F8F762FE08BD00BF0008025800B587B080
:10AFB0008DF80F004FF47A73009301230DF11702FF
:10AFC0000DF10F0104480068FBF728FA9DF81700FF
:10AFD00007B05DF804FB00BF4088002410B491F86E
:10AFE00004C00CF1FF32D2B290F8A631012B1BD075
:10AFF0005CB26CB3023BDBB2012B29D8032A10D917
:10B00000ACF10503DBB2002402F201228A60114A8E
:10B010000121115580F8A53180F8A4415DF8044B59
:10B02000704713460124EFE7032A0ED9ACF105035C
:10B03000DBB2022402F205228A60064A0121115580
:10B0400080F8A53180F8A441E8E713460024F1E731
:10B05000FEE700BF788800247047000038B5054639
:10B06000D0F84940D4F8A801FFF7D6F904F5D67016
:10B07000FCF7E6FE84ED6C0A6188218095F8383093
:10B0800095F8392042EA0322628007EE902AF8EE12
:10B09000677ADFED2F6A67EEA66AC4ED016AD4ED28
:10B0A000027A9FED2C7A27EE877A95F83A0095F888
:10B0B0003B3043EA00231BB207EE903AF8EEE77A02
:10B0C0009FED256A67EE867A77EE277AC4ED027ADD
:10B0D000B4F90C3007EE903AF8EEE77A9FED1F7A5C
:10B0E00027EE877A95F83C0095F83D3043EA002337
:10B0F0001BB207EE903AF8EEE77A9FED196A67EE19
:10B10000867A77EE277AFDEEE77A17EE903AA381FA
:10B1100095F83E30A373521AB2F5805F10DD636973
:10B12000013B636163694FF4B47202FB03F307EE02
:10B13000903AF8EEE77A77EEA67AC4ED047A38BD55
:10B1400012F5805FEEDA636901336361EAE700BFFD
:10B15000ACFF333D9899193E3433A340D0CCCC3D5D
:10B160006666663F002380F8A7317047012380F8A8
:10B17000A731704770B584B005464FF4DC7002F01B
:10B1800061FF04464FF4DC72002102F071FF95F874
:10B190009B3084F8A63105F1940393E80300A06185
:10B1A000A183090CA17705F1100104F13000FEF72D
:10B1B0001FFE05F13C0104F1A800FEF719FE05F1A0
:10B1C000680104F59070FEF713FE2B6823626B682C
:10B1D0006362EB68E362AB68A36205F19C063146EB
:10B1E0002046FFF7FBFE134BC5F8A830C5F8AC406E
:10B1F0003046FCF703FDC4F8A0010023019302933D
:10B2000003930223ADF804300B4B0293039401A87F
:10B21000FFF7DEF8C4F8A8012046FFF7A7FF074AAA
:10B220001378591C1170064A42F82340204604B096
:10B2300070BD00BF5DB0000859B0000874880024DC
:10B240004488002480ED660A7047000070B5002530
:10B250004BE0F1EE600A54E0237F012B08D094ED1F
:10B26000040A04F59070FEF7E8FDF0EE400A4FE0A6
:10B27000236A93ED000AF4E7637F012B5AD094ED23
:10B28000020A04F1A800FEF7D8FDF0EE400AA37F01
:10B2900013F0010F04D0E36AD3ED007A70EEA70A31
:10B2A000637E13F0010F49D1E37E012B53D0FDEEF5
:10B2B000E07A17EE903A94F8A40194F8A5C14FEA09
:10B2C0004C01C3F30726344A4FF04D0E0EFB00220B
:10B2D00002EB4C0E8EF8306001310A4482F83030B7
:10B2E00094F8A731002B39D001352C4B1B78AB4299
:10B2F0003ED92B4B53F82540D4ED660AA37E012B93
:10B30000A7D0637E13F0040F02D0237E042BA3D0BA
:10B31000637E13F0020FBAD0237E13F0060FB6D06F
:10B32000A37F13F0020FA7D0A36AD3ED007A70EECB
:10B33000A70AA1E7636A93ED000AA2E7B4F90C300B
:10B3400000EE103AB8EEC00A04F13000FEF775FDC9
:10B35000F0EE400AA8E7F1EE600AA8E74D2303FBF0
:10B3600000F030300C4B1844002320F81C30BBE7B1
:10B37000002400E00134022C0CD80A4B1B5D002B8A
:10B38000F8D0B7EE000A044B4D2000FB0430FCF768
:10B3900081FCEFE770BD00BFB0000024748800247A
:10B3A000448800247888002431EE601A30EE600A68
:10B3B00001238340013B07EE903AF8EEE77A60EE16
:10B3C000277A87EE817AFDEEC77A17EE900A7047EA
:10B3D00007EE900A70EEC00AF8EEE77A67EEA00A70
:10B3E00001238B40013B07EE903AF8EEE77A80EEBE
:10B3F000A77A37EE000A704702804160704700006C
:10B40000F8B504460D460B7803F00F0343600B7844
:10B410001B0983604B78887840EA0320E060CB7892
:10B420000F793F0947EA031727610E79360206F4C0
:10B4300070664B791E4366611021DFED150A9FEDA2
:10B44000150AFFF7C5FF84ED080A0C21F3EE0E0A7A
:10B45000BBEE0E0A3846FFF7BBFF84ED090A0C214C
:10B46000F3EE0E0ABBEE0E0A3046FFF7B1FF84ED95
:10B470000A0AAB7907EE903AF8EE677AC4ED0D7AD6
:10B48000EB7907EE903AF8EE677AC4ED0E7AF8BDE4
:10B49000DA0F4940DA0F49C000B583B01144FF23E9
:10B4A0008DF800308DF801308DF802308DF80330C2
:10B4B0008DF804308DF805308DF80630FC238DF8BA
:10B4C000073008236A4689B2FCF75EFB03B05DF8DB
:10B4D00004FB00002DE9F04F2DED048B83B0804676
:10B4E0008946F0EE609AB0EE419AF0EE618AB0EED5
:10B4F000428A10209FED2C1ADFED2C0AFFF754FF33
:10B5000082461FFA80FB0C20B3EE0E1AFBEE0E0AE9
:10B51000B0EE690AFFF748FF87B2DFED259A0C20ED
:10B520009FED241AF0EE690AB0EE490AFFF73CFFDE
:10B53000064684B20C20B1EE041AF0EE690AB0EEB1
:10B54000680AFFF731FF85B20C20B3EE0E1AFBEE4E
:10B550000E0AB0EE480AFFF727FF4FEA1B2B8DF8C3
:10B5600000B08DF801A03B098DF80230240A44EAAE
:10B5700007148DF803408DF804602B098DF8053011
:10B58000C0F3072343EA05158DF806508DF8070030
:10B5900008236A4649464046FCF7F6FA03B0BDEC7C
:10B5A000048BBDE8F08F00BFDA0F4940DA0F49C0C5
:10B5B000000000000000FA43F0EE405AB5EEC00A69
:10B5C000F1EE10FA1ED9F6EE007A20EE270A9FED72
:10B5D0000F6A25EE866A60EE007A77EEE57A70EE05
:10B5E000006A87EEA67A30EE470AB4EEE76AF1EE1B
:10B5F00010FAF0D4B1EE467AB4EEE77AF1EE10FA32
:10B60000E9DC70479FED020A704700BF6F12833A72
:10B610000000000010B52DED048B044690ED009A5B
:10B6200069EE097AD0ED018A28EEA80A77EE807AD1
:10B6300090ED028A28EE080A37EE800AFFF7BCFF79
:10B64000C9EE007AC4ED007AC8EE807AC4ED017AC2
:10B65000C8EE007AC4ED027A2046BDEC048B10BD22
:10B66000D0ED017A91ED027A67EE877A90ED027A59
:10B67000D1ED016A27EE267A77EEC77AC2ED007A1D
:10B68000D0ED027A91ED007A67EE877A90ED007A3C
:10B69000D1ED026A27EE267A77EEC77AC2ED017AFB
:10B6A000D0ED007A91ED017A67EE877A90ED017A1C
:10B6B000D1ED006A27EE267A77EEC77AC2ED027ADC
:10B6C0007047D0ED007A91ED000A67EE807A90ED38
:10B6D000010A91ED017A20EE070A77EE807A90ED6B
:10B6E000020A91ED027A20EE070A37EE800A7047CF
:10B6F00090ED007AD1ED007AB4EEE77AF1EE10FA2F
:10B700000DDD77EE807AC1ED007A90ED007AF4EEEF
:10B71000C77AF1EE10FA14DB81ED007A7047B4EECF
:10B72000E77AF1EE10FA0CD577EEC07AC1ED007A27
:10B7300090ED007AF4EEC77AF1EE10FA01D881EDBF
:10B74000007A7047002301E00133DBB2042B0DD8EF
:10B75000074931F91320002AB8BF524292B2B2F51C
:10B76000257FF1D9002221F81320EDE7704700BFB3
:10B770007C880024F8B504460378427843EA022323
:10B78000C3F30A03A3F580634F4DAB8043788278FF
:10B79000DB0843EA4213C3F30A03A3F58063EB809B
:10B7A0008378C2789B0943EA8203027943EA8223C1
:10B7B000C3F30A03A3F580632B804179530843EA5E
:10B7C000C113C3F30A03A3F580636B80037C427C3F
:10B7D00043EA0223C3F30A03A3F580632B81FFF737
:10B7E000B1FF6379C3F30113EB7263799B09AB7209
:10B7F000A379E27943EA0223AB81237A627A43EAAE
:10B800000223EB81237B2B74637B6B74A37BE27B32
:10B8100043EA02239C466B82DAB213F0200F14D065
:10B820001FFA8CF1A98212F0100F12D0264B5A8AFF
:10B83000DA82254BB3F85A60988ADC8AB3F85C50F8
:10B84000B3F85EE00123002222E01F4B0021998221
:10B85000E9E71D4B0022DA82EBE7034208D02B42D6
:10B8600006D11949114491F82870013781F82870E0
:10B87000234209D013EA0E0F06D11349114491F85F
:10B880003870013781F838705B009BB2013292B298
:10B890000F2A12D8111F89B20129F5D91CEA030F0A
:10B8A000DBD03342D9D10342D7D12342D5D1064987
:10B8B00011440F7E01370F76CFE7034948228818DD
:10B8C00002F0C8FBF8BD00BF7C88002408B59022B8
:10B8D0000021044802F0CCFB034B1868FCF798FBEE
:10B8E00008BD00BF7C8800241489002408B5044BDF
:10B8F0001868FEF791FD034B1868FFF73BFF08BD82
:10B900000C8900241489002400B587B00F4B0593DF
:10B91000049012238DF80C3003A8FCF7C7FB0C4BE6
:10B92000186000230093019302930A23ADF80030BE
:10B93000084B01936846FEF74BFD074B1860074B19
:10B9400001221A70064807B05DF804FBEDB8000844
:10B9500014890024CDB800080C8900241089002423
:10B960007C88002470B52DED028B8AB00646002439
:10B970000794089409940023049305934FF07E5391
:10B98000069301940294039421E0354D2846FFF775
:10B99000A5F995ED007ADDED077A77EE877ACDEDA2
:10B9A000077A95ED017ADDED087A77EE877ACDEDAD
:10B9B000087A95ED027ADDED097A77EE877ACDED9A
:10B9C000097A9FED280AFCF709FB0134E4B2632CE5
:10B9D000DBD900230CE00AAA02EB830252ED036AD2
:10B9E0009FED217AC6EE877A42ED037A0133DBB20E
:10B9F000022BF0D907A8FFF70DFE04A907A8FFF74F
:10BA000060FE05F0BDF9B0EE408A01AA04A907A8BE
:10BA1000FFF726FE01A8FFF7FDFDF6EE007A28EEFF
:10BA2000278AB0EE480A04F083FF86ED000A00245E
:10BA300010E00AAB03EB840353ED098AB0EE480A29
:10BA400005F072F8013406EB840368EE808AC3EDDA
:10BA5000008AE4B2012CECD90AB0BDEC028B70BDB7
:10BA6000D48700246F12833A0000C84200B52DED40
:10BA7000028B85B002211748FFF7EEF80028F9D1B4
:10BA80009FED158ADFED158AB0EE481AF0EE680AD0
:10BA9000B7EE000A1248FEF75FF8124B124A1A641A
:10BAA000002300930193029303936846FFF75AFF24
:10BAB000B0EE682AF7EE001A9FED0C1AF0EE480A75
:10BAC000B2EE040A6846FCF795FF05B0BDEC028BA8
:10BAD0005DF804FB9C0800246F12833A000000000C
:10BAE00098890024308900244ED1113C00247449E7
:10BAF00092ED026A66EE067AF6EE006A76EEE77A74
:10BB000092ED037A67EE075A77EEE57AD0ED005AA8
:10BB100067EEA57AD2ED014A66EE245A92ED005AFC
:10BB200027EE054A75EEC45A90ED014A65EE845A37
:10BB300077EEA57A27EE247A26EE056A37EE067AA6
:10BB400090ED026A27EE067A77EE877A77EEA77A8B
:10BB5000C1ED007AD2ED015AD2ED027A25EEA77A34
:10BB6000D2ED004A92ED035A24EE856A37EE067A4A
:10BB700090ED006A27EE067A25EEA56A36EEC66AD3
:10BB800025EE054A36EE446A90ED014A26EE046A37
:10BB900037EE067A67EE857A65EEA45A77EEE57A97
:10BBA00090ED026A67EE867A37EE277A37EE077AEB
:10BBB00081ED017AD2ED015A92ED037A65EE877A32
:10BBC00092ED005A92ED026A65EE064A77EEE47A4B
:10BBD000D0ED004A67EEA47A27EE067A25EE855A64
:10BBE00037EE057A90ED015A27EE057A77EE877ADF
:10BBF00065EEA55A76EEE56A26EE066A76EEC66A28
:10BC000090ED027A66EE876A77EEA67A77EEA77AEB
:10BC1000C1ED027A704792ED026A66EE067AF6EEA0
:10BC2000006A76EEE77A92ED037A67EE075A77EECE
:10BC3000E57AD0ED005A67EEA57AD2ED014A66EEBC
:10BC4000245A92ED005A27EE054A75EE845A90ED7B
:10BC5000014A65EE845A77EEA57A27EE247A26EE1D
:10BC6000056A37EE467A90ED026A27EE067A77EE9D
:10BC7000877A77EEA77AC1ED007AD2ED015AD2ED3C
:10BC8000027A25EEA77AD2ED004A92ED035A24EE0D
:10BC9000856A37EE467A90ED006A27EE067A25EE41
:10BCA000A56A36EEC66A25EE054A36EE446A90ED80
:10BCB000014A26EE046A37EE067A67EE857A65EE6B
:10BCC000A45A77EEA57A90ED026A67EE867A37EE8F
:10BCD000277A37EE077A81ED017AD2ED015A92ED9B
:10BCE000037A65EE877A92ED005A92ED026A65EE6C
:10BCF000064A77EEA47AD0ED004A67EEA47A27EEE2
:10BD0000067A25EE855A37EE457A90ED015A27EEF0
:10BD1000057A77EE877A65EEA55A76EEE56A26EE25
:10BD2000066A76EEC66A90ED027A66EE876A77EE6C
:10BD3000A67A77EEA77AC1ED027A7047F0B585B0A2
:10BD4000FFF794FE87E0794A991D02EB810191ED9E
:10BD5000017A04A901EB830151ED037A37EE677A8A
:10BD60007349D1ED007A27EE277AD2ED106A77EE8B
:10BD7000A67A87EE276A03F10A0102EB810292EDAF
:10BD8000007A66EE876A86EEA77A76EE077AC2EDCB
:10BD9000007A0133DBB2022BD5D9644C224604F180
:10BDA000340104F12800FFF7A3FED4ED0D7AF0EE84
:10BDB000E77A9FED607AF4EEC77AF1EE10FA01D5DA
:10BDC00000226263594BD3ED0E7AF0EEE77A9FEDD5
:10BDD000597AF4EEC77AF1EE10FA01D500229A638F
:10BDE000524BD3ED0F7AF0EEE77A9FED537AF4EEF3
:10BDF000C77AF1EE10FA01D50022DA634F4BD3ED8A
:10BE0000007A9FED4F7AF4EEC77AF1EE10FA40F324
:10BE10008580464BD3ED147A93ED0E7ADFED496AB7
:10BE200027EE267A77EE877AC3ED147A93ED157AAA
:10BE300067EEA67A77EE277AC3ED157A424A516EFD
:10BE40005964916E9964D26EDA64012283F85820A5
:10BE50000120FBF71DFB3D48FBF7F2FF344B83ED60
:10BE6000000A394D85ED020A394E3046FEF736FF9D
:10BE700096ED002A2D4C84ED082AD6ED011AC4ED6A
:10BE8000071AD6ED022AC4ED092A324F87ED002A9F
:10BE9000C7ED011AC7ED022AD6ED030AC4ED050A63
:10BEA00096ED040A84ED040A96ED051A84ED061A4F
:10BEB000294EC6ED000A86ED010A86ED021A95EDBF
:10BEC000023AFCF709FED7ED001A97ED012AD7EDEB
:10BED000022A96ED000AD6ED010A96ED021A2846CE
:10BEE000FDF701FD2846FDF71AFD2846FDF718FE6F
:10BEF0002846FDF7A1FC2B6B23606B6B6360AB6B7B
:10BF0000A360EB6BE360154B0FCB84E80F00224678
:10BF100001A91348FFF77FFE00233CE7B7EE007A44
:10BF200077EE877A054BC3ED007A91E730890024DC
:10BF3000908900240AD7A33C0AD7233D9489002482
:10BF40000000FA446F12833A988900248C890024F7
:10BF5000D48700241889002424890024F085002433
:10BF60009801002490ED187ADFED416A37EE267AC9
:10BF700081ED157AD0ED087A77EEA67AC1ED147AC4
:10BF8000436ECB65436A8B65DFED3A6AB4EEE67AC1
:10BF9000F1EE10FA57D5C1ED156A9FED357AF4EE42
:10BFA000C77AF1EE10FA58D581ED147AD2ED127AF3
:10BFB000F1EE677AC0ED607AD2ED057AF1EE677A3C
:10BFC000C0ED617AD1ED186A91ED167A66EE876A56
:10BFD000D1ED197A91ED176A67EE867A76EEA76A47
:10BFE000C1ED036AC1ED066A76EEE66AC6EE807AB6
:10BFF000C1ED047AD1ED1A7A27EE277AD1ED1B7ABA
:10C0000066EE277A77EE277AC1ED087AD1ED076AD6
:10C010009FED177A37EE667AD0ED606A37EE667A72
:10C0200081ED0A7AF1EE677A90ED617A77EEC77A60
:10C03000C1ED0B7AC1ED0C7A77EEE77A87EE807A64
:10C0400081ED0D7A7047DFED0A6AB4EEE67AF1EE23
:10C0500010FAA2DDC1ED156A9FE79FED077AF4EEB5
:10C06000C77AF1EE10FAA1DD81ED147A9EE700BFE8
:10C07000DB0FC93F920A86BF920A864070B5ACB00A
:10C0800005460E46B0220021684601F0F1FF1F4B25
:10C09000039302248DF89B401D4B2793002203211C
:10C0A0002846FFF7A9F90022042105F14000FFF717
:10C0B000A3F9289400248DF896406846FFF75AF8B3
:10C0C000C5F80001DFED130A9FED130A134A21465C
:10C0D0003046FDF752FF15E0114E2A88A9883046F8
:10C0E000FFF7DAF9B5F84020B5F844103046FFF70D
:10C0F000D3F9D5F80001FFF739F80120FBF7C8F9AB
:10C100000134E4B2022CE7D92CB070BDD401002474
:10C110000C070024000000000000C842681F01084E
:10C120006C060024F8B52DED028B06460C4617462A
:10C13000099D11462046FEF7A7F894ED0A0A9FEDE7
:10C14000737A70EE077A724BC3ED007A94ED0B5A56
:10C1500035EE075A83ED015AD6ED465AD6ED446ABC
:10C1600075EEE65A75EE875AC3ED025A96ED456AAA
:10C17000D6ED436A36EE666A36EE076A83ED036AE9
:10C18000D6ED606AD6ED5D4A76EEE46ADFED614A8F
:10C1900076EEE46AC3ED046AD6ED614A74EE874A2E
:10C1A000C3ED054A95ED007A27EE877A95ED014AB1
:10C1B00025EE044A37EE047A95ED024A25EE844ACC
:10C1C00037EE047A95ED034A26EE044A37EE047AF8
:10C1D00095ED044A26EE844A37EE047A95ED054A39
:10C1E00024EE844A37EE047A84ED117A95ED064AFE
:10C1F00067EE847A95ED074A25EE045A77EE857A44
:10C2000095ED085A65EE855A77EEA57AD5ED095A6F
:10C2100026EE256A77EE867A95ED0A6A66EE866ADC
:10C2200077EEA67AD5ED0B6A64EEA66A77EEA67A6B
:10C23000C4ED107AFBEE047AB4EEE77AF1EE10FA70
:10C240003CD5C4ED117A05F0F3FCDFED337A87EECF
:10C25000808AB6EE000A28EE008AD6ED5F0A94EDD9
:10C26000020A0898FDF7A8FE38EE000A84ED0E0ACF
:10C27000DFED2A7AB4EEE70AF1EE10FA28D5C4ED24
:10C280000E7A39462046FDF743FFD4ED127ABAEE16
:10C29000047AF4EEC77AF1EE10FA23D584ED127A1F
:10C2A000D4ED137ABAEE047AF4EEC77AF1EE10FA0E
:10C2B00022D584ED137ABDEC028BF8BDF3EE047A3F
:10C2C000B4EEE77AF1EE10FABDDDC4ED117ABAE70B
:10C2D000DFED137AB4EEE70AF1EE10FAD1DDC4ED2A
:10C2E0000E7ACEE7B2EE047AF4EEC77AF1EE10FAE7
:10C2F000D6DD84ED127AD3E7B2EE047AF4EEC77A93
:10C30000F1EE10FAD7DD84ED137AD4E700000000D7
:10C31000EC8A00245839343DF0A79C420000FAC34F
:10C320000000FA4308B591ED110ADFED047A20EE22
:10C33000270AD0F80001FEF785FF08BD9AF0904467
:10C3400000B583B002E00120FBF7A2F83C4B93F864
:10C350005830002BF7D03B493B48FFF78FFE29E0D0
:10C360009FED3A8A3A4E95ED122AF0EE481AB0EE59
:10C37000481AF0EE480AB0EE480AA1883046FFF7A6
:10C38000A9F80120FBF784F895ED132AF0EE481A7E
:10C39000B0EE481AF0EE480AB0EE480AB4F844107D
:10C3A0003046FFF797F80120FBF772F82946204640
:10C3B000FFF7B8FF224E274D234C9FED270A324648
:10C3C00029462046FFF7CEFD244B01931D4B0093D9
:10C3D0003346234A29462046FFF7A4FE94F89C31B1
:10C3E000012BBDD0002BE5D1174C9FED188A184DBD
:10C3F000B0EE482AF0EE481AB0EE481AF0EE480ABD
:10C40000B0EE480AA1882846FFF764F80120FBF740
:10C410003FF8B0EE482AF0EE481AB0EE481AF0EEB7
:10C42000480AB0EE480AB4F844102846FFF752F81C
:10C430000120FBF72DF8D4F80001FEF793FEB9E7D1
:10C44000308900241C8A0024F08B002400000000A6
:10C450006C0600246C8A00246F12833AA401002425
:10C46000648A002490ED387ADFED3F6A37EE267A51
:10C4700081ED157AD0ED287A77EEA67AC1ED147A9F
:10C48000D0F8E430CB65D0F8A4308B65DFED376AA7
:10C49000B4EEE67AF1EE10FA51D5C1ED156A9FEDD2
:10C4A000327AF4EEC77AF1EE10FA52D581ED147AB1
:10C4B000936CC0F888315369C0F88C31D1ED186A9B
:10C4C00091ED167A66EE876AD1ED197A91ED176AC9
:10C4D00067EE867A76EEA76AC1ED036AC1ED066A59
:10C4E00076EEE66AC6EE807AC1ED047AD1ED1A7A6C
:10C4F00027EE277AD1ED1B7A66EE277A77EE277A38
:10C50000C1ED087AD1ED076A9FED177A37EE667AAA
:10C51000D0ED626A37EE667A81ED0A7AF1EE677ADB
:10C5200090ED637A77EEC77AC1ED0B7AC1ED0C7AA4
:10C5300077EEE77A87EE807A81ED0D7A7047DFED4E
:10C540000A6AB4EEE67AF1EE10FAA8DDC1ED156ADA
:10C55000A5E79FED077AF4EEC77AF1EE10FAA7DDB2
:10C5600081ED147AA4E700BFDB0FC93F920A86BFB2
:10C57000920A864070B5ACB004460D46B022002148
:10C58000684601F075FD214B039302268DF89B60F0
:10C590001F4B27930022012104F18000FEF72CFF9E
:10C5A0000022314604F1C000FEF726FF0123289344
:10C5B0008DF896306846FEF7DDFDC4F80401DFED26
:10C5C000150A9FED150A154A00212846FDF7D5FCEE
:10C5D000002517E0124EB4F88020B4F884103046DD
:10C5E000FEF75AFFB4F8C020B4F8C4103046FEF786
:10C5F00053FFD4F80401FEF7B9FD0120FAF748FF14
:10C600000135EDB2022DE5D92CB070BD4C8B002464
:10C610000C070024000000000000C842741F01083D
:10C620006C060024F8B52DED028B06460C46174625
:10C63000099D11462046FDF727FE94ED0A0A9FED5D
:10C64000737A70EE077A724BC3ED007A94ED0B5A51
:10C6500035EE075A83ED015AD6ED465AD6ED446AB7
:10C6600075EEE65A75EE875AC3ED025A96ED456AA5
:10C67000D6ED436A36EE666A36EE076A83ED036AE4
:10C68000D6ED626AD6ED5D4A76EEE46ADFED614A88
:10C6900076EEA46AC3ED046AD6ED634A74EE874A67
:10C6A000C3ED054A95ED007A27EE877A95ED014AAC
:10C6B00025EE044A37EE047A95ED024A25EE844AC7
:10C6C00037EE047A95ED034A26EE044A37EE047AF3
:10C6D00095ED044A26EE844A37EE047A95ED054A34
:10C6E00024EE844A37EE047A84ED117A95ED064AF9
:10C6F00067EE847A95ED074A25EE045A77EE857A3F
:10C7000095ED085A65EE855A77EEA57AD5ED095A6A
:10C7100026EE256A77EE867A95ED0A6A66EE866AD7
:10C7200077EEA67AD5ED0B6A64EEA66A77EEA67A66
:10C73000C4ED107AFBEE047AB4EEE77AF1EE10FA6B
:10C740003CD5C4ED117A05F073FADFED337A87EE4C
:10C75000808AB6EE000A28EE008AD6ED5F0A94EDD4
:10C76000020A0898FDF728FC38EE000A84ED0E0A4C
:10C77000DFED2A7AB4EEE70AF1EE10FA28D5C4ED1F
:10C780000E7A39462046FDF7C3FCD4ED127ABAEE94
:10C79000047AF4EEC77AF1EE10FA23D584ED127A1A
:10C7A000D4ED137ABAEE047AF4EEC77AF1EE10FA09
:10C7B00022D584ED137ABDEC028BF8BDF3EE047A3A
:10C7C000B4EEE77AF1EE10FABDDDC4ED117ABAE706
:10C7D000DFED137AB4EEE70AF1EE10FAD1DDC4ED25
:10C7E0000E7ACEE7B2EE047AF4EEC77AF1EE10FAE2
:10C7F000D6DD84ED127AD3E7B2EE047AF4EEC77A8E
:10C80000F1EE10FAD7DD84ED137AD4E700000000D2
:10C81000D88B00245839343DF0A79C420000FAC35D
:10C820000000FA4308B591ED110ADFED047A20EE1D
:10C83000270AD0F80401FEF705FD08BD9AF090C460
:10C8400000B583B002E00120FAF722FE3D4B93F8D9
:10C850005830002BF7D03C493C48FFF78BFE2AE0CC
:10C860009FED3B8A3B4E95ED122AF0EE481AB0EE52
:10C87000481AF0EE480AB0EE480AB4F88410304680
:10C88000FEF728FE0120FAF703FE95ED132AF0EEDD
:10C89000481AB0EE481AF0EE480AB0EE480AB4F86A
:10C8A000C4103046FEF716FE0120FAF7F1FD2946C6
:10C8B0002046FFF7B7FF234E274D244C9FED270A54
:10C8C000324629462046FFF7CDFD254B01931E4BEE
:10C8D00000933346234A29462046FFF7A3FE94F8E7
:10C8E0009C31012BBCD0002BE5D1184C9FED188A50
:10C8F000184DB0EE482AF0EE481AB0EE481AF0EEA5
:10C90000480AB0EE480AB4F884102846FEF7E2FD63
:10C910000120FAF7BDFDB0EE482AF0EE481AB0EE5D
:10C92000481AF0EE480AB0EE480AB4F8C410284697
:10C93000FEF7D0FD0120FAF7ABFDD4F80001FEF7B9
:10C9400011FCB8E730890024048B0024F08B00240C
:10C95000000000006C060024588B00246F12833AFC
:10C96000D8010024508B002410B582B0044602E0A8
:10C970000120FAF78DFD1C4B93F85830002BF7D0AF
:10C980001A4B1B68B3F9063007EE903AF8EEE77AD7
:10C9900077EEA77ADFED166A87EEA67A8DED017A3B
:10C9A00094F89C31012B01D002B010BDD4ED5F7A18
:10C9B0009FED107AF4EEC77AF1EE10FA09D584ED06
:10C9C0005F7A9FED0D0A04F5867101A8FEF790FECF
:10C9D000EAE79FED0A7AF4EEC77AF1EE10FAF0DD9D
:10C9E00084ED5F7AEDE700BF30890024948D002448
:10C9F000000025449A99193E0AD7A33B0AD7A33EC3
:10CA000008B50548FEF780FF044B1860044B054A43
:10CA1000C3F87C2108BD00BF1C8F0024948D002426
:10CA2000F08B00249A99193E08B50348012380F839
:10CA30009C31FFF799FF08BDF08B002408B54FF437
:10CA4000F070FBF7C9F9FFF7DBFFFBF779F808BDDA
:10CA500008B5FEF7FBFB08BD0120704708B501F0E3
:10CA6000C7FA162303604FF0FF3008BD08B54FF03A
:10CA7000FF31FFF7F3FFFEE770B50C4616460025C1
:10CA800006E0AFF30080214601F8010B01350C46AA
:10CA9000B542F6DB304670BD70B50C461646002533
:10CAA00004E014F8010BAFF300800135B542F8DB68
:10CAB000304670BD4FF0FF3070474FF400534B606D
:10CAC00000207047012070470020704708B51848C3
:10CAD000184B0360184B43604FF48053836000236E
:10CAE000C36003610C2242618361C36103624362DC
:10CAF000836201F00CF970B900210D4801F0DAF9F8
:10CB000060B900210A4801F0FAF950B9084801F06B
:10CB1000B2F948B908BDF3F79AFFEDE7F3F797FFCD
:10CB2000EFE7F3F794FFF1E7F3F791FFF2E700BFC8
:10CB30001C8F002400500040A086010008B5174853
:10CB4000174B03604FF46123436000238360C3608D
:10CB500003610C2242618361C361036243628362A9
:10CB600001F0D5F870B900210C4801F0A3F960B9C3
:10CB700000210A4801F0C3F950B9084801F07BF9D7
:10CB800048B908BDF3F763FFEDE7F3F760FFEFE7A0
:10CB9000F3F75DFFF1E7F3F75AFFF2E7B08F0024F8
:10CBA0000078004008B51748174B03604FF4612325
:10CBB000436000238360C36003610C224261836190
:10CBC000C36103624362836201F0A1F870B900217E
:10CBD0000C4801F06FF960B900210A4801F08FF9A3
:10CBE00050B9084801F047F948B908BDF3F72FFFDD
:10CBF000EDE7F3F72CFFEFE7F3F729FFF1E7F3F7A2
:10CC000026FFF2E7888E002400100140F0B5BDB089
:10CC1000044600213791389139913A913B91B822DD
:10CC200008A801F025FA2368854A934208D0854A6E
:10CC3000934272D0844A934200F0AA803DB0F0BD86
:10CC400002220023CDE9082308A8F5F7F3FF002806
:10CC50005DD17E4BD3F8E82042F48012C3F8E8207F
:10CC6000D3F8E82002F480120192019AD3F8E02070
:10CC700042F00402C3F8E020D3F8E02002F00402FE
:10CC80000292029AD3F8E02042F00802C3F8E020B2
:10CC9000D3F8E03003F008030393039B4FF4805371
:10CCA000379302273897002539953A9508263B9601
:10CCB00037A96748F6F7CEFE04233793389739959E
:10CCC0003A953B9637A96348F6F7C4FE6248634B32
:10CCD0000360412343608560C5604FF48063036156
:10CCE00045618561C5614FF4403303624562F7F7E2
:10CCF000D5F978B9584BC4F880309C6300220521DF
:10CD00003520F5F79DF83520F5F7D0F896E7F3F7DD
:10CD10009EFE9EE7F3F79BFEECE702220023CDE99F
:10CD2000082308A8F5F786FF78BB484BD3F8E8201E
:10CD300042F08042C3F8E820D3F8E82002F08042B5
:10CD40000492049AD3F8E02042F01002C3F8E020E5
:10CD5000D3F8E03003F010030593059B4FF4C07344
:10CD6000379302233893002439943A9407233B9352
:10CD700037A93B48F6F76EFE224605215220F5F70B
:10CD80005FF85220F5F792F858E7F3F760FECCE72A
:10CD900001220023CDE9082308A8F5F74BFF00285E
:10CDA00047D12A4BD3F8F02042F01002C3F8F0200C
:10CDB000D3F8F02002F010020692069AD3F8E02091
:10CDC00042F00102C3F8E020D3F8E03003F00103A1
:10CDD0000793079B4FF4C0633793022338930025D2
:10CDE00039953A9507233B9337A91E48F6F732FE4B
:10CDF0001D481E4B0360292343608560C5604FF4C6
:10CE00008063036145618561C5614FF4403303620E
:10CE10004562F7F743F978B9134BC4F880309C6347
:10CE2000002205212520F5F70BF82520F5F73EF81F
:10CE300004E7F3F70CFEB4E7F3F709FEECE700BFF5
:10CE400000500040007800400010014000440258AB
:10CE500000080258000C0258988D0024B8000240C7
:10CE60000010025800000258108E002410000240EA
:10CE7000026852E8003F23F0C00342E80031002975
:10CE8000F6D1026802F1080353E8003F23F40003DF
:10CE9000083242E800310029F3D12023C0F888305D
:10CEA00070470000026852E8003F23F4907342E8A4
:10CEB00000310029F6D1026802F1080353E8001F8F
:10CEC0000D4B0B40083242E800310029F3D1C36E0C
:10CED000012B06D02023C0F88C300023C3664367A3
:10CEE0007047026852E8003F23F0100342E8003127
:10CEF0000029F6D1EEE700BFFEFFFFEF704708B54F
:10CF0000026852E8003F23F0400342E80031002964
:10CF1000F6D12023C0F8883000238367FFF7EEFFA7
:10CF200008BD7047704738B5846BD4F88820D4F8B2
:10CF30008C5023689B6813F0800F01D0212A10D0F9
:10CF400023689B6813F0400F01D0222D10D0D4F835
:10CF5000903043F01003C4F890302046FBF750F9AE
:10CF600038BD0023A4F856302046FFF781FFE7E7DD
:10CF70000023A4F85E302046FFF794FFE7E708B5EA
:10CF8000806B0023A0F85E30FBF73AF908BD000083
:10CF900070B504460168CB6908688D6840F60F02D9
:10CFA0001A4008D113F0200F05D010F0200F34D113
:10CFB00015F0805F31D12AB18B4A2A4033D18B4E94
:10CFC000304230D1E26E012A00F0C68013F4801F97
:10CFD00003D015F4800F40F0A98113F0800F07D023
:10CFE00010F0800F40F0A98115F4000F40F0A581EA
:10CFF00013F0400F03D010F0400F40F0A58113F460
:10D00000000F03D010F0804F40F0A28113F0807F1A
:10D0100002D00028C0F2A08170BD636F002BFBD04E
:10D0200020469847F8E713F0010F09D010F4807FED
:10D0300006D001260E62D4F890103143C4F8901047
:10D0400013F0020F0BD015F0010F08D02168022653
:10D050000E62D4F8901041F00401C4F8901013F05F
:10D06000040F0BD015F0010F08D0216804260E62C2
:10D07000D4F8901041F00201C4F8901013F0080F9A
:10D080000BD010F0200F00D13AB1226808211162B4
:10D09000D4F890200A43C4F8902013F4006F0CD009
:10D0A00010F0806F09D022684FF400611162D4F84B
:10D0B000902042F02002C4F89020D4F89020002A5A
:10D0C000AAD013F0200F09D010F0200F02D115F0D4
:10D0D000805F03D0636F0BB120469847D4F890204F
:10D0E00023689B6813F0400F02D112F0280F2CD058
:10D0F0002046FFF7D7FE23689B6813F0400F20D02F
:10D10000226802F1080353E8003F23F0400308328D
:10D1100042E800310029F3D1D4F880306BB1344AB1
:10D120001A65D4F88000F7F76FFC00283FF474AF5D
:10D13000D4F88000036D98476EE72046FBF760F84F
:10D140006AE72046FBF75CF866E72046FBF758F8ED
:10D150000023C4F890305FE713F0100F3FF436AFB0
:10D1600010F0100F3FF432AF10230B6223689B685E
:10D1700013F0400F00F0A080D4F8802013681D4801
:10D180001D498B4218BF834238D018318B4235D0AD
:10D1900018318B4232D018318B422FD018318B424C
:10D1A0002CD018318B4229D018318B4226D001F572
:10D1B00056718B4222D018318B421FD018318B42CE
:10D1C0001CD018318B4219D018318B4216D018312F
:10D1D0008B4213D018318B4210D018318B420DD0B6
:10D1E0005B689BB20CE000BF01000010200100044E
:10D1F0007FCF000810000240280002405B689BB20D
:10D20000002B49D0B4F85C10994245D9A4F85E309F
:10D21000D369B3F5807F32D0226852E8003F23F40F
:10D22000807342E800310029F6D1226802F1080338
:10D2300053E8003F23F00103083242E8003100299F
:10D24000F3D1226802F1080353E8003F23F04003C2
:10D25000083242E800310029F3D12023C4F88C3091
:10D260000023E366226852E8003F23F0100342E8FF
:10D2700000310029F6D1D4F88000F7F725FA02230F
:10D280002367B4F85C10B4F85E309BB2C91A89B257
:10D290002046FAF743FFBFE6B4F85C1099427FF4EA
:10D2A000BBAED369B3F5807F7FF4B6AE02232367AC
:10D2B0002046FAF733FFAFE6B4F85C10B4F85E30FE
:10D2C0009BB2C91A89B2B4F85E309BB2002B3FF40E
:10D2D000A3AE00293FF4A0AE226852E8003F23F439
:10D2E000907342E800300028F6D1226802F108036A
:10D2F00053E8000F1A4B0340083242E80030002880
:10D30000F3D12023C4F88C300023E36663672268DE
:10D3100052E8003F23F0100342E800300028F6D125
:10D32000022323672046FAF7F9FE75E64FF48013CF
:10D330000B62204600F09CFD6EE6A36F002B3FF4CD
:10D340006BAE2046984767E62046FFF7D8FD63E6B8
:10D35000204600F08FFD5FE6204600F08AFD5BE688
:10D36000FEFFFFEF08B5806B01230367C36E012B3F
:10D3700002D0FFF7D7FD08BDB0F85C104908FAF7F6
:10D38000CDFEF8E708B50346806BDB69B3F5807F17
:10D3900029D00023A0F85E30026852E8003F23F451
:10D3A000807342E800310029F6D1026802F10803D7
:10D3B00053E8003F23F00103083242E8003100291E
:10D3C000F3D1026802F1080353E8003F23F0400361
:10D3D000083242E800310029F3D12023C0F88C3014
:10D3E000C36E012B07D000230367C36E012B0CD043
:10D3F000FFF797FD08BD026852E8003F23F01003D5
:10D4000042E800310029F6D1EDE7B0F85C10FAF7F8
:10D4100085FEEFE770B586B004460168836802694F
:10D42000134342691343C26913430868904A024098
:10D4300013430B602268536823F44053E1680B43A5
:10D440005360A16922688B4B9A4201D0236A194329
:10D450009068894B03400B4393602268D36A23F0A2
:10D460000F03616A0B43D3622268844B9A4229D02E
:10D47000834B9A4200F09480824B9A4200F0AA803B
:10D48000814B9A4200F0C080804B9A4200F0D680D7
:10D490007F4B9A4200F008817E4B9A4200F02D812A
:10D4A0007D4B9A4200F040817C4B9A4200F05381C0
:10D4B0007B4B9A4200F078816E4B9A4200F09D813E
:10D4C000802333E0774B5B6D03F03803282B65D85E
:10D4D000DFE813F029006400640064006400640065
:10D4E00064006400AB0164006400640064006400D4
:10D4F000640064002B006400640064006400640045
:10D50000640064005E006400640064006400640001
:10D5100064006400600064006400640064006400EF
:10D52000640064006200012300E0082351498A423C
:10D5300000F09481E069B0F5004F00F00A82202BE2
:10D5400000F26282202B00F2AC82DFE813F0790255
:10D550007F02AA02AA028202AA02AA02AA028702E1
:10D56000AA02AA02AA02AA02AA02AA02AA028C0279
:10D57000AA02AA02AA02AA02AA02AA02AA02AA024B
:10D58000AA02AA02AA02AA02AA02AA02AA0298024D
:10D590001023CBE72023C9E74023C7E78023C5E753
:10D5A000404B5B6D03F00703052B11D8DFE813F048
:10D5B00006003F0108000A000C000E000023B5E73A
:10D5C0000823B3E71023B1E72023AFE74023ADE7FB
:10D5D0008023ABE7334B5B6D03F00703052B11D8BA
:10D5E000DFE813F00600270108000A000C000E0017
:10D5F00000239BE7082399E7102397E7202395E76B
:10D60000402393E7802391E7264B5B6D03F00703EC
:10D61000052B11D8DFE813F006000F0108000A00FF
:10D620000C000E00002381E708237FE710237DE72D
:10D6300020237BE7402379E7802377E7194B5B6D55
:10D6400003F00703052B11D8DFE813F00600F700FD
:10D6500008000A000C000E00002367E7082365E7B6
:10D66000102363E7202361E740235FE780235DE722
:10D67000F369FFCF000C0058FFF4FF1100100140C8
:10D680000044004000480040004C00400050004072
:10D690000014014000780040007C00400018014068
:10D6A000001C014000440258694B5B6D03F03803D5
:10D6B000282B20D8DFE803F0151F1F1F1F1F1F1F77
:10D6C000C31F1F1F1F1F1F1F171F1F1F1F1F1F1FCE
:10D6D000191F1F1F1F1F1F1F1B1F1F1F1F1F1F1F64
:10D6E0001D00012322E7082320E710231EE7202343
:10D6F0001CE740231AE7802318E7554B5B6D03F0C6
:10D700000703052B0ED8DFE803F0039C0507090B80
:10D7100000230BE7082309E7102307E7202305E789
:10D72000402303E7802301E7494B5B6D03F00703C8
:10D73000052B0ED8DFE803F003870507090B00234C
:10D74000F4E60823F2E61023F0E62023EEE6402379
:10D75000ECE68023EAE63E4B5B6D03F03803282BB2
:10D7600020D8DFE803F0151F1F1F1F1F1F1F721F88
:10D770001F1F1F1F1F1F171F1F1F1F1F1F1F191FC7
:10D780001F1F1F1F1F1F1B1F1F1F1F1F1F1F1D00CE
:10D790000123CBE60823C9E61023C7E62023C5E60C
:10D7A0004023C3E68023C1E6294B5B6D03F03803B9
:10D7B000282B20D8DFE803F0151F1F1F1F1F1F1F76
:10D7C0004E1F1F1F1F1F1F1F171F1F1F1F1F1F1F42
:10D7D000191F1F1F1F1F1F1F1B1F1F1F1F1F1F1F63
:10D7E0001D000123A2E60823A0E610239EE62023C5
:10D7F0009CE640239AE6802398E603F50E339B6D62
:10D8000003F00703052B0ED8DFE803F00326050716
:10D81000090B02238AE6082388E6102386E62023E4
:10D8200084E6402382E6802380E604237EE6042308
:10D830007CE604237AE6042378E6042376E60423D0
:10D8400074E6042372E6042370E604236EE600BF48
:10D8500000440258042369E6042367E6202B27D8F6
:10D86000022BC0F01081023B1E2B00F20E81DFE87C
:10D8700013F050000C0156000C010C010C015B0070
:10D880000C010C010C010C010C010C010C016000DD
:10D890000C010C010C010C010C010C010C010C0120
:10D8A0000C010C010C010C010C010C010C016C00B1
:10D8B000402B2CD14FF40040626A804B33F8122089
:10D8C000B0FBF2F3656805EB4501994200F2DF8099
:10D8D000B3EB053F00F2DD80002633463146F2F718
:10D8E0002BFF090241EA106100026B08C0182A46AA
:10D8F000334641F10001F2F71FFFA0F54072704B73
:10D900009A4200F2C8802368D8603046CAE00120FD
:10D91000C8E0F5F795FE0028CED10020C2E003A8AC
:10D92000F5F7A0FE0498F6E76846F5F797FF01982B
:10D93000F1E7644B1B6813F0200F08D0614B1B68A4
:10D94000C3F3C1036048D840E5E76048B4E75E48E8
:10D95000B2E7202B15D8202B00F29F80DFE803F0E0
:10D9600031379D9D3A9D9D9D3F9D9D9D9D9D9D9D7A
:10D97000449D9D9D9D9D9D9D9D9D9D9D9D9D9D9D30
:10D980005000402B1BD1626A4C4B33F81230B0FB75
:10D99000F3F06268530803EB4000B0FBF2F0A0F133
:10D9A00010024FF6EF739A4279D883B223F00F0337
:10D9B000C0F3420018432368D860002072E00120C1
:10D9C00070E0F4F7DDFF0028DDD100206AE0F4F715
:10D9D000E9FFF8E703A8F5F745FE0498F3E7684682
:10D9E000F5F73CFF0198EEE7364B1B6813F0200F6C
:10D9F00008D0344B1B68C3F3C1033348D840E2E777
:10DA00003248C0E73048BEE7402B17D14FF4004002
:10DA1000626A2A4B33F81230B0FBF3F0636800EB14
:10DA20005300B0FBF3F0A0F110024FF6EF739A42EF
:10DA300042D8236880B2D860002033E0012031E072
:10DA4000F4F79EFF0028E3D100202BE0F4F7AAFFB3
:10DA5000F8E703A8F5F706FE0498F3E76846F5F73C
:10DA6000FDFE0198EEE7174B1B6813F0200F08D05E
:10DA7000144B1B68C3F3C1031348D840E2E71348B3
:10DA8000C6E71148C4E701200CE001200AE00120AC
:10DA900008E0012006E0012004E0012002E001206E
:10DAA00000E001200123A4F86A30A4F868300023C4
:10DAB0006367A36706B070BD0120F3E7801F01080C
:10DAC000FFFC0F00004402580090D00300093D0005
:10DAD000836A13F0080F06D00268536823F40043EA
:10DAE000816B0B435360836A13F0010F06D0026809
:10DAF000536823F40033C16A0B435360836A13F005
:10DB0000020F06D00268536823F48033016B0B4385
:10DB10005360836A13F0040F06D00268536823F43D
:10DB20008023416B0B435360836A13F0100F06D0C0
:10DB30000268936823F48053C16B0B439360836A3C
:10DB400013F0200F06D00268936823F40053016C91
:10DB50000B439360836A13F0400F0AD00268536846
:10DB600023F48013416C0B435360436CB3F5801F67
:10DB70000BD0836A13F0800F06D00268536823F439
:10DB80000023C16C0B43536070470268536823F451
:10DB9000C003816C0B435360EBE72DE9F843054666
:10DBA0000E4617469946DDF820802C68E46936EA6F
:10DBB00004030CBF4FF0010C4FF0000CBC453AD1F0
:10DBC000B8F1FF3FF1D0F7F757FCA0EB0900404553
:10DBD00034D8B8F1000F33D02B681A6812F0040F54
:10DBE000E3D0B6F1400218BF0122802EDDD0002A1A
:10DBF000DBD0DA6912F0080F11D1DA6912F4006F84
:10DC0000D3D04FF400621A622846FFF74BF9202365
:10DC1000C5F89030002385F8843003200CE00824F8
:10DC20001C622846FFF73EF9C5F89040002385F8AE
:10DC30008430012000E00020BDE8F8830320FBE7EA
:10DC40000320F9E730B583B004460023C0F89030D4
:10DC5000F7F712FC05462268126812F0080F10D17F
:10DC600023681B6813F0040F28D12023C4F88830E0
:10DC7000C4F88C300020E066206784F8840003B08C
:10DC800030BD6FF07E430093034600224FF4001135
:10DC90002046FFF782FF0028E2D0226852E8003FCA
:10DCA00023F0800342E800310029F6D12023C4F894
:10DCB0008830002384F884300320E0E76FF07E434F
:10DCC00000932B4600224FF480012046FFF765FFAA
:10DCD0000028CAD0226852E8003F23F4907342E83B
:10DCE00000310029F6D1226802F1080353E8003F11
:10DCF00023F00103083242E800310029F3D1202348
:10DD0000C4F88C30002384F884300320B7E778B35C
:10DD100010B50446D0F888300BB32423C4F88830FB
:10DD20002268136823F001031360A36AE3B9204655
:10DD3000FFF770FB012811D02268536823F4904349
:10DD400053602268936823F02A0393602268136863
:10DD500043F0010313602046FFF774FF10BD80F805
:10DD60008430FEF753FFD8E72046FFF7B1FEDEE729
:10DD70000120704710B5044613468165A0F85C2069
:10DD80000022C0F890202222C0F88C20D0F88020F9
:10DD9000AAB12149D163D0F8802020491164D0F87C
:10DDA00080201F49D164D0F88020002111650168CE
:10DDB000826D2431D0F88000F6F73AFB20BB23694E
:10DDC00043B1226852E8003F43F4807342E80031D7
:10DDD0000029F6D1226802F1080353E8003F43F01E
:10DDE0000103083242E800310029F3D1226802F130
:10DDF000080353E8003F43F04003083242E8003193
:10DE00000029F3D1002010BD1023C4F89030202346
:10DE1000C4F88C300120F6E785D3000865D30008EC
:10DE200027CF0008436E2BB90123A0F86A30A0F871
:10DE30006830704730B403689A68C2F342629968E8
:10DE4000490F094D6B5C1B01084C615C93FBF1F3BE
:10DE5000A0F86A30AB5C1B01A25C93FBF2F3A0F864
:10DE6000683030BC704700BFA01F0108981F010830
:10DE700070477047704790F88430012B18D0012309
:10DE800080F884302423C0F8883003681A68196841
:10DE900021F00101196022F000520023436601685D
:10DEA0000A602022C0F8882080F884301846704725
:10DEB0000220704738B590F88430012B1DD00446FD
:10DEC000012380F884302423C0F8883003681D685B
:10DED0001A6822F001021A600268936823F0604316
:10DEE00019439160FFF79EFF23681D602023C4F84B
:10DEF0008830002084F8840038BD0220FCE738B563
:10DF000090F88430012B1DD00446012380F8843022
:10DF10002423C0F8883003681D681A6822F00102C3
:10DF20001A600268936823F0606319439160FFF7F9
:10DF300079FF23681D602023C4F88830002084F80E
:10DF4000840038BD0220FCE7D0F88C30202B21D192
:10DF500010B50446002A18BF002901D1012010BDC8
:10DF60000123C36600230367FFF704FF0028F6D1EF
:10DF7000E36E012B01D00120F1E7236810221A6221
:10DF8000226852E8003F43F0100342E800310029C4
:10DF9000F6D1E4E702207047DFF838D0F8F722FE28
:10DFA000F8F7B8FD0C480D490D4A002302E0D4589B
:10DFB000C4500433C4188C42F9D30A4A0A4C0023D3
:10DFC00001E013600432A242FBD300F017F8F2F72D
:10DFD00095FD70470000022400000024D8030024AF
:10DFE0005C2D0108D803002454900024FEE70000B3
:10DFF000014B1868704700BF0802002470B50D4D32
:10E000000D4C641BA4100026A64209D10B4D0C4CEC
:10E0100003F058FE641BA4100026A64205D170BD73
:10E0200055F8043B98470136EEE755F8043B98470E
:10E030000136F2E7542D0108542D0108542D010832
:10E04000582D0108024B0146186800F085B800BF42
:10E05000080200240A44914200F1FF3300D17047C6
:10E0600010B511F8014B03F8014F9142F9D110BDE1
:10E0700002440346934200D1704703F8011BF9E7BD
:10E0800037B5002944D051F8043C0190002BA1F190
:10E090000404B8BFE41801F025FB1E4A0198136878
:10E0A00033B96360146003B0BDE8304001F020BBB9
:10E0B000A34208D9256861198B4201BF19685B68C2
:10E0C00049192160EDE71A465B680BB1A342FAD902
:10E0D00011685518A5420BD1246821445418A34255
:10E0E0001160E0D11C685B68536021441160DAE77D
:10E0F00002D90C230360D6E7256861198B4204BF5F
:10E1000019685B68636004BF491921605460CAE7FD
:10E1100003B030BD4490002470B50E4E0C463168FB
:10E12000054611B900F0CEFC30602146284600F0CB
:10E13000C9FC431C0AD0C41C24F00304A04207D02D
:10E14000211A284600F0BEFC013001D14FF0FF3407
:10E15000204670BD489000242DE9F041CD1C25F0EB
:10E16000030508350C2D38BF0C25002D074601DBB3
:10E17000A94205D90C233B6000263046BDE8F0815A
:10E180002E4E01F0AFFA33681C4634BB29463846A0
:10E19000FFF7C2FF431C04464DD134682646002ECB
:10E1A00040D123683146384604EB030800F08AFC6E
:10E1B00080453AD1216803356D1A25F003050835ED
:10E1C0000C2D38BF0C2529463846FFF7A5FF013036
:10E1D0002BD023682B4423600EE02268521B1ED4F0
:10E1E0000B2A16D96119A342256018BF59606368CC
:10E1F00008BF316062514B60384604F10B0601F0F4
:10E2000077FA26F00706231DF21AB6D09B1BA350FF
:10E21000B3E76268A3420CBF32605A60ECE7234662
:10E220006468B2E734467668B9E70C233B60384649
:10E2300001F05EFAA1E72560DEE700BF449000240C
:10E24000F0B52DED028BB0EE408B85B017460D9DDD
:10E250000C9E18EE902A25F02005002AB6BF2D222C
:10E260000022B1EE408B462D0C461A7004D0452D8D
:10E2700000D10134022100E0032103AB019302AB82
:10E28000009322463346B0EE480B00F0B9FC472D10
:10E2900001D1FB071AD5462D00EB04020CD10378FF
:10E2A000302B07D1B5EE408BF1EE10FA1CBFC4F154
:10E2B0000104346033681A44B5EE408BF1EE10FA75
:10E2C00008BF03923021039B934207D3039B0E9A0E
:10E2D0001B1A136005B0BDEC028BF0BD5C1C0394EF
:10E2E0001970F0E7F7B503460029B8BF494203F8B3
:10E2F000022BB4BF2D222B22092942702ADD0DF1F9
:10E300000704A4460A27A6460A4691FBF7F607FB30
:10E3100016153035632A04F1FF340EF8015C3146DE
:10E32000F1DC3031AEF1020504F8011C441C294631
:10E3300061450AD30DF10902A2EB0E02654588BFC3
:10E3400000221344181A03B0F0BD11F8012B04F891
:10E35000012FEDE7302330318370C170031DF1E7E9
:10E360002DE9F04F8BB00C46DDF8508016461F4665
:10E37000054601F0B3F9D0F800B05846F1F7C8FFF0
:10E3800000230893D8F8003094F8189022680733D7
:10E3900023F0070303F10801C8F800108246D3E90F
:10E3A0000001C4E912019FED987B94ED120BB0EED1
:10E3B000C06BB4EE476BF1EE10FA24DDB5EEC00B86
:10E3C000F1EE10FA02D52D2384F84330904B91489A
:10E3D000B9F1470F94BF984680460323236122F08A
:10E3E00004020023226004930097334609AA2146C1
:10E3F000284600F0D3F9013040F08A804FF0FF301A
:10E400000BB0BDE8F08FB4EE400BF1EE10FA09D777
:10E4100010EE903A002BBCBF2D2384F843307E4889
:10E420007E4BD5E7636809F0DF010491591C3CD1AC
:10E43000062363600023039308ABCDE9019342F404
:10E44000806207AB6168009322600DF11B032846D0
:10E45000FFF7F6FE049B0799472B804608D1C81C9E
:10E4600002DB6368994241DDA9F102095FFA89F98B
:10E47000B9F1650F20D801394A4604F150000791DF
:10E48000FFF730FF089A04901318012A236102DC79
:10E490002268D20701D5013323619DF81B30002B80
:10E4A000A2D02D2384F843309EE704994729C1D197
:10E4B000002BBFD10123BCE7B9F1660F18D10029A9
:10E4C00063680BDD216113B92268D00702D50133DF
:10E4D0000B4423610023A1650493DEE713B922688E
:10E4E000D20701D50233F4E70123F2E74FF06709C1
:10E4F000089B994205DB23682161D807EAD54B1CAC
:10E50000E7E70029D4BFC1F1020201221344E0E78A
:10E5100023685A0507D42369424631462846B8473E
:10E5200001302AD16AE7B9F1650F40F2E28094ED3B
:10E53000127BB5EE407BF1EE10FA33D1384A01235D
:10E5400031462846B84701303FF458AFDDE907238C
:10E550009A4202DB2368D8070FD553465A46314604
:10E560002846B84701303FF449AF4FF0000804F1A6
:10E570001A09089B013B434509DC23689B0700F10E
:10E580000881E068099B9842B8BF184638E7012324
:10E590004A4631462846B84701303FF42FAF08F1CC
:10E5A0000108E6E7079B002B3CDC1D4A01233146AE
:10E5B0002846B84701303FF421AFDDE90723134374
:10E5C00002D12368D907D8D553465A463146284642
:10E5D000B84701303FF412AF4FF0000904F11A0AB6
:10E5E000079B5B424B4501DC089B95E701235246A4
:10E5F00031462846B84701303FF400AF09F1010920
:10E60000EEE700BFAFF30080FFFFFFFFFFFFEF7FEC
:10E61000AC1F0108B01F0108B81F0108B41F010892
:10E62000BC1F0108089AA36D9A42A8BF1A46002A87
:10E63000914638DC0023059329EAE97904F11A02AE
:10E64000A36D05990493A3EB09038B4233DCDDE949
:10E6500007239A423CDB2368DA0739D4089B049AE3
:10E6600007999A1AA3EB01099145A8BF9146B9F100
:10E67000000F35DC4FF0000829EAE97904F11A0AA5
:10E68000DDE907239B1AA3EB090343457FF775AF29
:10E690000123524631462846B84701303FF4AEAE1A
:10E6A00008F10108ECE71346314642462846B847D0
:10E6B0000130BFD1A2E60123314628460492B84773
:10E6C00001303FF49BAE059B049A01330593B7E7F5
:10E6D00053465A4631462846B8470130BED18DE6EA
:10E6E000049A4B46424431462846B8470130C1D1CE
:10E6F00084E6089A012A01DCDB0737D5012342466C
:10E7000031462846B84701303FF478AE53465A4662
:10E7100031462846B84701303FF470AE94ED127B85
:10E72000B5EE407BF1EE10FA1BD0089B08F1010218
:10E73000013B31462846B84701300ED15EE6012341
:10E740004A4631462846B84701303FF457AE08F1F3
:10E750000108089B013B4345F1DC049B04F1500296
:10E76000DBE64FF0000804F11A09F2E70123424604
:10E77000DFE701234A4631462846B84701303FF4D7
:10E780003DAE08F10108E36809995B1A4345F0DCE6
:10E79000F7E64FF0000804F11909F4E72DE9F04716
:10E7A000164699468A680B69DDF820809342B8BF07
:10E7B0001346336091F8432007460C460AB10133F3
:10E7C00033602368990642BF33680233336025689B
:10E7D00015F0060506D104F1190AE36832689B1AA0
:10E7E000AB4226DC94F84320131E226818BF012395
:10E7F00092062BD404F1430249463846C047013003
:10E800001ED02368E568326803F00603042B08BFB6
:10E81000AD1AA36822690CBF25EAE575002593426D
:10E82000C4BF9B1AED1800261A34B5421AD1002035
:10E8300008E00123524649463846C047013003D11B
:10E840004FF0FF30BDE8F0870135C6E7E1185A1CEC
:10E85000302081F84300224494F8451082F8431098
:10E860000233C7E70123224649463846C0470130F4
:10E87000E6D00136D9E700002DE9FF470F7E0C9D59
:10E88000782F914680460C469A4601F1430207D8FC
:10E89000622F0AD8002F00F0D880582F00F0A380F4
:10E8A00004F1420584F842703AE0A7F16303152BA6
:10E8B000F6D801A151F823F011E9000825E9000874
:10E8C000A1E80008A1E80008A1E80008A1E8000804
:10E8D00025E90008A1E80008A1E80008A1E800086F
:10E8E000A1E8000831EA000855E9000813EA000829
:10E8F000A1E80008A1E8000853EA0008A1E8000820
:10E9000055E90008A1E80008A1E800081BEA000892
:10E910002B681A1D1B682A6004F1420584F84230F6
:10E920000123A3E020682968060601F104030AD543
:10E930000E682B60002E03DA2D23764284F84330D4
:10E940005E480A2319E00E682B6010F0400F18BFD4
:10E9500036B2EFE72B682068191D2960010601D542
:10E960001E6802E04606FBD51E8854486F2F0CBF78
:10E9700008230A23002184F843106568A560002D50
:10E98000A2BF216821F0040121600EB9002D4DD0F5
:10E990001546B6FBF3F103FB1167C75D05F8017D72
:10E9A0003746BB420E46F4D9082B0BD12368DE074D
:10E9B00008D5236961689942DEBF302305F8013C20
:10E9C00005F1FF35521B2261CDF800A04B4603AA8A
:10E9D00021464046FFF7E2FE01304CD14FF0FF30B8
:10E9E00004B0BDE8F087354881F845702968236890
:10E9F00051F8046B29601D0614D5DF0744BF43F0AE
:10EA0000200323601EB9236823F020032360102312
:10EA1000B0E7236843F0200323607823284884F874
:10EA20004530E3E7590648BFB6B2E6E71546BBE70F
:10EA30002B6826686169181D286035061B6801D59A
:10EA4000196002E07006FBD519800023236115468A
:10EA5000BAE72B681A1D2A601D68626800212846E3
:10EA6000F1F75EFC08B1401B60606368236100231E
:10EA700084F84330A8E723692A4649464046D047F0
:10EA80000130ABD023689B0713D4E068039B984206
:10EA9000B8BF1846A4E70123324649464046D0474E
:10EAA00001309BD00135E36803995B1AAB42F2DC7D
:10EAB000EBE7002504F11906F5E700BFBE1F0108CA
:10EAC000CF1F010838B5064D0023044608462B60C9
:10EAD000F8F796FF431C02D12B6803B1236038BDC1
:10EAE0004C9000242DE9F74F03690C69A3420746B7
:10EAF000C0F28180013C01F1140800F1140505EB1E
:10EB00008403019358F8243055F8242001339A42A5
:10EB10004FEA840B08EB8409B2FBF3F631D34FF0D4
:10EB2000000E4046AC46F24650F8042B93B206FB6A
:10EB300003E34FEA134E9BB2AAEB0303DCF800A0F9
:10EB4000120C13FA8AF306FB02E20093009B4FEAD1
:10EB5000124E92B2C2EB1A4202EB2342BDF80030D1
:10EB6000814543EA02434CF8043B4FEA224ADBD298
:10EB700055F80B302BB9019B043B9D421A462ED30E
:10EB80003C61384601F03CF8002824DB0136284679
:10EB90004FF0000C58F8042BD0F800E093B2ACEB27
:10EBA0000303120C13FA8EF3C2EB1E4202EB234254
:10EBB0009BB243EA0243C14540F8043B4FEA224C72
:10EBC000E8D255F8242005EB840322B9043B9D428A
:10EBD0001A460AD33C61304603B0BDE8F08F126894
:10EBE000043B002ACCD1013CC7E71268043B002A51
:10EBF000F0D1013CEBE70020EEE700000000000050
:10EC00002DE9F04F2DED028B456A91B08DED020B91
:10EC100059EC108B1C9C0691064608920C9375B912
:10EC20001020FFF70FFA0246706220B9AA4BEA21C2
:10EC3000AA4801F0FDF8C0E901550560C560736A96
:10EC4000196851B15A684A60012393408B6030467D
:10EC500000F094FD736A00221A60B9F10003BBBF93
:10EC600023F00043039300230122ACBF2360226002
:10EC70009B4B039CA3431CD10C9A42F20F7313606D
:10EC8000C4F3130353EA080300F0FD841D9B63B92A
:10EC9000944B1FE0944B019308331D9A1360019825
:10ECA00011B0BDEC028BBDE8F08F8E4B01930333A6
:10ECB000F3E79DED028BB5EE408BF1EE10FA0BD130
:10ECC0000C9A012313601D9B002B00F0D984874808
:10ECD0001860431E0193E2E70FA90EAA3046B0EE7A
:10ECE000480B01F033F8C4F30A5105460E98002989
:10ECF00046D018EE904AC4F3130453EC182B44F09A
:10ED00007F5343F44013A1F2FF31002443EC162B50
:10ED1000B7EE087B9FED6A5B36EE477B9FED6A6B33
:10ED2000A7EE056B9FED6A5B07EE901AB8EEE74B16
:10ED3000B0EE467BA4EE057BFDEEC76BB5EEC07B67
:10ED4000F1EE10FA16EE90BA0A9408D5B8EEE66B1A
:10ED5000B4EE476BF1EE10FA18BF0BF1FF3BBBF1BD
:10ED6000160F2FD8624B03EBCB0393ED007BB4EE71
:10ED7000C78BF1EE10FA01D50BF1FF3B002322E027
:10ED80000F99014401F23243202BC1BFC3F140036C
:10ED900004FA03F301F2124428FA04F8D6BFC3F1CF
:10EDA000200343EA080808FA03F807EE908AB8EE51
:10EDB000677B013917EE904A53EC172BA4F1F873D7
:10EDC0000124A3E701230B93431A5A1E45BFC3F145
:10EDD0000103049300230023059254BF0493059379
:10EDE000BBF1000F18DB059BCDF824B05B44059305
:10EDF0000023069A092A49D8052AC4BF043A069274
:10EE0000069AA2F10202CCBF00240124032A48D8AA
:10EE1000DFE802F00B2E2C3A049B0022A3EB0B033D
:10EE200004930992CBF10003E3E700220792089ACA
:10EE3000002A39DC4FF0010AD1465246CDF820A015
:10EE4000776A00217960042000F1140C94457968F8
:10EE50002FD930460D9300F051FC0D9B01900246D6
:10EE6000002849D1234B4FF4D571E1E60122DDE7BB
:10EE700000220792089A0BEB020A0AF101094A469E
:10EE8000012AB8BF0122DBE70122F2E701240022B8
:10EE9000CDE906244FF0FF3A0021D1461222089115
:10EEA000CEE701220792F5E7DDF820A0D1465246D1
:10EEB000C6E7013179604000C6E700BFAFF30080CC
:10EEC00061436F63A787D23FB3C8608B288AC63F70
:10EED000FB799F501344D33FED1F01080420010824
:10EEE0000000F07FE91F0108E01F0108BD1F0108B5
:10EEF0004021010882200108726A01991160B9F16C
:10EF00000E0F6CD8002C6AD0BBF1000F40F3A0802C
:10EF1000C1490BF00F0201EBC2021BF4807F92ED9E
:10EF2000007B4FEA2B1100F08780BC4A92ED086B02
:10EF300088EE066B8DED026B01F00F010322B748DE
:10EF400000297BD19DED026B86EE077B8DED027B68
:10EF50000B99002900F0A280B7EE006B9DED027BBB
:10EF6000B4EEC67BF1EE10FA40F19880B9F1000FD3
:10EF700000F09480BAF1000F2FDDB2EE046B27EEA3
:10EF8000067B8DED027B0BF1FF37013250469DED84
:10EF9000026BB1EE0C5B07EE902AB8EEE77BA7EEB2
:10EFA000065B15EE904A52EC151BA4F15072002836
:10EFB00077D1B1EE047B36EE476B42EC171BB4EE13
:10EFC000C76BF1EE10FA00F36382B1EE477BB4EE4B
:10EFD000C76BF1EE10FA00F158828DED028B0F9A9B
:10EFE000002AC0F21D81BBF10E0F00F319818A4B7C
:10EFF00003EBCB0393ED006B089B002B80F2B780F3
:10F00000B9F1000F00F3B38040F03F82B1EE047B12
:10F0100026EE076B9DED027BB4EEC76BF1EE10FAA6
:10F020004C464F4680F21582DDF80480312308F803
:10F03000013B0BF1010B11E2022280E7CC0704D562
:10F0400090ED006B013227EE067B4910083077E720
:10F0500022D0CBF10001704A01F00F0002EBC00298
:10F0600092ED007B28EE077B8DED027B6B4809114A
:10F070000024022229B9002C3FF46AAF8DED027BF7
:10F0800066E7CF0705D590ED006B0132012427EE2E
:10F09000067B49100830EDE7022259E75F464846F3
:10F0A00075E742EC171B5C4A02EBC00212ED024B03
:10F0B000019A1418079A52B3B6EE003BB7EE002B34
:10F0C000DDF8048083EE045BB2EE043B35EE477B53
:10F0D000FDEEC64B14EE902AB8EEE45B303236EE0D
:10F0E000456BB4EEC76BF1EE10FA08F8012B39D47A
:10F0F00032EE465BB4EEC75BF1EE10FA72D4A04577
:10F100003FF46BAF27EE037B26EE036BE0E7DDF801
:10F11000048027EE047B2146B2EE043BFDEEC64B95
:10F1200014EE902A303208F8012BA045B8EEE45BCB
:10F1300036EE456B18D1B6EE005B37EE054BB4EEFC
:10F14000C46BF1EE10FA4DDC35EE477BB4EEC76BC5
:10F15000F1EE10FA7FF541AF8846013918F8013C0D
:10F16000302BF9D0BB462AE026EE036BD6E79DEDA7
:10F17000027BB2EE044BDDF8048087EE065BBDEE49
:10F18000C55B15EE103A303308F8013B019BA8EB44
:10F1900003039945B8EEC53BA3EE467B33D137EE6A
:10F1A000077BB4EEC67BF1EE10FA1ADCB4EE467BB8
:10F1B000F1EE10FA03D115EE103AD90711D4294611
:10F1C000304600F0DBFA00230C9A88F800300BF18F
:10F1D000010313601D9B002B3FF461ADC3F8008059
:10F1E0005DE55F464346984613F8012D392A06D15E
:10F1F000019A9A42F7D10199302201370A701A78A0
:10F2000001321A70AEE727EE047BB5EE407BF1EEDB
:10F2100010FAB2D1D3E700BF40210108182101083C
:10F220000799002900F0D0800699012900F3B480E5
:10F230000A99002900F0AC8002F23342DDF8108018
:10F240001C460A93049B13440493059B0121134419
:10F250003046059300F04AFB0A9B0746B8F1000FC1
:10F260000DDD059A002A0ADD42450499A8BF4246F1
:10F27000891A04910599A8EB02088A1A059203B32A
:10F28000079A002A00F0A580002C13DD394622469B
:10F2900030460D9300F0EAFB2A4601460746304609
:10F2A00000F03AFB29460A90304600F067FA0A9AC5
:10F2B0000D9B15461A1B04D02946304600F0D6FB9C
:10F2C00005460121304600F011FB099B002B044646
:10F2D00040F381801A460146304600F0C7FB069B8A
:10F2E000012B04467ADD00230A93226904EB820293
:10F2F000106900F0ABFAC0F12000059B184410F033
:10F300001F0000F08C80C0F12002042A40F38580A9
:10F31000C0F11C00049B03440493059B03448044F8
:10F320000593049B002B05DD29461A46304600F064
:10F33000F7FB0546059B002B05DD21461A463046A6
:10F3400000F0EEFB04460B9B002B6AD021462846BA
:10F3500000F056FC002864DA002329460A223046D1
:10F3600000F02EFA079B0BF1FF3B0546002B00F047
:10F370009181394600230A22304600F021FABAF181
:10F38000000F074600F38D80069B022B50DC88E0BF
:10F390000E9AC2F1360251E709F1FF34A342BFBF12
:10F3A000099AE31AD2180992B6BF23461C1B0024FF
:10F3B000B9F1000FB5BF049ADDF81080A2EB09087F
:10F3C0004A46B8BF00223CE7DDF81080079F1C4684
:10F3D00044E71A4670E7069B012B18DC029BB3B981
:10F3E000039BC3F31302A2B923F00042120D1205CE
:10F3F0008AB1049B01330493059B013305930123D8
:10F400000A93099B002B7FF470AF012075E700235E
:10F41000F6E7029BF4E70A92F3E782D010461C302D
:10F4200078E7B9F1000F37DC069B022B34DDCA46C2
:10F43000BAF1000F0DD1214653460522304600F0A7
:10F44000BFF901460446284600F0DAFB00283FF7E2
:10F45000EBAD089BDDF804806FEA030B4FF0000969
:10F460002146304600F08AF9002F3FF4A8AEB9F1EA
:10F47000000F05D0B94503D04946304600F07EF96B
:10F480003946304600F07AF999E600242746E0E74D
:10F49000BB4604460746C7E5079BCA46002B00F05B
:10F4A0000081B8F1000F05DD39464246304600F0D4
:10F4B00037FB07460A9B002B5DD07968304600F089
:10F4C0001DF9804628B9824B024640F2EA21FFF737
:10F4D000AFBB3A690232920007F10C010C30FEF723
:10F4E000B9FD01224146304600F01AFB019B013371
:10F4F0000493019B53440893029B03F00103B94614
:10F5000007930746049B2146013B28460293FFF7D9
:10F51000E9FA03463033059049462846099300F03E
:10F520006FFB3A4682462146304600F085FBC268B2
:10F53000099B80460ABB0146284600F061FB099BF7
:10F54000024641463046CDE9093200F017F9069BE4
:10F550000A9ADDF8108043EA0201079B0B43099BDE
:10F560000DD1392B29D0BAF1000F01DD059B3133C4
:10F57000029A137074E73846B8E70122E1E7BAF15E
:10F58000000F06DB069941EA0A0A07995AEA0101C7
:10F5900020D1002AECDD294601223046049300F0F8
:10F5A000BFFA2146054600F02BFB0028049B02DC35
:10F5B000DED1DA07DCD5392BD8D1029A3923137082
:10F5C00043469846013B18F8012C392A51D00132A4
:10F5D0001A7045E7002A03DD392BEED00133C7E767
:10F5E000049A089902F8013C8A422BD0294600234C
:10F5F0000A22304600F0E4F8B94505464FF0000312
:10F600004FF00A024946304607D100F0D9F881464A
:10F610000746049B0133049374E700F0D1F83946A0
:10F62000814600230A22304600F0CAF80746F0E778
:10F63000BAF1000F019ACCBFD0464FF001089044B8
:10F640004FF00009294601223046029300F068FA83
:10F650002146054600F0D4FA0028B1DC02D1029B15
:10F66000DB07ADD44346984613F8012D302AFAD073
:10F67000F6E6019A9A42A4D10BF1010B312378E707
:10F68000144BFFF727BB1D9B002B7FF403AB124BE2
:10F69000FFF720BBBAF1000F03DC069B022B3FF7FC
:10F6A000C7AEDDF8048021462846FFF71BFA00F1BB
:10F6B000300308F8013B019AA8EB02029245B7DD3E
:10F6C000294600230A22304600F07AF80546EAE788
:10F6D00082200108BC1F0108E01F01080048704794
:10F6E0005C030024014800F0D4BB00BF509000240C
:10F6F000014800F0CFBB00BF5090002470B5466AAF
:10F7000004460D4676B91020FEF79CFC0246606266
:10F7100020B9184B1848662100F08AFBC0E9016641
:10F720000660C660666AF36883B1636ADB6853F893
:10F730002500B8B9012101FA05F6721D9200204694
:10F7400000F060FB60B1C0E901560EE02122042107
:10F75000204600F057FB636AF060DB68002BE4D1C1
:10F76000002070BD026843F825200023C0E9033360
:10F77000F7E700BFED1F01089320010870B5466A46
:10F7800005460C4676B91020FEF75CFC024668621E
:10F7900020B9094B09488A2100F04AFBC0E90166FB
:10F7A0000660C6603CB16B6A6268DB6853F8221081
:10F7B000216043F8224070BDED1F0108932001082D
:10F7C0002DE9F0410D6907460C461E4601F1140C67
:10F7D0000020DCF8003099B202FB01611E0C0B0C1A
:10F7E00002FB063389B2013001EB034185424CF83C
:10F7F000041B4FEA1346ECDC0EB3A368AB4219DCE2
:10F80000616838460131FFF779FF804628B9024622
:10F810000C4B0D48B52100F00BFB2269023204F1BC
:10F820000C0192000C30FEF715FC21463846FFF71C
:10F83000A5FF444604EB850301355E612561204642
:10F84000BDE8F0818220010893200108030C1B040D
:10F85000D3B90004102310F07F4F04BF0002083317
:10F8600010F0704F04BF0001043310F0404F04BF8C
:10F8700080000233002805DB10F0804F03F1010304
:10F8800008BF2023184670470023E4E7036813F0FD
:10F89000070201460BD0DA0723D4980749BF5B085B
:10F8A0009B0801200B605CBF0B600220704798B280
:10F8B000A8B91B0C1020DAB20AB908301B0A1A07C3
:10F8C00004BF1B0904309A0704BF9B080230DA0703
:10F8D00003D45B0800F1010005D00B6070471046AF
:10F8E000E9E70020704720207047000010B50C4663
:10F8F0000121FFF703FF024628B9054B05484FF4E5
:10F90000A07100F095FA01234461036110BD00BFAE
:10F9100082200108932001082DE9F04F91460A69E1
:10F92000D9F810309A42B8BF0B460C46BCBF4C46C3
:10F9300099462769D9F810A0A368616807EB0A0601
:10F94000B34285B0B8BF0131FFF7D8FE30B90246E7
:10F95000444B454840F25D1100F06AFA00F114058D
:10F9600005EB86082B460022434521D304F11403FE
:10F9700003EB870709F1140303EB8A0202923A1B97
:10F98000153A22F00302043204F115018F4238BF08
:10F9900004220192029A03939A420CD8002E03DDAE
:10F9A00058F8043D002B5AD0066105B0BDE8F08F31
:10F9B00043F8042BD8E7B3F800A0BAF1000F24D025
:10F9C00004F1140EA9464FF0000C5EF8042BD9F890
:10F9D00000101FFA82FB89B20AFB0B114FEA124B8F
:10F9E000D9F8002061444FEA124C0AFB0BC202EB2B
:10F9F000114289B241EA0241774549F8041B4FEAB6
:10FA0000124CE2D8019A45F802C0039AB2F802906B
:10FA10000433B9F1000F20D0296804F1140CAE466C
:10FA20004FF0000ABCF800B0BEF8022009FB0B2220
:10FA3000924489B241EA0A414EF8041B5CF8042B57
:10FA4000BEF80010120C09FB021101EB1A416745C8
:10FA50004FEA114AE6D8019AA95004359AE7013EC7
:10FA60009CE700BF82200108932001082DE9F8439C
:10FA7000154612F0030206460F4607D0254C013A00
:10FA8000002354F82220FFF79BFE0746AD103DD01F
:10FA9000746A7CB91020FEF7D5FA0246706228B964
:10FAA0001D4B1E484FF4D77100F0C2F9C0E9014464
:10FAB0000460C460D6F82480D8F808404CB940F2FD
:10FAC00071213046FFF712FF0023C8F808000446F2
:10FAD00003604FF00009EB070AD53946224630464D
:10FAE000FFF71AFF394680463046FFF747FE474684
:10FAF0006D100BD0206838B9224621463046FFF7FA
:10FB00000BFF2060C0F800900446E4E73846BDE8EB
:10FB1000F88300BF08220108ED1F010893200108A7
:10FB20002DE9F0470C464968236903EB6218A36886
:10FB3000074691464FEA621A08F10106B3420BDB11
:10FB40003846FFF7DBFD054648B902462A4B2B48ED
:10FB500040F2D91100F06CF901315B00EEE70023AF
:10FB600000F1140100F110021846534537DB2069FB
:10FB70002AEAEA7A04F1140319F01F0901EB8A0159
:10FB800003EB80002FD0C9F1200E8A464FF0000C05
:10FB90001A6802FA09F242EA0C024AF8042B53F8F6
:10FBA000042B984222FA0EFCF2D8031B153B23F0DB
:10FBB0000303043304F11502904238BF042341F8D3
:10FBC00003C0BCF1000F01D008F10206013E384627
:10FBD0002E612146FFF7D2FD2846BDE8F08742F8A6
:10FBE000040F0133C1E7043953F8042B41F8042F03
:10FBF0009842F9D8EAE700BF822001089320010863
:10FC000030B502690C69121B0ED100F114031431D6
:10FC100003EB840001EB840150F8045D51F8044DBE
:10FC2000A54203D005D30122104630BD8342F3D351
:10FC3000FAE74FF0FF32F7E72DE9F84F0C4606469A
:10FC4000114620469046FFF7DBFF051E10D12946DE
:10FC50003046FFF753FD30B93A4B024640F23221AD
:10FC6000394800F0E5F80123C0E90435BDE8F88F14
:10FC7000A4BF4346A0463046D8F80410A6BF1C4691
:10FC800000250125FFF73AFD20B92E4B02464FF41F
:10FC90001071E5E7D8F810702669C56004F1140901
:10FCA00008F1140500F1140E05EB870C09EB86062C
:10FCB00008F11002F246002159F8043B52F804BF43
:10FCC0001FFA83F811FA8BF11B0CA1EB0808C3EBA8
:10FCD0001B4303EB28431FFA88F819144E4548EAE2
:10FCE00003434AF8043BE7D8331B153B23F00303D7
:10FCF00004331534A64238BF04231D4473449E4682
:10FD00002E4666450ED30CF10302521B22F003026D
:10FD1000033DAC4538BF00221A4452F8043D7BB184
:10FD20000761A3E756F8048B11FA88F2141404EB68
:10FD3000184492B242EA04424EF8042B2114E0E740
:10FD4000013FEAE782200108932001082DE9F743EB
:10FD50008946012157EC106B9046FFF7CFFC044613
:10FD600030B90246254B264840F20A3100F060F8CF
:10FD7000C7F30A55C7F3130335BB002E019328D0F0
:10FD800068460096FFF782FD009900B3019AC0F122
:10FD9000200302FA03F30B43C24063610192019B0B
:10FDA000A361002B14BF022201222261D5B1A5F26A
:10FDB00033450544C9F80050C0F13500C8F80000CB
:10FDC000204603B0BDE8F08343F48013D5E76161BA
:10FDD000E5E701A8FFF75AFD019B6361012222615B
:10FDE0002030E3E704EB8203A0F23240C9F80000C0
:10FDF0001869FFF72BFDC0EB4210DFE782200108F6
:10FE00009320010837B5A1FB02244CB91146019299
:10FE1000FEF7A2F9019A054630B9284603B030BD75
:10FE20000C2202600025F8E72146FEF721F9F4E7ED
:10FE30001FB514461A46094B1B680546D8684CB1D5
:10FE4000074B0091CDE9013406492B4600F00EF82E
:10FE500000F05AFA044B1C46F3E700BF08020024E6
:10FE600014220108212201084F2201080EB403B513
:10FE7000014603AB054853F8042B0068019300F0DA
:10FE800045F802B05DF804EB03B0704708020024A7
:10FE900070477047704782B001B901A942B14BB1B8
:10FEA00013780B601278101E18BF012002B0704743
:10FEB0001046FBE76FF00100F8E79368013B002B69
:10FEC00010B4936008DA9469A34201DB0A2903D1D4
:10FED0005DF8044B00F04AB91368581C10601970A3
:10FEE00008465DF8044B7047F8B506460F461446C1
:10FEF000D518AC4201D1002007E014F8011B3A46A6
:10FF00003046FFF7DAFF431CF3D1F8BD2DE9F04F7F
:10FF10000D469DB014469846064618B183690BB944
:10FF200000F014FB894B9D421BD175686B6ED9079D
:10FF300005D4AB899A0502D4A86DFFF7AAFFAB8957
:10FF40001B0701D52B69EBB92946304600F06EF945
:10FF5000C0B16B6EDC070ED54FF0FF301DB0BDE8B1
:10FF6000F08F7B4B9D4201D1B568DFE7794B9D4215
:10FF700008BFF568DAE7AB899805EDD4A86DFFF7FF
:10FF800089FFE9E70023099320238DF82930CDF874
:10FF90000C803023DFF8C0818DF82A304FF0010942
:10FFA00023469A4613F8012B0AB1252AF9D1BAEB58
:10FFB000040B0BD05B46224629463046FFF794FFE0
:10FFC000013000F0AA80099A5A4409929AF8003048
:10FFD000002B00F0A28000234FF0FF32CDE9052373
:10FFE0000AF1010A049307938DF853301A9354468B
:10FFF000052214F8011B5848F0F792F9049AD8B971
:020000040801F1
:10000000D10644BF20238DF85330130744BF2B2360
:100010008DF853309AF800302A2B15D0079A5446A1
:1000200000204FF00A0C214611F8013B303B092B10
:100030004ED9B0B1079214E0A0EB080309FA03F31C
:1000400013430493A246D2E7039B191D1B68039137
:10005000002BBBBF5B4242F0020207930793B8BF7D
:10006000049223782E2B0CD163782A2B35D1039B55
:100070001A1D1B680392002BB8BF4FF0FF330234E8
:100080000593DFF8E4A0217803225046F0F748F901
:1000900040B14023A0EB0A0003FA00F0049B0343A5
:1000A0000134049314F8011B2C488DF82810062203
:1000B000F0F736F900283FD0294B1BBB039B0733D1
:1000C00023F0070308330393099B3B44099367E735
:1000D0000CFB02320C460120A5E7002301340593F6
:1000E00019464FF00A0C204610F8012B303A092A25
:1000F00003D9002BC5D00591C3E70CFB01210446B1
:100100000123F0E703AB00932A46164B04A93046BF
:10011000FEF726F90746781CD6D16B6ED90705D4B1
:10012000AB899A0502D4A86DFFF7B4FEAB895B06D4
:100130003FF512AF099811E703AB00932A46094B2C
:1001400004A93046FEF798FBE4E700BF8C230108C2
:10015000AC2301086C2301085A220108642201081B
:1001600061E30008E9FE000860220108F8B50E46C8
:100170001446054618B183690BB900F0E7F9214B25
:100180009C422BD16C68A369A360A3891A072FD561
:1001900023696BB323692068C01A6369F6B283428E
:1001A000374604DC2146284600F03CF930BBA36802
:1001B000013BA36023685A1C22601E7063690130F2
:1001C000834204D0A389DB0706D50A2E04D1214639
:1001D000284600F027F988B93846F8BD0A4B9C42FA
:1001E00001D1AC68CFE7094B9C4208BFEC68CAE775
:1001F0002146284600F01AF80028CBD04FF0FF37F0
:10020000EAE700BF8C230108AC2301086C23010836
:1002100049B1FF2A85BF8A2303600A704FF0FF307F
:1002200098BF01207047084670470000324B70B5F8
:100230001D6806460C4625B1AB6913B9284600F087
:1002400085F92E4B9C420FD16C68A389B4F90C2020
:1002500019072CD4DD0611D40923336042F0400382
:10026000A3814FF0FF303EE0254B9C4201D1AC68AA
:10027000EBE7244B9C4208BFEC68E6E7580712D531
:10028000616B41B104F14403994202D03046FDF75D
:10029000F7FE00236363A38923F02403A3810023D3
:1002A000636023692360A38943F00803A381236962
:1002B0004BB9A38903F42073B3F5007F03D0214623
:1002C000304600F005FAA089B4F90C2010F00103C3
:1002D0000AD00023A36063695B42A361236943B929
:1002E00010F08000BAD170BD810758BF6369A36068
:1002F000F4E70020F7E700BF080200248C23010880
:10030000AC2301086C23010808B5062000F048FA68
:100310000120FCF7ABFB00008A892DE9F04105467E
:1003200010070C4658D44B68002B05DC0B6C002BD7
:1003300002DC0020BDE8F081E66A002EF9D000233F
:1003400012F480522F682B6032D0606DA3895A0757
:1003500005D56368C01A636B0BB1236CC01A002308
:100360000246E66A216A2846B047431CA38906D1A3
:1003700029681D292CD82A4ACA40D60728D5002228
:100380006260D9042269226004D5421C01D12B6825
:1003900003B96065616B2F600029CAD004F1440382
:1003A000994202D02846FDF76BFE00206063C1E74A
:1003B000216A01232846B047411CC7D12B68002B76
:1003C000C4D01D2B01D0162B01D12F60B1E7A3891A
:1003D00043F04003A381ADE70F69002FA9D0930735
:1003E0000E6808BF4B690F6018BF0023A6EB070813
:1003F0008B60B8F1000F9CDD216AA66A43463A463D
:100400002846B047002806DCA38943F04003A381B7
:100410004FF0FF308EE70744A8EB0008E9E700BF84
:100420000100402038B50B6905460C4613B900257C
:10043000284638BD18B183690BB900F087F8144B12
:100440009C421BD16C68B4F90C30002BEFD0626E6B
:10045000D00704D4990502D4A06DFFF71AFD2846F1
:100460002146FFF759FF636EDA070546E0D4A389FA
:100470009B05DDD4A06DFFF70DFDD9E7054B9C4230
:1004800001D1AC68DFE7044B9C4208BFEC68DAE7B7
:100490008C230108AC2301086C230108002310B54C
:1004A0000446C0E90033C0E90433836081814366B8
:1004B000C2818361194608225C30FDF7D9FD054BE6
:1004C0006362054BA362054BE362054B2462236321
:1004D00010BD00BFD9070108FB0701083308010858
:1004E00057080108014900F0AFB800BF2504010812
:1004F00070B568224D1E55430E4605F17401FDF797
:100500002BFE044640B10021C0E900160C30A0606B
:1005100005F16802FDF7ACFD204670BD0148FFF70C
:10052000B8BC00BF519000240148FFF7B3BC00BF26
:10053000519000240148FFF7ACBC00BF529000244A
:100540000148FFF7A7BC00BF5290002410B5044635
:10055000FFF7F0FFA3691BB1BDE81040FFF7F0BF44
:10056000C4E912332365134B134A1B68A262A342EA
:1005700004BF0123A361204600F020F860602046FC
:1005800000F01CF8A060204600F018F80022E0609F
:1005900004216068FFF782FFA06801220921FFF7AC
:1005A0007DFFE06802221221FFF778FF0123A3619B
:1005B000D2E700BFA81F0108E5040108F8B5074607
:1005C000FFF7ACFF1E4B1E68B36913B93046FFF747
:1005D000BDFF4836D6E90134013B03D533680BB380
:1005E0003668F7E7B4F90C50D5B9164BE36004F15F
:1005F00058006566FFF74CFCFFF796FFC4E901550C
:10060000C4E904552560A5610822294604F15C006F
:10061000FDF72EFDC4E90D55C4E912552046F8BD7D
:100620006834D9E704213846FFF762FF044630609A
:100630000028D5D1FFF778FF0C233B60EEE700BF21
:10064000A81F01080100FFFF2DE9F8430646884670
:1006500000F148040027D4E90195B9F1010905D555
:100660002468002CF7D13846BDE8F883AB89012B0C
:1006700007D9B5F90E30013303D029463046C047BB
:1006800007436835E9E770B50E46B1F90E10002949
:1006900096B014461D4608DAB6F90C3000222A60DE
:1006A0001A0610D44FF480630EE06A4600F0FAF8A0
:1006B0000028F1DB019A02F47042A2F500535A427D
:1006C0005A412A60EEE740230020236016B070BD37
:1006D0008B8973B59D0706460C4607D504F1470381
:1006E000236023610123636102B070BD01AB6A46E0
:1006F000FFF7C9FF009905463046FDF72DFD48B9C3
:10070000B4F90C309A05EFD423F0030343F002034D
:10071000A381E3E70D4BB362A389206043F080031C
:10072000A381009B6361019B20615BB1B4F90E1052
:10073000304600F0C9F828B1A38923F0030343F041
:100740000103A381A0890543A581CDE7E504010844
:100750001F2938B504460D4604D9162303604FF00F
:10076000FF3038BD426C12B152F821304BB92046EF
:1007700000F030F82A4601462046BDE8384000F037
:1007800017B8012B0AD0591C03D11623036001208E
:10079000E7E7002442F82540284698470020E0E794
:1007A000024B01461868FFF7D3BF00BF08020024C0
:1007B00038B5074D00230446084611462B60FCF768
:1007C0004DF9431C02D12B6803B1236038BD00BF33
:1007D0004C900024FCF740B910B50C46B1F90E104E
:1007E00000F094F80028ABBF636DA3891B1823F4B5
:1007F0008053ACBF6365A38110BD2DE9F0411F4656
:100800008B89DB0505460C46164605D5B1F90E1059
:100810000223002200F068F8A389B4F90E1023F433
:100820008053A38132463B462846BDE8F04100F0A4
:1008300017B810B50C46B1F90E1000F055F8431C6E
:10084000A38915BF606523F4805343F48053A381CB
:1008500018BFA38110BDB1F90E1000F013B800004D
:1008600038B5074D04460846114600222A601A464C
:10087000FCF712F9431C02D12B6803B1236038BD89
:100880004C90002438B5064D0023044608462B60E2
:10089000FCF710F9431C02D12B6803B1236038BD6B
:1008A0004C90002438B5074D0023044608461146F5
:1008B0002B60FCF702F9431C02D12B6803B12360C3
:1008C00038BD00BF4C90002438B5064D00230446C7
:1008D00008462B60FCF7F6F8431C02D12B6803B1E5
:1008E000236038BD4C90002438B5074D04460846B7
:1008F000114600222A601A46FCF7E6F8431C02D192
:100900002B6803B1236038BD4C90002438B5074DE7
:1009100004460846114600222A601A46FCF7ACF845
:10092000431C02D12B6803B1236038BD4C900024D6
:1009300038B510EE104AC4F30A53B3F57D7FB7EE15
:10094000C07A1ED227EE077BB3F5667F6FD327EE02
:10095000071B634B93ED142B93ED125B93ED0E3B52
:10096000A7EE025B93ED0C0B93ED104BA7EE030B80
:1009700027EE017BA1EE040BA5EE070BB7EEC00B33
:1009800038BD40F22E42934254D8554991ED086B40
:1009900027EE066BFDEEC66B91ED0A5B16EE903A04
:1009A00003F500031B1613F0020F06EE903A01F157
:1009B000700208BF0A46D807B8EEE66BA6EE457B84
:1009C00027EE076B1AD503F0030301EBC30393ED86
:1009D000002B92ED1A4B92ED185B92ED163BA6EEB2
:1009E000045B27EE027B27EE064B26EE046BA4EE9B
:1009F000037BA5EE067BB7EEC70B38BD92ED142B3B
:100A000092ED127B92ED0E3B92ED0C0B92ED104BA2
:100A100026EE065BA6EE027BA6EE030B26EE056B2A
:100A2000A5EE040BA7EE060BB7EEC00B38BDB7EE74
:100A3000000A38BDB3F5FF6F3DD22A4BC4F3836281
:100A400003EB820153F822200D69C4F31603C4F3AB
:100A5000C25043F400038340086A03FB02F2A3FB85
:100A60000010E3FB050202F100518D0F01F040413F
:100A7000511AEFF733FE1C4B9FED177B05EBD47437
:100A800041EC160B14F0020FA3F1700208BF1346DD
:100A9000E90726EE077B27EE076B10D504F0030469
:100AA00002EBC40494ED002B93ED1A4B93ED185B0D
:100AB00093ED163B93E7BDE8384000F023B893ED83
:100AC000142B93ED127B93ED0E3B93ED0C0B93EDFA
:100AD000104B9DE7AFF30080182D4454FB21193CC7
:100AE00030240108CC230108A024010810B582B0ED
:100AF0008DED010A0446FDF77BFA9DED010A0460C5
:100B000002B010BD70EE407AB4EE400A87EEA77ACC
:100B1000F1EE10FAB0EE470A02D62120FFF7E6BF49
:100B2000704700BF0000000030B510EE104AC4F35B
:100B30000A53B3F57D7FB7EEC06A83B01BD226EEB1
:100B4000065BB3F5667F70D326EE052B25EE021B00
:100B5000754B93ED1A3B93ED187B93ED164BA5EE79
:100B6000037BA2EE046BB0EE460BA7EE010BB7EED3
:100B7000C00B03B030BD40F22E42934260D86A49A8
:100B800091ED087B26EE077BFDEEC77B91ED0A5BBE
:100B900017EE903A03F500031B1613F0020F07EE51
:100BA000903A01F1700208BF0A46D807B8EEE77B19
:100BB000A7EE456BB0EE460B26EE067B1BD403F08A
:100BC000030301EBC30392ED1A5B93ED003B92ED3F
:100BD000186B20EE030B92ED164BA7EE056B20EE83
:100BE000075B27EE057BA5EE040BA6EE070BB7EE21
:100BF000C00B03B030BD92ED142B27EE075B92EDD6
:100C0000126B92ED0E3BA7EE026B92ED0C0B92ED88
:100C1000104BA7EE030B27EE057BA5EE040BA6EE0B
:100C2000070BB7EEC00B03B030BD220D12F4FF6FFF
:100C3000DFD1B7EEC55B00EE104A8DED015AD8E763
:100C4000B3F5FF6F4BD2394BC4F3836203EB8201E0
:100C500053F822200D69C4F31603C4F3C25043F4C1
:100C600000038340086A03FB02F2A3FB0010E3FBCE
:100C7000050202F100518D0F01F04041511AEFF7CA
:100C80002DFD2B4B9FED267B05EBD47441EC160B11
:100C900014F0020FA3F1700208BF1346E90726EE15
:100CA000077B27EE076B1FD404F0030402EBC40498
:100CB00093ED1A4B94ED002B93ED185B27EE027B1E
:100CC00093ED163BA6EE045B27EE064B26EE046B77
:100CD000A4EE037BA5EE067BB7EEC70B89E703B056
:100CE000BDE83040FFF70EBF93ED142B26EE065BF8
:100CF00093ED127B93ED0E3BA6EE027B93ED0C0B76
:100D000093ED104BA6EE030B26EE056BA5EE040B40
:100D1000A7EE060BB7EEC00B6BE700BFAFF300808A
:100D2000182D4454FB21193C30240108CC23010820
:100D3000A02401080000000008B52DED048BB0EEE2
:100D4000408B00F099F8B4EE488BF1EE10FA06D61D
:100D50009FED099BB4EEC98BF1EE10FA02D4BDEC05
:100D6000048B08BDFDF744F989EE090BBDEC048B3B
:100D70002123036008BD00BF000000000000000048
:100D800008B52DED028BB0EE408A00F079F8B4EE94
:100D9000488AF1EE10FAF0EE408A0AD6B0EE480A20
:100DA00000F01AFCF7EE007AB4EEE70AF1EE10FA62
:100DB00004DCB0EE680ABDEC028B08BDFDF718F943
:100DC000BDEC028B034621221A600248BDE80840B0
:100DD00000F00ABCAC1E010808B52DED028BB0EE88
:100DE000408A00F071F9B4EE488AF1EE10FAF0EEA4
:100DF000408A0AD6B0EE480A00F0EEFBF7EE007A21
:100E0000B4EEE70AF1EE10FA04DCB0EE680ABDECCD
:100E1000028B08BDFDF7ECF8BDEC028B03462122E6
:100E20001A600248BDE8084000F0DEBBAC1E0108B5
:100E300000F050BA08B52DED028BB0EE408A00F0FC
:100E4000EFFAB4EE488AF1EE10FA06D6DFED098A21
:100E5000B4EEE88AF1EE10FA02D4BDEC028B08BDC4
:100E6000FDF7C6F888EEA80ABDEC028B21230360CB
:100E700008BD00BF00000000B1EEC00B704700BF0E
:100E800008B510EE102A22F00043B3F17E5F2DED7D
:100E9000028B12D00ADCB3F17C5F18DAB3F10C5F7D
:100EA0006BDCBDEC028B9FED770A08BD70EE407ADB
:100EB00087EEA70ABDEC028B08BDBDEC028B9FED4F
:100EC000720ADFED727A002A30FE270A08BD002A76
:100ED000C0F29080F7EE008A38EEC00AB6EE008AC3
:100EE00020EE088AB0EE480A00F09AFADFED687A40
:100EF0009FED687A9FED686ADFED685ADFED686AFA
:100F0000A8EE277ADFED677AA7EE086AE8EE257A81
:100F1000E6EE086ADFED645A9FED647AE7EE885AE0
:100F2000A6EE887ADFED627A10EE103AE5EE887A66
:100F300023F47F6323F00F03B0EE476A9FED5D7AE1
:100F4000F0EE676AA6EE087A07EE903AB0EE486ACD
:100F5000E6EE888AA7EEE76A70EE276A27EE088A2F
:100F600086EE267AC8EE286ABDEC028BA0EE267AC1
:100F700037EE870A30EE000A08BD20EE007ADFED7A
:100F8000447A9FED446ADFED446A9FED445ADFEDF9
:100F9000445AA7EE276ABDEC028BE6EE076ADFED46
:100FA000417A9FED416AE7EE057AE6EE875AA7EEB1
:100FB000876A9FED3E5ADFED3E7ADFED3E6AA5EE91
:100FC000875AE6EE077AE5EE076AF7EE005AE7EE93
:100FD000875A26EE877A9FED386ADFED387AC7EEBA
:100FE000256AB0EE467AA0EE667A30EE470A37EE12
:100FF000C00A08BDB7EE007A30EE070AF6EE007AB6
:1010000060EE277ADFED226A9FED226ADFED224A49
:10101000DFED225A9FED225A9FED268AA7EEA66A9F
:10102000DFED206AE6EE274AE7EEA56ADFED1E5AFD
:101030009FED1E6AA4EEA75AE6EEA75ADFED1C6AE2
:10104000A5EE276AE5EEA76AA6EE278AA6EEA77A9E
:1010500028EE278AF0EE478AB0EE670A00F0E0F942
:1010600088EE286ADFED167AB0EE407AE7EE067A6F
:101070009FED140A77EE877AF0EE006AA7EEE60A93
:1010800018E700BFDB0FC93F00000000DB0F49403D
:1010900008EF1138047F4F3A461124BD2EC69D3DFE
:1010A000A80A4E3E613330BF2D57014090B0A6BE16
:1010B00039D119C0ABAA2A3E6821A233DA0FC93F41
:1010C0006821A2B3DA0F494038B510EE105A25F066
:1010D0000044B4F17E5F2DED048B00F085807ADC56
:1010E000B4F17C5F0FDAB4F1485F80F29C80DFEDF1
:1010F000697A70EE277AB7EE007AF4EEC77AF1EEED
:1011000010FA00F38D8000F067FAF7EE007A37EE00
:10111000C00AB6EE008A20EE088A9FED5F7ADFED06
:101120005F6A9FED5F6A9FED5F5ADFED5F5ADFED0B
:101130005F8AE8EE076A9FED5E7AA8EE067A9FED79
:101140005D6AA6EE885AA7EE086A9FED5B7ADFED2E
:101150005B6AE5EE085AA6EE087AE5EE886AE7EEE5
:10116000087AE6EE888AB0EE480AB0EE679A00F098
:1011700057F9534B9C4268EE888A42DC10EE103AD5
:1011800023F47F6323F00F0306EE903AA6EEE68A7F
:1011900070EE267A88EE895AC8EE274A9FED497A82
:1011A000DFED497AB0EE006AA4EEC67A30EE000AAE
:1011B000F0EE675AE6EEC65A90EE057A37EE657A9B
:1011C00037EEC77A002D0ADCBDEC048BB1EE477A0E
:1011D000B0EE470A38BD70EE407A87EEA77ABDECD4
:1011E000048BB0EE470A38BD9FED367ADFED377AD3
:1011F00020EE077ABDEC048BA0EE277AB0EE470A0A
:1012000038BD88EE896A9FED327ADFED307AA0EE44
:10121000060AF0EE006AA0EE267A37EEC77AD1E72A
:10122000B0EE407ADBE760EE007A9FED1B7ADFEDEF
:101230001B6A9FED1C6ADFED1A5A9FED1B5AE7EE01
:10124000876ABDEC048BA6EEA76A9FED197ADFEDE5
:10125000196AA7EEA57AA6EE275AE7EE276ADFED10
:10126000175A9FED156A9FED117AE5EE275AA6EE03
:10127000A76AA5EEA77AF7EE006AE6EE276A67EEA0
:10128000277AB0EE407A87EEA66AA0EE067AB0EE34
:10129000470A38BDCAF2497108EF1138047F4F3A46
:1012A0002EC69D3D461124BDA80A4E3EABAA2A3E3D
:1012B000613330BF2D57014039D119C090B0A6BE5F
:1012C0009999793F2EBD3BB3DB0F493FDB0FC93FF7
:1012D0002EBD3B3310B582B0CDED010A019B23F04A
:1012E0000042B2F1FF4FF0EE407A30DC10EE100A0F
:1012F00020F00041B1F1FF4F29DCB3F17E5F40D017
:101300009C1704F0020444EAD07431B372B3B2F112
:10131000FF4F3ED0B1F1FF4F28D08A1AB2F1F45FEF
:101320004FEAE25132DA002B40DA3C313EDA9FEDEF
:10133000330A012C4CD0022C41D064B19FED307A9D
:10134000DFED307A30EE070A30EE670A03E09DEDFC
:10135000017A37EE270A02B010BD022C0ED09FEDA5
:101360002A0A032C00FE270A02B010BD9FED270AAF
:10137000DFED277A002820FE270AECE79FED210AFF
:10138000E9E702B0BDE8104000F04EB89FED1F0A3B
:10139000CFE7B1F1FF4F04F1FF3420D0022C26D863
:1013A0001C4B03EB840494ED000AD4E79DED017A15
:1013B00087EE870A00F010F900F036F8B9E79FEDE4
:1013C000107ADFED107A30EE070A37EEC00AC2E776
:1013D00010EE103A03F1004300EE103ABBE7022C86
:1013E00008D80D4B03EB840494ED000AB3E79FED9E
:1013F000030AB0E79FED090AADE700BF0000000057
:101400002EBDBB33DB0F4940DB0F49C0DB0FC93FAB
:10141000DB0FC9BF1C25010810250108DB0F493F60
:10142000B1EEC00A704700BF38B510EE105A25F073
:101430000044B4F1A14FF0EE407A0ADBB4F1FF4F63
:101440005ADCDFED527A9FED520A002D37FE800AFA
:1014500038BD504B9C425EDCB4F1445F4FDB4FF033
:10146000FF3367EEA76ADFED4C4ADFED4C5A9FED84
:101470004C5A9FED4C4A26EEA67AB0EE666AE7EE2D
:10148000245A5A1CDFED484ADFED486AA5EE875A18
:10149000E7EE246ADFED465ADFED464AE6EE875A6C
:1014A000A5EE074A9FED445ADFED446AA5EE875A40
:1014B000E4EE074ADFED425AE4EE876AE5EE075AAA
:1014C00066EE866A25EE877A3AD03E4A02EB8302C0
:1014D00076EE876A92ED000A3B4A96EEA70A02EB87
:1014E0008303002D93ED007A70EE677A37EE670A7A
:1014F000AEDAB1EE400A38BD30EE000A38BD9FEDDD
:10150000337A30EE077AF7EE006AB4EEE67AF1EE5F
:1015100010FAA4DD38BD00F05FF82D4B9C4216DCBC
:10152000A3F5D0039C4227DCF0EE007ABFEE007AF0
:10153000A0EE277A002330EE270AC7EE007A90E764
:1015400076EE876AE6EEE77AB0EE670A38BD214BA1
:101550009C420BDCF7EE087AB7EE007AA0EE277A11
:10156000022330EE670AC0EE077A7AE7BFEE007A10
:10157000C7EE007A032374E7F7EE007A30EE677A5D
:1015800030EE270A0123C7EE007A6AE7DB0FC93F76
:10159000DB0FC9BFFFFFDF3ED769853C59DA4B3D02
:1015A000356B883D6E2EBA3D21A215BD6BF16EBD27
:1015B00095879DBD2549123E388EE3BDABAAAA3E54
:1015C000CDCC4CBE3825010828250108CAF2497146
:1015D000FFFF973FFFFF1B4010EE103A23F0004340
:1015E00000EE103A704700BF9FED010A704700BF40
:1015F0000000C07F2DE9F04F028885B04B88D0F8FD
:1016000004E09342448848684ED1B1F80080A04578
:101610004AD14FEA980908F003089C0084464FEA33
:10162000880109FB04F21D014FEA091B00EB040AC3
:1016300092000391DB00029201936346B9F1000F1F
:101640001DD001990EF110024846614452ED047A12
:101650001F190E190138C3ED007A02F1100252ED84
:10166000077A2B44C7ED007A52F8187C0F602944A2
:1016700052F8147C3760E9D1029BDE446344B8F130
:10168000000F09D04246714651F8040B013A186028
:101690002344F9D1039B9E440CF1040CD445CCD1D6
:1016A000002005B0BDE8F08F6FF00200F9E700BF41
:1016B000F0B40368D0F804C05668D1E90047A342EB
:1016C0005DD1126893425AD10388448804FB03F425
:1016D000A50832D00CF1100107F1100206F1100339
:1016E000284612ED047A013851ED047A02F1100215
:1016F00001F1100103F1100377EEC77A43ED087A88
:1017000012ED077A51ED077A77EEC77A43ED077A43
:1017100012ED067A51ED067A77EEC77A43ED067A36
:1017200051ED057A12ED057A77EEC77A43ED057A29
:10173000D7D12B019C441F441E4414F003041BD03A
:10174000DCED007A013C97ED007A77EEC77AC6EDC2
:10175000007A11D0DCED017A012C97ED017A77EE59
:10176000C77AC6ED017A07D0DCED027A97ED027AEE
:1017700077EEC77AC6ED027A0020F0BC70476FF0B2
:101780000200FAE72DE9F04F45888BB00B880688F8
:10179000AB4209914768049648685468498840F00C
:1017A0008D801588B54240F0898052888A4240F089
:1017B00085804FEA9308011D160103F00309089183
:1017C000950006FB08F1C2EB827C9B0007F1100B31
:1017D000039107EB0811D20004EB050A01914FEACF
:1017E0008C01029207910693ABF11003DDF820E023
:1017F0000593079B03EB0A0CB8F1000F56D0029B30
:1018000044460246DFED307AC1185B46D2ED006AED
:10181000571913ED047A013C53ED035A324427EE75
:10182000267A97ED006A53ED026A01EB050726EE72
:10183000256A91ED005A77EE277AD7ED005A26EE09
:10184000857A53ED016A314403F1100376EE277A6D
:1018500065EEA66A77EE277A76EEA77AD6D1039B55
:10186000019A1844B9F1000F0BD04B46D0ED006A35
:10187000013BB2EC017A284427EE267A77EE877A8C
:10188000F4D1ECEC017AD44570460EF1040EB3D1DC
:10189000019AAA44069B11469B441944049B013BB0
:1018A0000191049306D0099B58689DE7059ADFEDE6
:1018B000067AD7E718460BB0BDE8F08F6FF002004C
:1018C0000BB0BDE8F08F00BF000000002DE9F04F25
:1018D000438887B004884D689C420193D0F80490F7
:1018E000039540F0E2800B884A889A4240F0DD8000
:1018F0009C4240F0DA800590FCB14FF07E5B661EA2
:1019000045F804BB19D00127B20028464FEA8708E2
:10191000002105EB020AFCF7ABFB424600210AEB73
:1019200008055046002F00F0C580FCF7A1FB013EE2
:1019300007F1010745F804BBE6D1019B002B00F03D
:10194000AF809D00CC469E46DDF80C900CEB050365
:101950002F46002602932B1D0493029BB442DCED1C
:10196000006AA3EB070B00F09B80324663469FEDB5
:10197000557A09E0F4EE477A01322B44F1EE10FA81
:1019800037FE877AA24212D0D3ED007AF5EEC07A04
:10199000B1EE676AF1EE10FAECDCB4EE476A0132A0
:1019A0002B44F1EE10FA36FE077AA242ECD1B5EEE6
:1019B000407AF1EE10FA73D0F5EE406AF1EE10FACB
:1019C0006ED07246634693ED007A013AC7EE267AEE
:1019D000E3EC017AF7D101994B4693ED007A013996
:1019E000C7EE267AE3EC017AF7D14FEA860803982E
:1019F000B14238D0DBED006A5A467346E246BAEC93
:101A0000017A013BD2ED007A26EE877A77EEC77A2B
:101A1000E2EC017AF3D1BB440246019BCA46BAEC20
:101A2000017A013BD2ED007A26EE877A77EEC77A0B
:101A3000E2EC017AF3D128440131C3448C42D7D17E
:101A4000049BBEF1010E06F10106A7F104079C44B8
:101A5000A94482D1F5EE406AF1EE10FA06D00020DA
:101A600007B0BDE8F08FBB442844E5E7059B019A29
:101A70005B6802FB04F2D3ED007A1446F5EE407A7F
:101A8000F1EE10FAEBD1043306E0F3EC017AF5EE57
:101A9000407AF1EE10FAE2D10EF1010E7445F4D164
:101AA0006FF0040007B0BDE8F08F6FF0020007B0E0
:101AB000BDE8F08F5546013E45F804BB7FF423AFE7
:101AC0003BE700BF00000000018042804360704798
:101AD000F0B40368D0F804C05668D1E90047A342C7
:101AE0005DD1126893425AD10388448804FB03F401
:101AF000A50832D00CF1100107F1100206F1100315
:101B0000284612ED047A013851ED047A02F11002F0
:101B100001F1100103F1100377EE877A43ED087AA3
:101B200012ED077A51ED077A77EE877A43ED077A5F
:101B300012ED067A51ED067A77EE877A43ED067A52
:101B400051ED057A12ED057A77EE877A43ED057A45
:101B5000D7D12B019C441F441E4414F003041BD016
:101B6000D7ED007A013C9CED007A77EE877AC6EDDE
:101B7000007A11D0DCED017A012C97ED017A77EE35
:101B8000877AC6ED017A07D0DCED027A97ED027A0A
:101B900077EE877AC6ED027A0020F0BC70476FF0CE
:101BA0000200FAE7DFED1F7A20EE270AB5EEC00A41
:101BB000FDEEC07AF1EE10FA04D517EE903A013B33
:101BC00007EE903AF8EEE77ADFED176A70EE677A83
:101BD00067EEA67ABCEEE77A17EE103A9BB2B3F541
:101BE000007F1AD207EE103A591CB8EE470A77EE7A
:101BF000C07A0E4AB7EE000A02EB830302EB8102C1
:101C000030EE670AD3ED006A92ED007A20EE260AE4
:101C100067EE877A30EE270A704777EEE67A012181
:101C20000023E6E783F9223E00000044482501082E
:101C3000DFED217AB5EE007A20EE270A30EE070AB2
:101C4000B5EEC00AFDEEC07AF1EE10FA04D517EE3B
:101C5000903A013B07EE903AF8EEE77ADFED176A2B
:101C600070EE677A67EEA67ABCEEE77A17EE103A66
:101C70009BB2B3F5007F1AD207EE103A591CB8EEAA
:101C8000470A77EEC07A0E4AB7EE000A02EB8303EA
:101C900002EB810230EE670AD3ED006A92ED007A22
:101CA00020EE260A67EE877A30EE270A704777EE35
:101CB000E67A01210023E6E783F9223E0000004492
:101CC00048250108F8B500BFF8BC08BC9E4670471F
:0C1CD000F8B500BFF8BC08BC9E46704789
:101CE000141E0108390C000800000000000000006C
:101CF000800000000000000000000000201E01081D
:101D0000570C000802000000000000000004000062
:101D100000000000000000002C1E0108430C000819
:101D200000000000000000000001000000000000B2
:101D300000000000381E0108650C000801000000CA
:101D40000000000000020000000000000000000091
:101D5000481E0108730C000801000000000000008C
:101D6000000200000000000000000000541E0108F6
:101D7000810C0008000000000000000000020000CC
:101D80000000000000000000601E01088F0C000829
:101D90000100000000000000000200000000000040
:101DA00000000000701E01084D0C0008000000003B
:101DB0000000000000020000000000000000000021
:101DC0000000000000000000000000000000000013
:101DD00000000000010000000200000003000000FD
:101DE00004000000000000000500000000000000EA
:101DF00000000000000000000600000000000000DD
:101E000000000000000000000700000000000000CB
:101E10000000000064656661756C745461736B004A
:101E2000494E535F5441534B00000000564F46410A
:101E300044454255470000004348415353495352DB
:101E40005F5441534B0000004D4F544F5254415387
:101E50004B00000052454D4F54455F5441534B00D9
:101E6000434841535349534C5F5441534B00000086
:101E70004F4253455256455F5441534B00000000BA
:101E800000061016000610160001020304050607DE
:101E9000080C101418203040000000000102030458
:101EA000010203040607080949444C4500000000EC
:101EB0000000803F00000000000000000000000063
:101EC0000000000000000000000000000000803F53
:101ED0000000000000000000000000000000000002
:101EE00000000000000000000000803F0000000033
:101EF00000000000000000000000000000000000E2
:101F0000000000000000803F000000000000000012
:101F100000000000000000000000000000000000C1
:101F20000000803F000000000000000000000000F2
:101F30000000000000000000000000000000803FE2
:101F40007D04017C000240AB0341010553080658A3
:101F5000040700000F000810810911000A15800B0A
:101F600016000C18010D000000004844000000009D
:101F700000007A46000048440000000000007A4655
:101F8000010002000400060008000A000C00100016
:101F90002000400080000001080402040801010143
:101FA00001010103070100000C020024494E460014
:101FB000696E66004E414E006E616E003000303139
:101FC00032333435363738394142434445460030A0
:101FD00031323334353637383961626364656600CF
:101FE000496E66696E697479004E614E00524545CE
:101FF0004E54206D616C6C6F63207375636365650F
:10200000646564002F6D6E742F776F726B737061EF
:1020100063652F776F726B73706163652F474343FE
:102020002D31302D706970656C696E652F6A656E33
:102030006B696E732D4743432D31302D7069706588
:102040006C696E652D3333385F3230323131303167
:10205000385F313633343531363230332F73726373
:102060002F6E65776C69622F6E65776C69622F6C75
:102070006962632F7374646C69622F64746F612E7C
:10208000630042616C6C6F632073756363656564A4
:102090006564002F6D6E742F776F726B7370616360
:1020A000652F776F726B73706163652F4743432DA4
:1020B00031302D706970656C696E652F6A656E6B65
:1020C000696E732D4743432D31302D706970656CF7
:1020D000696E652D3333385F32303231313031380B
:1020E0005F313633343531363230332F7372632FEC
:1020F0006E65776C69622F6E65776C69622F6C69AB
:1021000062632F7374646C69622F6D707265632EE5
:1021100063000000000000000080E03779C3414305
:10212000176E05B5B5B89346F5F93FE9034F384D3D
:10213000321D30F94877825A3CBF737FDD4F1575E9
:10214000000000000000F03F0000000000002440FC
:1021500000000000000059400000000000408F40D7
:10216000000000000088C34000000000006AF84042
:102170000000000080842E4100000000D012634166
:102180000000000084D797410000000065CDCD41DC
:10219000000000205FA00242000000E876483742BD
:1021A000000000A2941A6D42000040E59C30A2425B
:1021B0000000901EC4BCD64200003426F56B0C43D0
:1021C0000080E03779C3414300A0D8855734764377
:1021D00000C84E676DC1AB43003D9160E458E143D8
:1021E000408CB5781DAF154450EFE2D6E41A4B444D
:1021F00092D54D06CFF08044F64AE1C7022DB54492
:10220000B49DD9794378EA44050000001900000024
:102210007D0000002C2066756E6374696F6E3A2035
:1022200000617373657274696F6E202225732220BA
:102230006661696C65643A2066696C652022257365
:10224000222C206C696E65202564257325730A0095
:102250004300504F534958002E00232D302B2000AF
:10226000686C4C00656667454647000020202020CA
:102270002020202020282828282820202020202036
:102280002020202020202020202020208810101016
:10229000101010101010101010101010040404046E
:1022A00004040404040410101010101010414141E3
:1022B000414141010101010101010101010101014E
:1022C00001010101010101101010101010424242E1
:1022D000424242020202020202020202020202021E
:1022E0000202020202020210101010200000000080
:1022F00000000000000000000000000000000000DE
:1023000000000000000000000000000000000000CD
:1023100000000000000000000000000000000000BD
:1023200000000000000000000000000000000000AD
:10233000000000000000000000000000000000009D
:10234000000000000000000000000000000000008D
:10235000000000000000000000000000000000007D
:10236000000000000000000000000000000000006D
:10237000000000000000000000000000000000005D
:10238000000000000000000000000000000000004D
:10239000000000000000000000000000000000003D
:1023A000000000000000000000000000000000002D
:1023B000000000000000000000000000000000001D
:1023C000000000000000000000000000A20000006B
:1023D000F9A2000083F9A2006E83F9A24E6E83F980
:1023E000444E6E8315444E6E2915444EFC29154407
:1023F00027FC29155727FC29D15727FCF5D157274A
:1024000034F5D157DD34F5D1C0DD34F5DBC0DD3432
:1024100062DBC0DD9562DBC0999562DB3C99956219
:10242000433C999590433C994190433C0000000007
:10243000000000000000F03F000000000000F0BFBE
:10244000000000000000F0BF000000000000F03FAE
:1024500083C8C96D305F6441182D4454FB21F93F96
:10246000000000000000F03F1C620CFDFFFFDFBF1A
:10247000198F06E15355A53F9D359AE887C056BF91
:10248000C3F87B024393F93E03A695595455C5BF43
:10249000C40B23057610813F24CF7437EB9429BFFA
:1024A000000000000000F03F000000000000F0BF4E
:1024B000000000000000F0BF000000000000F03F3E
:1024C00083C8C96D305F6441182D4454FB21F93F26
:1024D000000000000000F0BF1C620CFDFFFFDF3FAA
:1024E000198F06E15355A5BF9D359AE887C0563F21
:1024F000C3F87B024393F9BE03A695595455C5BF53
:10250000C40B23057610813F24CF7437EB9429BF89
:10251000DB0F49BFE4CB1640E4CB16C000000080BF
:10252000DB0F4940DB0F49C03863ED3EDA0F493F0E
:102530005E987B3FDA0FC93F6937AC31682122339F
:10254000B40F14336821A23300000000920E493CFE
:10255000B10AC93C2BC3163D2EFB483D752B7B3D74
:1025600004A9963D80B6AF3D36BDC83D2FBCE13DC8
:1025700073B2FA3D87CF093E8340163EB5AB223E8B
:10258000A2102F3ECF6E3B3EC2C5473E0115543EC2
:10259000135C603E7F9A6C3ECCCF783EC07D823E1D
:1025A000938E883E229A8E3E32A0943E86A09A3E1A
:1025B000E59AA03E128FA63ED47CAC3EEF63B23EBD
:1025C0002A44B83E491DBE3E15EFC33E53B9C93E2D
:1025D000CA7BCF3E4136D53E80E8DA3E4F92E03EA0
:1025E0007533E63EBBCBEB3EEA5AF13ECBE0F63E1E
:1025F000275DFC3EE4E7003F3D9C033F824B063FE6
:102600009BF5083F6B9A0B3FDA390E3FCDD3103F55
:102610002A68133FD9F6153FC07F183FC6021B3FFB
:10262000D17F1D3FCBF61F3F9967223F25D2243F24
:102630005636273F1594293F4AEB2B3FDE3B2E3F72
:10264000BB85303FC9C8323FF304353F233A373F9B
:102650004268393F3B8F3B3FF9AE3D3F67C73F3F45
:1026600070D8413F01E2433F03E4453F65DE473F09
:1026700012D1493FF8BB4B3F029F4D3F207A4F3F5D
:102680003D4D513F4918533F31DB543FE595563F8F
:102690005348583F6AF2593F1A945B3F532D5D3FB0
:1026A00005BE5E3F2146603F97C5613F5A3C633F90
:1026B00059AA643F880F663FD86B673F3CBF683FAD
:1026C000A7096A3F0C4B6B3F5E836C3F93B26D3F33
:1026D0009ED86E3F73F56F3F0809713F5213723FEA
:1026E0004714733FDD0B743F0BFA743FC6DE753F32
:1026F00007BA763FC58B773FF853783F9812793FFA
:102700009DC7793F02737A3FBE147B3FCDAC7B3FC0
:10271000283B7C3FC9BF7C3FAC3A7D3FCCAB7D3F83
:1027200023137E3FB0707E3F6DC47E3F580E7F3FC7
:102730006D4E7F3FAB847F3F0FB17F3F97D37F3F8D
:1027400043EC7F3F11FB7F3F0000803F11FB7F3F49
:1027500043EC7F3F97D37F3F0FB17F3FAB847F3FF9
:102760006D4E7F3F580E7F3F6DC47E3FB0707E3F01
:1027700023137E3FCCAB7D3FAC3A7D3FC9BF7C3F4E
:10278000283B7C3FCDAC7B3FBE147B3F02737A3F3E
:102790009DC7793F9812793FF853783FC58B773FB3
:1027A00007BA763FC6DE753F0BFA743FDD0B743F08
:1027B0004714733F5213723F0809713F73F56F3F1F
:1027C0009ED86E3F93B26D3F5E836C3F0C4B6B3F68
:1027D000A7096A3F3CBF683FD86B673F880F663FD9
:1027E00059AA643F5A3C633F97C5613F2146603F09
:1027F00005BE5E3F532D5D3F1A945B3F6AF2593F21
:102800005348583FE595563F31DB543F4918533FF5
:102810003D4D513F207A4F3F029F4D3FF8BB4B3F0C
:1028200012D1493F65DE473F03E4453F01E2433FA4
:1028300070D8413F67C73F3FF9AE3D3F3B8F3B3FBD
:102840004268393F233A373FF304353FC9C8323F26
:10285000BB85303FDE3B2E3F4AEB2B3F1594293F93
:102860005636273F25D2243F9967223FCBF61F3F9C
:10287000D17F1D3FC6021B3FC07F183FD9F6153FD1
:102880002A68133FCDD3103FDA390E3F6B9A0B3FC6
:102890009BF5083F824B063F3D9C033FE4E7003F2A
:1028A000275DFC3ECBE0F63EEA5AF13EBBCBEB3E69
:1028B0007533E63E4F92E03E80E8DA3E4136D53E43
:1028C000CA7BCF3E53B9C93E15EFC33E491DBE3E3C
:1028D0002A44B83EEF63B23ED47CAC3E128FA63E93
:1028E000E59AA03E86A09A3E32A0943E229A8E3E61
:1028F000938E883EC07D823ECCCF783E7F9A6C3EE0
:10290000135C603E0115543EC2C5473ECF6E3B3E50
:10291000A2102F3EB5AB223E8340163E87CF093E24
:1029200073B2FA3D2FBCE13D36BDC83D80B6AF3D28
:1029300004A9963D752B7B3D2EFB483D2BC3163DD0
:10294000B10AC93C920E493C00000000920E49BCFD
:10295000B10AC9BC2BC316BD2EFB48BD752B7BBD70
:1029600004A996BD80B6AFBD36BDC8BD2FBCE1BDC4
:1029700073B2FABD87CF09BE834016BEB5AB22BE87
:10298000A2102FBECF6E3BBEC2C547BE011554BEBE
:10299000135C60BE7F9A6CBECCCF78BEC07D82BE19
:1029A000938E88BE229A8EBE32A094BE86A09ABE16
:1029B000E59AA0BE128FA6BED47CACBEEF63B2BEB9
:1029C0002A44B8BE491DBEBE15EFC3BE53B9C9BE29
:1029D000CA7BCFBE4136D5BE80E8DABE4F92E0BE9C
:1029E0007533E6BEBBCBEBBEEA5AF1BECBE0F6BE1A
:1029F000275DFCBEE4E700BF3D9C03BF824B06BFE2
:102A00009BF508BF6B9A0BBFDA390EBFCDD310BF51
:102A10002A6813BFD9F615BFC07F18BFC6021BBFF7
:102A2000D17F1DBFCBF61FBF996722BF25D224BF20
:102A3000563627BF159429BF4AEB2BBFDE3B2EBF6E
:102A4000BB8530BFC9C832BFF30435BF233A37BF97
:102A5000426839BF3B8F3BBFF9AE3DBF67C73FBF41
:102A600070D841BF01E243BF03E445BF65DE47BF05
:102A700012D149BFF8BB4BBF029F4DBF207A4FBF59
:102A80003D4D51BF491853BF31DB54BFE59556BF8B
:102A9000534858BF6AF259BF1A945BBF532D5DBFAC
:102AA00005BE5EBF214660BF97C561BF5A3C63BF8C
:102AB00059AA64BF880F66BFD86B67BF3CBF68BFA9
:102AC000A7096ABF0C4B6BBF5E836CBF93B26DBF2F
:102AD0009ED86EBF73F56FBF080971BF521372BFE6
:102AE000471473BFDD0B74BF0BFA74BFC6DE75BF2E
:102AF00007BA76BFC58B77BFF85378BF981279BFF6
:102B00009DC779BF02737ABFBE147BBFCDAC7BBFBC
:102B1000283B7CBFC9BF7CBFAC3A7DBFCCAB7DBF7F
:102B200023137EBFB0707EBF6DC47EBF580E7FBFC3
:102B30006D4E7FBFAB847FBF0FB17FBF97D37FBF89
:102B400043EC7FBF11FB7FBF000080BF11FB7FBF45
:102B500043EC7FBF97D37FBF0FB17FBFAB847FBFF5
:102B60006D4E7FBF580E7FBF6DC47EBFB0707EBFFD
:102B700023137EBFCCAB7DBFAC3A7DBFC9BF7CBF4A
:102B8000283B7CBFCDAC7BBFBE147BBF02737ABF3A
:102B90009DC779BF981279BFF85378BFC58B77BFAF
:102BA00007BA76BFC6DE75BF0BFA74BFDD0B74BF04
:102BB000471473BF521372BF080971BF73F56FBF1B
:102BC0009ED86EBF93B26DBF5E836CBF0C4B6BBF64
:102BD000A7096ABF3CBF68BFD86B67BF880F66BFD5
:102BE00059AA64BF5A3C63BF97C561BF214660BF05
:102BF00005BE5EBF532D5DBF1A945BBF6AF259BF1D
:102C0000534858BFE59556BF31DB54BF491853BFF1
:102C10003D4D51BF207A4FBF029F4DBFF8BB4BBF08
:102C200012D149BF65DE47BF03E445BF01E243BFA0
:102C300070D841BF67C73FBFF9AE3DBF3B8F3BBFB9
:102C4000426839BF233A37BFF30435BFC9C832BF22
:102C5000BB8530BFDE3B2EBF4AEB2BBF159429BF8F
:102C6000563627BF25D224BF996722BFCBF61FBF98
:102C7000D17F1DBFC6021BBFC07F18BFD9F615BFCD
:102C80002A6813BFCDD310BFDA390EBF6B9A0BBFC2
:102C90009BF508BF824B06BF3D9C03BFE4E700BF26
:102CA000275DFCBECBE0F6BEEA5AF1BEBBCBEBBE65
:102CB0007533E6BE4F92E0BE80E8DABE4136D5BE3F
:102CC000CA7BCFBE53B9C9BE15EFC3BE491DBEBE38
:102CD0002A44B8BEEF63B2BED47CACBE128FA6BE8F
:102CE000E59AA0BE86A09ABE32A094BE229A8EBE5D
:102CF000938E88BEC07D82BECCCF78BE7F9A6CBEDC
:102D0000135C60BE011554BEC2C547BECF6E3BBE4C
:102D1000A2102FBEB5AB22BE834016BE87CF09BE20
:102D200073B2FABD2FBCE1BD36BDC8BD80B6AFBD24
:102D300004A996BD752B7BBD2EFB48BD2BC316BDCC
:0C2D4000B10AC9BC920E49BC0000008022
:082D4C001CDAFE7F010000000B
:042D5400F50200087C
:042D5800D10200089C
:102D5C0001000000100000000090D0030090D00390
:102D6C00AAAAAAAA0050C347CDCCCC3DCDCCCC3D11
:102D7C00CDCCCC3DCDCCCC3DCDCCCC3DCDCCCC3DBF
:102D8C000050C347CDCCCC3DCDCCCC3DCDCCCC3DF7
:102D9C00CDCCCC3DCDCCCC3DCDCCCC3D0050C347E7
:102DAC00CDCCCC3DCDCCCC3DCDCCCC3DCDCCCC3D8F
:102DBC00CDCCCC3DCDCCCC3D0050C347CDCCCC3DC7
:102DCC00CDCCCC3DCDCCCC3DCDCCCC3DCDCCCC3D6F
:102DDC00CDCCCC3D0000C842CDCCCC3DCDCCCC3DF7
:102DEC00CDCCCC3DCDCCCC3DCDCCCC3DCDCCCC3D4F
:102DFC000000C8423333EB3A58A08B3A0100000074
:102E0C000C070024FF01000000000000000000007F
:102E1C00080000000000000000000000000000009E
:102E2C000000000000000000000000000000000096
:102E3C000000000000000000000000000000000086
:102E4C00000000000000000000000000000C070063
:102E5C002400020000000000000000000008000038
:102E6C000000000000000000000000000000000056
:102E7C000000000000000000000000000000000046
:102E8C000000000000000000000000000000000036
:102E9C00000000000000000000000C070024FF02EE
:102EAC00000000000000000000000800000000000E
:102EBC000000000000000000000000000000000006
:102ECC0000000000000000000000000000000000F6
:102EDC0000000000000000000000000000000000E6
:102EEC0000000000000000000000000000000000D6
:102EFC00C3F51C41E3910FC1C96D2CBF9E5AB8BEDE
:102F0C0086A158BF93300341DEEE573F950A0D4220
:102F1C00BE5A4B406CA00240DE769640B40B1D426C
:102F2C0072630D400000D243E3910FC1C96D2CBFF9
:102F3C009E5AB8BE86A158BF93300341DEEE573F70
:102F4C00950A0D42BE5A4B406CA00240DE7696406C
:102F5C00B40B1D4272630D400C02002400000000F3
:102F6C008C230108AC2301086C230108000000002D
:102F7C000000000000000000000000000000000045
:102F8C000000000000000000000000000000000035
:102F9C000000000000000000000000000000000025
:102FAC000000000000000000000000000000000015
:102FBC0000000000000000000000000043000000C2
:102FCC0000000000000000000000000000000000F5
:102FDC0000000000000000000000000043000000A2
:102FEC0000000000000000000000000000000000D5
:102FFC000000000000000000000000004300000082
:10300C0000000000000000000000000000000000B4
:10301C000000000000000000000000004300000061
:10302C000000000000000000000000000000000094
:10303C000000000000000000000000004300000041
:10304C000000000000000000000000000000000074
:10305C000000000000000000000000004300000021
:10306C000000000000000000000000000000000054
:10307C000000000000000000000000004300000001
:10308C000000000000000000000000000000000034
:10309C000000000000000000000000001102010808
:1030AC0097FE0008000000006B220108582201085E
:1030BC004F2201084F2201084F2201084F2201081C
:1030CC004F2201084F2201084F2201084F2201080C
:1030DC004F220108FFFFFFFFFFFFFFFFFFFFFFFF76
:1030EC00FFFF00000100415343494900000000006C
:1030FC0000000000000000000000000000000000C4
:10310C00000000000000415343494900000000004A
:10311C0000000000000000000000000000000000A3
:08312C0000000000000000009B
:040000050800DF9977
:00000001FF
