ARM GAS  D:\temp\TMP\ccbwIzgP.s 			page 1


   1              		.cpu cortex-m7
   2              		.arch armv7e-m
   3              		.fpu fpv5-d16
   4              		.eabi_attribute 28, 1
   5              		.eabi_attribute 20, 1
   6              		.eabi_attribute 21, 1
   7              		.eabi_attribute 23, 3
   8              		.eabi_attribute 24, 1
   9              		.eabi_attribute 25, 1
  10              		.eabi_attribute 26, 1
  11              		.eabi_attribute 30, 1
  12              		.eabi_attribute 34, 1
  13              		.eabi_attribute 18, 4
  14              		.file	"event_groups.c"
  15              		.text
  16              	.Ltext0:
  17              		.cfi_sections	.debug_frame
  18              		.file 1 "Middlewares/Third_Party/FreeRTOS/Source/event_groups.c"
  19              		.section	.text.prvTestWaitCondition,"ax",%progbits
  20              		.align	1
  21              		.syntax unified
  22              		.thumb
  23              		.thumb_func
  25              	prvTestWaitCondition:
  26              	.LVL0:
  27              	.LFB15:
   1:Middlewares/Third_Party/FreeRTOS/Source/event_groups.c **** /*
   2:Middlewares/Third_Party/FreeRTOS/Source/event_groups.c ****  * FreeRTOS Kernel V10.3.1
   3:Middlewares/Third_Party/FreeRTOS/Source/event_groups.c ****  * Copyright (C) 2020 Amazon.com, Inc. or its affiliates.  All Rights Reserved.
   4:Middlewares/Third_Party/FreeRTOS/Source/event_groups.c ****  *
   5:Middlewares/Third_Party/FreeRTOS/Source/event_groups.c ****  * Permission is hereby granted, free of charge, to any person obtaining a copy of
   6:Middlewares/Third_Party/FreeRTOS/Source/event_groups.c ****  * this software and associated documentation files (the "Software"), to deal in
   7:Middlewares/Third_Party/FreeRTOS/Source/event_groups.c ****  * the Software without restriction, including without limitation the rights to
   8:Middlewares/Third_Party/FreeRTOS/Source/event_groups.c ****  * use, copy, modify, merge, publish, distribute, sublicense, and/or sell copies of
   9:Middlewares/Third_Party/FreeRTOS/Source/event_groups.c ****  * the Software, and to permit persons to whom the Software is furnished to do so,
  10:Middlewares/Third_Party/FreeRTOS/Source/event_groups.c ****  * subject to the following conditions:
  11:Middlewares/Third_Party/FreeRTOS/Source/event_groups.c ****  *
  12:Middlewares/Third_Party/FreeRTOS/Source/event_groups.c ****  * The above copyright notice and this permission notice shall be included in all
  13:Middlewares/Third_Party/FreeRTOS/Source/event_groups.c ****  * copies or substantial portions of the Software.
  14:Middlewares/Third_Party/FreeRTOS/Source/event_groups.c ****  *
  15:Middlewares/Third_Party/FreeRTOS/Source/event_groups.c ****  * THE SOFTWARE IS PROVIDED "AS IS", WITHOUT WARRANTY OF ANY KIND, EXPRESS OR
  16:Middlewares/Third_Party/FreeRTOS/Source/event_groups.c ****  * IMPLIED, INCLUDING BUT NOT LIMITED TO THE WARRANTIES OF MERCHANTABILITY, FITNESS
  17:Middlewares/Third_Party/FreeRTOS/Source/event_groups.c ****  * FOR A PARTICULAR PURPOSE AND NONINFRINGEMENT. IN NO EVENT SHALL THE AUTHORS OR
  18:Middlewares/Third_Party/FreeRTOS/Source/event_groups.c ****  * COPYRIGHT HOLDERS BE LIABLE FOR ANY CLAIM, DAMAGES OR OTHER LIABILITY, WHETHER
  19:Middlewares/Third_Party/FreeRTOS/Source/event_groups.c ****  * IN AN ACTION OF CONTRACT, TORT OR OTHERWISE, ARISING FROM, OUT OF OR IN
  20:Middlewares/Third_Party/FreeRTOS/Source/event_groups.c ****  * CONNECTION WITH THE SOFTWARE OR THE USE OR OTHER DEALINGS IN THE SOFTWARE.
  21:Middlewares/Third_Party/FreeRTOS/Source/event_groups.c ****  *
  22:Middlewares/Third_Party/FreeRTOS/Source/event_groups.c ****  * http://www.FreeRTOS.org
  23:Middlewares/Third_Party/FreeRTOS/Source/event_groups.c ****  * http://aws.amazon.com/freertos
  24:Middlewares/Third_Party/FreeRTOS/Source/event_groups.c ****  *
  25:Middlewares/Third_Party/FreeRTOS/Source/event_groups.c ****  * 1 tab == 4 spaces!
  26:Middlewares/Third_Party/FreeRTOS/Source/event_groups.c ****  */
  27:Middlewares/Third_Party/FreeRTOS/Source/event_groups.c **** 
  28:Middlewares/Third_Party/FreeRTOS/Source/event_groups.c **** /* Standard includes. */
  29:Middlewares/Third_Party/FreeRTOS/Source/event_groups.c **** #include <stdlib.h>
  30:Middlewares/Third_Party/FreeRTOS/Source/event_groups.c **** 
  31:Middlewares/Third_Party/FreeRTOS/Source/event_groups.c **** /* Defining MPU_WRAPPERS_INCLUDED_FROM_API_FILE prevents task.h from redefining
ARM GAS  D:\temp\TMP\ccbwIzgP.s 			page 2


  32:Middlewares/Third_Party/FreeRTOS/Source/event_groups.c **** all the API functions to use the MPU wrappers.  That should only be done when
  33:Middlewares/Third_Party/FreeRTOS/Source/event_groups.c **** task.h is included from an application file. */
  34:Middlewares/Third_Party/FreeRTOS/Source/event_groups.c **** #define MPU_WRAPPERS_INCLUDED_FROM_API_FILE
  35:Middlewares/Third_Party/FreeRTOS/Source/event_groups.c **** 
  36:Middlewares/Third_Party/FreeRTOS/Source/event_groups.c **** /* FreeRTOS includes. */
  37:Middlewares/Third_Party/FreeRTOS/Source/event_groups.c **** #include "FreeRTOS.h"
  38:Middlewares/Third_Party/FreeRTOS/Source/event_groups.c **** #include "task.h"
  39:Middlewares/Third_Party/FreeRTOS/Source/event_groups.c **** #include "timers.h"
  40:Middlewares/Third_Party/FreeRTOS/Source/event_groups.c **** #include "event_groups.h"
  41:Middlewares/Third_Party/FreeRTOS/Source/event_groups.c **** 
  42:Middlewares/Third_Party/FreeRTOS/Source/event_groups.c **** /* Lint e961, e750 and e9021 are suppressed as a MISRA exception justified
  43:Middlewares/Third_Party/FreeRTOS/Source/event_groups.c **** because the MPU ports require MPU_WRAPPERS_INCLUDED_FROM_API_FILE to be defined
  44:Middlewares/Third_Party/FreeRTOS/Source/event_groups.c **** for the header files above, but not in this file, in order to generate the
  45:Middlewares/Third_Party/FreeRTOS/Source/event_groups.c **** correct privileged Vs unprivileged linkage and placement. */
  46:Middlewares/Third_Party/FreeRTOS/Source/event_groups.c **** #undef MPU_WRAPPERS_INCLUDED_FROM_API_FILE /*lint !e961 !e750 !e9021 See comment above. */
  47:Middlewares/Third_Party/FreeRTOS/Source/event_groups.c **** 
  48:Middlewares/Third_Party/FreeRTOS/Source/event_groups.c **** /* The following bit fields convey control information in a task's event list
  49:Middlewares/Third_Party/FreeRTOS/Source/event_groups.c **** item value.  It is important they don't clash with the
  50:Middlewares/Third_Party/FreeRTOS/Source/event_groups.c **** taskEVENT_LIST_ITEM_VALUE_IN_USE definition. */
  51:Middlewares/Third_Party/FreeRTOS/Source/event_groups.c **** #if configUSE_16_BIT_TICKS == 1
  52:Middlewares/Third_Party/FreeRTOS/Source/event_groups.c **** 	#define eventCLEAR_EVENTS_ON_EXIT_BIT	0x0100U
  53:Middlewares/Third_Party/FreeRTOS/Source/event_groups.c **** 	#define eventUNBLOCKED_DUE_TO_BIT_SET	0x0200U
  54:Middlewares/Third_Party/FreeRTOS/Source/event_groups.c **** 	#define eventWAIT_FOR_ALL_BITS			0x0400U
  55:Middlewares/Third_Party/FreeRTOS/Source/event_groups.c **** 	#define eventEVENT_BITS_CONTROL_BYTES	0xff00U
  56:Middlewares/Third_Party/FreeRTOS/Source/event_groups.c **** #else
  57:Middlewares/Third_Party/FreeRTOS/Source/event_groups.c **** 	#define eventCLEAR_EVENTS_ON_EXIT_BIT	0x01000000UL
  58:Middlewares/Third_Party/FreeRTOS/Source/event_groups.c **** 	#define eventUNBLOCKED_DUE_TO_BIT_SET	0x02000000UL
  59:Middlewares/Third_Party/FreeRTOS/Source/event_groups.c **** 	#define eventWAIT_FOR_ALL_BITS			0x04000000UL
  60:Middlewares/Third_Party/FreeRTOS/Source/event_groups.c **** 	#define eventEVENT_BITS_CONTROL_BYTES	0xff000000UL
  61:Middlewares/Third_Party/FreeRTOS/Source/event_groups.c **** #endif
  62:Middlewares/Third_Party/FreeRTOS/Source/event_groups.c **** 
  63:Middlewares/Third_Party/FreeRTOS/Source/event_groups.c **** typedef struct EventGroupDef_t
  64:Middlewares/Third_Party/FreeRTOS/Source/event_groups.c **** {
  65:Middlewares/Third_Party/FreeRTOS/Source/event_groups.c **** 	EventBits_t uxEventBits;
  66:Middlewares/Third_Party/FreeRTOS/Source/event_groups.c **** 	List_t xTasksWaitingForBits;		/*< List of tasks waiting for a bit to be set. */
  67:Middlewares/Third_Party/FreeRTOS/Source/event_groups.c **** 
  68:Middlewares/Third_Party/FreeRTOS/Source/event_groups.c **** 	#if( configUSE_TRACE_FACILITY == 1 )
  69:Middlewares/Third_Party/FreeRTOS/Source/event_groups.c **** 		UBaseType_t uxEventGroupNumber;
  70:Middlewares/Third_Party/FreeRTOS/Source/event_groups.c **** 	#endif
  71:Middlewares/Third_Party/FreeRTOS/Source/event_groups.c **** 
  72:Middlewares/Third_Party/FreeRTOS/Source/event_groups.c **** 	#if( ( configSUPPORT_STATIC_ALLOCATION == 1 ) && ( configSUPPORT_DYNAMIC_ALLOCATION == 1 ) )
  73:Middlewares/Third_Party/FreeRTOS/Source/event_groups.c **** 		uint8_t ucStaticallyAllocated; /*< Set to pdTRUE if the event group is statically allocated to en
  74:Middlewares/Third_Party/FreeRTOS/Source/event_groups.c **** 	#endif
  75:Middlewares/Third_Party/FreeRTOS/Source/event_groups.c **** } EventGroup_t;
  76:Middlewares/Third_Party/FreeRTOS/Source/event_groups.c **** 
  77:Middlewares/Third_Party/FreeRTOS/Source/event_groups.c **** /*-----------------------------------------------------------*/
  78:Middlewares/Third_Party/FreeRTOS/Source/event_groups.c **** 
  79:Middlewares/Third_Party/FreeRTOS/Source/event_groups.c **** /*
  80:Middlewares/Third_Party/FreeRTOS/Source/event_groups.c ****  * Test the bits set in uxCurrentEventBits to see if the wait condition is met.
  81:Middlewares/Third_Party/FreeRTOS/Source/event_groups.c ****  * The wait condition is defined by xWaitForAllBits.  If xWaitForAllBits is
  82:Middlewares/Third_Party/FreeRTOS/Source/event_groups.c ****  * pdTRUE then the wait condition is met if all the bits set in uxBitsToWaitFor
  83:Middlewares/Third_Party/FreeRTOS/Source/event_groups.c ****  * are also set in uxCurrentEventBits.  If xWaitForAllBits is pdFALSE then the
  84:Middlewares/Third_Party/FreeRTOS/Source/event_groups.c ****  * wait condition is met if any of the bits set in uxBitsToWait for are also set
  85:Middlewares/Third_Party/FreeRTOS/Source/event_groups.c ****  * in uxCurrentEventBits.
  86:Middlewares/Third_Party/FreeRTOS/Source/event_groups.c ****  */
  87:Middlewares/Third_Party/FreeRTOS/Source/event_groups.c **** static BaseType_t prvTestWaitCondition( const EventBits_t uxCurrentEventBits, const EventBits_t uxB
  88:Middlewares/Third_Party/FreeRTOS/Source/event_groups.c **** 
ARM GAS  D:\temp\TMP\ccbwIzgP.s 			page 3


  89:Middlewares/Third_Party/FreeRTOS/Source/event_groups.c **** /*-----------------------------------------------------------*/
  90:Middlewares/Third_Party/FreeRTOS/Source/event_groups.c **** 
  91:Middlewares/Third_Party/FreeRTOS/Source/event_groups.c **** #if( configSUPPORT_STATIC_ALLOCATION == 1 )
  92:Middlewares/Third_Party/FreeRTOS/Source/event_groups.c **** 
  93:Middlewares/Third_Party/FreeRTOS/Source/event_groups.c **** 	EventGroupHandle_t xEventGroupCreateStatic( StaticEventGroup_t *pxEventGroupBuffer )
  94:Middlewares/Third_Party/FreeRTOS/Source/event_groups.c **** 	{
  95:Middlewares/Third_Party/FreeRTOS/Source/event_groups.c **** 	EventGroup_t *pxEventBits;
  96:Middlewares/Third_Party/FreeRTOS/Source/event_groups.c **** 
  97:Middlewares/Third_Party/FreeRTOS/Source/event_groups.c **** 		/* A StaticEventGroup_t object must be provided. */
  98:Middlewares/Third_Party/FreeRTOS/Source/event_groups.c **** 		configASSERT( pxEventGroupBuffer );
  99:Middlewares/Third_Party/FreeRTOS/Source/event_groups.c **** 
 100:Middlewares/Third_Party/FreeRTOS/Source/event_groups.c **** 		#if( configASSERT_DEFINED == 1 )
 101:Middlewares/Third_Party/FreeRTOS/Source/event_groups.c **** 		{
 102:Middlewares/Third_Party/FreeRTOS/Source/event_groups.c **** 			/* Sanity check that the size of the structure used to declare a
 103:Middlewares/Third_Party/FreeRTOS/Source/event_groups.c **** 			variable of type StaticEventGroup_t equals the size of the real
 104:Middlewares/Third_Party/FreeRTOS/Source/event_groups.c **** 			event group structure. */
 105:Middlewares/Third_Party/FreeRTOS/Source/event_groups.c **** 			volatile size_t xSize = sizeof( StaticEventGroup_t );
 106:Middlewares/Third_Party/FreeRTOS/Source/event_groups.c **** 			configASSERT( xSize == sizeof( EventGroup_t ) );
 107:Middlewares/Third_Party/FreeRTOS/Source/event_groups.c **** 		} /*lint !e529 xSize is referenced if configASSERT() is defined. */
 108:Middlewares/Third_Party/FreeRTOS/Source/event_groups.c **** 		#endif /* configASSERT_DEFINED */
 109:Middlewares/Third_Party/FreeRTOS/Source/event_groups.c **** 
 110:Middlewares/Third_Party/FreeRTOS/Source/event_groups.c **** 		/* The user has provided a statically allocated event group - use it. */
 111:Middlewares/Third_Party/FreeRTOS/Source/event_groups.c **** 		pxEventBits = ( EventGroup_t * ) pxEventGroupBuffer; /*lint !e740 !e9087 EventGroup_t and StaticE
 112:Middlewares/Third_Party/FreeRTOS/Source/event_groups.c **** 
 113:Middlewares/Third_Party/FreeRTOS/Source/event_groups.c **** 		if( pxEventBits != NULL )
 114:Middlewares/Third_Party/FreeRTOS/Source/event_groups.c **** 		{
 115:Middlewares/Third_Party/FreeRTOS/Source/event_groups.c **** 			pxEventBits->uxEventBits = 0;
 116:Middlewares/Third_Party/FreeRTOS/Source/event_groups.c **** 			vListInitialise( &( pxEventBits->xTasksWaitingForBits ) );
 117:Middlewares/Third_Party/FreeRTOS/Source/event_groups.c **** 
 118:Middlewares/Third_Party/FreeRTOS/Source/event_groups.c **** 			#if( configSUPPORT_DYNAMIC_ALLOCATION == 1 )
 119:Middlewares/Third_Party/FreeRTOS/Source/event_groups.c **** 			{
 120:Middlewares/Third_Party/FreeRTOS/Source/event_groups.c **** 				/* Both static and dynamic allocation can be used, so note that
 121:Middlewares/Third_Party/FreeRTOS/Source/event_groups.c **** 				this event group was created statically in case the event group
 122:Middlewares/Third_Party/FreeRTOS/Source/event_groups.c **** 				is later deleted. */
 123:Middlewares/Third_Party/FreeRTOS/Source/event_groups.c **** 				pxEventBits->ucStaticallyAllocated = pdTRUE;
 124:Middlewares/Third_Party/FreeRTOS/Source/event_groups.c **** 			}
 125:Middlewares/Third_Party/FreeRTOS/Source/event_groups.c **** 			#endif /* configSUPPORT_DYNAMIC_ALLOCATION */
 126:Middlewares/Third_Party/FreeRTOS/Source/event_groups.c **** 
 127:Middlewares/Third_Party/FreeRTOS/Source/event_groups.c **** 			traceEVENT_GROUP_CREATE( pxEventBits );
 128:Middlewares/Third_Party/FreeRTOS/Source/event_groups.c **** 		}
 129:Middlewares/Third_Party/FreeRTOS/Source/event_groups.c **** 		else
 130:Middlewares/Third_Party/FreeRTOS/Source/event_groups.c **** 		{
 131:Middlewares/Third_Party/FreeRTOS/Source/event_groups.c **** 			/* xEventGroupCreateStatic should only ever be called with
 132:Middlewares/Third_Party/FreeRTOS/Source/event_groups.c **** 			pxEventGroupBuffer pointing to a pre-allocated (compile time
 133:Middlewares/Third_Party/FreeRTOS/Source/event_groups.c **** 			allocated) StaticEventGroup_t variable. */
 134:Middlewares/Third_Party/FreeRTOS/Source/event_groups.c **** 			traceEVENT_GROUP_CREATE_FAILED();
 135:Middlewares/Third_Party/FreeRTOS/Source/event_groups.c **** 		}
 136:Middlewares/Third_Party/FreeRTOS/Source/event_groups.c **** 
 137:Middlewares/Third_Party/FreeRTOS/Source/event_groups.c **** 		return pxEventBits;
 138:Middlewares/Third_Party/FreeRTOS/Source/event_groups.c **** 	}
 139:Middlewares/Third_Party/FreeRTOS/Source/event_groups.c **** 
 140:Middlewares/Third_Party/FreeRTOS/Source/event_groups.c **** #endif /* configSUPPORT_STATIC_ALLOCATION */
 141:Middlewares/Third_Party/FreeRTOS/Source/event_groups.c **** /*-----------------------------------------------------------*/
 142:Middlewares/Third_Party/FreeRTOS/Source/event_groups.c **** 
 143:Middlewares/Third_Party/FreeRTOS/Source/event_groups.c **** #if( configSUPPORT_DYNAMIC_ALLOCATION == 1 )
 144:Middlewares/Third_Party/FreeRTOS/Source/event_groups.c **** 
 145:Middlewares/Third_Party/FreeRTOS/Source/event_groups.c **** 	EventGroupHandle_t xEventGroupCreate( void )
ARM GAS  D:\temp\TMP\ccbwIzgP.s 			page 4


 146:Middlewares/Third_Party/FreeRTOS/Source/event_groups.c **** 	{
 147:Middlewares/Third_Party/FreeRTOS/Source/event_groups.c **** 	EventGroup_t *pxEventBits;
 148:Middlewares/Third_Party/FreeRTOS/Source/event_groups.c **** 
 149:Middlewares/Third_Party/FreeRTOS/Source/event_groups.c **** 		/* Allocate the event group.  Justification for MISRA deviation as
 150:Middlewares/Third_Party/FreeRTOS/Source/event_groups.c **** 		follows:  pvPortMalloc() always ensures returned memory blocks are
 151:Middlewares/Third_Party/FreeRTOS/Source/event_groups.c **** 		aligned per the requirements of the MCU stack.  In this case
 152:Middlewares/Third_Party/FreeRTOS/Source/event_groups.c **** 		pvPortMalloc() must return a pointer that is guaranteed to meet the
 153:Middlewares/Third_Party/FreeRTOS/Source/event_groups.c **** 		alignment requirements of the EventGroup_t structure - which (if you
 154:Middlewares/Third_Party/FreeRTOS/Source/event_groups.c **** 		follow it through) is the alignment requirements of the TickType_t type
 155:Middlewares/Third_Party/FreeRTOS/Source/event_groups.c **** 		(EventBits_t being of TickType_t itself).  Therefore, whenever the
 156:Middlewares/Third_Party/FreeRTOS/Source/event_groups.c **** 		stack alignment requirements are greater than or equal to the
 157:Middlewares/Third_Party/FreeRTOS/Source/event_groups.c **** 		TickType_t alignment requirements the cast is safe.  In other cases,
 158:Middlewares/Third_Party/FreeRTOS/Source/event_groups.c **** 		where the natural word size of the architecture is less than
 159:Middlewares/Third_Party/FreeRTOS/Source/event_groups.c **** 		sizeof( TickType_t ), the TickType_t variables will be accessed in two
 160:Middlewares/Third_Party/FreeRTOS/Source/event_groups.c **** 		or more reads operations, and the alignment requirements is only that
 161:Middlewares/Third_Party/FreeRTOS/Source/event_groups.c **** 		of each individual read. */
 162:Middlewares/Third_Party/FreeRTOS/Source/event_groups.c **** 		pxEventBits = ( EventGroup_t * ) pvPortMalloc( sizeof( EventGroup_t ) ); /*lint !e9087 !e9079 see
 163:Middlewares/Third_Party/FreeRTOS/Source/event_groups.c **** 
 164:Middlewares/Third_Party/FreeRTOS/Source/event_groups.c **** 		if( pxEventBits != NULL )
 165:Middlewares/Third_Party/FreeRTOS/Source/event_groups.c **** 		{
 166:Middlewares/Third_Party/FreeRTOS/Source/event_groups.c **** 			pxEventBits->uxEventBits = 0;
 167:Middlewares/Third_Party/FreeRTOS/Source/event_groups.c **** 			vListInitialise( &( pxEventBits->xTasksWaitingForBits ) );
 168:Middlewares/Third_Party/FreeRTOS/Source/event_groups.c **** 
 169:Middlewares/Third_Party/FreeRTOS/Source/event_groups.c **** 			#if( configSUPPORT_STATIC_ALLOCATION == 1 )
 170:Middlewares/Third_Party/FreeRTOS/Source/event_groups.c **** 			{
 171:Middlewares/Third_Party/FreeRTOS/Source/event_groups.c **** 				/* Both static and dynamic allocation can be used, so note this
 172:Middlewares/Third_Party/FreeRTOS/Source/event_groups.c **** 				event group was allocated statically in case the event group is
 173:Middlewares/Third_Party/FreeRTOS/Source/event_groups.c **** 				later deleted. */
 174:Middlewares/Third_Party/FreeRTOS/Source/event_groups.c **** 				pxEventBits->ucStaticallyAllocated = pdFALSE;
 175:Middlewares/Third_Party/FreeRTOS/Source/event_groups.c **** 			}
 176:Middlewares/Third_Party/FreeRTOS/Source/event_groups.c **** 			#endif /* configSUPPORT_STATIC_ALLOCATION */
 177:Middlewares/Third_Party/FreeRTOS/Source/event_groups.c **** 
 178:Middlewares/Third_Party/FreeRTOS/Source/event_groups.c **** 			traceEVENT_GROUP_CREATE( pxEventBits );
 179:Middlewares/Third_Party/FreeRTOS/Source/event_groups.c **** 		}
 180:Middlewares/Third_Party/FreeRTOS/Source/event_groups.c **** 		else
 181:Middlewares/Third_Party/FreeRTOS/Source/event_groups.c **** 		{
 182:Middlewares/Third_Party/FreeRTOS/Source/event_groups.c **** 			traceEVENT_GROUP_CREATE_FAILED(); /*lint !e9063 Else branch only exists to allow tracing and doe
 183:Middlewares/Third_Party/FreeRTOS/Source/event_groups.c **** 		}
 184:Middlewares/Third_Party/FreeRTOS/Source/event_groups.c **** 
 185:Middlewares/Third_Party/FreeRTOS/Source/event_groups.c **** 		return pxEventBits;
 186:Middlewares/Third_Party/FreeRTOS/Source/event_groups.c **** 	}
 187:Middlewares/Third_Party/FreeRTOS/Source/event_groups.c **** 
 188:Middlewares/Third_Party/FreeRTOS/Source/event_groups.c **** #endif /* configSUPPORT_DYNAMIC_ALLOCATION */
 189:Middlewares/Third_Party/FreeRTOS/Source/event_groups.c **** /*-----------------------------------------------------------*/
 190:Middlewares/Third_Party/FreeRTOS/Source/event_groups.c **** 
 191:Middlewares/Third_Party/FreeRTOS/Source/event_groups.c **** EventBits_t xEventGroupSync( EventGroupHandle_t xEventGroup, const EventBits_t uxBitsToSet, const E
 192:Middlewares/Third_Party/FreeRTOS/Source/event_groups.c **** {
 193:Middlewares/Third_Party/FreeRTOS/Source/event_groups.c **** EventBits_t uxOriginalBitValue, uxReturn;
 194:Middlewares/Third_Party/FreeRTOS/Source/event_groups.c **** EventGroup_t *pxEventBits = xEventGroup;
 195:Middlewares/Third_Party/FreeRTOS/Source/event_groups.c **** BaseType_t xAlreadyYielded;
 196:Middlewares/Third_Party/FreeRTOS/Source/event_groups.c **** BaseType_t xTimeoutOccurred = pdFALSE;
 197:Middlewares/Third_Party/FreeRTOS/Source/event_groups.c **** 
 198:Middlewares/Third_Party/FreeRTOS/Source/event_groups.c **** 	configASSERT( ( uxBitsToWaitFor & eventEVENT_BITS_CONTROL_BYTES ) == 0 );
 199:Middlewares/Third_Party/FreeRTOS/Source/event_groups.c **** 	configASSERT( uxBitsToWaitFor != 0 );
 200:Middlewares/Third_Party/FreeRTOS/Source/event_groups.c **** 	#if ( ( INCLUDE_xTaskGetSchedulerState == 1 ) || ( configUSE_TIMERS == 1 ) )
 201:Middlewares/Third_Party/FreeRTOS/Source/event_groups.c **** 	{
 202:Middlewares/Third_Party/FreeRTOS/Source/event_groups.c **** 		configASSERT( !( ( xTaskGetSchedulerState() == taskSCHEDULER_SUSPENDED ) && ( xTicksToWait != 0 )
ARM GAS  D:\temp\TMP\ccbwIzgP.s 			page 5


 203:Middlewares/Third_Party/FreeRTOS/Source/event_groups.c **** 	}
 204:Middlewares/Third_Party/FreeRTOS/Source/event_groups.c **** 	#endif
 205:Middlewares/Third_Party/FreeRTOS/Source/event_groups.c **** 
 206:Middlewares/Third_Party/FreeRTOS/Source/event_groups.c **** 	vTaskSuspendAll();
 207:Middlewares/Third_Party/FreeRTOS/Source/event_groups.c **** 	{
 208:Middlewares/Third_Party/FreeRTOS/Source/event_groups.c **** 		uxOriginalBitValue = pxEventBits->uxEventBits;
 209:Middlewares/Third_Party/FreeRTOS/Source/event_groups.c **** 
 210:Middlewares/Third_Party/FreeRTOS/Source/event_groups.c **** 		( void ) xEventGroupSetBits( xEventGroup, uxBitsToSet );
 211:Middlewares/Third_Party/FreeRTOS/Source/event_groups.c **** 
 212:Middlewares/Third_Party/FreeRTOS/Source/event_groups.c **** 		if( ( ( uxOriginalBitValue | uxBitsToSet ) & uxBitsToWaitFor ) == uxBitsToWaitFor )
 213:Middlewares/Third_Party/FreeRTOS/Source/event_groups.c **** 		{
 214:Middlewares/Third_Party/FreeRTOS/Source/event_groups.c **** 			/* All the rendezvous bits are now set - no need to block. */
 215:Middlewares/Third_Party/FreeRTOS/Source/event_groups.c **** 			uxReturn = ( uxOriginalBitValue | uxBitsToSet );
 216:Middlewares/Third_Party/FreeRTOS/Source/event_groups.c **** 
 217:Middlewares/Third_Party/FreeRTOS/Source/event_groups.c **** 			/* Rendezvous always clear the bits.  They will have been cleared
 218:Middlewares/Third_Party/FreeRTOS/Source/event_groups.c **** 			already unless this is the only task in the rendezvous. */
 219:Middlewares/Third_Party/FreeRTOS/Source/event_groups.c **** 			pxEventBits->uxEventBits &= ~uxBitsToWaitFor;
 220:Middlewares/Third_Party/FreeRTOS/Source/event_groups.c **** 
 221:Middlewares/Third_Party/FreeRTOS/Source/event_groups.c **** 			xTicksToWait = 0;
 222:Middlewares/Third_Party/FreeRTOS/Source/event_groups.c **** 		}
 223:Middlewares/Third_Party/FreeRTOS/Source/event_groups.c **** 		else
 224:Middlewares/Third_Party/FreeRTOS/Source/event_groups.c **** 		{
 225:Middlewares/Third_Party/FreeRTOS/Source/event_groups.c **** 			if( xTicksToWait != ( TickType_t ) 0 )
 226:Middlewares/Third_Party/FreeRTOS/Source/event_groups.c **** 			{
 227:Middlewares/Third_Party/FreeRTOS/Source/event_groups.c **** 				traceEVENT_GROUP_SYNC_BLOCK( xEventGroup, uxBitsToSet, uxBitsToWaitFor );
 228:Middlewares/Third_Party/FreeRTOS/Source/event_groups.c **** 
 229:Middlewares/Third_Party/FreeRTOS/Source/event_groups.c **** 				/* Store the bits that the calling task is waiting for in the
 230:Middlewares/Third_Party/FreeRTOS/Source/event_groups.c **** 				task's event list item so the kernel knows when a match is
 231:Middlewares/Third_Party/FreeRTOS/Source/event_groups.c **** 				found.  Then enter the blocked state. */
 232:Middlewares/Third_Party/FreeRTOS/Source/event_groups.c **** 				vTaskPlaceOnUnorderedEventList( &( pxEventBits->xTasksWaitingForBits ), ( uxBitsToWaitFor | eve
 233:Middlewares/Third_Party/FreeRTOS/Source/event_groups.c **** 
 234:Middlewares/Third_Party/FreeRTOS/Source/event_groups.c **** 				/* This assignment is obsolete as uxReturn will get set after
 235:Middlewares/Third_Party/FreeRTOS/Source/event_groups.c **** 				the task unblocks, but some compilers mistakenly generate a
 236:Middlewares/Third_Party/FreeRTOS/Source/event_groups.c **** 				warning about uxReturn being returned without being set if the
 237:Middlewares/Third_Party/FreeRTOS/Source/event_groups.c **** 				assignment is omitted. */
 238:Middlewares/Third_Party/FreeRTOS/Source/event_groups.c **** 				uxReturn = 0;
 239:Middlewares/Third_Party/FreeRTOS/Source/event_groups.c **** 			}
 240:Middlewares/Third_Party/FreeRTOS/Source/event_groups.c **** 			else
 241:Middlewares/Third_Party/FreeRTOS/Source/event_groups.c **** 			{
 242:Middlewares/Third_Party/FreeRTOS/Source/event_groups.c **** 				/* The rendezvous bits were not set, but no block time was
 243:Middlewares/Third_Party/FreeRTOS/Source/event_groups.c **** 				specified - just return the current event bit value. */
 244:Middlewares/Third_Party/FreeRTOS/Source/event_groups.c **** 				uxReturn = pxEventBits->uxEventBits;
 245:Middlewares/Third_Party/FreeRTOS/Source/event_groups.c **** 				xTimeoutOccurred = pdTRUE;
 246:Middlewares/Third_Party/FreeRTOS/Source/event_groups.c **** 			}
 247:Middlewares/Third_Party/FreeRTOS/Source/event_groups.c **** 		}
 248:Middlewares/Third_Party/FreeRTOS/Source/event_groups.c **** 	}
 249:Middlewares/Third_Party/FreeRTOS/Source/event_groups.c **** 	xAlreadyYielded = xTaskResumeAll();
 250:Middlewares/Third_Party/FreeRTOS/Source/event_groups.c **** 
 251:Middlewares/Third_Party/FreeRTOS/Source/event_groups.c **** 	if( xTicksToWait != ( TickType_t ) 0 )
 252:Middlewares/Third_Party/FreeRTOS/Source/event_groups.c **** 	{
 253:Middlewares/Third_Party/FreeRTOS/Source/event_groups.c **** 		if( xAlreadyYielded == pdFALSE )
 254:Middlewares/Third_Party/FreeRTOS/Source/event_groups.c **** 		{
 255:Middlewares/Third_Party/FreeRTOS/Source/event_groups.c **** 			portYIELD_WITHIN_API();
 256:Middlewares/Third_Party/FreeRTOS/Source/event_groups.c **** 		}
 257:Middlewares/Third_Party/FreeRTOS/Source/event_groups.c **** 		else
 258:Middlewares/Third_Party/FreeRTOS/Source/event_groups.c **** 		{
 259:Middlewares/Third_Party/FreeRTOS/Source/event_groups.c **** 			mtCOVERAGE_TEST_MARKER();
ARM GAS  D:\temp\TMP\ccbwIzgP.s 			page 6


 260:Middlewares/Third_Party/FreeRTOS/Source/event_groups.c **** 		}
 261:Middlewares/Third_Party/FreeRTOS/Source/event_groups.c **** 
 262:Middlewares/Third_Party/FreeRTOS/Source/event_groups.c **** 		/* The task blocked to wait for its required bits to be set - at this
 263:Middlewares/Third_Party/FreeRTOS/Source/event_groups.c **** 		point either the required bits were set or the block time expired.  If
 264:Middlewares/Third_Party/FreeRTOS/Source/event_groups.c **** 		the required bits were set they will have been stored in the task's
 265:Middlewares/Third_Party/FreeRTOS/Source/event_groups.c **** 		event list item, and they should now be retrieved then cleared. */
 266:Middlewares/Third_Party/FreeRTOS/Source/event_groups.c **** 		uxReturn = uxTaskResetEventItemValue();
 267:Middlewares/Third_Party/FreeRTOS/Source/event_groups.c **** 
 268:Middlewares/Third_Party/FreeRTOS/Source/event_groups.c **** 		if( ( uxReturn & eventUNBLOCKED_DUE_TO_BIT_SET ) == ( EventBits_t ) 0 )
 269:Middlewares/Third_Party/FreeRTOS/Source/event_groups.c **** 		{
 270:Middlewares/Third_Party/FreeRTOS/Source/event_groups.c **** 			/* The task timed out, just return the current event bit value. */
 271:Middlewares/Third_Party/FreeRTOS/Source/event_groups.c **** 			taskENTER_CRITICAL();
 272:Middlewares/Third_Party/FreeRTOS/Source/event_groups.c **** 			{
 273:Middlewares/Third_Party/FreeRTOS/Source/event_groups.c **** 				uxReturn = pxEventBits->uxEventBits;
 274:Middlewares/Third_Party/FreeRTOS/Source/event_groups.c **** 
 275:Middlewares/Third_Party/FreeRTOS/Source/event_groups.c **** 				/* Although the task got here because it timed out before the
 276:Middlewares/Third_Party/FreeRTOS/Source/event_groups.c **** 				bits it was waiting for were set, it is possible that since it
 277:Middlewares/Third_Party/FreeRTOS/Source/event_groups.c **** 				unblocked another task has set the bits.  If this is the case
 278:Middlewares/Third_Party/FreeRTOS/Source/event_groups.c **** 				then it needs to clear the bits before exiting. */
 279:Middlewares/Third_Party/FreeRTOS/Source/event_groups.c **** 				if( ( uxReturn & uxBitsToWaitFor ) == uxBitsToWaitFor )
 280:Middlewares/Third_Party/FreeRTOS/Source/event_groups.c **** 				{
 281:Middlewares/Third_Party/FreeRTOS/Source/event_groups.c **** 					pxEventBits->uxEventBits &= ~uxBitsToWaitFor;
 282:Middlewares/Third_Party/FreeRTOS/Source/event_groups.c **** 				}
 283:Middlewares/Third_Party/FreeRTOS/Source/event_groups.c **** 				else
 284:Middlewares/Third_Party/FreeRTOS/Source/event_groups.c **** 				{
 285:Middlewares/Third_Party/FreeRTOS/Source/event_groups.c **** 					mtCOVERAGE_TEST_MARKER();
 286:Middlewares/Third_Party/FreeRTOS/Source/event_groups.c **** 				}
 287:Middlewares/Third_Party/FreeRTOS/Source/event_groups.c **** 			}
 288:Middlewares/Third_Party/FreeRTOS/Source/event_groups.c **** 			taskEXIT_CRITICAL();
 289:Middlewares/Third_Party/FreeRTOS/Source/event_groups.c **** 
 290:Middlewares/Third_Party/FreeRTOS/Source/event_groups.c **** 			xTimeoutOccurred = pdTRUE;
 291:Middlewares/Third_Party/FreeRTOS/Source/event_groups.c **** 		}
 292:Middlewares/Third_Party/FreeRTOS/Source/event_groups.c **** 		else
 293:Middlewares/Third_Party/FreeRTOS/Source/event_groups.c **** 		{
 294:Middlewares/Third_Party/FreeRTOS/Source/event_groups.c **** 			/* The task unblocked because the bits were set. */
 295:Middlewares/Third_Party/FreeRTOS/Source/event_groups.c **** 		}
 296:Middlewares/Third_Party/FreeRTOS/Source/event_groups.c **** 
 297:Middlewares/Third_Party/FreeRTOS/Source/event_groups.c **** 		/* Control bits might be set as the task had blocked should not be
 298:Middlewares/Third_Party/FreeRTOS/Source/event_groups.c **** 		returned. */
 299:Middlewares/Third_Party/FreeRTOS/Source/event_groups.c **** 		uxReturn &= ~eventEVENT_BITS_CONTROL_BYTES;
 300:Middlewares/Third_Party/FreeRTOS/Source/event_groups.c **** 	}
 301:Middlewares/Third_Party/FreeRTOS/Source/event_groups.c **** 
 302:Middlewares/Third_Party/FreeRTOS/Source/event_groups.c **** 	traceEVENT_GROUP_SYNC_END( xEventGroup, uxBitsToSet, uxBitsToWaitFor, xTimeoutOccurred );
 303:Middlewares/Third_Party/FreeRTOS/Source/event_groups.c **** 
 304:Middlewares/Third_Party/FreeRTOS/Source/event_groups.c **** 	/* Prevent compiler warnings when trace macros are not used. */
 305:Middlewares/Third_Party/FreeRTOS/Source/event_groups.c **** 	( void ) xTimeoutOccurred;
 306:Middlewares/Third_Party/FreeRTOS/Source/event_groups.c **** 
 307:Middlewares/Third_Party/FreeRTOS/Source/event_groups.c **** 	return uxReturn;
 308:Middlewares/Third_Party/FreeRTOS/Source/event_groups.c **** }
 309:Middlewares/Third_Party/FreeRTOS/Source/event_groups.c **** /*-----------------------------------------------------------*/
 310:Middlewares/Third_Party/FreeRTOS/Source/event_groups.c **** 
 311:Middlewares/Third_Party/FreeRTOS/Source/event_groups.c **** EventBits_t xEventGroupWaitBits( EventGroupHandle_t xEventGroup, const EventBits_t uxBitsToWaitFor,
 312:Middlewares/Third_Party/FreeRTOS/Source/event_groups.c **** {
 313:Middlewares/Third_Party/FreeRTOS/Source/event_groups.c **** EventGroup_t *pxEventBits = xEventGroup;
 314:Middlewares/Third_Party/FreeRTOS/Source/event_groups.c **** EventBits_t uxReturn, uxControlBits = 0;
 315:Middlewares/Third_Party/FreeRTOS/Source/event_groups.c **** BaseType_t xWaitConditionMet, xAlreadyYielded;
 316:Middlewares/Third_Party/FreeRTOS/Source/event_groups.c **** BaseType_t xTimeoutOccurred = pdFALSE;
ARM GAS  D:\temp\TMP\ccbwIzgP.s 			page 7


 317:Middlewares/Third_Party/FreeRTOS/Source/event_groups.c **** 
 318:Middlewares/Third_Party/FreeRTOS/Source/event_groups.c **** 	/* Check the user is not attempting to wait on the bits used by the kernel
 319:Middlewares/Third_Party/FreeRTOS/Source/event_groups.c **** 	itself, and that at least one bit is being requested. */
 320:Middlewares/Third_Party/FreeRTOS/Source/event_groups.c **** 	configASSERT( xEventGroup );
 321:Middlewares/Third_Party/FreeRTOS/Source/event_groups.c **** 	configASSERT( ( uxBitsToWaitFor & eventEVENT_BITS_CONTROL_BYTES ) == 0 );
 322:Middlewares/Third_Party/FreeRTOS/Source/event_groups.c **** 	configASSERT( uxBitsToWaitFor != 0 );
 323:Middlewares/Third_Party/FreeRTOS/Source/event_groups.c **** 	#if ( ( INCLUDE_xTaskGetSchedulerState == 1 ) || ( configUSE_TIMERS == 1 ) )
 324:Middlewares/Third_Party/FreeRTOS/Source/event_groups.c **** 	{
 325:Middlewares/Third_Party/FreeRTOS/Source/event_groups.c **** 		configASSERT( !( ( xTaskGetSchedulerState() == taskSCHEDULER_SUSPENDED ) && ( xTicksToWait != 0 )
 326:Middlewares/Third_Party/FreeRTOS/Source/event_groups.c **** 	}
 327:Middlewares/Third_Party/FreeRTOS/Source/event_groups.c **** 	#endif
 328:Middlewares/Third_Party/FreeRTOS/Source/event_groups.c **** 
 329:Middlewares/Third_Party/FreeRTOS/Source/event_groups.c **** 	vTaskSuspendAll();
 330:Middlewares/Third_Party/FreeRTOS/Source/event_groups.c **** 	{
 331:Middlewares/Third_Party/FreeRTOS/Source/event_groups.c **** 		const EventBits_t uxCurrentEventBits = pxEventBits->uxEventBits;
 332:Middlewares/Third_Party/FreeRTOS/Source/event_groups.c **** 
 333:Middlewares/Third_Party/FreeRTOS/Source/event_groups.c **** 		/* Check to see if the wait condition is already met or not. */
 334:Middlewares/Third_Party/FreeRTOS/Source/event_groups.c **** 		xWaitConditionMet = prvTestWaitCondition( uxCurrentEventBits, uxBitsToWaitFor, xWaitForAllBits );
 335:Middlewares/Third_Party/FreeRTOS/Source/event_groups.c **** 
 336:Middlewares/Third_Party/FreeRTOS/Source/event_groups.c **** 		if( xWaitConditionMet != pdFALSE )
 337:Middlewares/Third_Party/FreeRTOS/Source/event_groups.c **** 		{
 338:Middlewares/Third_Party/FreeRTOS/Source/event_groups.c **** 			/* The wait condition has already been met so there is no need to
 339:Middlewares/Third_Party/FreeRTOS/Source/event_groups.c **** 			block. */
 340:Middlewares/Third_Party/FreeRTOS/Source/event_groups.c **** 			uxReturn = uxCurrentEventBits;
 341:Middlewares/Third_Party/FreeRTOS/Source/event_groups.c **** 			xTicksToWait = ( TickType_t ) 0;
 342:Middlewares/Third_Party/FreeRTOS/Source/event_groups.c **** 
 343:Middlewares/Third_Party/FreeRTOS/Source/event_groups.c **** 			/* Clear the wait bits if requested to do so. */
 344:Middlewares/Third_Party/FreeRTOS/Source/event_groups.c **** 			if( xClearOnExit != pdFALSE )
 345:Middlewares/Third_Party/FreeRTOS/Source/event_groups.c **** 			{
 346:Middlewares/Third_Party/FreeRTOS/Source/event_groups.c **** 				pxEventBits->uxEventBits &= ~uxBitsToWaitFor;
 347:Middlewares/Third_Party/FreeRTOS/Source/event_groups.c **** 			}
 348:Middlewares/Third_Party/FreeRTOS/Source/event_groups.c **** 			else
 349:Middlewares/Third_Party/FreeRTOS/Source/event_groups.c **** 			{
 350:Middlewares/Third_Party/FreeRTOS/Source/event_groups.c **** 				mtCOVERAGE_TEST_MARKER();
 351:Middlewares/Third_Party/FreeRTOS/Source/event_groups.c **** 			}
 352:Middlewares/Third_Party/FreeRTOS/Source/event_groups.c **** 		}
 353:Middlewares/Third_Party/FreeRTOS/Source/event_groups.c **** 		else if( xTicksToWait == ( TickType_t ) 0 )
 354:Middlewares/Third_Party/FreeRTOS/Source/event_groups.c **** 		{
 355:Middlewares/Third_Party/FreeRTOS/Source/event_groups.c **** 			/* The wait condition has not been met, but no block time was
 356:Middlewares/Third_Party/FreeRTOS/Source/event_groups.c **** 			specified, so just return the current value. */
 357:Middlewares/Third_Party/FreeRTOS/Source/event_groups.c **** 			uxReturn = uxCurrentEventBits;
 358:Middlewares/Third_Party/FreeRTOS/Source/event_groups.c **** 			xTimeoutOccurred = pdTRUE;
 359:Middlewares/Third_Party/FreeRTOS/Source/event_groups.c **** 		}
 360:Middlewares/Third_Party/FreeRTOS/Source/event_groups.c **** 		else
 361:Middlewares/Third_Party/FreeRTOS/Source/event_groups.c **** 		{
 362:Middlewares/Third_Party/FreeRTOS/Source/event_groups.c **** 			/* The task is going to block to wait for its required bits to be
 363:Middlewares/Third_Party/FreeRTOS/Source/event_groups.c **** 			set.  uxControlBits are used to remember the specified behaviour of
 364:Middlewares/Third_Party/FreeRTOS/Source/event_groups.c **** 			this call to xEventGroupWaitBits() - for use when the event bits
 365:Middlewares/Third_Party/FreeRTOS/Source/event_groups.c **** 			unblock the task. */
 366:Middlewares/Third_Party/FreeRTOS/Source/event_groups.c **** 			if( xClearOnExit != pdFALSE )
 367:Middlewares/Third_Party/FreeRTOS/Source/event_groups.c **** 			{
 368:Middlewares/Third_Party/FreeRTOS/Source/event_groups.c **** 				uxControlBits |= eventCLEAR_EVENTS_ON_EXIT_BIT;
 369:Middlewares/Third_Party/FreeRTOS/Source/event_groups.c **** 			}
 370:Middlewares/Third_Party/FreeRTOS/Source/event_groups.c **** 			else
 371:Middlewares/Third_Party/FreeRTOS/Source/event_groups.c **** 			{
 372:Middlewares/Third_Party/FreeRTOS/Source/event_groups.c **** 				mtCOVERAGE_TEST_MARKER();
 373:Middlewares/Third_Party/FreeRTOS/Source/event_groups.c **** 			}
ARM GAS  D:\temp\TMP\ccbwIzgP.s 			page 8


 374:Middlewares/Third_Party/FreeRTOS/Source/event_groups.c **** 
 375:Middlewares/Third_Party/FreeRTOS/Source/event_groups.c **** 			if( xWaitForAllBits != pdFALSE )
 376:Middlewares/Third_Party/FreeRTOS/Source/event_groups.c **** 			{
 377:Middlewares/Third_Party/FreeRTOS/Source/event_groups.c **** 				uxControlBits |= eventWAIT_FOR_ALL_BITS;
 378:Middlewares/Third_Party/FreeRTOS/Source/event_groups.c **** 			}
 379:Middlewares/Third_Party/FreeRTOS/Source/event_groups.c **** 			else
 380:Middlewares/Third_Party/FreeRTOS/Source/event_groups.c **** 			{
 381:Middlewares/Third_Party/FreeRTOS/Source/event_groups.c **** 				mtCOVERAGE_TEST_MARKER();
 382:Middlewares/Third_Party/FreeRTOS/Source/event_groups.c **** 			}
 383:Middlewares/Third_Party/FreeRTOS/Source/event_groups.c **** 
 384:Middlewares/Third_Party/FreeRTOS/Source/event_groups.c **** 			/* Store the bits that the calling task is waiting for in the
 385:Middlewares/Third_Party/FreeRTOS/Source/event_groups.c **** 			task's event list item so the kernel knows when a match is
 386:Middlewares/Third_Party/FreeRTOS/Source/event_groups.c **** 			found.  Then enter the blocked state. */
 387:Middlewares/Third_Party/FreeRTOS/Source/event_groups.c **** 			vTaskPlaceOnUnorderedEventList( &( pxEventBits->xTasksWaitingForBits ), ( uxBitsToWaitFor | uxCo
 388:Middlewares/Third_Party/FreeRTOS/Source/event_groups.c **** 
 389:Middlewares/Third_Party/FreeRTOS/Source/event_groups.c **** 			/* This is obsolete as it will get set after the task unblocks, but
 390:Middlewares/Third_Party/FreeRTOS/Source/event_groups.c **** 			some compilers mistakenly generate a warning about the variable
 391:Middlewares/Third_Party/FreeRTOS/Source/event_groups.c **** 			being returned without being set if it is not done. */
 392:Middlewares/Third_Party/FreeRTOS/Source/event_groups.c **** 			uxReturn = 0;
 393:Middlewares/Third_Party/FreeRTOS/Source/event_groups.c **** 
 394:Middlewares/Third_Party/FreeRTOS/Source/event_groups.c **** 			traceEVENT_GROUP_WAIT_BITS_BLOCK( xEventGroup, uxBitsToWaitFor );
 395:Middlewares/Third_Party/FreeRTOS/Source/event_groups.c **** 		}
 396:Middlewares/Third_Party/FreeRTOS/Source/event_groups.c **** 	}
 397:Middlewares/Third_Party/FreeRTOS/Source/event_groups.c **** 	xAlreadyYielded = xTaskResumeAll();
 398:Middlewares/Third_Party/FreeRTOS/Source/event_groups.c **** 
 399:Middlewares/Third_Party/FreeRTOS/Source/event_groups.c **** 	if( xTicksToWait != ( TickType_t ) 0 )
 400:Middlewares/Third_Party/FreeRTOS/Source/event_groups.c **** 	{
 401:Middlewares/Third_Party/FreeRTOS/Source/event_groups.c **** 		if( xAlreadyYielded == pdFALSE )
 402:Middlewares/Third_Party/FreeRTOS/Source/event_groups.c **** 		{
 403:Middlewares/Third_Party/FreeRTOS/Source/event_groups.c **** 			portYIELD_WITHIN_API();
 404:Middlewares/Third_Party/FreeRTOS/Source/event_groups.c **** 		}
 405:Middlewares/Third_Party/FreeRTOS/Source/event_groups.c **** 		else
 406:Middlewares/Third_Party/FreeRTOS/Source/event_groups.c **** 		{
 407:Middlewares/Third_Party/FreeRTOS/Source/event_groups.c **** 			mtCOVERAGE_TEST_MARKER();
 408:Middlewares/Third_Party/FreeRTOS/Source/event_groups.c **** 		}
 409:Middlewares/Third_Party/FreeRTOS/Source/event_groups.c **** 
 410:Middlewares/Third_Party/FreeRTOS/Source/event_groups.c **** 		/* The task blocked to wait for its required bits to be set - at this
 411:Middlewares/Third_Party/FreeRTOS/Source/event_groups.c **** 		point either the required bits were set or the block time expired.  If
 412:Middlewares/Third_Party/FreeRTOS/Source/event_groups.c **** 		the required bits were set they will have been stored in the task's
 413:Middlewares/Third_Party/FreeRTOS/Source/event_groups.c **** 		event list item, and they should now be retrieved then cleared. */
 414:Middlewares/Third_Party/FreeRTOS/Source/event_groups.c **** 		uxReturn = uxTaskResetEventItemValue();
 415:Middlewares/Third_Party/FreeRTOS/Source/event_groups.c **** 
 416:Middlewares/Third_Party/FreeRTOS/Source/event_groups.c **** 		if( ( uxReturn & eventUNBLOCKED_DUE_TO_BIT_SET ) == ( EventBits_t ) 0 )
 417:Middlewares/Third_Party/FreeRTOS/Source/event_groups.c **** 		{
 418:Middlewares/Third_Party/FreeRTOS/Source/event_groups.c **** 			taskENTER_CRITICAL();
 419:Middlewares/Third_Party/FreeRTOS/Source/event_groups.c **** 			{
 420:Middlewares/Third_Party/FreeRTOS/Source/event_groups.c **** 				/* The task timed out, just return the current event bit value. */
 421:Middlewares/Third_Party/FreeRTOS/Source/event_groups.c **** 				uxReturn = pxEventBits->uxEventBits;
 422:Middlewares/Third_Party/FreeRTOS/Source/event_groups.c **** 
 423:Middlewares/Third_Party/FreeRTOS/Source/event_groups.c **** 				/* It is possible that the event bits were updated between this
 424:Middlewares/Third_Party/FreeRTOS/Source/event_groups.c **** 				task leaving the Blocked state and running again. */
 425:Middlewares/Third_Party/FreeRTOS/Source/event_groups.c **** 				if( prvTestWaitCondition( uxReturn, uxBitsToWaitFor, xWaitForAllBits ) != pdFALSE )
 426:Middlewares/Third_Party/FreeRTOS/Source/event_groups.c **** 				{
 427:Middlewares/Third_Party/FreeRTOS/Source/event_groups.c **** 					if( xClearOnExit != pdFALSE )
 428:Middlewares/Third_Party/FreeRTOS/Source/event_groups.c **** 					{
 429:Middlewares/Third_Party/FreeRTOS/Source/event_groups.c **** 						pxEventBits->uxEventBits &= ~uxBitsToWaitFor;
 430:Middlewares/Third_Party/FreeRTOS/Source/event_groups.c **** 					}
ARM GAS  D:\temp\TMP\ccbwIzgP.s 			page 9


 431:Middlewares/Third_Party/FreeRTOS/Source/event_groups.c **** 					else
 432:Middlewares/Third_Party/FreeRTOS/Source/event_groups.c **** 					{
 433:Middlewares/Third_Party/FreeRTOS/Source/event_groups.c **** 						mtCOVERAGE_TEST_MARKER();
 434:Middlewares/Third_Party/FreeRTOS/Source/event_groups.c **** 					}
 435:Middlewares/Third_Party/FreeRTOS/Source/event_groups.c **** 				}
 436:Middlewares/Third_Party/FreeRTOS/Source/event_groups.c **** 				else
 437:Middlewares/Third_Party/FreeRTOS/Source/event_groups.c **** 				{
 438:Middlewares/Third_Party/FreeRTOS/Source/event_groups.c **** 					mtCOVERAGE_TEST_MARKER();
 439:Middlewares/Third_Party/FreeRTOS/Source/event_groups.c **** 				}
 440:Middlewares/Third_Party/FreeRTOS/Source/event_groups.c **** 				xTimeoutOccurred = pdTRUE;
 441:Middlewares/Third_Party/FreeRTOS/Source/event_groups.c **** 			}
 442:Middlewares/Third_Party/FreeRTOS/Source/event_groups.c **** 			taskEXIT_CRITICAL();
 443:Middlewares/Third_Party/FreeRTOS/Source/event_groups.c **** 		}
 444:Middlewares/Third_Party/FreeRTOS/Source/event_groups.c **** 		else
 445:Middlewares/Third_Party/FreeRTOS/Source/event_groups.c **** 		{
 446:Middlewares/Third_Party/FreeRTOS/Source/event_groups.c **** 			/* The task unblocked because the bits were set. */
 447:Middlewares/Third_Party/FreeRTOS/Source/event_groups.c **** 		}
 448:Middlewares/Third_Party/FreeRTOS/Source/event_groups.c **** 
 449:Middlewares/Third_Party/FreeRTOS/Source/event_groups.c **** 		/* The task blocked so control bits may have been set. */
 450:Middlewares/Third_Party/FreeRTOS/Source/event_groups.c **** 		uxReturn &= ~eventEVENT_BITS_CONTROL_BYTES;
 451:Middlewares/Third_Party/FreeRTOS/Source/event_groups.c **** 	}
 452:Middlewares/Third_Party/FreeRTOS/Source/event_groups.c **** 	traceEVENT_GROUP_WAIT_BITS_END( xEventGroup, uxBitsToWaitFor, xTimeoutOccurred );
 453:Middlewares/Third_Party/FreeRTOS/Source/event_groups.c **** 
 454:Middlewares/Third_Party/FreeRTOS/Source/event_groups.c **** 	/* Prevent compiler warnings when trace macros are not used. */
 455:Middlewares/Third_Party/FreeRTOS/Source/event_groups.c **** 	( void ) xTimeoutOccurred;
 456:Middlewares/Third_Party/FreeRTOS/Source/event_groups.c **** 
 457:Middlewares/Third_Party/FreeRTOS/Source/event_groups.c **** 	return uxReturn;
 458:Middlewares/Third_Party/FreeRTOS/Source/event_groups.c **** }
 459:Middlewares/Third_Party/FreeRTOS/Source/event_groups.c **** /*-----------------------------------------------------------*/
 460:Middlewares/Third_Party/FreeRTOS/Source/event_groups.c **** 
 461:Middlewares/Third_Party/FreeRTOS/Source/event_groups.c **** EventBits_t xEventGroupClearBits( EventGroupHandle_t xEventGroup, const EventBits_t uxBitsToClear )
 462:Middlewares/Third_Party/FreeRTOS/Source/event_groups.c **** {
 463:Middlewares/Third_Party/FreeRTOS/Source/event_groups.c **** EventGroup_t *pxEventBits = xEventGroup;
 464:Middlewares/Third_Party/FreeRTOS/Source/event_groups.c **** EventBits_t uxReturn;
 465:Middlewares/Third_Party/FreeRTOS/Source/event_groups.c **** 
 466:Middlewares/Third_Party/FreeRTOS/Source/event_groups.c **** 	/* Check the user is not attempting to clear the bits used by the kernel
 467:Middlewares/Third_Party/FreeRTOS/Source/event_groups.c **** 	itself. */
 468:Middlewares/Third_Party/FreeRTOS/Source/event_groups.c **** 	configASSERT( xEventGroup );
 469:Middlewares/Third_Party/FreeRTOS/Source/event_groups.c **** 	configASSERT( ( uxBitsToClear & eventEVENT_BITS_CONTROL_BYTES ) == 0 );
 470:Middlewares/Third_Party/FreeRTOS/Source/event_groups.c **** 
 471:Middlewares/Third_Party/FreeRTOS/Source/event_groups.c **** 	taskENTER_CRITICAL();
 472:Middlewares/Third_Party/FreeRTOS/Source/event_groups.c **** 	{
 473:Middlewares/Third_Party/FreeRTOS/Source/event_groups.c **** 		traceEVENT_GROUP_CLEAR_BITS( xEventGroup, uxBitsToClear );
 474:Middlewares/Third_Party/FreeRTOS/Source/event_groups.c **** 
 475:Middlewares/Third_Party/FreeRTOS/Source/event_groups.c **** 		/* The value returned is the event group value prior to the bits being
 476:Middlewares/Third_Party/FreeRTOS/Source/event_groups.c **** 		cleared. */
 477:Middlewares/Third_Party/FreeRTOS/Source/event_groups.c **** 		uxReturn = pxEventBits->uxEventBits;
 478:Middlewares/Third_Party/FreeRTOS/Source/event_groups.c **** 
 479:Middlewares/Third_Party/FreeRTOS/Source/event_groups.c **** 		/* Clear the bits. */
 480:Middlewares/Third_Party/FreeRTOS/Source/event_groups.c **** 		pxEventBits->uxEventBits &= ~uxBitsToClear;
 481:Middlewares/Third_Party/FreeRTOS/Source/event_groups.c **** 	}
 482:Middlewares/Third_Party/FreeRTOS/Source/event_groups.c **** 	taskEXIT_CRITICAL();
 483:Middlewares/Third_Party/FreeRTOS/Source/event_groups.c **** 
 484:Middlewares/Third_Party/FreeRTOS/Source/event_groups.c **** 	return uxReturn;
 485:Middlewares/Third_Party/FreeRTOS/Source/event_groups.c **** }
 486:Middlewares/Third_Party/FreeRTOS/Source/event_groups.c **** /*-----------------------------------------------------------*/
 487:Middlewares/Third_Party/FreeRTOS/Source/event_groups.c **** 
ARM GAS  D:\temp\TMP\ccbwIzgP.s 			page 10


 488:Middlewares/Third_Party/FreeRTOS/Source/event_groups.c **** #if ( ( configUSE_TRACE_FACILITY == 1 ) && ( INCLUDE_xTimerPendFunctionCall == 1 ) && ( configUSE_T
 489:Middlewares/Third_Party/FreeRTOS/Source/event_groups.c **** 
 490:Middlewares/Third_Party/FreeRTOS/Source/event_groups.c **** 	BaseType_t xEventGroupClearBitsFromISR( EventGroupHandle_t xEventGroup, const EventBits_t uxBitsTo
 491:Middlewares/Third_Party/FreeRTOS/Source/event_groups.c **** 	{
 492:Middlewares/Third_Party/FreeRTOS/Source/event_groups.c **** 		BaseType_t xReturn;
 493:Middlewares/Third_Party/FreeRTOS/Source/event_groups.c **** 
 494:Middlewares/Third_Party/FreeRTOS/Source/event_groups.c **** 		traceEVENT_GROUP_CLEAR_BITS_FROM_ISR( xEventGroup, uxBitsToClear );
 495:Middlewares/Third_Party/FreeRTOS/Source/event_groups.c **** 		xReturn = xTimerPendFunctionCallFromISR( vEventGroupClearBitsCallback, ( void * ) xEventGroup, ( 
 496:Middlewares/Third_Party/FreeRTOS/Source/event_groups.c **** 
 497:Middlewares/Third_Party/FreeRTOS/Source/event_groups.c **** 		return xReturn;
 498:Middlewares/Third_Party/FreeRTOS/Source/event_groups.c **** 	}
 499:Middlewares/Third_Party/FreeRTOS/Source/event_groups.c **** 
 500:Middlewares/Third_Party/FreeRTOS/Source/event_groups.c **** #endif
 501:Middlewares/Third_Party/FreeRTOS/Source/event_groups.c **** /*-----------------------------------------------------------*/
 502:Middlewares/Third_Party/FreeRTOS/Source/event_groups.c **** 
 503:Middlewares/Third_Party/FreeRTOS/Source/event_groups.c **** EventBits_t xEventGroupGetBitsFromISR( EventGroupHandle_t xEventGroup )
 504:Middlewares/Third_Party/FreeRTOS/Source/event_groups.c **** {
 505:Middlewares/Third_Party/FreeRTOS/Source/event_groups.c **** UBaseType_t uxSavedInterruptStatus;
 506:Middlewares/Third_Party/FreeRTOS/Source/event_groups.c **** EventGroup_t const * const pxEventBits = xEventGroup;
 507:Middlewares/Third_Party/FreeRTOS/Source/event_groups.c **** EventBits_t uxReturn;
 508:Middlewares/Third_Party/FreeRTOS/Source/event_groups.c **** 
 509:Middlewares/Third_Party/FreeRTOS/Source/event_groups.c **** 	uxSavedInterruptStatus = portSET_INTERRUPT_MASK_FROM_ISR();
 510:Middlewares/Third_Party/FreeRTOS/Source/event_groups.c **** 	{
 511:Middlewares/Third_Party/FreeRTOS/Source/event_groups.c **** 		uxReturn = pxEventBits->uxEventBits;
 512:Middlewares/Third_Party/FreeRTOS/Source/event_groups.c **** 	}
 513:Middlewares/Third_Party/FreeRTOS/Source/event_groups.c **** 	portCLEAR_INTERRUPT_MASK_FROM_ISR( uxSavedInterruptStatus );
 514:Middlewares/Third_Party/FreeRTOS/Source/event_groups.c **** 
 515:Middlewares/Third_Party/FreeRTOS/Source/event_groups.c **** 	return uxReturn;
 516:Middlewares/Third_Party/FreeRTOS/Source/event_groups.c **** } /*lint !e818 EventGroupHandle_t is a typedef used in other functions to so can't be pointer to co
 517:Middlewares/Third_Party/FreeRTOS/Source/event_groups.c **** /*-----------------------------------------------------------*/
 518:Middlewares/Third_Party/FreeRTOS/Source/event_groups.c **** 
 519:Middlewares/Third_Party/FreeRTOS/Source/event_groups.c **** EventBits_t xEventGroupSetBits( EventGroupHandle_t xEventGroup, const EventBits_t uxBitsToSet )
 520:Middlewares/Third_Party/FreeRTOS/Source/event_groups.c **** {
 521:Middlewares/Third_Party/FreeRTOS/Source/event_groups.c **** ListItem_t *pxListItem, *pxNext;
 522:Middlewares/Third_Party/FreeRTOS/Source/event_groups.c **** ListItem_t const *pxListEnd;
 523:Middlewares/Third_Party/FreeRTOS/Source/event_groups.c **** List_t const * pxList;
 524:Middlewares/Third_Party/FreeRTOS/Source/event_groups.c **** EventBits_t uxBitsToClear = 0, uxBitsWaitedFor, uxControlBits;
 525:Middlewares/Third_Party/FreeRTOS/Source/event_groups.c **** EventGroup_t *pxEventBits = xEventGroup;
 526:Middlewares/Third_Party/FreeRTOS/Source/event_groups.c **** BaseType_t xMatchFound = pdFALSE;
 527:Middlewares/Third_Party/FreeRTOS/Source/event_groups.c **** 
 528:Middlewares/Third_Party/FreeRTOS/Source/event_groups.c **** 	/* Check the user is not attempting to set the bits used by the kernel
 529:Middlewares/Third_Party/FreeRTOS/Source/event_groups.c **** 	itself. */
 530:Middlewares/Third_Party/FreeRTOS/Source/event_groups.c **** 	configASSERT( xEventGroup );
 531:Middlewares/Third_Party/FreeRTOS/Source/event_groups.c **** 	configASSERT( ( uxBitsToSet & eventEVENT_BITS_CONTROL_BYTES ) == 0 );
 532:Middlewares/Third_Party/FreeRTOS/Source/event_groups.c **** 
 533:Middlewares/Third_Party/FreeRTOS/Source/event_groups.c **** 	pxList = &( pxEventBits->xTasksWaitingForBits );
 534:Middlewares/Third_Party/FreeRTOS/Source/event_groups.c **** 	pxListEnd = listGET_END_MARKER( pxList ); /*lint !e826 !e740 !e9087 The mini list structure is use
 535:Middlewares/Third_Party/FreeRTOS/Source/event_groups.c **** 	vTaskSuspendAll();
 536:Middlewares/Third_Party/FreeRTOS/Source/event_groups.c **** 	{
 537:Middlewares/Third_Party/FreeRTOS/Source/event_groups.c **** 		traceEVENT_GROUP_SET_BITS( xEventGroup, uxBitsToSet );
 538:Middlewares/Third_Party/FreeRTOS/Source/event_groups.c **** 
 539:Middlewares/Third_Party/FreeRTOS/Source/event_groups.c **** 		pxListItem = listGET_HEAD_ENTRY( pxList );
 540:Middlewares/Third_Party/FreeRTOS/Source/event_groups.c **** 
 541:Middlewares/Third_Party/FreeRTOS/Source/event_groups.c **** 		/* Set the bits. */
 542:Middlewares/Third_Party/FreeRTOS/Source/event_groups.c **** 		pxEventBits->uxEventBits |= uxBitsToSet;
 543:Middlewares/Third_Party/FreeRTOS/Source/event_groups.c **** 
 544:Middlewares/Third_Party/FreeRTOS/Source/event_groups.c **** 		/* See if the new bit value should unblock any tasks. */
ARM GAS  D:\temp\TMP\ccbwIzgP.s 			page 11


 545:Middlewares/Third_Party/FreeRTOS/Source/event_groups.c **** 		while( pxListItem != pxListEnd )
 546:Middlewares/Third_Party/FreeRTOS/Source/event_groups.c **** 		{
 547:Middlewares/Third_Party/FreeRTOS/Source/event_groups.c **** 			pxNext = listGET_NEXT( pxListItem );
 548:Middlewares/Third_Party/FreeRTOS/Source/event_groups.c **** 			uxBitsWaitedFor = listGET_LIST_ITEM_VALUE( pxListItem );
 549:Middlewares/Third_Party/FreeRTOS/Source/event_groups.c **** 			xMatchFound = pdFALSE;
 550:Middlewares/Third_Party/FreeRTOS/Source/event_groups.c **** 
 551:Middlewares/Third_Party/FreeRTOS/Source/event_groups.c **** 			/* Split the bits waited for from the control bits. */
 552:Middlewares/Third_Party/FreeRTOS/Source/event_groups.c **** 			uxControlBits = uxBitsWaitedFor & eventEVENT_BITS_CONTROL_BYTES;
 553:Middlewares/Third_Party/FreeRTOS/Source/event_groups.c **** 			uxBitsWaitedFor &= ~eventEVENT_BITS_CONTROL_BYTES;
 554:Middlewares/Third_Party/FreeRTOS/Source/event_groups.c **** 
 555:Middlewares/Third_Party/FreeRTOS/Source/event_groups.c **** 			if( ( uxControlBits & eventWAIT_FOR_ALL_BITS ) == ( EventBits_t ) 0 )
 556:Middlewares/Third_Party/FreeRTOS/Source/event_groups.c **** 			{
 557:Middlewares/Third_Party/FreeRTOS/Source/event_groups.c **** 				/* Just looking for single bit being set. */
 558:Middlewares/Third_Party/FreeRTOS/Source/event_groups.c **** 				if( ( uxBitsWaitedFor & pxEventBits->uxEventBits ) != ( EventBits_t ) 0 )
 559:Middlewares/Third_Party/FreeRTOS/Source/event_groups.c **** 				{
 560:Middlewares/Third_Party/FreeRTOS/Source/event_groups.c **** 					xMatchFound = pdTRUE;
 561:Middlewares/Third_Party/FreeRTOS/Source/event_groups.c **** 				}
 562:Middlewares/Third_Party/FreeRTOS/Source/event_groups.c **** 				else
 563:Middlewares/Third_Party/FreeRTOS/Source/event_groups.c **** 				{
 564:Middlewares/Third_Party/FreeRTOS/Source/event_groups.c **** 					mtCOVERAGE_TEST_MARKER();
 565:Middlewares/Third_Party/FreeRTOS/Source/event_groups.c **** 				}
 566:Middlewares/Third_Party/FreeRTOS/Source/event_groups.c **** 			}
 567:Middlewares/Third_Party/FreeRTOS/Source/event_groups.c **** 			else if( ( uxBitsWaitedFor & pxEventBits->uxEventBits ) == uxBitsWaitedFor )
 568:Middlewares/Third_Party/FreeRTOS/Source/event_groups.c **** 			{
 569:Middlewares/Third_Party/FreeRTOS/Source/event_groups.c **** 				/* All bits are set. */
 570:Middlewares/Third_Party/FreeRTOS/Source/event_groups.c **** 				xMatchFound = pdTRUE;
 571:Middlewares/Third_Party/FreeRTOS/Source/event_groups.c **** 			}
 572:Middlewares/Third_Party/FreeRTOS/Source/event_groups.c **** 			else
 573:Middlewares/Third_Party/FreeRTOS/Source/event_groups.c **** 			{
 574:Middlewares/Third_Party/FreeRTOS/Source/event_groups.c **** 				/* Need all bits to be set, but not all the bits were set. */
 575:Middlewares/Third_Party/FreeRTOS/Source/event_groups.c **** 			}
 576:Middlewares/Third_Party/FreeRTOS/Source/event_groups.c **** 
 577:Middlewares/Third_Party/FreeRTOS/Source/event_groups.c **** 			if( xMatchFound != pdFALSE )
 578:Middlewares/Third_Party/FreeRTOS/Source/event_groups.c **** 			{
 579:Middlewares/Third_Party/FreeRTOS/Source/event_groups.c **** 				/* The bits match.  Should the bits be cleared on exit? */
 580:Middlewares/Third_Party/FreeRTOS/Source/event_groups.c **** 				if( ( uxControlBits & eventCLEAR_EVENTS_ON_EXIT_BIT ) != ( EventBits_t ) 0 )
 581:Middlewares/Third_Party/FreeRTOS/Source/event_groups.c **** 				{
 582:Middlewares/Third_Party/FreeRTOS/Source/event_groups.c **** 					uxBitsToClear |= uxBitsWaitedFor;
 583:Middlewares/Third_Party/FreeRTOS/Source/event_groups.c **** 				}
 584:Middlewares/Third_Party/FreeRTOS/Source/event_groups.c **** 				else
 585:Middlewares/Third_Party/FreeRTOS/Source/event_groups.c **** 				{
 586:Middlewares/Third_Party/FreeRTOS/Source/event_groups.c **** 					mtCOVERAGE_TEST_MARKER();
 587:Middlewares/Third_Party/FreeRTOS/Source/event_groups.c **** 				}
 588:Middlewares/Third_Party/FreeRTOS/Source/event_groups.c **** 
 589:Middlewares/Third_Party/FreeRTOS/Source/event_groups.c **** 				/* Store the actual event flag value in the task's event list
 590:Middlewares/Third_Party/FreeRTOS/Source/event_groups.c **** 				item before removing the task from the event list.  The
 591:Middlewares/Third_Party/FreeRTOS/Source/event_groups.c **** 				eventUNBLOCKED_DUE_TO_BIT_SET bit is set so the task knows
 592:Middlewares/Third_Party/FreeRTOS/Source/event_groups.c **** 				that is was unblocked due to its required bits matching, rather
 593:Middlewares/Third_Party/FreeRTOS/Source/event_groups.c **** 				than because it timed out. */
 594:Middlewares/Third_Party/FreeRTOS/Source/event_groups.c **** 				vTaskRemoveFromUnorderedEventList( pxListItem, pxEventBits->uxEventBits | eventUNBLOCKED_DUE_TO
 595:Middlewares/Third_Party/FreeRTOS/Source/event_groups.c **** 			}
 596:Middlewares/Third_Party/FreeRTOS/Source/event_groups.c **** 
 597:Middlewares/Third_Party/FreeRTOS/Source/event_groups.c **** 			/* Move onto the next list item.  Note pxListItem->pxNext is not
 598:Middlewares/Third_Party/FreeRTOS/Source/event_groups.c **** 			used here as the list item may have been removed from the event list
 599:Middlewares/Third_Party/FreeRTOS/Source/event_groups.c **** 			and inserted into the ready/pending reading list. */
 600:Middlewares/Third_Party/FreeRTOS/Source/event_groups.c **** 			pxListItem = pxNext;
 601:Middlewares/Third_Party/FreeRTOS/Source/event_groups.c **** 		}
ARM GAS  D:\temp\TMP\ccbwIzgP.s 			page 12


 602:Middlewares/Third_Party/FreeRTOS/Source/event_groups.c **** 
 603:Middlewares/Third_Party/FreeRTOS/Source/event_groups.c **** 		/* Clear any bits that matched when the eventCLEAR_EVENTS_ON_EXIT_BIT
 604:Middlewares/Third_Party/FreeRTOS/Source/event_groups.c **** 		bit was set in the control word. */
 605:Middlewares/Third_Party/FreeRTOS/Source/event_groups.c **** 		pxEventBits->uxEventBits &= ~uxBitsToClear;
 606:Middlewares/Third_Party/FreeRTOS/Source/event_groups.c **** 	}
 607:Middlewares/Third_Party/FreeRTOS/Source/event_groups.c **** 	( void ) xTaskResumeAll();
 608:Middlewares/Third_Party/FreeRTOS/Source/event_groups.c **** 
 609:Middlewares/Third_Party/FreeRTOS/Source/event_groups.c **** 	return pxEventBits->uxEventBits;
 610:Middlewares/Third_Party/FreeRTOS/Source/event_groups.c **** }
 611:Middlewares/Third_Party/FreeRTOS/Source/event_groups.c **** /*-----------------------------------------------------------*/
 612:Middlewares/Third_Party/FreeRTOS/Source/event_groups.c **** 
 613:Middlewares/Third_Party/FreeRTOS/Source/event_groups.c **** void vEventGroupDelete( EventGroupHandle_t xEventGroup )
 614:Middlewares/Third_Party/FreeRTOS/Source/event_groups.c **** {
 615:Middlewares/Third_Party/FreeRTOS/Source/event_groups.c **** EventGroup_t *pxEventBits = xEventGroup;
 616:Middlewares/Third_Party/FreeRTOS/Source/event_groups.c **** const List_t *pxTasksWaitingForBits = &( pxEventBits->xTasksWaitingForBits );
 617:Middlewares/Third_Party/FreeRTOS/Source/event_groups.c **** 
 618:Middlewares/Third_Party/FreeRTOS/Source/event_groups.c **** 	vTaskSuspendAll();
 619:Middlewares/Third_Party/FreeRTOS/Source/event_groups.c **** 	{
 620:Middlewares/Third_Party/FreeRTOS/Source/event_groups.c **** 		traceEVENT_GROUP_DELETE( xEventGroup );
 621:Middlewares/Third_Party/FreeRTOS/Source/event_groups.c **** 
 622:Middlewares/Third_Party/FreeRTOS/Source/event_groups.c **** 		while( listCURRENT_LIST_LENGTH( pxTasksWaitingForBits ) > ( UBaseType_t ) 0 )
 623:Middlewares/Third_Party/FreeRTOS/Source/event_groups.c **** 		{
 624:Middlewares/Third_Party/FreeRTOS/Source/event_groups.c **** 			/* Unblock the task, returning 0 as the event list is being deleted
 625:Middlewares/Third_Party/FreeRTOS/Source/event_groups.c **** 			and cannot therefore have any bits set. */
 626:Middlewares/Third_Party/FreeRTOS/Source/event_groups.c **** 			configASSERT( pxTasksWaitingForBits->xListEnd.pxNext != ( const ListItem_t * ) &( pxTasksWaiting
 627:Middlewares/Third_Party/FreeRTOS/Source/event_groups.c **** 			vTaskRemoveFromUnorderedEventList( pxTasksWaitingForBits->xListEnd.pxNext, eventUNBLOCKED_DUE_TO
 628:Middlewares/Third_Party/FreeRTOS/Source/event_groups.c **** 		}
 629:Middlewares/Third_Party/FreeRTOS/Source/event_groups.c **** 
 630:Middlewares/Third_Party/FreeRTOS/Source/event_groups.c **** 		#if( ( configSUPPORT_DYNAMIC_ALLOCATION == 1 ) && ( configSUPPORT_STATIC_ALLOCATION == 0 ) )
 631:Middlewares/Third_Party/FreeRTOS/Source/event_groups.c **** 		{
 632:Middlewares/Third_Party/FreeRTOS/Source/event_groups.c **** 			/* The event group can only have been allocated dynamically - free
 633:Middlewares/Third_Party/FreeRTOS/Source/event_groups.c **** 			it again. */
 634:Middlewares/Third_Party/FreeRTOS/Source/event_groups.c **** 			vPortFree( pxEventBits );
 635:Middlewares/Third_Party/FreeRTOS/Source/event_groups.c **** 		}
 636:Middlewares/Third_Party/FreeRTOS/Source/event_groups.c **** 		#elif( ( configSUPPORT_DYNAMIC_ALLOCATION == 1 ) && ( configSUPPORT_STATIC_ALLOCATION == 1 ) )
 637:Middlewares/Third_Party/FreeRTOS/Source/event_groups.c **** 		{
 638:Middlewares/Third_Party/FreeRTOS/Source/event_groups.c **** 			/* The event group could have been allocated statically or
 639:Middlewares/Third_Party/FreeRTOS/Source/event_groups.c **** 			dynamically, so check before attempting to free the memory. */
 640:Middlewares/Third_Party/FreeRTOS/Source/event_groups.c **** 			if( pxEventBits->ucStaticallyAllocated == ( uint8_t ) pdFALSE )
 641:Middlewares/Third_Party/FreeRTOS/Source/event_groups.c **** 			{
 642:Middlewares/Third_Party/FreeRTOS/Source/event_groups.c **** 				vPortFree( pxEventBits );
 643:Middlewares/Third_Party/FreeRTOS/Source/event_groups.c **** 			}
 644:Middlewares/Third_Party/FreeRTOS/Source/event_groups.c **** 			else
 645:Middlewares/Third_Party/FreeRTOS/Source/event_groups.c **** 			{
 646:Middlewares/Third_Party/FreeRTOS/Source/event_groups.c **** 				mtCOVERAGE_TEST_MARKER();
 647:Middlewares/Third_Party/FreeRTOS/Source/event_groups.c **** 			}
 648:Middlewares/Third_Party/FreeRTOS/Source/event_groups.c **** 		}
 649:Middlewares/Third_Party/FreeRTOS/Source/event_groups.c **** 		#endif /* configSUPPORT_DYNAMIC_ALLOCATION */
 650:Middlewares/Third_Party/FreeRTOS/Source/event_groups.c **** 	}
 651:Middlewares/Third_Party/FreeRTOS/Source/event_groups.c **** 	( void ) xTaskResumeAll();
 652:Middlewares/Third_Party/FreeRTOS/Source/event_groups.c **** }
 653:Middlewares/Third_Party/FreeRTOS/Source/event_groups.c **** /*-----------------------------------------------------------*/
 654:Middlewares/Third_Party/FreeRTOS/Source/event_groups.c **** 
 655:Middlewares/Third_Party/FreeRTOS/Source/event_groups.c **** /* For internal use only - execute a 'set bits' command that was pended from
 656:Middlewares/Third_Party/FreeRTOS/Source/event_groups.c **** an interrupt. */
 657:Middlewares/Third_Party/FreeRTOS/Source/event_groups.c **** void vEventGroupSetBitsCallback( void *pvEventGroup, const uint32_t ulBitsToSet )
 658:Middlewares/Third_Party/FreeRTOS/Source/event_groups.c **** {
ARM GAS  D:\temp\TMP\ccbwIzgP.s 			page 13


 659:Middlewares/Third_Party/FreeRTOS/Source/event_groups.c **** 	( void ) xEventGroupSetBits( pvEventGroup, ( EventBits_t ) ulBitsToSet ); /*lint !e9079 Can't avoi
 660:Middlewares/Third_Party/FreeRTOS/Source/event_groups.c **** }
 661:Middlewares/Third_Party/FreeRTOS/Source/event_groups.c **** /*-----------------------------------------------------------*/
 662:Middlewares/Third_Party/FreeRTOS/Source/event_groups.c **** 
 663:Middlewares/Third_Party/FreeRTOS/Source/event_groups.c **** /* For internal use only - execute a 'clear bits' command that was pended from
 664:Middlewares/Third_Party/FreeRTOS/Source/event_groups.c **** an interrupt. */
 665:Middlewares/Third_Party/FreeRTOS/Source/event_groups.c **** void vEventGroupClearBitsCallback( void *pvEventGroup, const uint32_t ulBitsToClear )
 666:Middlewares/Third_Party/FreeRTOS/Source/event_groups.c **** {
 667:Middlewares/Third_Party/FreeRTOS/Source/event_groups.c **** 	( void ) xEventGroupClearBits( pvEventGroup, ( EventBits_t ) ulBitsToClear ); /*lint !e9079 Can't 
 668:Middlewares/Third_Party/FreeRTOS/Source/event_groups.c **** }
 669:Middlewares/Third_Party/FreeRTOS/Source/event_groups.c **** /*-----------------------------------------------------------*/
 670:Middlewares/Third_Party/FreeRTOS/Source/event_groups.c **** 
 671:Middlewares/Third_Party/FreeRTOS/Source/event_groups.c **** static BaseType_t prvTestWaitCondition( const EventBits_t uxCurrentEventBits, const EventBits_t uxB
 672:Middlewares/Third_Party/FreeRTOS/Source/event_groups.c **** {
  28              		.loc 1 672 1 view -0
  29              		.cfi_startproc
  30              		@ args = 0, pretend = 0, frame = 0
  31              		@ frame_needed = 0, uses_anonymous_args = 0
  32              		@ link register save eliminated.
 673:Middlewares/Third_Party/FreeRTOS/Source/event_groups.c **** BaseType_t xWaitConditionMet = pdFALSE;
  33              		.loc 1 673 1 view .LVU1
 674:Middlewares/Third_Party/FreeRTOS/Source/event_groups.c **** 
 675:Middlewares/Third_Party/FreeRTOS/Source/event_groups.c **** 	if( xWaitForAllBits == pdFALSE )
  34              		.loc 1 675 2 view .LVU2
  35              		.loc 1 675 4 is_stmt 0 view .LVU3
  36 0000 1AB9     		cbnz	r2, .L2
 676:Middlewares/Third_Party/FreeRTOS/Source/event_groups.c **** 	{
 677:Middlewares/Third_Party/FreeRTOS/Source/event_groups.c **** 		/* Task only has to wait for one bit within uxBitsToWaitFor to be
 678:Middlewares/Third_Party/FreeRTOS/Source/event_groups.c **** 		set.  Is one already set? */
 679:Middlewares/Third_Party/FreeRTOS/Source/event_groups.c **** 		if( ( uxCurrentEventBits & uxBitsToWaitFor ) != ( EventBits_t ) 0 )
  37              		.loc 1 679 3 is_stmt 1 view .LVU4
  38              		.loc 1 679 5 is_stmt 0 view .LVU5
  39 0002 0842     		tst	r0, r1
  40 0004 05D1     		bne	.L4
 673:Middlewares/Third_Party/FreeRTOS/Source/event_groups.c **** 
  41              		.loc 1 673 12 view .LVU6
  42 0006 1046     		mov	r0, r2
  43              	.LVL1:
 673:Middlewares/Third_Party/FreeRTOS/Source/event_groups.c **** 
  44              		.loc 1 673 12 view .LVU7
  45 0008 7047     		bx	lr
  46              	.LVL2:
  47              	.L2:
 680:Middlewares/Third_Party/FreeRTOS/Source/event_groups.c **** 		{
 681:Middlewares/Third_Party/FreeRTOS/Source/event_groups.c **** 			xWaitConditionMet = pdTRUE;
 682:Middlewares/Third_Party/FreeRTOS/Source/event_groups.c **** 		}
 683:Middlewares/Third_Party/FreeRTOS/Source/event_groups.c **** 		else
 684:Middlewares/Third_Party/FreeRTOS/Source/event_groups.c **** 		{
 685:Middlewares/Third_Party/FreeRTOS/Source/event_groups.c **** 			mtCOVERAGE_TEST_MARKER();
 686:Middlewares/Third_Party/FreeRTOS/Source/event_groups.c **** 		}
 687:Middlewares/Third_Party/FreeRTOS/Source/event_groups.c **** 	}
 688:Middlewares/Third_Party/FreeRTOS/Source/event_groups.c **** 	else
 689:Middlewares/Third_Party/FreeRTOS/Source/event_groups.c **** 	{
 690:Middlewares/Third_Party/FreeRTOS/Source/event_groups.c **** 		/* Task has to wait for all the bits in uxBitsToWaitFor to be set.
 691:Middlewares/Third_Party/FreeRTOS/Source/event_groups.c **** 		Are they set already? */
 692:Middlewares/Third_Party/FreeRTOS/Source/event_groups.c **** 		if( ( uxCurrentEventBits & uxBitsToWaitFor ) == uxBitsToWaitFor )
  48              		.loc 1 692 3 is_stmt 1 view .LVU8
ARM GAS  D:\temp\TMP\ccbwIzgP.s 			page 14


  49              		.loc 1 692 5 is_stmt 0 view .LVU9
  50 000a 8143     		bics	r1, r1, r0
  51              	.LVL3:
  52              		.loc 1 692 5 view .LVU10
  53 000c 03D0     		beq	.L5
 673:Middlewares/Third_Party/FreeRTOS/Source/event_groups.c **** 
  54              		.loc 1 673 12 view .LVU11
  55 000e 0020     		movs	r0, #0
  56              	.LVL4:
 673:Middlewares/Third_Party/FreeRTOS/Source/event_groups.c **** 
  57              		.loc 1 673 12 view .LVU12
  58 0010 7047     		bx	lr
  59              	.LVL5:
  60              	.L4:
 681:Middlewares/Third_Party/FreeRTOS/Source/event_groups.c **** 		}
  61              		.loc 1 681 22 view .LVU13
  62 0012 0120     		movs	r0, #1
  63              	.LVL6:
 681:Middlewares/Third_Party/FreeRTOS/Source/event_groups.c **** 		}
  64              		.loc 1 681 22 view .LVU14
  65 0014 7047     		bx	lr
  66              	.LVL7:
  67              	.L5:
 693:Middlewares/Third_Party/FreeRTOS/Source/event_groups.c **** 		{
 694:Middlewares/Third_Party/FreeRTOS/Source/event_groups.c **** 			xWaitConditionMet = pdTRUE;
  68              		.loc 1 694 22 view .LVU15
  69 0016 0120     		movs	r0, #1
  70              	.LVL8:
 695:Middlewares/Third_Party/FreeRTOS/Source/event_groups.c **** 		}
 696:Middlewares/Third_Party/FreeRTOS/Source/event_groups.c **** 		else
 697:Middlewares/Third_Party/FreeRTOS/Source/event_groups.c **** 		{
 698:Middlewares/Third_Party/FreeRTOS/Source/event_groups.c **** 			mtCOVERAGE_TEST_MARKER();
  71              		.loc 1 698 28 is_stmt 1 view .LVU16
 699:Middlewares/Third_Party/FreeRTOS/Source/event_groups.c **** 		}
 700:Middlewares/Third_Party/FreeRTOS/Source/event_groups.c **** 	}
 701:Middlewares/Third_Party/FreeRTOS/Source/event_groups.c **** 
 702:Middlewares/Third_Party/FreeRTOS/Source/event_groups.c **** 	return xWaitConditionMet;
  72              		.loc 1 702 2 view .LVU17
 703:Middlewares/Third_Party/FreeRTOS/Source/event_groups.c **** }
  73              		.loc 1 703 1 is_stmt 0 view .LVU18
  74 0018 7047     		bx	lr
  75              		.cfi_endproc
  76              	.LFE15:
  78              		.section	.text.xEventGroupCreateStatic,"ax",%progbits
  79              		.align	1
  80              		.global	xEventGroupCreateStatic
  81              		.syntax unified
  82              		.thumb
  83              		.thumb_func
  85              	xEventGroupCreateStatic:
  86              	.LVL9:
  87              	.LFB5:
  94:Middlewares/Third_Party/FreeRTOS/Source/event_groups.c **** 	EventGroup_t *pxEventBits;
  88              		.loc 1 94 2 is_stmt 1 view -0
  89              		.cfi_startproc
  90              		@ args = 0, pretend = 0, frame = 8
  91              		@ frame_needed = 0, uses_anonymous_args = 0
ARM GAS  D:\temp\TMP\ccbwIzgP.s 			page 15


  95:Middlewares/Third_Party/FreeRTOS/Source/event_groups.c **** 
  92              		.loc 1 95 2 view .LVU20
  98:Middlewares/Third_Party/FreeRTOS/Source/event_groups.c **** 
  93              		.loc 1 98 3 view .LVU21
  94 0000 78B1     		cbz	r0, .L13
  94:Middlewares/Third_Party/FreeRTOS/Source/event_groups.c **** 	EventGroup_t *pxEventBits;
  95              		.loc 1 94 2 is_stmt 0 view .LVU22
  96 0002 10B5     		push	{r4, lr}
  97              	.LCFI0:
  98              		.cfi_def_cfa_offset 8
  99              		.cfi_offset 4, -8
 100              		.cfi_offset 14, -4
 101 0004 82B0     		sub	sp, sp, #8
 102              	.LCFI1:
 103              		.cfi_def_cfa_offset 16
  98:Middlewares/Third_Party/FreeRTOS/Source/event_groups.c **** 
 104              		.loc 1 98 37 is_stmt 1 view .LVU23
 105              	.LBB36:
 105:Middlewares/Third_Party/FreeRTOS/Source/event_groups.c **** 			configASSERT( xSize == sizeof( EventGroup_t ) );
 106              		.loc 1 105 4 view .LVU24
 105:Middlewares/Third_Party/FreeRTOS/Source/event_groups.c **** 			configASSERT( xSize == sizeof( EventGroup_t ) );
 107              		.loc 1 105 20 is_stmt 0 view .LVU25
 108 0006 1C23     		movs	r3, #28
 109 0008 0193     		str	r3, [sp, #4]
 106:Middlewares/Third_Party/FreeRTOS/Source/event_groups.c **** 		} /*lint !e529 xSize is referenced if configASSERT() is defined. */
 110              		.loc 1 106 4 is_stmt 1 view .LVU26
 111 000a 019B     		ldr	r3, [sp, #4]
 112 000c 1C2B     		cmp	r3, #28
 113 000e 11D0     		beq	.L9
 106:Middlewares/Third_Party/FreeRTOS/Source/event_groups.c **** 		} /*lint !e529 xSize is referenced if configASSERT() is defined. */
 114              		.loc 1 106 4 discriminator 1 view .LVU27
 115              	.LBB37:
 116              	.LBI37:
 117              		.file 2 "Middlewares/Third_Party/FreeRTOS/Source/portable/GCC/ARM_CM4F/portmacro.h"
   1:Middlewares/Third_Party/FreeRTOS/Source/portable/GCC/ARM_CM4F/portmacro.h **** /*
   2:Middlewares/Third_Party/FreeRTOS/Source/portable/GCC/ARM_CM4F/portmacro.h ****  * FreeRTOS Kernel V10.3.1
   3:Middlewares/Third_Party/FreeRTOS/Source/portable/GCC/ARM_CM4F/portmacro.h ****  * Copyright (C) 2020 Amazon.com, Inc. or its affiliates.  All Rights Reserved.
   4:Middlewares/Third_Party/FreeRTOS/Source/portable/GCC/ARM_CM4F/portmacro.h ****  *
   5:Middlewares/Third_Party/FreeRTOS/Source/portable/GCC/ARM_CM4F/portmacro.h ****  * Permission is hereby granted, free of charge, to any person obtaining a copy of
   6:Middlewares/Third_Party/FreeRTOS/Source/portable/GCC/ARM_CM4F/portmacro.h ****  * this software and associated documentation files (the "Software"), to deal in
   7:Middlewares/Third_Party/FreeRTOS/Source/portable/GCC/ARM_CM4F/portmacro.h ****  * the Software without restriction, including without limitation the rights to
   8:Middlewares/Third_Party/FreeRTOS/Source/portable/GCC/ARM_CM4F/portmacro.h ****  * use, copy, modify, merge, publish, distribute, sublicense, and/or sell copies of
   9:Middlewares/Third_Party/FreeRTOS/Source/portable/GCC/ARM_CM4F/portmacro.h ****  * the Software, and to permit persons to whom the Software is furnished to do so,
  10:Middlewares/Third_Party/FreeRTOS/Source/portable/GCC/ARM_CM4F/portmacro.h ****  * subject to the following conditions:
  11:Middlewares/Third_Party/FreeRTOS/Source/portable/GCC/ARM_CM4F/portmacro.h ****  *
  12:Middlewares/Third_Party/FreeRTOS/Source/portable/GCC/ARM_CM4F/portmacro.h ****  * The above copyright notice and this permission notice shall be included in all
  13:Middlewares/Third_Party/FreeRTOS/Source/portable/GCC/ARM_CM4F/portmacro.h ****  * copies or substantial portions of the Software.
  14:Middlewares/Third_Party/FreeRTOS/Source/portable/GCC/ARM_CM4F/portmacro.h ****  *
  15:Middlewares/Third_Party/FreeRTOS/Source/portable/GCC/ARM_CM4F/portmacro.h ****  * THE SOFTWARE IS PROVIDED "AS IS", WITHOUT WARRANTY OF ANY KIND, EXPRESS OR
  16:Middlewares/Third_Party/FreeRTOS/Source/portable/GCC/ARM_CM4F/portmacro.h ****  * IMPLIED, INCLUDING BUT NOT LIMITED TO THE WARRANTIES OF MERCHANTABILITY, FITNESS
  17:Middlewares/Third_Party/FreeRTOS/Source/portable/GCC/ARM_CM4F/portmacro.h ****  * FOR A PARTICULAR PURPOSE AND NONINFRINGEMENT. IN NO EVENT SHALL THE AUTHORS OR
  18:Middlewares/Third_Party/FreeRTOS/Source/portable/GCC/ARM_CM4F/portmacro.h ****  * COPYRIGHT HOLDERS BE LIABLE FOR ANY CLAIM, DAMAGES OR OTHER LIABILITY, WHETHER
  19:Middlewares/Third_Party/FreeRTOS/Source/portable/GCC/ARM_CM4F/portmacro.h ****  * IN AN ACTION OF CONTRACT, TORT OR OTHERWISE, ARISING FROM, OUT OF OR IN
  20:Middlewares/Third_Party/FreeRTOS/Source/portable/GCC/ARM_CM4F/portmacro.h ****  * CONNECTION WITH THE SOFTWARE OR THE USE OR OTHER DEALINGS IN THE SOFTWARE.
  21:Middlewares/Third_Party/FreeRTOS/Source/portable/GCC/ARM_CM4F/portmacro.h ****  *
  22:Middlewares/Third_Party/FreeRTOS/Source/portable/GCC/ARM_CM4F/portmacro.h ****  * http://www.FreeRTOS.org
  23:Middlewares/Third_Party/FreeRTOS/Source/portable/GCC/ARM_CM4F/portmacro.h ****  * http://aws.amazon.com/freertos
ARM GAS  D:\temp\TMP\ccbwIzgP.s 			page 16


  24:Middlewares/Third_Party/FreeRTOS/Source/portable/GCC/ARM_CM4F/portmacro.h ****  *
  25:Middlewares/Third_Party/FreeRTOS/Source/portable/GCC/ARM_CM4F/portmacro.h ****  * 1 tab == 4 spaces!
  26:Middlewares/Third_Party/FreeRTOS/Source/portable/GCC/ARM_CM4F/portmacro.h ****  */
  27:Middlewares/Third_Party/FreeRTOS/Source/portable/GCC/ARM_CM4F/portmacro.h **** 
  28:Middlewares/Third_Party/FreeRTOS/Source/portable/GCC/ARM_CM4F/portmacro.h **** 
  29:Middlewares/Third_Party/FreeRTOS/Source/portable/GCC/ARM_CM4F/portmacro.h **** #ifndef PORTMACRO_H
  30:Middlewares/Third_Party/FreeRTOS/Source/portable/GCC/ARM_CM4F/portmacro.h **** #define PORTMACRO_H
  31:Middlewares/Third_Party/FreeRTOS/Source/portable/GCC/ARM_CM4F/portmacro.h **** 
  32:Middlewares/Third_Party/FreeRTOS/Source/portable/GCC/ARM_CM4F/portmacro.h **** #ifdef __cplusplus
  33:Middlewares/Third_Party/FreeRTOS/Source/portable/GCC/ARM_CM4F/portmacro.h **** extern "C" {
  34:Middlewares/Third_Party/FreeRTOS/Source/portable/GCC/ARM_CM4F/portmacro.h **** #endif
  35:Middlewares/Third_Party/FreeRTOS/Source/portable/GCC/ARM_CM4F/portmacro.h **** 
  36:Middlewares/Third_Party/FreeRTOS/Source/portable/GCC/ARM_CM4F/portmacro.h **** /*-----------------------------------------------------------
  37:Middlewares/Third_Party/FreeRTOS/Source/portable/GCC/ARM_CM4F/portmacro.h ****  * Port specific definitions.
  38:Middlewares/Third_Party/FreeRTOS/Source/portable/GCC/ARM_CM4F/portmacro.h ****  *
  39:Middlewares/Third_Party/FreeRTOS/Source/portable/GCC/ARM_CM4F/portmacro.h ****  * The settings in this file configure FreeRTOS correctly for the
  40:Middlewares/Third_Party/FreeRTOS/Source/portable/GCC/ARM_CM4F/portmacro.h ****  * given hardware and compiler.
  41:Middlewares/Third_Party/FreeRTOS/Source/portable/GCC/ARM_CM4F/portmacro.h ****  *
  42:Middlewares/Third_Party/FreeRTOS/Source/portable/GCC/ARM_CM4F/portmacro.h ****  * These settings should not be altered.
  43:Middlewares/Third_Party/FreeRTOS/Source/portable/GCC/ARM_CM4F/portmacro.h ****  *-----------------------------------------------------------
  44:Middlewares/Third_Party/FreeRTOS/Source/portable/GCC/ARM_CM4F/portmacro.h ****  */
  45:Middlewares/Third_Party/FreeRTOS/Source/portable/GCC/ARM_CM4F/portmacro.h **** 
  46:Middlewares/Third_Party/FreeRTOS/Source/portable/GCC/ARM_CM4F/portmacro.h **** /* Type definitions. */
  47:Middlewares/Third_Party/FreeRTOS/Source/portable/GCC/ARM_CM4F/portmacro.h **** #define portCHAR		char
  48:Middlewares/Third_Party/FreeRTOS/Source/portable/GCC/ARM_CM4F/portmacro.h **** #define portFLOAT		float
  49:Middlewares/Third_Party/FreeRTOS/Source/portable/GCC/ARM_CM4F/portmacro.h **** #define portDOUBLE		double
  50:Middlewares/Third_Party/FreeRTOS/Source/portable/GCC/ARM_CM4F/portmacro.h **** #define portLONG		long
  51:Middlewares/Third_Party/FreeRTOS/Source/portable/GCC/ARM_CM4F/portmacro.h **** #define portSHORT		short
  52:Middlewares/Third_Party/FreeRTOS/Source/portable/GCC/ARM_CM4F/portmacro.h **** #define portSTACK_TYPE	uint32_t
  53:Middlewares/Third_Party/FreeRTOS/Source/portable/GCC/ARM_CM4F/portmacro.h **** #define portBASE_TYPE	long
  54:Middlewares/Third_Party/FreeRTOS/Source/portable/GCC/ARM_CM4F/portmacro.h **** 
  55:Middlewares/Third_Party/FreeRTOS/Source/portable/GCC/ARM_CM4F/portmacro.h **** typedef portSTACK_TYPE StackType_t;
  56:Middlewares/Third_Party/FreeRTOS/Source/portable/GCC/ARM_CM4F/portmacro.h **** typedef long BaseType_t;
  57:Middlewares/Third_Party/FreeRTOS/Source/portable/GCC/ARM_CM4F/portmacro.h **** typedef unsigned long UBaseType_t;
  58:Middlewares/Third_Party/FreeRTOS/Source/portable/GCC/ARM_CM4F/portmacro.h **** 
  59:Middlewares/Third_Party/FreeRTOS/Source/portable/GCC/ARM_CM4F/portmacro.h **** #if( configUSE_16_BIT_TICKS == 1 )
  60:Middlewares/Third_Party/FreeRTOS/Source/portable/GCC/ARM_CM4F/portmacro.h **** 	typedef uint16_t TickType_t;
  61:Middlewares/Third_Party/FreeRTOS/Source/portable/GCC/ARM_CM4F/portmacro.h **** 	#define portMAX_DELAY ( TickType_t ) 0xffff
  62:Middlewares/Third_Party/FreeRTOS/Source/portable/GCC/ARM_CM4F/portmacro.h **** #else
  63:Middlewares/Third_Party/FreeRTOS/Source/portable/GCC/ARM_CM4F/portmacro.h **** 	typedef uint32_t TickType_t;
  64:Middlewares/Third_Party/FreeRTOS/Source/portable/GCC/ARM_CM4F/portmacro.h **** 	#define portMAX_DELAY ( TickType_t ) 0xffffffffUL
  65:Middlewares/Third_Party/FreeRTOS/Source/portable/GCC/ARM_CM4F/portmacro.h **** 
  66:Middlewares/Third_Party/FreeRTOS/Source/portable/GCC/ARM_CM4F/portmacro.h **** 	/* 32-bit tick type on a 32-bit architecture, so reads of the tick count do
  67:Middlewares/Third_Party/FreeRTOS/Source/portable/GCC/ARM_CM4F/portmacro.h **** 	not need to be guarded with a critical section. */
  68:Middlewares/Third_Party/FreeRTOS/Source/portable/GCC/ARM_CM4F/portmacro.h **** 	#define portTICK_TYPE_IS_ATOMIC 1
  69:Middlewares/Third_Party/FreeRTOS/Source/portable/GCC/ARM_CM4F/portmacro.h **** #endif
  70:Middlewares/Third_Party/FreeRTOS/Source/portable/GCC/ARM_CM4F/portmacro.h **** /*-----------------------------------------------------------*/
  71:Middlewares/Third_Party/FreeRTOS/Source/portable/GCC/ARM_CM4F/portmacro.h **** 
  72:Middlewares/Third_Party/FreeRTOS/Source/portable/GCC/ARM_CM4F/portmacro.h **** /* Architecture specifics. */
  73:Middlewares/Third_Party/FreeRTOS/Source/portable/GCC/ARM_CM4F/portmacro.h **** #define portSTACK_GROWTH			( -1 )
  74:Middlewares/Third_Party/FreeRTOS/Source/portable/GCC/ARM_CM4F/portmacro.h **** #define portTICK_PERIOD_MS			( ( TickType_t ) 1000 / configTICK_RATE_HZ )
  75:Middlewares/Third_Party/FreeRTOS/Source/portable/GCC/ARM_CM4F/portmacro.h **** #define portBYTE_ALIGNMENT			8
  76:Middlewares/Third_Party/FreeRTOS/Source/portable/GCC/ARM_CM4F/portmacro.h **** /*-----------------------------------------------------------*/
  77:Middlewares/Third_Party/FreeRTOS/Source/portable/GCC/ARM_CM4F/portmacro.h **** 
  78:Middlewares/Third_Party/FreeRTOS/Source/portable/GCC/ARM_CM4F/portmacro.h **** /* Scheduler utilities. */
  79:Middlewares/Third_Party/FreeRTOS/Source/portable/GCC/ARM_CM4F/portmacro.h **** #define portYIELD() 															\
  80:Middlewares/Third_Party/FreeRTOS/Source/portable/GCC/ARM_CM4F/portmacro.h **** {																				\
ARM GAS  D:\temp\TMP\ccbwIzgP.s 			page 17


  81:Middlewares/Third_Party/FreeRTOS/Source/portable/GCC/ARM_CM4F/portmacro.h **** 	/* Set a PendSV to request a context switch. */								\
  82:Middlewares/Third_Party/FreeRTOS/Source/portable/GCC/ARM_CM4F/portmacro.h **** 	portNVIC_INT_CTRL_REG = portNVIC_PENDSVSET_BIT;								\
  83:Middlewares/Third_Party/FreeRTOS/Source/portable/GCC/ARM_CM4F/portmacro.h **** 																				\
  84:Middlewares/Third_Party/FreeRTOS/Source/portable/GCC/ARM_CM4F/portmacro.h **** 	/* Barriers are normally not required but do ensure the code is completely	\
  85:Middlewares/Third_Party/FreeRTOS/Source/portable/GCC/ARM_CM4F/portmacro.h **** 	within the specified behaviour for the architecture. */						\
  86:Middlewares/Third_Party/FreeRTOS/Source/portable/GCC/ARM_CM4F/portmacro.h **** 	__asm volatile( "dsb" ::: "memory" );										\
  87:Middlewares/Third_Party/FreeRTOS/Source/portable/GCC/ARM_CM4F/portmacro.h **** 	__asm volatile( "isb" );													\
  88:Middlewares/Third_Party/FreeRTOS/Source/portable/GCC/ARM_CM4F/portmacro.h **** }
  89:Middlewares/Third_Party/FreeRTOS/Source/portable/GCC/ARM_CM4F/portmacro.h **** 
  90:Middlewares/Third_Party/FreeRTOS/Source/portable/GCC/ARM_CM4F/portmacro.h **** #define portNVIC_INT_CTRL_REG		( * ( ( volatile uint32_t * ) 0xe000ed04 ) )
  91:Middlewares/Third_Party/FreeRTOS/Source/portable/GCC/ARM_CM4F/portmacro.h **** #define portNVIC_PENDSVSET_BIT		( 1UL << 28UL )
  92:Middlewares/Third_Party/FreeRTOS/Source/portable/GCC/ARM_CM4F/portmacro.h **** #define portEND_SWITCHING_ISR( xSwitchRequired ) if( xSwitchRequired != pdFALSE ) portYIELD()
  93:Middlewares/Third_Party/FreeRTOS/Source/portable/GCC/ARM_CM4F/portmacro.h **** #define portYIELD_FROM_ISR( x ) portEND_SWITCHING_ISR( x )
  94:Middlewares/Third_Party/FreeRTOS/Source/portable/GCC/ARM_CM4F/portmacro.h **** /*-----------------------------------------------------------*/
  95:Middlewares/Third_Party/FreeRTOS/Source/portable/GCC/ARM_CM4F/portmacro.h **** 
  96:Middlewares/Third_Party/FreeRTOS/Source/portable/GCC/ARM_CM4F/portmacro.h **** /* Critical section management. */
  97:Middlewares/Third_Party/FreeRTOS/Source/portable/GCC/ARM_CM4F/portmacro.h **** extern void vPortEnterCritical( void );
  98:Middlewares/Third_Party/FreeRTOS/Source/portable/GCC/ARM_CM4F/portmacro.h **** extern void vPortExitCritical( void );
  99:Middlewares/Third_Party/FreeRTOS/Source/portable/GCC/ARM_CM4F/portmacro.h **** #define portSET_INTERRUPT_MASK_FROM_ISR()		ulPortRaiseBASEPRI()
 100:Middlewares/Third_Party/FreeRTOS/Source/portable/GCC/ARM_CM4F/portmacro.h **** #define portCLEAR_INTERRUPT_MASK_FROM_ISR(x)	vPortSetBASEPRI(x)
 101:Middlewares/Third_Party/FreeRTOS/Source/portable/GCC/ARM_CM4F/portmacro.h **** #define portDISABLE_INTERRUPTS()				vPortRaiseBASEPRI()
 102:Middlewares/Third_Party/FreeRTOS/Source/portable/GCC/ARM_CM4F/portmacro.h **** #define portENABLE_INTERRUPTS()					vPortSetBASEPRI(0)
 103:Middlewares/Third_Party/FreeRTOS/Source/portable/GCC/ARM_CM4F/portmacro.h **** #define portENTER_CRITICAL()					vPortEnterCritical()
 104:Middlewares/Third_Party/FreeRTOS/Source/portable/GCC/ARM_CM4F/portmacro.h **** #define portEXIT_CRITICAL()						vPortExitCritical()
 105:Middlewares/Third_Party/FreeRTOS/Source/portable/GCC/ARM_CM4F/portmacro.h **** 
 106:Middlewares/Third_Party/FreeRTOS/Source/portable/GCC/ARM_CM4F/portmacro.h **** /*-----------------------------------------------------------*/
 107:Middlewares/Third_Party/FreeRTOS/Source/portable/GCC/ARM_CM4F/portmacro.h **** 
 108:Middlewares/Third_Party/FreeRTOS/Source/portable/GCC/ARM_CM4F/portmacro.h **** /* Task function macros as described on the FreeRTOS.org WEB site.  These are
 109:Middlewares/Third_Party/FreeRTOS/Source/portable/GCC/ARM_CM4F/portmacro.h **** not necessary for to use this port.  They are defined so the common demo files
 110:Middlewares/Third_Party/FreeRTOS/Source/portable/GCC/ARM_CM4F/portmacro.h **** (which build with all the ports) will build. */
 111:Middlewares/Third_Party/FreeRTOS/Source/portable/GCC/ARM_CM4F/portmacro.h **** #define portTASK_FUNCTION_PROTO( vFunction, pvParameters ) void vFunction( void *pvParameters )
 112:Middlewares/Third_Party/FreeRTOS/Source/portable/GCC/ARM_CM4F/portmacro.h **** #define portTASK_FUNCTION( vFunction, pvParameters ) void vFunction( void *pvParameters )
 113:Middlewares/Third_Party/FreeRTOS/Source/portable/GCC/ARM_CM4F/portmacro.h **** /*-----------------------------------------------------------*/
 114:Middlewares/Third_Party/FreeRTOS/Source/portable/GCC/ARM_CM4F/portmacro.h **** 
 115:Middlewares/Third_Party/FreeRTOS/Source/portable/GCC/ARM_CM4F/portmacro.h **** /* Tickless idle/low power functionality. */
 116:Middlewares/Third_Party/FreeRTOS/Source/portable/GCC/ARM_CM4F/portmacro.h **** #ifndef portSUPPRESS_TICKS_AND_SLEEP
 117:Middlewares/Third_Party/FreeRTOS/Source/portable/GCC/ARM_CM4F/portmacro.h **** 	extern void vPortSuppressTicksAndSleep( TickType_t xExpectedIdleTime );
 118:Middlewares/Third_Party/FreeRTOS/Source/portable/GCC/ARM_CM4F/portmacro.h **** 	#define portSUPPRESS_TICKS_AND_SLEEP( xExpectedIdleTime ) vPortSuppressTicksAndSleep( xExpectedIdl
 119:Middlewares/Third_Party/FreeRTOS/Source/portable/GCC/ARM_CM4F/portmacro.h **** #endif
 120:Middlewares/Third_Party/FreeRTOS/Source/portable/GCC/ARM_CM4F/portmacro.h **** /*-----------------------------------------------------------*/
 121:Middlewares/Third_Party/FreeRTOS/Source/portable/GCC/ARM_CM4F/portmacro.h **** 
 122:Middlewares/Third_Party/FreeRTOS/Source/portable/GCC/ARM_CM4F/portmacro.h **** /* Architecture specific optimisations. */
 123:Middlewares/Third_Party/FreeRTOS/Source/portable/GCC/ARM_CM4F/portmacro.h **** #ifndef configUSE_PORT_OPTIMISED_TASK_SELECTION
 124:Middlewares/Third_Party/FreeRTOS/Source/portable/GCC/ARM_CM4F/portmacro.h **** 	#define configUSE_PORT_OPTIMISED_TASK_SELECTION 1
 125:Middlewares/Third_Party/FreeRTOS/Source/portable/GCC/ARM_CM4F/portmacro.h **** #endif
 126:Middlewares/Third_Party/FreeRTOS/Source/portable/GCC/ARM_CM4F/portmacro.h **** 
 127:Middlewares/Third_Party/FreeRTOS/Source/portable/GCC/ARM_CM4F/portmacro.h **** #if configUSE_PORT_OPTIMISED_TASK_SELECTION == 1
 128:Middlewares/Third_Party/FreeRTOS/Source/portable/GCC/ARM_CM4F/portmacro.h **** 
 129:Middlewares/Third_Party/FreeRTOS/Source/portable/GCC/ARM_CM4F/portmacro.h **** 	/* Generic helper function. */
 130:Middlewares/Third_Party/FreeRTOS/Source/portable/GCC/ARM_CM4F/portmacro.h **** 	__attribute__( ( always_inline ) ) static inline uint8_t ucPortCountLeadingZeros( uint32_t ulBitma
 131:Middlewares/Third_Party/FreeRTOS/Source/portable/GCC/ARM_CM4F/portmacro.h **** 	{
 132:Middlewares/Third_Party/FreeRTOS/Source/portable/GCC/ARM_CM4F/portmacro.h **** 	uint8_t ucReturn;
 133:Middlewares/Third_Party/FreeRTOS/Source/portable/GCC/ARM_CM4F/portmacro.h **** 
 134:Middlewares/Third_Party/FreeRTOS/Source/portable/GCC/ARM_CM4F/portmacro.h **** 		__asm volatile ( "clz %0, %1" : "=r" ( ucReturn ) : "r" ( ulBitmap ) : "memory" );
 135:Middlewares/Third_Party/FreeRTOS/Source/portable/GCC/ARM_CM4F/portmacro.h **** 		return ucReturn;
 136:Middlewares/Third_Party/FreeRTOS/Source/portable/GCC/ARM_CM4F/portmacro.h **** 	}
 137:Middlewares/Third_Party/FreeRTOS/Source/portable/GCC/ARM_CM4F/portmacro.h **** 
ARM GAS  D:\temp\TMP\ccbwIzgP.s 			page 18


 138:Middlewares/Third_Party/FreeRTOS/Source/portable/GCC/ARM_CM4F/portmacro.h **** 	/* Check the configuration. */
 139:Middlewares/Third_Party/FreeRTOS/Source/portable/GCC/ARM_CM4F/portmacro.h **** 	#if( configMAX_PRIORITIES > 32 )
 140:Middlewares/Third_Party/FreeRTOS/Source/portable/GCC/ARM_CM4F/portmacro.h **** 		#error configUSE_PORT_OPTIMISED_TASK_SELECTION can only be set to 1 when configMAX_PRIORITIES is 
 141:Middlewares/Third_Party/FreeRTOS/Source/portable/GCC/ARM_CM4F/portmacro.h **** 	#endif
 142:Middlewares/Third_Party/FreeRTOS/Source/portable/GCC/ARM_CM4F/portmacro.h **** 
 143:Middlewares/Third_Party/FreeRTOS/Source/portable/GCC/ARM_CM4F/portmacro.h **** 	/* Store/clear the ready priorities in a bit map. */
 144:Middlewares/Third_Party/FreeRTOS/Source/portable/GCC/ARM_CM4F/portmacro.h **** 	#define portRECORD_READY_PRIORITY( uxPriority, uxReadyPriorities ) ( uxReadyPriorities ) |= ( 1UL 
 145:Middlewares/Third_Party/FreeRTOS/Source/portable/GCC/ARM_CM4F/portmacro.h **** 	#define portRESET_READY_PRIORITY( uxPriority, uxReadyPriorities ) ( uxReadyPriorities ) &= ~( 1UL 
 146:Middlewares/Third_Party/FreeRTOS/Source/portable/GCC/ARM_CM4F/portmacro.h **** 
 147:Middlewares/Third_Party/FreeRTOS/Source/portable/GCC/ARM_CM4F/portmacro.h **** 	/*-----------------------------------------------------------*/
 148:Middlewares/Third_Party/FreeRTOS/Source/portable/GCC/ARM_CM4F/portmacro.h **** 
 149:Middlewares/Third_Party/FreeRTOS/Source/portable/GCC/ARM_CM4F/portmacro.h **** 	#define portGET_HIGHEST_PRIORITY( uxTopPriority, uxReadyPriorities ) uxTopPriority = ( 31UL - ( ui
 150:Middlewares/Third_Party/FreeRTOS/Source/portable/GCC/ARM_CM4F/portmacro.h **** 
 151:Middlewares/Third_Party/FreeRTOS/Source/portable/GCC/ARM_CM4F/portmacro.h **** #endif /* configUSE_PORT_OPTIMISED_TASK_SELECTION */
 152:Middlewares/Third_Party/FreeRTOS/Source/portable/GCC/ARM_CM4F/portmacro.h **** 
 153:Middlewares/Third_Party/FreeRTOS/Source/portable/GCC/ARM_CM4F/portmacro.h **** /*-----------------------------------------------------------*/
 154:Middlewares/Third_Party/FreeRTOS/Source/portable/GCC/ARM_CM4F/portmacro.h **** 
 155:Middlewares/Third_Party/FreeRTOS/Source/portable/GCC/ARM_CM4F/portmacro.h **** #ifdef configASSERT
 156:Middlewares/Third_Party/FreeRTOS/Source/portable/GCC/ARM_CM4F/portmacro.h **** 	void vPortValidateInterruptPriority( void );
 157:Middlewares/Third_Party/FreeRTOS/Source/portable/GCC/ARM_CM4F/portmacro.h **** 	#define portASSERT_IF_INTERRUPT_PRIORITY_INVALID() 	vPortValidateInterruptPriority()
 158:Middlewares/Third_Party/FreeRTOS/Source/portable/GCC/ARM_CM4F/portmacro.h **** #endif
 159:Middlewares/Third_Party/FreeRTOS/Source/portable/GCC/ARM_CM4F/portmacro.h **** 
 160:Middlewares/Third_Party/FreeRTOS/Source/portable/GCC/ARM_CM4F/portmacro.h **** /* portNOP() is not required by this port. */
 161:Middlewares/Third_Party/FreeRTOS/Source/portable/GCC/ARM_CM4F/portmacro.h **** #define portNOP()
 162:Middlewares/Third_Party/FreeRTOS/Source/portable/GCC/ARM_CM4F/portmacro.h **** 
 163:Middlewares/Third_Party/FreeRTOS/Source/portable/GCC/ARM_CM4F/portmacro.h **** #define portINLINE	__inline
 164:Middlewares/Third_Party/FreeRTOS/Source/portable/GCC/ARM_CM4F/portmacro.h **** 
 165:Middlewares/Third_Party/FreeRTOS/Source/portable/GCC/ARM_CM4F/portmacro.h **** #ifndef portFORCE_INLINE
 166:Middlewares/Third_Party/FreeRTOS/Source/portable/GCC/ARM_CM4F/portmacro.h **** 	#define portFORCE_INLINE inline __attribute__(( always_inline))
 167:Middlewares/Third_Party/FreeRTOS/Source/portable/GCC/ARM_CM4F/portmacro.h **** #endif
 168:Middlewares/Third_Party/FreeRTOS/Source/portable/GCC/ARM_CM4F/portmacro.h **** 
 169:Middlewares/Third_Party/FreeRTOS/Source/portable/GCC/ARM_CM4F/portmacro.h **** portFORCE_INLINE static BaseType_t xPortIsInsideInterrupt( void )
 170:Middlewares/Third_Party/FreeRTOS/Source/portable/GCC/ARM_CM4F/portmacro.h **** {
 171:Middlewares/Third_Party/FreeRTOS/Source/portable/GCC/ARM_CM4F/portmacro.h **** uint32_t ulCurrentInterrupt;
 172:Middlewares/Third_Party/FreeRTOS/Source/portable/GCC/ARM_CM4F/portmacro.h **** BaseType_t xReturn;
 173:Middlewares/Third_Party/FreeRTOS/Source/portable/GCC/ARM_CM4F/portmacro.h **** 
 174:Middlewares/Third_Party/FreeRTOS/Source/portable/GCC/ARM_CM4F/portmacro.h **** 	/* Obtain the number of the currently executing interrupt. */
 175:Middlewares/Third_Party/FreeRTOS/Source/portable/GCC/ARM_CM4F/portmacro.h **** 	__asm volatile( "mrs %0, ipsr" : "=r"( ulCurrentInterrupt ) :: "memory" );
 176:Middlewares/Third_Party/FreeRTOS/Source/portable/GCC/ARM_CM4F/portmacro.h **** 
 177:Middlewares/Third_Party/FreeRTOS/Source/portable/GCC/ARM_CM4F/portmacro.h **** 	if( ulCurrentInterrupt == 0 )
 178:Middlewares/Third_Party/FreeRTOS/Source/portable/GCC/ARM_CM4F/portmacro.h **** 	{
 179:Middlewares/Third_Party/FreeRTOS/Source/portable/GCC/ARM_CM4F/portmacro.h **** 		xReturn = pdFALSE;
 180:Middlewares/Third_Party/FreeRTOS/Source/portable/GCC/ARM_CM4F/portmacro.h **** 	}
 181:Middlewares/Third_Party/FreeRTOS/Source/portable/GCC/ARM_CM4F/portmacro.h **** 	else
 182:Middlewares/Third_Party/FreeRTOS/Source/portable/GCC/ARM_CM4F/portmacro.h **** 	{
 183:Middlewares/Third_Party/FreeRTOS/Source/portable/GCC/ARM_CM4F/portmacro.h **** 		xReturn = pdTRUE;
 184:Middlewares/Third_Party/FreeRTOS/Source/portable/GCC/ARM_CM4F/portmacro.h **** 	}
 185:Middlewares/Third_Party/FreeRTOS/Source/portable/GCC/ARM_CM4F/portmacro.h **** 
 186:Middlewares/Third_Party/FreeRTOS/Source/portable/GCC/ARM_CM4F/portmacro.h **** 	return xReturn;
 187:Middlewares/Third_Party/FreeRTOS/Source/portable/GCC/ARM_CM4F/portmacro.h **** }
 188:Middlewares/Third_Party/FreeRTOS/Source/portable/GCC/ARM_CM4F/portmacro.h **** 
 189:Middlewares/Third_Party/FreeRTOS/Source/portable/GCC/ARM_CM4F/portmacro.h **** /*-----------------------------------------------------------*/
 190:Middlewares/Third_Party/FreeRTOS/Source/portable/GCC/ARM_CM4F/portmacro.h **** 
 191:Middlewares/Third_Party/FreeRTOS/Source/portable/GCC/ARM_CM4F/portmacro.h **** portFORCE_INLINE static void vPortRaiseBASEPRI( void )
 118              		.loc 2 191 30 view .LVU28
 119              	.LBB38:
 192:Middlewares/Third_Party/FreeRTOS/Source/portable/GCC/ARM_CM4F/portmacro.h **** {
ARM GAS  D:\temp\TMP\ccbwIzgP.s 			page 19


 193:Middlewares/Third_Party/FreeRTOS/Source/portable/GCC/ARM_CM4F/portmacro.h **** uint32_t ulNewBASEPRI;
 120              		.loc 2 193 1 view .LVU29
 194:Middlewares/Third_Party/FreeRTOS/Source/portable/GCC/ARM_CM4F/portmacro.h **** 
 195:Middlewares/Third_Party/FreeRTOS/Source/portable/GCC/ARM_CM4F/portmacro.h **** 	__asm volatile
 121              		.loc 2 195 2 view .LVU30
 122              		.syntax unified
 123              	@ 195 "Middlewares/Third_Party/FreeRTOS/Source/portable/GCC/ARM_CM4F/portmacro.h" 1
 124 0010 4FF05003 			mov r3, #80												
 125 0014 83F31188 		msr basepri, r3											
 126 0018 BFF36F8F 		isb														
 127 001c BFF34F8F 		dsb														
 128              	
 129              	@ 0 "" 2
 130              		.thumb
 131              		.syntax unified
 132              	.L10:
 133              	.LBE38:
 134              	.LBE37:
 106:Middlewares/Third_Party/FreeRTOS/Source/event_groups.c **** 		} /*lint !e529 xSize is referenced if configASSERT() is defined. */
 135              		.loc 1 106 4 view .LVU31
 136 0020 FEE7     		b	.L10
 137              	.L13:
 138              	.LCFI2:
 139              		.cfi_def_cfa_offset 0
 140              		.cfi_restore 4
 141              		.cfi_restore 14
 142              	.LBE36:
  98:Middlewares/Third_Party/FreeRTOS/Source/event_groups.c **** 
 143              		.loc 1 98 3 discriminator 1 view .LVU32
 144              	.LBB39:
 145              	.LBI39:
 191:Middlewares/Third_Party/FreeRTOS/Source/portable/GCC/ARM_CM4F/portmacro.h **** {
 146              		.loc 2 191 30 view .LVU33
 147              	.LBB40:
 193:Middlewares/Third_Party/FreeRTOS/Source/portable/GCC/ARM_CM4F/portmacro.h **** 
 148              		.loc 2 193 1 view .LVU34
 149              		.loc 2 195 2 view .LVU35
 150              		.syntax unified
 151              	@ 195 "Middlewares/Third_Party/FreeRTOS/Source/portable/GCC/ARM_CM4F/portmacro.h" 1
 152 0022 4FF05003 			mov r3, #80												
 153 0026 83F31188 		msr basepri, r3											
 154 002a BFF36F8F 		isb														
 155 002e BFF34F8F 		dsb														
 156              	
 157              	@ 0 "" 2
 158              		.thumb
 159              		.syntax unified
 160              	.L8:
 161              	.LBE40:
 162              	.LBE39:
  98:Middlewares/Third_Party/FreeRTOS/Source/event_groups.c **** 
 163              		.loc 1 98 3 view .LVU36
 164 0032 FEE7     		b	.L8
 165              	.L9:
 166              	.LCFI3:
 167              		.cfi_def_cfa_offset 16
 168              		.cfi_offset 4, -8
ARM GAS  D:\temp\TMP\ccbwIzgP.s 			page 20


 169              		.cfi_offset 14, -4
 170              	.LBB41:
 106:Middlewares/Third_Party/FreeRTOS/Source/event_groups.c **** 		} /*lint !e529 xSize is referenced if configASSERT() is defined. */
 171              		.loc 1 106 51 view .LVU37
 172              	.LBE41:
 111:Middlewares/Third_Party/FreeRTOS/Source/event_groups.c **** 
 173              		.loc 1 111 3 view .LVU38
 174              	.LVL10:
 113:Middlewares/Third_Party/FreeRTOS/Source/event_groups.c **** 		{
 175              		.loc 1 113 3 view .LVU39
 115:Middlewares/Third_Party/FreeRTOS/Source/event_groups.c **** 			vListInitialise( &( pxEventBits->xTasksWaitingForBits ) );
 176              		.loc 1 115 4 view .LVU40
 115:Middlewares/Third_Party/FreeRTOS/Source/event_groups.c **** 			vListInitialise( &( pxEventBits->xTasksWaitingForBits ) );
 177              		.loc 1 115 29 is_stmt 0 view .LVU41
 178 0034 0446     		mov	r4, r0
 179 0036 0023     		movs	r3, #0
 180 0038 40F8043B 		str	r3, [r0], #4
 181              	.LVL11:
 116:Middlewares/Third_Party/FreeRTOS/Source/event_groups.c **** 
 182              		.loc 1 116 4 is_stmt 1 view .LVU42
 183 003c FFF7FEFF 		bl	vListInitialise
 184              	.LVL12:
 123:Middlewares/Third_Party/FreeRTOS/Source/event_groups.c **** 			}
 185              		.loc 1 123 5 view .LVU43
 123:Middlewares/Third_Party/FreeRTOS/Source/event_groups.c **** 			}
 186              		.loc 1 123 40 is_stmt 0 view .LVU44
 187 0040 0123     		movs	r3, #1
 188 0042 2376     		strb	r3, [r4, #24]
 127:Middlewares/Third_Party/FreeRTOS/Source/event_groups.c **** 		}
 189              		.loc 1 127 42 is_stmt 1 view .LVU45
 134:Middlewares/Third_Party/FreeRTOS/Source/event_groups.c **** 		}
 190              		.loc 1 134 36 view .LVU46
 137:Middlewares/Third_Party/FreeRTOS/Source/event_groups.c **** 	}
 191              		.loc 1 137 3 view .LVU47
 138:Middlewares/Third_Party/FreeRTOS/Source/event_groups.c **** 
 192              		.loc 1 138 2 is_stmt 0 view .LVU48
 193 0044 2046     		mov	r0, r4
 194 0046 02B0     		add	sp, sp, #8
 195              	.LCFI4:
 196              		.cfi_def_cfa_offset 8
 197              		@ sp needed
 198 0048 10BD     		pop	{r4, pc}
 138:Middlewares/Third_Party/FreeRTOS/Source/event_groups.c **** 
 199              		.loc 1 138 2 view .LVU49
 200              		.cfi_endproc
 201              	.LFE5:
 203              		.section	.text.xEventGroupCreate,"ax",%progbits
 204              		.align	1
 205              		.global	xEventGroupCreate
 206              		.syntax unified
 207              		.thumb
 208              		.thumb_func
 210              	xEventGroupCreate:
 211              	.LFB6:
 146:Middlewares/Third_Party/FreeRTOS/Source/event_groups.c **** 	EventGroup_t *pxEventBits;
 212              		.loc 1 146 2 is_stmt 1 view -0
 213              		.cfi_startproc
ARM GAS  D:\temp\TMP\ccbwIzgP.s 			page 21


 214              		@ args = 0, pretend = 0, frame = 0
 215              		@ frame_needed = 0, uses_anonymous_args = 0
 216 0000 10B5     		push	{r4, lr}
 217              	.LCFI5:
 218              		.cfi_def_cfa_offset 8
 219              		.cfi_offset 4, -8
 220              		.cfi_offset 14, -4
 147:Middlewares/Third_Party/FreeRTOS/Source/event_groups.c **** 
 221              		.loc 1 147 2 view .LVU51
 162:Middlewares/Third_Party/FreeRTOS/Source/event_groups.c **** 
 222              		.loc 1 162 3 view .LVU52
 162:Middlewares/Third_Party/FreeRTOS/Source/event_groups.c **** 
 223              		.loc 1 162 36 is_stmt 0 view .LVU53
 224 0002 1C20     		movs	r0, #28
 225 0004 FFF7FEFF 		bl	pvPortMalloc
 226              	.LVL13:
 164:Middlewares/Third_Party/FreeRTOS/Source/event_groups.c **** 		{
 227              		.loc 1 164 3 is_stmt 1 view .LVU54
 164:Middlewares/Third_Party/FreeRTOS/Source/event_groups.c **** 		{
 228              		.loc 1 164 5 is_stmt 0 view .LVU55
 229 0008 0446     		mov	r4, r0
 230 000a 38B1     		cbz	r0, .L14
 166:Middlewares/Third_Party/FreeRTOS/Source/event_groups.c **** 			vListInitialise( &( pxEventBits->xTasksWaitingForBits ) );
 231              		.loc 1 166 4 is_stmt 1 view .LVU56
 166:Middlewares/Third_Party/FreeRTOS/Source/event_groups.c **** 			vListInitialise( &( pxEventBits->xTasksWaitingForBits ) );
 232              		.loc 1 166 29 is_stmt 0 view .LVU57
 233 000c 0023     		movs	r3, #0
 234 000e 40F8043B 		str	r3, [r0], #4
 235              	.LVL14:
 167:Middlewares/Third_Party/FreeRTOS/Source/event_groups.c **** 
 236              		.loc 1 167 4 is_stmt 1 view .LVU58
 237 0012 FFF7FEFF 		bl	vListInitialise
 238              	.LVL15:
 174:Middlewares/Third_Party/FreeRTOS/Source/event_groups.c **** 			}
 239              		.loc 1 174 5 view .LVU59
 174:Middlewares/Third_Party/FreeRTOS/Source/event_groups.c **** 			}
 240              		.loc 1 174 40 is_stmt 0 view .LVU60
 241 0016 4FF00002 		mov	r2, #0
 242 001a 2276     		strb	r2, [r4, #24]
 178:Middlewares/Third_Party/FreeRTOS/Source/event_groups.c **** 		}
 243              		.loc 1 178 42 is_stmt 1 view .LVU61
 182:Middlewares/Third_Party/FreeRTOS/Source/event_groups.c **** 		}
 244              		.loc 1 182 36 view .LVU62
 185:Middlewares/Third_Party/FreeRTOS/Source/event_groups.c **** 	}
 245              		.loc 1 185 3 view .LVU63
 246              	.L14:
 186:Middlewares/Third_Party/FreeRTOS/Source/event_groups.c **** 
 247              		.loc 1 186 2 is_stmt 0 view .LVU64
 248 001c 2046     		mov	r0, r4
 249 001e 10BD     		pop	{r4, pc}
 186:Middlewares/Third_Party/FreeRTOS/Source/event_groups.c **** 
 250              		.loc 1 186 2 view .LVU65
 251              		.cfi_endproc
 252              	.LFE6:
 254              		.section	.text.xEventGroupWaitBits,"ax",%progbits
 255              		.align	1
 256              		.global	xEventGroupWaitBits
ARM GAS  D:\temp\TMP\ccbwIzgP.s 			page 22


 257              		.syntax unified
 258              		.thumb
 259              		.thumb_func
 261              	xEventGroupWaitBits:
 262              	.LVL16:
 263              	.LFB8:
 312:Middlewares/Third_Party/FreeRTOS/Source/event_groups.c **** EventGroup_t *pxEventBits = xEventGroup;
 264              		.loc 1 312 1 is_stmt 1 view -0
 265              		.cfi_startproc
 266              		@ args = 4, pretend = 0, frame = 0
 267              		@ frame_needed = 0, uses_anonymous_args = 0
 313:Middlewares/Third_Party/FreeRTOS/Source/event_groups.c **** EventBits_t uxReturn, uxControlBits = 0;
 268              		.loc 1 313 1 view .LVU67
 314:Middlewares/Third_Party/FreeRTOS/Source/event_groups.c **** BaseType_t xWaitConditionMet, xAlreadyYielded;
 269              		.loc 1 314 1 view .LVU68
 315:Middlewares/Third_Party/FreeRTOS/Source/event_groups.c **** BaseType_t xTimeoutOccurred = pdFALSE;
 270              		.loc 1 315 1 view .LVU69
 316:Middlewares/Third_Party/FreeRTOS/Source/event_groups.c **** 
 271              		.loc 1 316 1 view .LVU70
 320:Middlewares/Third_Party/FreeRTOS/Source/event_groups.c **** 	configASSERT( ( uxBitsToWaitFor & eventEVENT_BITS_CONTROL_BYTES ) == 0 );
 272              		.loc 1 320 2 view .LVU71
 273 0000 88B1     		cbz	r0, .L38
 312:Middlewares/Third_Party/FreeRTOS/Source/event_groups.c **** EventGroup_t *pxEventBits = xEventGroup;
 274              		.loc 1 312 1 is_stmt 0 view .LVU72
 275 0002 2DE9F041 		push	{r4, r5, r6, r7, r8, lr}
 276              	.LCFI6:
 277              		.cfi_def_cfa_offset 24
 278              		.cfi_offset 4, -24
 279              		.cfi_offset 5, -20
 280              		.cfi_offset 6, -16
 281              		.cfi_offset 7, -12
 282              		.cfi_offset 8, -8
 283              		.cfi_offset 14, -4
 284 0006 0C46     		mov	r4, r1
 285 0008 9046     		mov	r8, r2
 286 000a 1F46     		mov	r7, r3
 287 000c 0546     		mov	r5, r0
 320:Middlewares/Third_Party/FreeRTOS/Source/event_groups.c **** 	configASSERT( ( uxBitsToWaitFor & eventEVENT_BITS_CONTROL_BYTES ) == 0 );
 288              		.loc 1 320 29 is_stmt 1 view .LVU73
 321:Middlewares/Third_Party/FreeRTOS/Source/event_groups.c **** 	configASSERT( uxBitsToWaitFor != 0 );
 289              		.loc 1 321 2 view .LVU74
 290 000e B1F1807F 		cmp	r1, #16777216
 291 0012 11D3     		bcc	.L20
 321:Middlewares/Third_Party/FreeRTOS/Source/event_groups.c **** 	configASSERT( uxBitsToWaitFor != 0 );
 292              		.loc 1 321 2 discriminator 1 view .LVU75
 293              	.LBB42:
 294              	.LBI42:
 191:Middlewares/Third_Party/FreeRTOS/Source/portable/GCC/ARM_CM4F/portmacro.h **** {
 295              		.loc 2 191 30 view .LVU76
 296              	.LBB43:
 193:Middlewares/Third_Party/FreeRTOS/Source/portable/GCC/ARM_CM4F/portmacro.h **** 
 297              		.loc 2 193 1 view .LVU77
 298              		.loc 2 195 2 view .LVU78
 299              		.syntax unified
 300              	@ 195 "Middlewares/Third_Party/FreeRTOS/Source/portable/GCC/ARM_CM4F/portmacro.h" 1
 301 0014 4FF05003 			mov r3, #80												
 302 0018 83F31188 		msr basepri, r3											
ARM GAS  D:\temp\TMP\ccbwIzgP.s 			page 23


 303 001c BFF36F8F 		isb														
 304 0020 BFF34F8F 		dsb														
 305              	
 306              	@ 0 "" 2
 307              	.LVL17:
 308              		.thumb
 309              		.syntax unified
 310              	.L21:
 311              		.loc 2 195 2 is_stmt 0 view .LVU79
 312              	.LBE43:
 313              	.LBE42:
 321:Middlewares/Third_Party/FreeRTOS/Source/event_groups.c **** 	configASSERT( uxBitsToWaitFor != 0 );
 314              		.loc 1 321 2 is_stmt 1 view .LVU80
 315 0024 FEE7     		b	.L21
 316              	.LVL18:
 317              	.L38:
 318              	.LCFI7:
 319              		.cfi_def_cfa_offset 0
 320              		.cfi_restore 4
 321              		.cfi_restore 5
 322              		.cfi_restore 6
 323              		.cfi_restore 7
 324              		.cfi_restore 8
 325              		.cfi_restore 14
 320:Middlewares/Third_Party/FreeRTOS/Source/event_groups.c **** 	configASSERT( ( uxBitsToWaitFor & eventEVENT_BITS_CONTROL_BYTES ) == 0 );
 326              		.loc 1 320 2 discriminator 1 view .LVU81
 327              	.LBB44:
 328              	.LBI44:
 191:Middlewares/Third_Party/FreeRTOS/Source/portable/GCC/ARM_CM4F/portmacro.h **** {
 329              		.loc 2 191 30 view .LVU82
 330              	.LBB45:
 193:Middlewares/Third_Party/FreeRTOS/Source/portable/GCC/ARM_CM4F/portmacro.h **** 
 331              		.loc 2 193 1 view .LVU83
 332              		.loc 2 195 2 view .LVU84
 333              		.syntax unified
 334              	@ 195 "Middlewares/Third_Party/FreeRTOS/Source/portable/GCC/ARM_CM4F/portmacro.h" 1
 335 0026 4FF05003 			mov r3, #80												
 336 002a 83F31188 		msr basepri, r3											
 337 002e BFF36F8F 		isb														
 338 0032 BFF34F8F 		dsb														
 339              	
 340              	@ 0 "" 2
 341              	.LVL19:
 342              		.thumb
 343              		.syntax unified
 344              	.L19:
 345              		.loc 2 195 2 is_stmt 0 view .LVU85
 346              	.LBE45:
 347              	.LBE44:
 320:Middlewares/Third_Party/FreeRTOS/Source/event_groups.c **** 	configASSERT( ( uxBitsToWaitFor & eventEVENT_BITS_CONTROL_BYTES ) == 0 );
 348              		.loc 1 320 2 is_stmt 1 view .LVU86
 349 0036 FEE7     		b	.L19
 350              	.LVL20:
 351              	.L20:
 352              	.LCFI8:
 353              		.cfi_def_cfa_offset 24
 354              		.cfi_offset 4, -24
ARM GAS  D:\temp\TMP\ccbwIzgP.s 			page 24


 355              		.cfi_offset 5, -20
 356              		.cfi_offset 6, -16
 357              		.cfi_offset 7, -12
 358              		.cfi_offset 8, -8
 359              		.cfi_offset 14, -4
 321:Middlewares/Third_Party/FreeRTOS/Source/event_groups.c **** 	configASSERT( uxBitsToWaitFor != 0 );
 360              		.loc 1 321 74 view .LVU87
 322:Middlewares/Third_Party/FreeRTOS/Source/event_groups.c **** 	#if ( ( INCLUDE_xTaskGetSchedulerState == 1 ) || ( configUSE_TIMERS == 1 ) )
 361              		.loc 1 322 2 view .LVU88
 362 0038 41B9     		cbnz	r1, .L22
 322:Middlewares/Third_Party/FreeRTOS/Source/event_groups.c **** 	#if ( ( INCLUDE_xTaskGetSchedulerState == 1 ) || ( configUSE_TIMERS == 1 ) )
 363              		.loc 1 322 2 discriminator 1 view .LVU89
 364              	.LBB46:
 365              	.LBI46:
 191:Middlewares/Third_Party/FreeRTOS/Source/portable/GCC/ARM_CM4F/portmacro.h **** {
 366              		.loc 2 191 30 view .LVU90
 367              	.LBB47:
 193:Middlewares/Third_Party/FreeRTOS/Source/portable/GCC/ARM_CM4F/portmacro.h **** 
 368              		.loc 2 193 1 view .LVU91
 369              		.loc 2 195 2 view .LVU92
 370              		.syntax unified
 371              	@ 195 "Middlewares/Third_Party/FreeRTOS/Source/portable/GCC/ARM_CM4F/portmacro.h" 1
 372 003a 4FF05003 			mov r3, #80												
 373 003e 83F31188 		msr basepri, r3											
 374 0042 BFF36F8F 		isb														
 375 0046 BFF34F8F 		dsb														
 376              	
 377              	@ 0 "" 2
 378              	.LVL21:
 379              		.thumb
 380              		.syntax unified
 381              	.L23:
 382              		.loc 2 195 2 is_stmt 0 view .LVU93
 383              	.LBE47:
 384              	.LBE46:
 322:Middlewares/Third_Party/FreeRTOS/Source/event_groups.c **** 	#if ( ( INCLUDE_xTaskGetSchedulerState == 1 ) || ( configUSE_TIMERS == 1 ) )
 385              		.loc 1 322 2 is_stmt 1 view .LVU94
 386 004a FEE7     		b	.L23
 387              	.LVL22:
 388              	.L22:
 322:Middlewares/Third_Party/FreeRTOS/Source/event_groups.c **** 	#if ( ( INCLUDE_xTaskGetSchedulerState == 1 ) || ( configUSE_TIMERS == 1 ) )
 389              		.loc 1 322 38 view .LVU95
 325:Middlewares/Third_Party/FreeRTOS/Source/event_groups.c **** 	}
 390              		.loc 1 325 3 view .LVU96
 391 004c FFF7FEFF 		bl	xTaskGetSchedulerState
 392              	.LVL23:
 325:Middlewares/Third_Party/FreeRTOS/Source/event_groups.c **** 	}
 393              		.loc 1 325 3 is_stmt 0 discriminator 1 view .LVU97
 394 0050 50B9     		cbnz	r0, .L24
 325:Middlewares/Third_Party/FreeRTOS/Source/event_groups.c **** 	}
 395              		.loc 1 325 3 discriminator 3 view .LVU98
 396 0052 069B     		ldr	r3, [sp, #24]
 397 0054 43B1     		cbz	r3, .L24
 325:Middlewares/Third_Party/FreeRTOS/Source/event_groups.c **** 	}
 398              		.loc 1 325 3 is_stmt 1 discriminator 8 view .LVU99
 399              	.LBB48:
 400              	.LBI48:
ARM GAS  D:\temp\TMP\ccbwIzgP.s 			page 25


 191:Middlewares/Third_Party/FreeRTOS/Source/portable/GCC/ARM_CM4F/portmacro.h **** {
 401              		.loc 2 191 30 view .LVU100
 402              	.LBB49:
 193:Middlewares/Third_Party/FreeRTOS/Source/portable/GCC/ARM_CM4F/portmacro.h **** 
 403              		.loc 2 193 1 view .LVU101
 404              		.loc 2 195 2 view .LVU102
 405              		.syntax unified
 406              	@ 195 "Middlewares/Third_Party/FreeRTOS/Source/portable/GCC/ARM_CM4F/portmacro.h" 1
 407 0056 4FF05003 			mov r3, #80												
 408 005a 83F31188 		msr basepri, r3											
 409 005e BFF36F8F 		isb														
 410 0062 BFF34F8F 		dsb														
 411              	
 412              	@ 0 "" 2
 413              		.thumb
 414              		.syntax unified
 415              	.L25:
 416              	.LBE49:
 417              	.LBE48:
 325:Middlewares/Third_Party/FreeRTOS/Source/event_groups.c **** 	}
 418              		.loc 1 325 3 view .LVU103
 419 0066 FEE7     		b	.L25
 420              	.L24:
 325:Middlewares/Third_Party/FreeRTOS/Source/event_groups.c **** 	}
 421              		.loc 1 325 104 view .LVU104
 329:Middlewares/Third_Party/FreeRTOS/Source/event_groups.c **** 	{
 422              		.loc 1 329 2 view .LVU105
 423 0068 FFF7FEFF 		bl	vTaskSuspendAll
 424              	.LVL24:
 425              	.LBB50:
 331:Middlewares/Third_Party/FreeRTOS/Source/event_groups.c **** 
 426              		.loc 1 331 3 view .LVU106
 331:Middlewares/Third_Party/FreeRTOS/Source/event_groups.c **** 
 427              		.loc 1 331 21 is_stmt 0 view .LVU107
 428 006c 2B68     		ldr	r3, [r5]
 429 006e 1E46     		mov	r6, r3
 430              	.LVL25:
 334:Middlewares/Third_Party/FreeRTOS/Source/event_groups.c **** 
 431              		.loc 1 334 3 is_stmt 1 view .LVU108
 334:Middlewares/Third_Party/FreeRTOS/Source/event_groups.c **** 
 432              		.loc 1 334 23 is_stmt 0 view .LVU109
 433 0070 3A46     		mov	r2, r7
 434 0072 2146     		mov	r1, r4
 435 0074 1846     		mov	r0, r3
 436 0076 FFF7FEFF 		bl	prvTestWaitCondition
 437              	.LVL26:
 336:Middlewares/Third_Party/FreeRTOS/Source/event_groups.c **** 		{
 438              		.loc 1 336 3 is_stmt 1 view .LVU110
 336:Middlewares/Third_Party/FreeRTOS/Source/event_groups.c **** 		{
 439              		.loc 1 336 5 is_stmt 0 view .LVU111
 440 007a 08B3     		cbz	r0, .L26
 340:Middlewares/Third_Party/FreeRTOS/Source/event_groups.c **** 			xTicksToWait = ( TickType_t ) 0;
 441              		.loc 1 340 4 is_stmt 1 view .LVU112
 442              	.LVL27:
 341:Middlewares/Third_Party/FreeRTOS/Source/event_groups.c **** 
 443              		.loc 1 341 4 view .LVU113
 344:Middlewares/Third_Party/FreeRTOS/Source/event_groups.c **** 			{
ARM GAS  D:\temp\TMP\ccbwIzgP.s 			page 26


 444              		.loc 1 344 4 view .LVU114
 344:Middlewares/Third_Party/FreeRTOS/Source/event_groups.c **** 			{
 445              		.loc 1 344 6 is_stmt 0 view .LVU115
 446 007c 4246     		mov	r2, r8
 447 007e 9AB3     		cbz	r2, .L34
 448              	.LVL28:
 346:Middlewares/Third_Party/FreeRTOS/Source/event_groups.c **** 			}
 449              		.loc 1 346 5 is_stmt 1 view .LVU116
 346:Middlewares/Third_Party/FreeRTOS/Source/event_groups.c **** 			}
 450              		.loc 1 346 30 is_stmt 0 view .LVU117
 451 0080 26EA0403 		bic	r3, r6, r4
 452 0084 2B60     		str	r3, [r5]
 341:Middlewares/Third_Party/FreeRTOS/Source/event_groups.c **** 
 453              		.loc 1 341 17 view .LVU118
 454 0086 0023     		movs	r3, #0
 455 0088 0693     		str	r3, [sp, #24]
 456              	.LVL29:
 457              	.L27:
 394:Middlewares/Third_Party/FreeRTOS/Source/event_groups.c **** 		}
 458              		.loc 1 394 68 is_stmt 1 view .LVU119
 459              	.LBE50:
 397:Middlewares/Third_Party/FreeRTOS/Source/event_groups.c **** 
 460              		.loc 1 397 2 view .LVU120
 397:Middlewares/Third_Party/FreeRTOS/Source/event_groups.c **** 
 461              		.loc 1 397 20 is_stmt 0 view .LVU121
 462 008a FFF7FEFF 		bl	xTaskResumeAll
 463              	.LVL30:
 399:Middlewares/Third_Party/FreeRTOS/Source/event_groups.c **** 	{
 464              		.loc 1 399 2 is_stmt 1 view .LVU122
 399:Middlewares/Third_Party/FreeRTOS/Source/event_groups.c **** 	{
 465              		.loc 1 399 4 is_stmt 0 view .LVU123
 466 008e 069B     		ldr	r3, [sp, #24]
 467 0090 9BB1     		cbz	r3, .L17
 401:Middlewares/Third_Party/FreeRTOS/Source/event_groups.c **** 		{
 468              		.loc 1 401 3 is_stmt 1 view .LVU124
 401:Middlewares/Third_Party/FreeRTOS/Source/event_groups.c **** 		{
 469              		.loc 1 401 5 is_stmt 0 view .LVU125
 470 0092 48B9     		cbnz	r0, .L31
 403:Middlewares/Third_Party/FreeRTOS/Source/event_groups.c **** 		}
 471              		.loc 1 403 4 is_stmt 1 view .LVU126
 472 0094 4FF0E023 		mov	r3, #-536813568
 473 0098 4FF08052 		mov	r2, #268435456
 474 009c C3F8042D 		str	r2, [r3, #3332]
 475              	.LVL31:
 403:Middlewares/Third_Party/FreeRTOS/Source/event_groups.c **** 		}
 476              		.loc 1 403 4 view .LVU127
 477              		.syntax unified
 478              	@ 403 "Middlewares/Third_Party/FreeRTOS/Source/event_groups.c" 1
 479 00a0 BFF34F8F 		dsb
 480              	@ 0 "" 2
 403:Middlewares/Third_Party/FreeRTOS/Source/event_groups.c **** 		}
 481              		.loc 1 403 4 view .LVU128
 482              	@ 403 "Middlewares/Third_Party/FreeRTOS/Source/event_groups.c" 1
 483 00a4 BFF36F8F 		isb
 484              	@ 0 "" 2
 403:Middlewares/Third_Party/FreeRTOS/Source/event_groups.c **** 		}
 485              		.loc 1 403 26 view .LVU129
ARM GAS  D:\temp\TMP\ccbwIzgP.s 			page 27


 486              		.thumb
 487              		.syntax unified
 488              	.L31:
 407:Middlewares/Third_Party/FreeRTOS/Source/event_groups.c **** 		}
 489              		.loc 1 407 28 view .LVU130
 414:Middlewares/Third_Party/FreeRTOS/Source/event_groups.c **** 
 490              		.loc 1 414 3 view .LVU131
 414:Middlewares/Third_Party/FreeRTOS/Source/event_groups.c **** 
 491              		.loc 1 414 14 is_stmt 0 view .LVU132
 492 00a8 FFF7FEFF 		bl	uxTaskResetEventItemValue
 493              	.LVL32:
 414:Middlewares/Third_Party/FreeRTOS/Source/event_groups.c **** 
 494              		.loc 1 414 14 view .LVU133
 495 00ac 0646     		mov	r6, r0
 496              	.LVL33:
 416:Middlewares/Third_Party/FreeRTOS/Source/event_groups.c **** 		{
 497              		.loc 1 416 3 is_stmt 1 view .LVU134
 416:Middlewares/Third_Party/FreeRTOS/Source/event_groups.c **** 		{
 498              		.loc 1 416 5 is_stmt 0 view .LVU135
 499 00ae 10F0007F 		tst	r0, #33554432
 500 00b2 1CD0     		beq	.L39
 501              	.LVL34:
 502              	.L32:
 447:Middlewares/Third_Party/FreeRTOS/Source/event_groups.c **** 
 503              		.loc 1 447 3 is_stmt 1 view .LVU136
 450:Middlewares/Third_Party/FreeRTOS/Source/event_groups.c **** 	}
 504              		.loc 1 450 3 view .LVU137
 450:Middlewares/Third_Party/FreeRTOS/Source/event_groups.c **** 	}
 505              		.loc 1 450 12 is_stmt 0 view .LVU138
 506 00b4 26F07F43 		bic	r3, r6, #-16777216
 507 00b8 1E46     		mov	r6, r3
 508              	.LVL35:
 452:Middlewares/Third_Party/FreeRTOS/Source/event_groups.c **** 
 509              		.loc 1 452 2 is_stmt 1 view .LVU139
 455:Middlewares/Third_Party/FreeRTOS/Source/event_groups.c **** 
 510              		.loc 1 455 2 view .LVU140
 457:Middlewares/Third_Party/FreeRTOS/Source/event_groups.c **** }
 511              		.loc 1 457 2 view .LVU141
 512              	.L17:
 458:Middlewares/Third_Party/FreeRTOS/Source/event_groups.c **** /*-----------------------------------------------------------*/
 513              		.loc 1 458 1 is_stmt 0 view .LVU142
 514 00ba 3046     		mov	r0, r6
 515 00bc BDE8F081 		pop	{r4, r5, r6, r7, r8, pc}
 516              	.LVL36:
 517              	.L26:
 518              	.LBB51:
 353:Middlewares/Third_Party/FreeRTOS/Source/event_groups.c **** 		{
 519              		.loc 1 353 8 is_stmt 1 view .LVU143
 353:Middlewares/Third_Party/FreeRTOS/Source/event_groups.c **** 		{
 520              		.loc 1 353 10 is_stmt 0 view .LVU144
 521 00c0 069B     		ldr	r3, [sp, #24]
 522 00c2 002B     		cmp	r3, #0
 523 00c4 E1D0     		beq	.L27
 366:Middlewares/Third_Party/FreeRTOS/Source/event_groups.c **** 			{
 524              		.loc 1 366 4 is_stmt 1 view .LVU145
 366:Middlewares/Third_Party/FreeRTOS/Source/event_groups.c **** 			{
 525              		.loc 1 366 6 is_stmt 0 view .LVU146
ARM GAS  D:\temp\TMP\ccbwIzgP.s 			page 28


 526 00c6 4346     		mov	r3, r8
 527 00c8 5BB9     		cbnz	r3, .L35
 528              	.LVL37:
 366:Middlewares/Third_Party/FreeRTOS/Source/event_groups.c **** 			{
 529              		.loc 1 366 6 view .LVU147
 530              	.LBE51:
 314:Middlewares/Third_Party/FreeRTOS/Source/event_groups.c **** BaseType_t xWaitConditionMet, xAlreadyYielded;
 531              		.loc 1 314 23 view .LVU148
 532 00ca 4146     		mov	r1, r8
 533              	.L28:
 534              	.LVL38:
 535              	.LBB52:
 372:Middlewares/Third_Party/FreeRTOS/Source/event_groups.c **** 			}
 536              		.loc 1 372 29 is_stmt 1 view .LVU149
 375:Middlewares/Third_Party/FreeRTOS/Source/event_groups.c **** 			{
 537              		.loc 1 375 4 view .LVU150
 375:Middlewares/Third_Party/FreeRTOS/Source/event_groups.c **** 			{
 538              		.loc 1 375 6 is_stmt 0 view .LVU151
 539 00cc 0FB1     		cbz	r7, .L29
 377:Middlewares/Third_Party/FreeRTOS/Source/event_groups.c **** 			}
 540              		.loc 1 377 5 is_stmt 1 view .LVU152
 377:Middlewares/Third_Party/FreeRTOS/Source/event_groups.c **** 			}
 541              		.loc 1 377 19 is_stmt 0 view .LVU153
 542 00ce 41F08061 		orr	r1, r1, #67108864
 543              	.LVL39:
 544              	.L29:
 381:Middlewares/Third_Party/FreeRTOS/Source/event_groups.c **** 			}
 545              		.loc 1 381 29 is_stmt 1 view .LVU154
 387:Middlewares/Third_Party/FreeRTOS/Source/event_groups.c **** 
 546              		.loc 1 387 4 view .LVU155
 547 00d2 069A     		ldr	r2, [sp, #24]
 548 00d4 2143     		orrs	r1, r1, r4
 549              	.LVL40:
 387:Middlewares/Third_Party/FreeRTOS/Source/event_groups.c **** 
 550              		.loc 1 387 4 is_stmt 0 view .LVU156
 551 00d6 281D     		adds	r0, r5, #4
 552              	.LVL41:
 387:Middlewares/Third_Party/FreeRTOS/Source/event_groups.c **** 
 553              		.loc 1 387 4 view .LVU157
 554 00d8 FFF7FEFF 		bl	vTaskPlaceOnUnorderedEventList
 555              	.LVL42:
 392:Middlewares/Third_Party/FreeRTOS/Source/event_groups.c **** 
 556              		.loc 1 392 4 is_stmt 1 view .LVU158
 392:Middlewares/Third_Party/FreeRTOS/Source/event_groups.c **** 
 557              		.loc 1 392 13 is_stmt 0 view .LVU159
 558 00dc 0023     		movs	r3, #0
 559 00de 1E46     		mov	r6, r3
 560              	.LVL43:
 392:Middlewares/Third_Party/FreeRTOS/Source/event_groups.c **** 
 561              		.loc 1 392 13 view .LVU160
 562 00e0 D3E7     		b	.L27
 563              	.LVL44:
 564              	.L35:
 368:Middlewares/Third_Party/FreeRTOS/Source/event_groups.c **** 			}
 565              		.loc 1 368 19 view .LVU161
 566 00e2 4FF08071 		mov	r1, #16777216
 567 00e6 F1E7     		b	.L28
ARM GAS  D:\temp\TMP\ccbwIzgP.s 			page 29


 568              	.LVL45:
 569              	.L34:
 341:Middlewares/Third_Party/FreeRTOS/Source/event_groups.c **** 
 570              		.loc 1 341 17 view .LVU162
 571 00e8 CDF81880 		str	r8, [sp, #24]
 572 00ec CDE7     		b	.L27
 573              	.LVL46:
 574              	.L39:
 341:Middlewares/Third_Party/FreeRTOS/Source/event_groups.c **** 
 575              		.loc 1 341 17 view .LVU163
 576              	.LBE52:
 418:Middlewares/Third_Party/FreeRTOS/Source/event_groups.c **** 			{
 577              		.loc 1 418 4 is_stmt 1 view .LVU164
 578 00ee FFF7FEFF 		bl	vPortEnterCritical
 579              	.LVL47:
 421:Middlewares/Third_Party/FreeRTOS/Source/event_groups.c **** 
 580              		.loc 1 421 5 view .LVU165
 421:Middlewares/Third_Party/FreeRTOS/Source/event_groups.c **** 
 581              		.loc 1 421 14 is_stmt 0 view .LVU166
 582 00f2 2B68     		ldr	r3, [r5]
 583 00f4 1E46     		mov	r6, r3
 584              	.LVL48:
 425:Middlewares/Third_Party/FreeRTOS/Source/event_groups.c **** 				{
 585              		.loc 1 425 5 is_stmt 1 view .LVU167
 425:Middlewares/Third_Party/FreeRTOS/Source/event_groups.c **** 				{
 586              		.loc 1 425 9 is_stmt 0 view .LVU168
 587 00f6 3A46     		mov	r2, r7
 588 00f8 2146     		mov	r1, r4
 589 00fa 1846     		mov	r0, r3
 590 00fc FFF7FEFF 		bl	prvTestWaitCondition
 591              	.LVL49:
 425:Middlewares/Third_Party/FreeRTOS/Source/event_groups.c **** 				{
 592              		.loc 1 425 7 discriminator 1 view .LVU169
 593 0100 20B1     		cbz	r0, .L33
 427:Middlewares/Third_Party/FreeRTOS/Source/event_groups.c **** 					{
 594              		.loc 1 427 6 is_stmt 1 view .LVU170
 427:Middlewares/Third_Party/FreeRTOS/Source/event_groups.c **** 					{
 595              		.loc 1 427 8 is_stmt 0 view .LVU171
 596 0102 4246     		mov	r2, r8
 597 0104 12B1     		cbz	r2, .L33
 598              	.LVL50:
 429:Middlewares/Third_Party/FreeRTOS/Source/event_groups.c **** 					}
 599              		.loc 1 429 7 is_stmt 1 view .LVU172
 429:Middlewares/Third_Party/FreeRTOS/Source/event_groups.c **** 					}
 600              		.loc 1 429 32 is_stmt 0 view .LVU173
 601 0106 26EA0404 		bic	r4, r6, r4
 602              	.LVL51:
 429:Middlewares/Third_Party/FreeRTOS/Source/event_groups.c **** 					}
 603              		.loc 1 429 32 view .LVU174
 604 010a 2C60     		str	r4, [r5]
 605              	.LVL52:
 606              	.L33:
 438:Middlewares/Third_Party/FreeRTOS/Source/event_groups.c **** 				}
 607              		.loc 1 438 30 is_stmt 1 view .LVU175
 440:Middlewares/Third_Party/FreeRTOS/Source/event_groups.c **** 			}
 608              		.loc 1 440 5 view .LVU176
 442:Middlewares/Third_Party/FreeRTOS/Source/event_groups.c **** 		}
ARM GAS  D:\temp\TMP\ccbwIzgP.s 			page 30


 609              		.loc 1 442 4 view .LVU177
 610 010c FFF7FEFF 		bl	vPortExitCritical
 611              	.LVL53:
 612 0110 D0E7     		b	.L32
 613              		.cfi_endproc
 614              	.LFE8:
 616              		.section	.text.xEventGroupClearBits,"ax",%progbits
 617              		.align	1
 618              		.global	xEventGroupClearBits
 619              		.syntax unified
 620              		.thumb
 621              		.thumb_func
 623              	xEventGroupClearBits:
 624              	.LVL54:
 625              	.LFB9:
 462:Middlewares/Third_Party/FreeRTOS/Source/event_groups.c **** EventGroup_t *pxEventBits = xEventGroup;
 626              		.loc 1 462 1 view -0
 627              		.cfi_startproc
 628              		@ args = 0, pretend = 0, frame = 0
 629              		@ frame_needed = 0, uses_anonymous_args = 0
 462:Middlewares/Third_Party/FreeRTOS/Source/event_groups.c **** EventGroup_t *pxEventBits = xEventGroup;
 630              		.loc 1 462 1 is_stmt 0 view .LVU179
 631 0000 38B5     		push	{r3, r4, r5, lr}
 632              	.LCFI9:
 633              		.cfi_def_cfa_offset 16
 634              		.cfi_offset 3, -16
 635              		.cfi_offset 4, -12
 636              		.cfi_offset 5, -8
 637              		.cfi_offset 14, -4
 463:Middlewares/Third_Party/FreeRTOS/Source/event_groups.c **** EventBits_t uxReturn;
 638              		.loc 1 463 1 is_stmt 1 view .LVU180
 639              	.LVL55:
 464:Middlewares/Third_Party/FreeRTOS/Source/event_groups.c **** 
 640              		.loc 1 464 1 view .LVU181
 468:Middlewares/Third_Party/FreeRTOS/Source/event_groups.c **** 	configASSERT( ( uxBitsToClear & eventEVENT_BITS_CONTROL_BYTES ) == 0 );
 641              		.loc 1 468 2 view .LVU182
 642 0002 68B1     		cbz	r0, .L46
 643 0004 0D46     		mov	r5, r1
 644 0006 0446     		mov	r4, r0
 468:Middlewares/Third_Party/FreeRTOS/Source/event_groups.c **** 	configASSERT( ( uxBitsToClear & eventEVENT_BITS_CONTROL_BYTES ) == 0 );
 645              		.loc 1 468 29 view .LVU183
 469:Middlewares/Third_Party/FreeRTOS/Source/event_groups.c **** 
 646              		.loc 1 469 2 view .LVU184
 647 0008 B1F1807F 		cmp	r1, #16777216
 648 000c 11D3     		bcc	.L43
 469:Middlewares/Third_Party/FreeRTOS/Source/event_groups.c **** 
 649              		.loc 1 469 2 discriminator 1 view .LVU185
 650              	.LBB53:
 651              	.LBI53:
 191:Middlewares/Third_Party/FreeRTOS/Source/portable/GCC/ARM_CM4F/portmacro.h **** {
 652              		.loc 2 191 30 view .LVU186
 653              	.LBB54:
 193:Middlewares/Third_Party/FreeRTOS/Source/portable/GCC/ARM_CM4F/portmacro.h **** 
 654              		.loc 2 193 1 view .LVU187
 655              		.loc 2 195 2 view .LVU188
 656              		.syntax unified
 657              	@ 195 "Middlewares/Third_Party/FreeRTOS/Source/portable/GCC/ARM_CM4F/portmacro.h" 1
ARM GAS  D:\temp\TMP\ccbwIzgP.s 			page 31


 658 000e 4FF05003 			mov r3, #80												
 659 0012 83F31188 		msr basepri, r3											
 660 0016 BFF36F8F 		isb														
 661 001a BFF34F8F 		dsb														
 662              	
 663              	@ 0 "" 2
 664              		.thumb
 665              		.syntax unified
 666              	.L44:
 667              	.LBE54:
 668              	.LBE53:
 469:Middlewares/Third_Party/FreeRTOS/Source/event_groups.c **** 
 669              		.loc 1 469 2 view .LVU189
 670 001e FEE7     		b	.L44
 671              	.L46:
 468:Middlewares/Third_Party/FreeRTOS/Source/event_groups.c **** 	configASSERT( ( uxBitsToClear & eventEVENT_BITS_CONTROL_BYTES ) == 0 );
 672              		.loc 1 468 2 discriminator 1 view .LVU190
 673              	.LBB55:
 674              	.LBI55:
 191:Middlewares/Third_Party/FreeRTOS/Source/portable/GCC/ARM_CM4F/portmacro.h **** {
 675              		.loc 2 191 30 view .LVU191
 676              	.LBB56:
 193:Middlewares/Third_Party/FreeRTOS/Source/portable/GCC/ARM_CM4F/portmacro.h **** 
 677              		.loc 2 193 1 view .LVU192
 678              		.loc 2 195 2 view .LVU193
 679              		.syntax unified
 680              	@ 195 "Middlewares/Third_Party/FreeRTOS/Source/portable/GCC/ARM_CM4F/portmacro.h" 1
 681 0020 4FF05003 			mov r3, #80												
 682 0024 83F31188 		msr basepri, r3											
 683 0028 BFF36F8F 		isb														
 684 002c BFF34F8F 		dsb														
 685              	
 686              	@ 0 "" 2
 687              		.thumb
 688              		.syntax unified
 689              	.L42:
 690              	.LBE56:
 691              	.LBE55:
 468:Middlewares/Third_Party/FreeRTOS/Source/event_groups.c **** 	configASSERT( ( uxBitsToClear & eventEVENT_BITS_CONTROL_BYTES ) == 0 );
 692              		.loc 1 468 2 view .LVU194
 693 0030 FEE7     		b	.L42
 694              	.L43:
 469:Middlewares/Third_Party/FreeRTOS/Source/event_groups.c **** 
 695              		.loc 1 469 72 view .LVU195
 471:Middlewares/Third_Party/FreeRTOS/Source/event_groups.c **** 	{
 696              		.loc 1 471 2 view .LVU196
 697 0032 FFF7FEFF 		bl	vPortEnterCritical
 698              	.LVL56:
 473:Middlewares/Third_Party/FreeRTOS/Source/event_groups.c **** 
 699              		.loc 1 473 60 view .LVU197
 477:Middlewares/Third_Party/FreeRTOS/Source/event_groups.c **** 
 700              		.loc 1 477 3 view .LVU198
 477:Middlewares/Third_Party/FreeRTOS/Source/event_groups.c **** 
 701              		.loc 1 477 12 is_stmt 0 view .LVU199
 702 0036 2346     		mov	r3, r4
 703 0038 2468     		ldr	r4, [r4]
 704              	.LVL57:
ARM GAS  D:\temp\TMP\ccbwIzgP.s 			page 32


 480:Middlewares/Third_Party/FreeRTOS/Source/event_groups.c **** 	}
 705              		.loc 1 480 3 is_stmt 1 view .LVU200
 480:Middlewares/Third_Party/FreeRTOS/Source/event_groups.c **** 	}
 706              		.loc 1 480 28 is_stmt 0 view .LVU201
 707 003a 24EA0501 		bic	r1, r4, r5
 708 003e 1960     		str	r1, [r3]
 482:Middlewares/Third_Party/FreeRTOS/Source/event_groups.c **** 
 709              		.loc 1 482 2 is_stmt 1 view .LVU202
 710 0040 FFF7FEFF 		bl	vPortExitCritical
 711              	.LVL58:
 484:Middlewares/Third_Party/FreeRTOS/Source/event_groups.c **** }
 712              		.loc 1 484 2 view .LVU203
 485:Middlewares/Third_Party/FreeRTOS/Source/event_groups.c **** /*-----------------------------------------------------------*/
 713              		.loc 1 485 1 is_stmt 0 view .LVU204
 714 0044 2046     		mov	r0, r4
 715 0046 38BD     		pop	{r3, r4, r5, pc}
 485:Middlewares/Third_Party/FreeRTOS/Source/event_groups.c **** /*-----------------------------------------------------------*/
 716              		.loc 1 485 1 view .LVU205
 717              		.cfi_endproc
 718              	.LFE9:
 720              		.section	.text.xEventGroupGetBitsFromISR,"ax",%progbits
 721              		.align	1
 722              		.global	xEventGroupGetBitsFromISR
 723              		.syntax unified
 724              		.thumb
 725              		.thumb_func
 727              	xEventGroupGetBitsFromISR:
 728              	.LVL59:
 729              	.LFB10:
 504:Middlewares/Third_Party/FreeRTOS/Source/event_groups.c **** UBaseType_t uxSavedInterruptStatus;
 730              		.loc 1 504 1 is_stmt 1 view -0
 731              		.cfi_startproc
 732              		@ args = 0, pretend = 0, frame = 0
 733              		@ frame_needed = 0, uses_anonymous_args = 0
 734              		@ link register save eliminated.
 505:Middlewares/Third_Party/FreeRTOS/Source/event_groups.c **** EventGroup_t const * const pxEventBits = xEventGroup;
 735              		.loc 1 505 1 view .LVU207
 506:Middlewares/Third_Party/FreeRTOS/Source/event_groups.c **** EventBits_t uxReturn;
 736              		.loc 1 506 1 view .LVU208
 507:Middlewares/Third_Party/FreeRTOS/Source/event_groups.c **** 
 737              		.loc 1 507 1 view .LVU209
 509:Middlewares/Third_Party/FreeRTOS/Source/event_groups.c **** 	{
 738              		.loc 1 509 2 view .LVU210
 739              	.LBB57:
 740              	.LBI57:
 196:Middlewares/Third_Party/FreeRTOS/Source/portable/GCC/ARM_CM4F/portmacro.h **** 	(
 197:Middlewares/Third_Party/FreeRTOS/Source/portable/GCC/ARM_CM4F/portmacro.h **** 		"	mov %0, %1												\n"	\
 198:Middlewares/Third_Party/FreeRTOS/Source/portable/GCC/ARM_CM4F/portmacro.h **** 		"	msr basepri, %0											\n" \
 199:Middlewares/Third_Party/FreeRTOS/Source/portable/GCC/ARM_CM4F/portmacro.h **** 		"	isb														\n" \
 200:Middlewares/Third_Party/FreeRTOS/Source/portable/GCC/ARM_CM4F/portmacro.h **** 		"	dsb														\n" \
 201:Middlewares/Third_Party/FreeRTOS/Source/portable/GCC/ARM_CM4F/portmacro.h **** 		:"=r" (ulNewBASEPRI) : "i" ( configMAX_SYSCALL_INTERRUPT_PRIORITY ) : "memory"
 202:Middlewares/Third_Party/FreeRTOS/Source/portable/GCC/ARM_CM4F/portmacro.h **** 	);
 203:Middlewares/Third_Party/FreeRTOS/Source/portable/GCC/ARM_CM4F/portmacro.h **** }
 204:Middlewares/Third_Party/FreeRTOS/Source/portable/GCC/ARM_CM4F/portmacro.h **** 
 205:Middlewares/Third_Party/FreeRTOS/Source/portable/GCC/ARM_CM4F/portmacro.h **** /*-----------------------------------------------------------*/
 206:Middlewares/Third_Party/FreeRTOS/Source/portable/GCC/ARM_CM4F/portmacro.h **** 
 207:Middlewares/Third_Party/FreeRTOS/Source/portable/GCC/ARM_CM4F/portmacro.h **** portFORCE_INLINE static uint32_t ulPortRaiseBASEPRI( void )
ARM GAS  D:\temp\TMP\ccbwIzgP.s 			page 33


 741              		.loc 2 207 34 view .LVU211
 742              	.LBB58:
 208:Middlewares/Third_Party/FreeRTOS/Source/portable/GCC/ARM_CM4F/portmacro.h **** {
 209:Middlewares/Third_Party/FreeRTOS/Source/portable/GCC/ARM_CM4F/portmacro.h **** uint32_t ulOriginalBASEPRI, ulNewBASEPRI;
 743              		.loc 2 209 1 view .LVU212
 210:Middlewares/Third_Party/FreeRTOS/Source/portable/GCC/ARM_CM4F/portmacro.h **** 
 211:Middlewares/Third_Party/FreeRTOS/Source/portable/GCC/ARM_CM4F/portmacro.h **** 	__asm volatile
 744              		.loc 2 211 2 view .LVU213
 745              		.syntax unified
 746              	@ 211 "Middlewares/Third_Party/FreeRTOS/Source/portable/GCC/ARM_CM4F/portmacro.h" 1
 747 0000 EFF31183 			mrs r3, basepri											
 748 0004 4FF05002 		mov r2, #80												
 749 0008 82F31188 		msr basepri, r2											
 750 000c BFF36F8F 		isb														
 751 0010 BFF34F8F 		dsb														
 752              	
 753              	@ 0 "" 2
 212:Middlewares/Third_Party/FreeRTOS/Source/portable/GCC/ARM_CM4F/portmacro.h **** 	(
 213:Middlewares/Third_Party/FreeRTOS/Source/portable/GCC/ARM_CM4F/portmacro.h **** 		"	mrs %0, basepri											\n" \
 214:Middlewares/Third_Party/FreeRTOS/Source/portable/GCC/ARM_CM4F/portmacro.h **** 		"	mov %1, %2												\n"	\
 215:Middlewares/Third_Party/FreeRTOS/Source/portable/GCC/ARM_CM4F/portmacro.h **** 		"	msr basepri, %1											\n" \
 216:Middlewares/Third_Party/FreeRTOS/Source/portable/GCC/ARM_CM4F/portmacro.h **** 		"	isb														\n" \
 217:Middlewares/Third_Party/FreeRTOS/Source/portable/GCC/ARM_CM4F/portmacro.h **** 		"	dsb														\n" \
 218:Middlewares/Third_Party/FreeRTOS/Source/portable/GCC/ARM_CM4F/portmacro.h **** 		:"=r" (ulOriginalBASEPRI), "=r" (ulNewBASEPRI) : "i" ( configMAX_SYSCALL_INTERRUPT_PRIORITY ) : "
 219:Middlewares/Third_Party/FreeRTOS/Source/portable/GCC/ARM_CM4F/portmacro.h **** 	);
 220:Middlewares/Third_Party/FreeRTOS/Source/portable/GCC/ARM_CM4F/portmacro.h **** 
 221:Middlewares/Third_Party/FreeRTOS/Source/portable/GCC/ARM_CM4F/portmacro.h **** 	/* This return will not be reached but is necessary to prevent compiler
 222:Middlewares/Third_Party/FreeRTOS/Source/portable/GCC/ARM_CM4F/portmacro.h **** 	warnings. */
 223:Middlewares/Third_Party/FreeRTOS/Source/portable/GCC/ARM_CM4F/portmacro.h **** 	return ulOriginalBASEPRI;
 754              		.loc 2 223 2 view .LVU214
 755              	.LVL60:
 756              		.loc 2 223 2 is_stmt 0 view .LVU215
 757              		.thumb
 758              		.syntax unified
 759              	.LBE58:
 760              	.LBE57:
 511:Middlewares/Third_Party/FreeRTOS/Source/event_groups.c **** 	}
 761              		.loc 1 511 3 is_stmt 1 view .LVU216
 511:Middlewares/Third_Party/FreeRTOS/Source/event_groups.c **** 	}
 762              		.loc 1 511 12 is_stmt 0 view .LVU217
 763 0014 0068     		ldr	r0, [r0]
 764              	.LVL61:
 513:Middlewares/Third_Party/FreeRTOS/Source/event_groups.c **** 
 765              		.loc 1 513 2 is_stmt 1 view .LVU218
 766              	.LBB59:
 767              	.LBI59:
 224:Middlewares/Third_Party/FreeRTOS/Source/portable/GCC/ARM_CM4F/portmacro.h **** }
 225:Middlewares/Third_Party/FreeRTOS/Source/portable/GCC/ARM_CM4F/portmacro.h **** /*-----------------------------------------------------------*/
 226:Middlewares/Third_Party/FreeRTOS/Source/portable/GCC/ARM_CM4F/portmacro.h **** 
 227:Middlewares/Third_Party/FreeRTOS/Source/portable/GCC/ARM_CM4F/portmacro.h **** portFORCE_INLINE static void vPortSetBASEPRI( uint32_t ulNewMaskValue )
 768              		.loc 2 227 30 view .LVU219
 769              	.LBB60:
 228:Middlewares/Third_Party/FreeRTOS/Source/portable/GCC/ARM_CM4F/portmacro.h **** {
 229:Middlewares/Third_Party/FreeRTOS/Source/portable/GCC/ARM_CM4F/portmacro.h **** 	__asm volatile
 770              		.loc 2 229 2 view .LVU220
 771              		.syntax unified
 772              	@ 229 "Middlewares/Third_Party/FreeRTOS/Source/portable/GCC/ARM_CM4F/portmacro.h" 1
ARM GAS  D:\temp\TMP\ccbwIzgP.s 			page 34


 773 0016 83F31188 			msr basepri, r3	
 774              	@ 0 "" 2
 775              	.LVL62:
 776              		.loc 2 229 2 is_stmt 0 view .LVU221
 777              		.thumb
 778              		.syntax unified
 779              	.LBE60:
 780              	.LBE59:
 515:Middlewares/Third_Party/FreeRTOS/Source/event_groups.c **** } /*lint !e818 EventGroupHandle_t is a typedef used in other functions to so can't be pointer to co
 781              		.loc 1 515 2 is_stmt 1 view .LVU222
 516:Middlewares/Third_Party/FreeRTOS/Source/event_groups.c **** /*-----------------------------------------------------------*/
 782              		.loc 1 516 1 is_stmt 0 view .LVU223
 783 001a 7047     		bx	lr
 784              		.cfi_endproc
 785              	.LFE10:
 787              		.section	.text.xEventGroupSetBits,"ax",%progbits
 788              		.align	1
 789              		.global	xEventGroupSetBits
 790              		.syntax unified
 791              		.thumb
 792              		.thumb_func
 794              	xEventGroupSetBits:
 795              	.LVL63:
 796              	.LFB11:
 520:Middlewares/Third_Party/FreeRTOS/Source/event_groups.c **** ListItem_t *pxListItem, *pxNext;
 797              		.loc 1 520 1 is_stmt 1 view -0
 798              		.cfi_startproc
 799              		@ args = 0, pretend = 0, frame = 0
 800              		@ frame_needed = 0, uses_anonymous_args = 0
 520:Middlewares/Third_Party/FreeRTOS/Source/event_groups.c **** ListItem_t *pxListItem, *pxNext;
 801              		.loc 1 520 1 is_stmt 0 view .LVU225
 802 0000 F8B5     		push	{r3, r4, r5, r6, r7, lr}
 803              	.LCFI10:
 804              		.cfi_def_cfa_offset 24
 805              		.cfi_offset 3, -24
 806              		.cfi_offset 4, -20
 807              		.cfi_offset 5, -16
 808              		.cfi_offset 6, -12
 809              		.cfi_offset 7, -8
 810              		.cfi_offset 14, -4
 521:Middlewares/Third_Party/FreeRTOS/Source/event_groups.c **** ListItem_t const *pxListEnd;
 811              		.loc 1 521 1 is_stmt 1 view .LVU226
 522:Middlewares/Third_Party/FreeRTOS/Source/event_groups.c **** List_t const * pxList;
 812              		.loc 1 522 1 view .LVU227
 523:Middlewares/Third_Party/FreeRTOS/Source/event_groups.c **** EventBits_t uxBitsToClear = 0, uxBitsWaitedFor, uxControlBits;
 813              		.loc 1 523 1 view .LVU228
 524:Middlewares/Third_Party/FreeRTOS/Source/event_groups.c **** EventGroup_t *pxEventBits = xEventGroup;
 814              		.loc 1 524 1 view .LVU229
 815              	.LVL64:
 525:Middlewares/Third_Party/FreeRTOS/Source/event_groups.c **** BaseType_t xMatchFound = pdFALSE;
 816              		.loc 1 525 1 view .LVU230
 526:Middlewares/Third_Party/FreeRTOS/Source/event_groups.c **** 
 817              		.loc 1 526 1 view .LVU231
 530:Middlewares/Third_Party/FreeRTOS/Source/event_groups.c **** 	configASSERT( ( uxBitsToSet & eventEVENT_BITS_CONTROL_BYTES ) == 0 );
 818              		.loc 1 530 2 view .LVU232
 819 0002 68B1     		cbz	r0, .L60
 820 0004 0D46     		mov	r5, r1
ARM GAS  D:\temp\TMP\ccbwIzgP.s 			page 35


 821 0006 0446     		mov	r4, r0
 530:Middlewares/Third_Party/FreeRTOS/Source/event_groups.c **** 	configASSERT( ( uxBitsToSet & eventEVENT_BITS_CONTROL_BYTES ) == 0 );
 822              		.loc 1 530 29 view .LVU233
 531:Middlewares/Third_Party/FreeRTOS/Source/event_groups.c **** 
 823              		.loc 1 531 2 view .LVU234
 824 0008 B1F1807F 		cmp	r1, #16777216
 825 000c 11D3     		bcc	.L51
 531:Middlewares/Third_Party/FreeRTOS/Source/event_groups.c **** 
 826              		.loc 1 531 2 discriminator 1 view .LVU235
 827              	.LBB61:
 828              	.LBI61:
 191:Middlewares/Third_Party/FreeRTOS/Source/portable/GCC/ARM_CM4F/portmacro.h **** {
 829              		.loc 2 191 30 view .LVU236
 830              	.LBB62:
 193:Middlewares/Third_Party/FreeRTOS/Source/portable/GCC/ARM_CM4F/portmacro.h **** 
 831              		.loc 2 193 1 view .LVU237
 195:Middlewares/Third_Party/FreeRTOS/Source/portable/GCC/ARM_CM4F/portmacro.h **** 	(
 832              		.loc 2 195 2 view .LVU238
 833              		.syntax unified
 834              	@ 195 "Middlewares/Third_Party/FreeRTOS/Source/portable/GCC/ARM_CM4F/portmacro.h" 1
 835 000e 4FF05003 			mov r3, #80												
 836 0012 83F31188 		msr basepri, r3											
 837 0016 BFF36F8F 		isb														
 838 001a BFF34F8F 		dsb														
 839              	
 840              	@ 0 "" 2
 841              		.thumb
 842              		.syntax unified
 843              	.L52:
 844              	.LBE62:
 845              	.LBE61:
 531:Middlewares/Third_Party/FreeRTOS/Source/event_groups.c **** 
 846              		.loc 1 531 2 view .LVU239
 847 001e FEE7     		b	.L52
 848              	.L60:
 530:Middlewares/Third_Party/FreeRTOS/Source/event_groups.c **** 	configASSERT( ( uxBitsToSet & eventEVENT_BITS_CONTROL_BYTES ) == 0 );
 849              		.loc 1 530 2 discriminator 1 view .LVU240
 850              	.LBB63:
 851              	.LBI63:
 191:Middlewares/Third_Party/FreeRTOS/Source/portable/GCC/ARM_CM4F/portmacro.h **** {
 852              		.loc 2 191 30 view .LVU241
 853              	.LBB64:
 193:Middlewares/Third_Party/FreeRTOS/Source/portable/GCC/ARM_CM4F/portmacro.h **** 
 854              		.loc 2 193 1 view .LVU242
 195:Middlewares/Third_Party/FreeRTOS/Source/portable/GCC/ARM_CM4F/portmacro.h **** 	(
 855              		.loc 2 195 2 view .LVU243
 856              		.syntax unified
 857              	@ 195 "Middlewares/Third_Party/FreeRTOS/Source/portable/GCC/ARM_CM4F/portmacro.h" 1
 858 0020 4FF05003 			mov r3, #80												
 859 0024 83F31188 		msr basepri, r3											
 860 0028 BFF36F8F 		isb														
 861 002c BFF34F8F 		dsb														
 862              	
 863              	@ 0 "" 2
 864              		.thumb
 865              		.syntax unified
 866              	.L50:
ARM GAS  D:\temp\TMP\ccbwIzgP.s 			page 36


 867              	.LBE64:
 868              	.LBE63:
 530:Middlewares/Third_Party/FreeRTOS/Source/event_groups.c **** 	configASSERT( ( uxBitsToSet & eventEVENT_BITS_CONTROL_BYTES ) == 0 );
 869              		.loc 1 530 2 view .LVU244
 870 0030 FEE7     		b	.L50
 871              	.L51:
 531:Middlewares/Third_Party/FreeRTOS/Source/event_groups.c **** 
 872              		.loc 1 531 70 view .LVU245
 533:Middlewares/Third_Party/FreeRTOS/Source/event_groups.c **** 	pxListEnd = listGET_END_MARKER( pxList ); /*lint !e826 !e740 !e9087 The mini list structure is use
 873              		.loc 1 533 2 view .LVU246
 874              	.LVL65:
 534:Middlewares/Third_Party/FreeRTOS/Source/event_groups.c **** 	vTaskSuspendAll();
 875              		.loc 1 534 2 view .LVU247
 534:Middlewares/Third_Party/FreeRTOS/Source/event_groups.c **** 	vTaskSuspendAll();
 876              		.loc 1 534 12 is_stmt 0 view .LVU248
 877 0032 00F10C06 		add	r6, r0, #12
 878              	.LVL66:
 535:Middlewares/Third_Party/FreeRTOS/Source/event_groups.c **** 	{
 879              		.loc 1 535 2 is_stmt 1 view .LVU249
 880 0036 FFF7FEFF 		bl	vTaskSuspendAll
 881              	.LVL67:
 537:Middlewares/Third_Party/FreeRTOS/Source/event_groups.c **** 
 882              		.loc 1 537 56 view .LVU250
 539:Middlewares/Third_Party/FreeRTOS/Source/event_groups.c **** 
 883              		.loc 1 539 3 view .LVU251
 539:Middlewares/Third_Party/FreeRTOS/Source/event_groups.c **** 
 884              		.loc 1 539 14 is_stmt 0 view .LVU252
 885 003a 2069     		ldr	r0, [r4, #16]
 886              	.LVL68:
 542:Middlewares/Third_Party/FreeRTOS/Source/event_groups.c **** 
 887              		.loc 1 542 3 is_stmt 1 view .LVU253
 542:Middlewares/Third_Party/FreeRTOS/Source/event_groups.c **** 
 888              		.loc 1 542 14 is_stmt 0 view .LVU254
 889 003c 2368     		ldr	r3, [r4]
 542:Middlewares/Third_Party/FreeRTOS/Source/event_groups.c **** 
 890              		.loc 1 542 28 view .LVU255
 891 003e 2B43     		orrs	r3, r3, r5
 892 0040 2360     		str	r3, [r4]
 545:Middlewares/Third_Party/FreeRTOS/Source/event_groups.c **** 		{
 893              		.loc 1 545 3 is_stmt 1 view .LVU256
 524:Middlewares/Third_Party/FreeRTOS/Source/event_groups.c **** EventGroup_t *pxEventBits = xEventGroup;
 894              		.loc 1 524 13 is_stmt 0 view .LVU257
 895 0042 0023     		movs	r3, #0
 896 0044 1F46     		mov	r7, r3
 545:Middlewares/Third_Party/FreeRTOS/Source/event_groups.c **** 		{
 897              		.loc 1 545 8 view .LVU258
 898 0046 0AE0     		b	.L53
 899              	.LVL69:
 900              	.L54:
 567:Middlewares/Third_Party/FreeRTOS/Source/event_groups.c **** 			{
 901              		.loc 1 567 9 is_stmt 1 view .LVU259
 567:Middlewares/Third_Party/FreeRTOS/Source/event_groups.c **** 			{
 902              		.loc 1 567 44 is_stmt 0 view .LVU260
 903 0048 2168     		ldr	r1, [r4]
 567:Middlewares/Third_Party/FreeRTOS/Source/event_groups.c **** 			{
 904              		.loc 1 567 11 view .LVU261
 905 004a 32EA0101 		bics	r1, r2, r1
ARM GAS  D:\temp\TMP\ccbwIzgP.s 			page 37


 906 004e 05D1     		bne	.L56
 567:Middlewares/Third_Party/FreeRTOS/Source/event_groups.c **** 			{
 907              		.loc 1 567 11 view .LVU262
 908 0050 11E0     		b	.L55
 909              	.LVL70:
 910              	.L57:
 586:Middlewares/Third_Party/FreeRTOS/Source/event_groups.c **** 				}
 911              		.loc 1 586 30 is_stmt 1 view .LVU263
 594:Middlewares/Third_Party/FreeRTOS/Source/event_groups.c **** 			}
 912              		.loc 1 594 5 view .LVU264
 594:Middlewares/Third_Party/FreeRTOS/Source/event_groups.c **** 			}
 913              		.loc 1 594 63 is_stmt 0 view .LVU265
 914 0052 2168     		ldr	r1, [r4]
 594:Middlewares/Third_Party/FreeRTOS/Source/event_groups.c **** 			}
 915              		.loc 1 594 5 view .LVU266
 916 0054 41F00071 		orr	r1, r1, #33554432
 917 0058 FFF7FEFF 		bl	vTaskRemoveFromUnorderedEventList
 918              	.LVL71:
 919              	.L56:
 520:Middlewares/Third_Party/FreeRTOS/Source/event_groups.c **** ListItem_t *pxListItem, *pxNext;
 920              		.loc 1 520 1 view .LVU267
 921 005c 2846     		mov	r0, r5
 922              	.LVL72:
 923              	.L53:
 545:Middlewares/Third_Party/FreeRTOS/Source/event_groups.c **** 		{
 924              		.loc 1 545 21 is_stmt 1 view .LVU268
 925 005e B042     		cmp	r0, r6
 926 0060 10D0     		beq	.L61
 547:Middlewares/Third_Party/FreeRTOS/Source/event_groups.c **** 			uxBitsWaitedFor = listGET_LIST_ITEM_VALUE( pxListItem );
 927              		.loc 1 547 4 view .LVU269
 547:Middlewares/Third_Party/FreeRTOS/Source/event_groups.c **** 			uxBitsWaitedFor = listGET_LIST_ITEM_VALUE( pxListItem );
 928              		.loc 1 547 11 is_stmt 0 view .LVU270
 929 0062 4568     		ldr	r5, [r0, #4]
 930              	.LVL73:
 548:Middlewares/Third_Party/FreeRTOS/Source/event_groups.c **** 			xMatchFound = pdFALSE;
 931              		.loc 1 548 4 is_stmt 1 view .LVU271
 548:Middlewares/Third_Party/FreeRTOS/Source/event_groups.c **** 			xMatchFound = pdFALSE;
 932              		.loc 1 548 20 is_stmt 0 view .LVU272
 933 0064 0368     		ldr	r3, [r0]
 934              	.LVL74:
 549:Middlewares/Third_Party/FreeRTOS/Source/event_groups.c **** 
 935              		.loc 1 549 4 is_stmt 1 view .LVU273
 552:Middlewares/Third_Party/FreeRTOS/Source/event_groups.c **** 			uxBitsWaitedFor &= ~eventEVENT_BITS_CONTROL_BYTES;
 936              		.loc 1 552 4 view .LVU274
 553:Middlewares/Third_Party/FreeRTOS/Source/event_groups.c **** 
 937              		.loc 1 553 4 view .LVU275
 553:Middlewares/Third_Party/FreeRTOS/Source/event_groups.c **** 
 938              		.loc 1 553 20 is_stmt 0 view .LVU276
 939 0066 23F07F42 		bic	r2, r3, #-16777216
 940              	.LVL75:
 555:Middlewares/Third_Party/FreeRTOS/Source/event_groups.c **** 			{
 941              		.loc 1 555 4 is_stmt 1 view .LVU277
 555:Middlewares/Third_Party/FreeRTOS/Source/event_groups.c **** 			{
 942              		.loc 1 555 6 is_stmt 0 view .LVU278
 943 006a 13F0806F 		tst	r3, #67108864
 944 006e EBD1     		bne	.L54
 558:Middlewares/Third_Party/FreeRTOS/Source/event_groups.c **** 				{
ARM GAS  D:\temp\TMP\ccbwIzgP.s 			page 38


 945              		.loc 1 558 5 is_stmt 1 view .LVU279
 558:Middlewares/Third_Party/FreeRTOS/Source/event_groups.c **** 				{
 946              		.loc 1 558 40 is_stmt 0 view .LVU280
 947 0070 2168     		ldr	r1, [r4]
 558:Middlewares/Third_Party/FreeRTOS/Source/event_groups.c **** 				{
 948              		.loc 1 558 7 view .LVU281
 949 0072 1142     		tst	r1, r2
 950 0074 F2D0     		beq	.L56
 951              	.L55:
 952              	.LVL76:
 580:Middlewares/Third_Party/FreeRTOS/Source/event_groups.c **** 				{
 953              		.loc 1 580 5 is_stmt 1 view .LVU282
 580:Middlewares/Third_Party/FreeRTOS/Source/event_groups.c **** 				{
 954              		.loc 1 580 7 is_stmt 0 view .LVU283
 955 0076 13F0807F 		tst	r3, #16777216
 956 007a EAD0     		beq	.L57
 582:Middlewares/Third_Party/FreeRTOS/Source/event_groups.c **** 				}
 957              		.loc 1 582 6 is_stmt 1 view .LVU284
 582:Middlewares/Third_Party/FreeRTOS/Source/event_groups.c **** 				}
 958              		.loc 1 582 20 is_stmt 0 view .LVU285
 959 007c 3B46     		mov	r3, r7
 960              	.LVL77:
 582:Middlewares/Third_Party/FreeRTOS/Source/event_groups.c **** 				}
 961              		.loc 1 582 20 view .LVU286
 962 007e 1343     		orrs	r3, r3, r2
 963 0080 1F46     		mov	r7, r3
 964              	.LVL78:
 582:Middlewares/Third_Party/FreeRTOS/Source/event_groups.c **** 				}
 965              		.loc 1 582 20 view .LVU287
 966 0082 E6E7     		b	.L57
 967              	.LVL79:
 968              	.L61:
 605:Middlewares/Third_Party/FreeRTOS/Source/event_groups.c **** 	}
 969              		.loc 1 605 3 is_stmt 1 view .LVU288
 605:Middlewares/Third_Party/FreeRTOS/Source/event_groups.c **** 	}
 970              		.loc 1 605 14 is_stmt 0 view .LVU289
 971 0084 2368     		ldr	r3, [r4]
 605:Middlewares/Third_Party/FreeRTOS/Source/event_groups.c **** 	}
 972              		.loc 1 605 28 view .LVU290
 973 0086 23EA0703 		bic	r3, r3, r7
 974 008a 2360     		str	r3, [r4]
 607:Middlewares/Third_Party/FreeRTOS/Source/event_groups.c **** 
 975              		.loc 1 607 2 is_stmt 1 view .LVU291
 607:Middlewares/Third_Party/FreeRTOS/Source/event_groups.c **** 
 976              		.loc 1 607 11 is_stmt 0 view .LVU292
 977 008c FFF7FEFF 		bl	xTaskResumeAll
 978              	.LVL80:
 609:Middlewares/Third_Party/FreeRTOS/Source/event_groups.c **** }
 979              		.loc 1 609 2 is_stmt 1 view .LVU293
 610:Middlewares/Third_Party/FreeRTOS/Source/event_groups.c **** /*-----------------------------------------------------------*/
 980              		.loc 1 610 1 is_stmt 0 view .LVU294
 981 0090 2068     		ldr	r0, [r4]
 982 0092 F8BD     		pop	{r3, r4, r5, r6, r7, pc}
 610:Middlewares/Third_Party/FreeRTOS/Source/event_groups.c **** /*-----------------------------------------------------------*/
 983              		.loc 1 610 1 view .LVU295
 984              		.cfi_endproc
 985              	.LFE11:
ARM GAS  D:\temp\TMP\ccbwIzgP.s 			page 39


 987              		.section	.text.xEventGroupSync,"ax",%progbits
 988              		.align	1
 989              		.global	xEventGroupSync
 990              		.syntax unified
 991              		.thumb
 992              		.thumb_func
 994              	xEventGroupSync:
 995              	.LVL81:
 996              	.LFB7:
 192:Middlewares/Third_Party/FreeRTOS/Source/event_groups.c **** EventBits_t uxOriginalBitValue, uxReturn;
 997              		.loc 1 192 1 is_stmt 1 view -0
 998              		.cfi_startproc
 999              		@ args = 0, pretend = 0, frame = 0
 1000              		@ frame_needed = 0, uses_anonymous_args = 0
 193:Middlewares/Third_Party/FreeRTOS/Source/event_groups.c **** EventGroup_t *pxEventBits = xEventGroup;
 1001              		.loc 1 193 1 view .LVU297
 194:Middlewares/Third_Party/FreeRTOS/Source/event_groups.c **** BaseType_t xAlreadyYielded;
 1002              		.loc 1 194 1 view .LVU298
 195:Middlewares/Third_Party/FreeRTOS/Source/event_groups.c **** BaseType_t xTimeoutOccurred = pdFALSE;
 1003              		.loc 1 195 1 view .LVU299
 196:Middlewares/Third_Party/FreeRTOS/Source/event_groups.c **** 
 1004              		.loc 1 196 1 view .LVU300
 198:Middlewares/Third_Party/FreeRTOS/Source/event_groups.c **** 	configASSERT( uxBitsToWaitFor != 0 );
 1005              		.loc 1 198 2 view .LVU301
 1006 0000 B2F1807F 		cmp	r2, #16777216
 1007 0004 08D3     		bcc	.L63
 198:Middlewares/Third_Party/FreeRTOS/Source/event_groups.c **** 	configASSERT( uxBitsToWaitFor != 0 );
 1008              		.loc 1 198 2 discriminator 1 view .LVU302
 1009              	.LBB65:
 1010              	.LBI65:
 191:Middlewares/Third_Party/FreeRTOS/Source/portable/GCC/ARM_CM4F/portmacro.h **** {
 1011              		.loc 2 191 30 view .LVU303
 1012              	.LBB66:
 193:Middlewares/Third_Party/FreeRTOS/Source/portable/GCC/ARM_CM4F/portmacro.h **** 
 1013              		.loc 2 193 1 view .LVU304
 195:Middlewares/Third_Party/FreeRTOS/Source/portable/GCC/ARM_CM4F/portmacro.h **** 	(
 1014              		.loc 2 195 2 view .LVU305
 1015              		.syntax unified
 1016              	@ 195 "Middlewares/Third_Party/FreeRTOS/Source/portable/GCC/ARM_CM4F/portmacro.h" 1
 1017 0006 4FF05003 			mov r3, #80												
 1018 000a 83F31188 		msr basepri, r3											
 1019 000e BFF36F8F 		isb														
 1020 0012 BFF34F8F 		dsb														
 1021              	
 1022              	@ 0 "" 2
 1023              	.LVL82:
 1024              		.thumb
 1025              		.syntax unified
 1026              	.L64:
 195:Middlewares/Third_Party/FreeRTOS/Source/portable/GCC/ARM_CM4F/portmacro.h **** 	(
 1027              		.loc 2 195 2 is_stmt 0 view .LVU306
 1028              	.LBE66:
 1029              	.LBE65:
 198:Middlewares/Third_Party/FreeRTOS/Source/event_groups.c **** 	configASSERT( uxBitsToWaitFor != 0 );
 1030              		.loc 1 198 2 is_stmt 1 view .LVU307
 1031 0016 FEE7     		b	.L64
 1032              	.LVL83:
ARM GAS  D:\temp\TMP\ccbwIzgP.s 			page 40


 1033              	.L63:
 192:Middlewares/Third_Party/FreeRTOS/Source/event_groups.c **** EventBits_t uxOriginalBitValue, uxReturn;
 1034              		.loc 1 192 1 is_stmt 0 view .LVU308
 1035 0018 2DE9F041 		push	{r4, r5, r6, r7, r8, lr}
 1036              	.LCFI11:
 1037              		.cfi_def_cfa_offset 24
 1038              		.cfi_offset 4, -24
 1039              		.cfi_offset 5, -20
 1040              		.cfi_offset 6, -16
 1041              		.cfi_offset 7, -12
 1042              		.cfi_offset 8, -8
 1043              		.cfi_offset 14, -4
 1044 001c 0746     		mov	r7, r0
 1045 001e 0E46     		mov	r6, r1
 1046 0020 1446     		mov	r4, r2
 1047 0022 9846     		mov	r8, r3
 198:Middlewares/Third_Party/FreeRTOS/Source/event_groups.c **** 	configASSERT( uxBitsToWaitFor != 0 );
 1048              		.loc 1 198 74 is_stmt 1 view .LVU309
 199:Middlewares/Third_Party/FreeRTOS/Source/event_groups.c **** 	#if ( ( INCLUDE_xTaskGetSchedulerState == 1 ) || ( configUSE_TIMERS == 1 ) )
 1049              		.loc 1 199 2 view .LVU310
 1050 0024 42B9     		cbnz	r2, .L65
 199:Middlewares/Third_Party/FreeRTOS/Source/event_groups.c **** 	#if ( ( INCLUDE_xTaskGetSchedulerState == 1 ) || ( configUSE_TIMERS == 1 ) )
 1051              		.loc 1 199 2 discriminator 1 view .LVU311
 1052              	.LBB67:
 1053              	.LBI67:
 191:Middlewares/Third_Party/FreeRTOS/Source/portable/GCC/ARM_CM4F/portmacro.h **** {
 1054              		.loc 2 191 30 view .LVU312
 1055              	.LBB68:
 193:Middlewares/Third_Party/FreeRTOS/Source/portable/GCC/ARM_CM4F/portmacro.h **** 
 1056              		.loc 2 193 1 view .LVU313
 195:Middlewares/Third_Party/FreeRTOS/Source/portable/GCC/ARM_CM4F/portmacro.h **** 	(
 1057              		.loc 2 195 2 view .LVU314
 1058              		.syntax unified
 1059              	@ 195 "Middlewares/Third_Party/FreeRTOS/Source/portable/GCC/ARM_CM4F/portmacro.h" 1
 1060 0026 4FF05003 			mov r3, #80												
 1061 002a 83F31188 		msr basepri, r3											
 1062 002e BFF36F8F 		isb														
 1063 0032 BFF34F8F 		dsb														
 1064              	
 1065              	@ 0 "" 2
 1066              	.LVL84:
 1067              		.thumb
 1068              		.syntax unified
 1069              	.L66:
 195:Middlewares/Third_Party/FreeRTOS/Source/portable/GCC/ARM_CM4F/portmacro.h **** 	(
 1070              		.loc 2 195 2 is_stmt 0 view .LVU315
 1071              	.LBE68:
 1072              	.LBE67:
 199:Middlewares/Third_Party/FreeRTOS/Source/event_groups.c **** 	#if ( ( INCLUDE_xTaskGetSchedulerState == 1 ) || ( configUSE_TIMERS == 1 ) )
 1073              		.loc 1 199 2 is_stmt 1 view .LVU316
 1074 0036 FEE7     		b	.L66
 1075              	.LVL85:
 1076              	.L65:
 199:Middlewares/Third_Party/FreeRTOS/Source/event_groups.c **** 	#if ( ( INCLUDE_xTaskGetSchedulerState == 1 ) || ( configUSE_TIMERS == 1 ) )
 1077              		.loc 1 199 38 view .LVU317
 202:Middlewares/Third_Party/FreeRTOS/Source/event_groups.c **** 	}
 1078              		.loc 1 202 3 view .LVU318
ARM GAS  D:\temp\TMP\ccbwIzgP.s 			page 41


 1079 0038 FFF7FEFF 		bl	xTaskGetSchedulerState
 1080              	.LVL86:
 202:Middlewares/Third_Party/FreeRTOS/Source/event_groups.c **** 	}
 1081              		.loc 1 202 3 is_stmt 0 discriminator 1 view .LVU319
 1082 003c 50B9     		cbnz	r0, .L67
 202:Middlewares/Third_Party/FreeRTOS/Source/event_groups.c **** 	}
 1083              		.loc 1 202 3 discriminator 3 view .LVU320
 1084 003e 4346     		mov	r3, r8
 1085 0040 43B1     		cbz	r3, .L67
 1086              	.LVL87:
 202:Middlewares/Third_Party/FreeRTOS/Source/event_groups.c **** 	}
 1087              		.loc 1 202 3 is_stmt 1 discriminator 8 view .LVU321
 1088              	.LBB69:
 1089              	.LBI69:
 191:Middlewares/Third_Party/FreeRTOS/Source/portable/GCC/ARM_CM4F/portmacro.h **** {
 1090              		.loc 2 191 30 view .LVU322
 1091              	.LBB70:
 193:Middlewares/Third_Party/FreeRTOS/Source/portable/GCC/ARM_CM4F/portmacro.h **** 
 1092              		.loc 2 193 1 view .LVU323
 195:Middlewares/Third_Party/FreeRTOS/Source/portable/GCC/ARM_CM4F/portmacro.h **** 	(
 1093              		.loc 2 195 2 view .LVU324
 1094              		.syntax unified
 1095              	@ 195 "Middlewares/Third_Party/FreeRTOS/Source/portable/GCC/ARM_CM4F/portmacro.h" 1
 1096 0042 4FF05003 			mov r3, #80												
 1097 0046 83F31188 		msr basepri, r3											
 1098 004a BFF36F8F 		isb														
 1099 004e BFF34F8F 		dsb														
 1100              	
 1101              	@ 0 "" 2
 1102              	.LVL88:
 1103              		.thumb
 1104              		.syntax unified
 1105              	.L68:
 195:Middlewares/Third_Party/FreeRTOS/Source/portable/GCC/ARM_CM4F/portmacro.h **** 	(
 1106              		.loc 2 195 2 is_stmt 0 view .LVU325
 1107              	.LBE70:
 1108              	.LBE69:
 202:Middlewares/Third_Party/FreeRTOS/Source/event_groups.c **** 	}
 1109              		.loc 1 202 3 is_stmt 1 view .LVU326
 1110 0052 FEE7     		b	.L68
 1111              	.L67:
 202:Middlewares/Third_Party/FreeRTOS/Source/event_groups.c **** 	}
 1112              		.loc 1 202 104 view .LVU327
 206:Middlewares/Third_Party/FreeRTOS/Source/event_groups.c **** 	{
 1113              		.loc 1 206 2 view .LVU328
 1114 0054 FFF7FEFF 		bl	vTaskSuspendAll
 1115              	.LVL89:
 208:Middlewares/Third_Party/FreeRTOS/Source/event_groups.c **** 
 1116              		.loc 1 208 3 view .LVU329
 208:Middlewares/Third_Party/FreeRTOS/Source/event_groups.c **** 
 1117              		.loc 1 208 22 is_stmt 0 view .LVU330
 1118 0058 3846     		mov	r0, r7
 1119 005a 3D68     		ldr	r5, [r7]
 1120              	.LVL90:
 210:Middlewares/Third_Party/FreeRTOS/Source/event_groups.c **** 
 1121              		.loc 1 210 3 is_stmt 1 view .LVU331
 210:Middlewares/Third_Party/FreeRTOS/Source/event_groups.c **** 
ARM GAS  D:\temp\TMP\ccbwIzgP.s 			page 42


 1122              		.loc 1 210 12 is_stmt 0 view .LVU332
 1123 005c 3146     		mov	r1, r6
 1124 005e FFF7FEFF 		bl	xEventGroupSetBits
 1125              	.LVL91:
 212:Middlewares/Third_Party/FreeRTOS/Source/event_groups.c **** 		{
 1126              		.loc 1 212 3 is_stmt 1 view .LVU333
 212:Middlewares/Third_Party/FreeRTOS/Source/event_groups.c **** 		{
 1127              		.loc 1 212 30 is_stmt 0 view .LVU334
 1128 0062 3346     		mov	r3, r6
 1129 0064 2B43     		orrs	r3, r3, r5
 1130 0066 1D46     		mov	r5, r3
 1131              	.LVL92:
 212:Middlewares/Third_Party/FreeRTOS/Source/event_groups.c **** 		{
 1132              		.loc 1 212 5 view .LVU335
 1133 0068 34EA0303 		bics	r3, r4, r3
 1134 006c 1ED0     		beq	.L78
 225:Middlewares/Third_Party/FreeRTOS/Source/event_groups.c **** 			{
 1135              		.loc 1 225 4 is_stmt 1 view .LVU336
 225:Middlewares/Third_Party/FreeRTOS/Source/event_groups.c **** 			{
 1136              		.loc 1 225 6 is_stmt 0 view .LVU337
 1137 006e 4346     		mov	r3, r8
 1138 0070 1BBB     		cbnz	r3, .L79
 1139              	.LVL93:
 244:Middlewares/Third_Party/FreeRTOS/Source/event_groups.c **** 				xTimeoutOccurred = pdTRUE;
 1140              		.loc 1 244 5 is_stmt 1 view .LVU338
 244:Middlewares/Third_Party/FreeRTOS/Source/event_groups.c **** 				xTimeoutOccurred = pdTRUE;
 1141              		.loc 1 244 14 is_stmt 0 view .LVU339
 1142 0072 3B68     		ldr	r3, [r7]
 1143              	.LVL94:
 244:Middlewares/Third_Party/FreeRTOS/Source/event_groups.c **** 				xTimeoutOccurred = pdTRUE;
 1144              		.loc 1 244 14 view .LVU340
 1145 0074 1D46     		mov	r5, r3
 1146              	.LVL95:
 245:Middlewares/Third_Party/FreeRTOS/Source/event_groups.c **** 			}
 1147              		.loc 1 245 5 is_stmt 1 view .LVU341
 1148              	.L70:
 249:Middlewares/Third_Party/FreeRTOS/Source/event_groups.c **** 
 1149              		.loc 1 249 2 view .LVU342
 249:Middlewares/Third_Party/FreeRTOS/Source/event_groups.c **** 
 1150              		.loc 1 249 20 is_stmt 0 view .LVU343
 1151 0076 FFF7FEFF 		bl	xTaskResumeAll
 1152              	.LVL96:
 251:Middlewares/Third_Party/FreeRTOS/Source/event_groups.c **** 	{
 1153              		.loc 1 251 2 is_stmt 1 view .LVU344
 251:Middlewares/Third_Party/FreeRTOS/Source/event_groups.c **** 	{
 1154              		.loc 1 251 4 is_stmt 0 view .LVU345
 1155 007a 4346     		mov	r3, r8
 1156 007c 9BB1     		cbz	r3, .L62
 253:Middlewares/Third_Party/FreeRTOS/Source/event_groups.c **** 		{
 1157              		.loc 1 253 3 is_stmt 1 view .LVU346
 253:Middlewares/Third_Party/FreeRTOS/Source/event_groups.c **** 		{
 1158              		.loc 1 253 5 is_stmt 0 view .LVU347
 1159 007e 48B9     		cbnz	r0, .L73
 255:Middlewares/Third_Party/FreeRTOS/Source/event_groups.c **** 		}
 1160              		.loc 1 255 4 is_stmt 1 view .LVU348
 1161 0080 4FF0E023 		mov	r3, #-536813568
 1162 0084 4FF08052 		mov	r2, #268435456
ARM GAS  D:\temp\TMP\ccbwIzgP.s 			page 43


 1163 0088 C3F8042D 		str	r2, [r3, #3332]
 255:Middlewares/Third_Party/FreeRTOS/Source/event_groups.c **** 		}
 1164              		.loc 1 255 4 view .LVU349
 1165              		.syntax unified
 1166              	@ 255 "Middlewares/Third_Party/FreeRTOS/Source/event_groups.c" 1
 1167 008c BFF34F8F 		dsb
 1168              	@ 0 "" 2
 255:Middlewares/Third_Party/FreeRTOS/Source/event_groups.c **** 		}
 1169              		.loc 1 255 4 view .LVU350
 1170              	@ 255 "Middlewares/Third_Party/FreeRTOS/Source/event_groups.c" 1
 1171 0090 BFF36F8F 		isb
 1172              	@ 0 "" 2
 255:Middlewares/Third_Party/FreeRTOS/Source/event_groups.c **** 		}
 1173              		.loc 1 255 26 view .LVU351
 1174              		.thumb
 1175              		.syntax unified
 1176              	.L73:
 259:Middlewares/Third_Party/FreeRTOS/Source/event_groups.c **** 		}
 1177              		.loc 1 259 28 view .LVU352
 266:Middlewares/Third_Party/FreeRTOS/Source/event_groups.c **** 
 1178              		.loc 1 266 3 view .LVU353
 266:Middlewares/Third_Party/FreeRTOS/Source/event_groups.c **** 
 1179              		.loc 1 266 14 is_stmt 0 view .LVU354
 1180 0094 FFF7FEFF 		bl	uxTaskResetEventItemValue
 1181              	.LVL97:
 266:Middlewares/Third_Party/FreeRTOS/Source/event_groups.c **** 
 1182              		.loc 1 266 14 view .LVU355
 1183 0098 0546     		mov	r5, r0
 1184              	.LVL98:
 268:Middlewares/Third_Party/FreeRTOS/Source/event_groups.c **** 		{
 1185              		.loc 1 268 3 is_stmt 1 view .LVU356
 268:Middlewares/Third_Party/FreeRTOS/Source/event_groups.c **** 		{
 1186              		.loc 1 268 5 is_stmt 0 view .LVU357
 1187 009a 10F0007F 		tst	r0, #33554432
 1188 009e 15D0     		beq	.L80
 1189              	.LVL99:
 1190              	.L74:
 295:Middlewares/Third_Party/FreeRTOS/Source/event_groups.c **** 
 1191              		.loc 1 295 3 is_stmt 1 view .LVU358
 299:Middlewares/Third_Party/FreeRTOS/Source/event_groups.c **** 	}
 1192              		.loc 1 299 3 view .LVU359
 299:Middlewares/Third_Party/FreeRTOS/Source/event_groups.c **** 	}
 1193              		.loc 1 299 12 is_stmt 0 view .LVU360
 1194 00a0 25F07F43 		bic	r3, r5, #-16777216
 1195 00a4 1D46     		mov	r5, r3
 1196              	.LVL100:
 302:Middlewares/Third_Party/FreeRTOS/Source/event_groups.c **** 
 1197              		.loc 1 302 2 is_stmt 1 view .LVU361
 305:Middlewares/Third_Party/FreeRTOS/Source/event_groups.c **** 
 1198              		.loc 1 305 2 view .LVU362
 307:Middlewares/Third_Party/FreeRTOS/Source/event_groups.c **** }
 1199              		.loc 1 307 2 view .LVU363
 1200              	.L62:
 308:Middlewares/Third_Party/FreeRTOS/Source/event_groups.c **** /*-----------------------------------------------------------*/
 1201              		.loc 1 308 1 is_stmt 0 view .LVU364
 1202 00a6 2846     		mov	r0, r5
 1203 00a8 BDE8F081 		pop	{r4, r5, r6, r7, r8, pc}
ARM GAS  D:\temp\TMP\ccbwIzgP.s 			page 44


 1204              	.LVL101:
 1205              	.L78:
 215:Middlewares/Third_Party/FreeRTOS/Source/event_groups.c **** 
 1206              		.loc 1 215 4 is_stmt 1 view .LVU365
 219:Middlewares/Third_Party/FreeRTOS/Source/event_groups.c **** 
 1207              		.loc 1 219 4 view .LVU366
 219:Middlewares/Third_Party/FreeRTOS/Source/event_groups.c **** 
 1208              		.loc 1 219 15 is_stmt 0 view .LVU367
 1209 00ac 3B68     		ldr	r3, [r7]
 219:Middlewares/Third_Party/FreeRTOS/Source/event_groups.c **** 
 1210              		.loc 1 219 29 view .LVU368
 1211 00ae 23EA0403 		bic	r3, r3, r4
 1212 00b2 3B60     		str	r3, [r7]
 221:Middlewares/Third_Party/FreeRTOS/Source/event_groups.c **** 		}
 1213              		.loc 1 221 4 is_stmt 1 view .LVU369
 1214              	.LVL102:
 221:Middlewares/Third_Party/FreeRTOS/Source/event_groups.c **** 		}
 1215              		.loc 1 221 17 is_stmt 0 view .LVU370
 1216 00b4 0023     		movs	r3, #0
 1217 00b6 9846     		mov	r8, r3
 1218 00b8 DDE7     		b	.L70
 1219              	.LVL103:
 1220              	.L79:
 227:Middlewares/Third_Party/FreeRTOS/Source/event_groups.c **** 
 1221              		.loc 1 227 77 is_stmt 1 view .LVU371
 232:Middlewares/Third_Party/FreeRTOS/Source/event_groups.c **** 
 1222              		.loc 1 232 5 view .LVU372
 1223 00ba 4246     		mov	r2, r8
 1224 00bc 44F0A061 		orr	r1, r4, #83886080
 1225 00c0 381D     		adds	r0, r7, #4
 1226 00c2 FFF7FEFF 		bl	vTaskPlaceOnUnorderedEventList
 1227              	.LVL104:
 238:Middlewares/Third_Party/FreeRTOS/Source/event_groups.c **** 			}
 1228              		.loc 1 238 5 view .LVU373
 238:Middlewares/Third_Party/FreeRTOS/Source/event_groups.c **** 			}
 1229              		.loc 1 238 14 is_stmt 0 view .LVU374
 1230 00c6 0023     		movs	r3, #0
 1231 00c8 1D46     		mov	r5, r3
 1232 00ca D4E7     		b	.L70
 1233              	.LVL105:
 1234              	.L80:
 271:Middlewares/Third_Party/FreeRTOS/Source/event_groups.c **** 			{
 1235              		.loc 1 271 4 is_stmt 1 view .LVU375
 1236 00cc FFF7FEFF 		bl	vPortEnterCritical
 1237              	.LVL106:
 273:Middlewares/Third_Party/FreeRTOS/Source/event_groups.c **** 
 1238              		.loc 1 273 5 view .LVU376
 273:Middlewares/Third_Party/FreeRTOS/Source/event_groups.c **** 
 1239              		.loc 1 273 14 is_stmt 0 view .LVU377
 1240 00d0 3B68     		ldr	r3, [r7]
 1241 00d2 1D46     		mov	r5, r3
 1242              	.LVL107:
 279:Middlewares/Third_Party/FreeRTOS/Source/event_groups.c **** 				{
 1243              		.loc 1 279 5 is_stmt 1 view .LVU378
 279:Middlewares/Third_Party/FreeRTOS/Source/event_groups.c **** 				{
 1244              		.loc 1 279 7 is_stmt 0 view .LVU379
 1245 00d4 34EA0303 		bics	r3, r4, r3
ARM GAS  D:\temp\TMP\ccbwIzgP.s 			page 45


 1246              	.LVL108:
 279:Middlewares/Third_Party/FreeRTOS/Source/event_groups.c **** 				{
 1247              		.loc 1 279 7 view .LVU380
 1248 00d8 02D0     		beq	.L81
 1249              	.LVL109:
 1250              	.L75:
 285:Middlewares/Third_Party/FreeRTOS/Source/event_groups.c **** 				}
 1251              		.loc 1 285 30 is_stmt 1 view .LVU381
 288:Middlewares/Third_Party/FreeRTOS/Source/event_groups.c **** 
 1252              		.loc 1 288 4 view .LVU382
 1253 00da FFF7FEFF 		bl	vPortExitCritical
 1254              	.LVL110:
 290:Middlewares/Third_Party/FreeRTOS/Source/event_groups.c **** 		}
 1255              		.loc 1 290 4 view .LVU383
 290:Middlewares/Third_Party/FreeRTOS/Source/event_groups.c **** 		}
 1256              		.loc 1 290 4 is_stmt 0 view .LVU384
 1257 00de DFE7     		b	.L74
 1258              	.LVL111:
 1259              	.L81:
 281:Middlewares/Third_Party/FreeRTOS/Source/event_groups.c **** 				}
 1260              		.loc 1 281 6 is_stmt 1 view .LVU385
 281:Middlewares/Third_Party/FreeRTOS/Source/event_groups.c **** 				}
 1261              		.loc 1 281 31 is_stmt 0 view .LVU386
 1262 00e0 25EA0404 		bic	r4, r5, r4
 1263              	.LVL112:
 281:Middlewares/Third_Party/FreeRTOS/Source/event_groups.c **** 				}
 1264              		.loc 1 281 31 view .LVU387
 1265 00e4 3C60     		str	r4, [r7]
 1266 00e6 F8E7     		b	.L75
 1267              		.cfi_endproc
 1268              	.LFE7:
 1270              		.section	.text.vEventGroupDelete,"ax",%progbits
 1271              		.align	1
 1272              		.global	vEventGroupDelete
 1273              		.syntax unified
 1274              		.thumb
 1275              		.thumb_func
 1277              	vEventGroupDelete:
 1278              	.LVL113:
 1279              	.LFB12:
 614:Middlewares/Third_Party/FreeRTOS/Source/event_groups.c **** EventGroup_t *pxEventBits = xEventGroup;
 1280              		.loc 1 614 1 is_stmt 1 view -0
 1281              		.cfi_startproc
 1282              		@ args = 0, pretend = 0, frame = 0
 1283              		@ frame_needed = 0, uses_anonymous_args = 0
 614:Middlewares/Third_Party/FreeRTOS/Source/event_groups.c **** EventGroup_t *pxEventBits = xEventGroup;
 1284              		.loc 1 614 1 is_stmt 0 view .LVU389
 1285 0000 10B5     		push	{r4, lr}
 1286              	.LCFI12:
 1287              		.cfi_def_cfa_offset 8
 1288              		.cfi_offset 4, -8
 1289              		.cfi_offset 14, -4
 1290 0002 0446     		mov	r4, r0
 615:Middlewares/Third_Party/FreeRTOS/Source/event_groups.c **** const List_t *pxTasksWaitingForBits = &( pxEventBits->xTasksWaitingForBits );
 1291              		.loc 1 615 1 is_stmt 1 view .LVU390
 1292              	.LVL114:
 616:Middlewares/Third_Party/FreeRTOS/Source/event_groups.c **** 
ARM GAS  D:\temp\TMP\ccbwIzgP.s 			page 46


 1293              		.loc 1 616 1 view .LVU391
 618:Middlewares/Third_Party/FreeRTOS/Source/event_groups.c **** 	{
 1294              		.loc 1 618 2 view .LVU392
 1295 0004 FFF7FEFF 		bl	vTaskSuspendAll
 1296              	.LVL115:
 620:Middlewares/Third_Party/FreeRTOS/Source/event_groups.c **** 
 1297              		.loc 1 620 41 view .LVU393
 622:Middlewares/Third_Party/FreeRTOS/Source/event_groups.c **** 		{
 1298              		.loc 1 622 3 view .LVU394
 1299              	.L83:
 622:Middlewares/Third_Party/FreeRTOS/Source/event_groups.c **** 		{
 1300              		.loc 1 622 59 view .LVU395
 622:Middlewares/Third_Party/FreeRTOS/Source/event_groups.c **** 		{
 1301              		.loc 1 622 10 is_stmt 0 view .LVU396
 1302 0008 6368     		ldr	r3, [r4, #4]
 622:Middlewares/Third_Party/FreeRTOS/Source/event_groups.c **** 		{
 1303              		.loc 1 622 59 view .LVU397
 1304 000a 93B1     		cbz	r3, .L89
 626:Middlewares/Third_Party/FreeRTOS/Source/event_groups.c **** 			vTaskRemoveFromUnorderedEventList( pxTasksWaitingForBits->xListEnd.pxNext, eventUNBLOCKED_DUE_TO
 1305              		.loc 1 626 4 is_stmt 1 view .LVU398
 1306 000c 2069     		ldr	r0, [r4, #16]
 1307 000e 04F10C03 		add	r3, r4, #12
 1308 0012 9842     		cmp	r0, r3
 1309 0014 04D0     		beq	.L90
 626:Middlewares/Third_Party/FreeRTOS/Source/event_groups.c **** 			vTaskRemoveFromUnorderedEventList( pxTasksWaitingForBits->xListEnd.pxNext, eventUNBLOCKED_DUE_TO
 1310              		.loc 1 626 121 view .LVU399
 627:Middlewares/Third_Party/FreeRTOS/Source/event_groups.c **** 		}
 1311              		.loc 1 627 4 view .LVU400
 1312 0016 4FF00071 		mov	r1, #33554432
 1313 001a FFF7FEFF 		bl	vTaskRemoveFromUnorderedEventList
 1314              	.LVL116:
 1315 001e F3E7     		b	.L83
 1316              	.L90:
 626:Middlewares/Third_Party/FreeRTOS/Source/event_groups.c **** 			vTaskRemoveFromUnorderedEventList( pxTasksWaitingForBits->xListEnd.pxNext, eventUNBLOCKED_DUE_TO
 1317              		.loc 1 626 4 discriminator 1 view .LVU401
 1318              	.LBB71:
 1319              	.LBI71:
 191:Middlewares/Third_Party/FreeRTOS/Source/portable/GCC/ARM_CM4F/portmacro.h **** {
 1320              		.loc 2 191 30 view .LVU402
 1321              	.LBB72:
 193:Middlewares/Third_Party/FreeRTOS/Source/portable/GCC/ARM_CM4F/portmacro.h **** 
 1322              		.loc 2 193 1 view .LVU403
 195:Middlewares/Third_Party/FreeRTOS/Source/portable/GCC/ARM_CM4F/portmacro.h **** 	(
 1323              		.loc 2 195 2 view .LVU404
 1324              		.syntax unified
 1325              	@ 195 "Middlewares/Third_Party/FreeRTOS/Source/portable/GCC/ARM_CM4F/portmacro.h" 1
 1326 0020 4FF05003 			mov r3, #80												
 1327 0024 83F31188 		msr basepri, r3											
 1328 0028 BFF36F8F 		isb														
 1329 002c BFF34F8F 		dsb														
 1330              	
 1331              	@ 0 "" 2
 1332              		.thumb
 1333              		.syntax unified
 1334              	.L85:
 1335              	.LBE72:
 1336              	.LBE71:
ARM GAS  D:\temp\TMP\ccbwIzgP.s 			page 47


 626:Middlewares/Third_Party/FreeRTOS/Source/event_groups.c **** 			vTaskRemoveFromUnorderedEventList( pxTasksWaitingForBits->xListEnd.pxNext, eventUNBLOCKED_DUE_TO
 1337              		.loc 1 626 4 view .LVU405
 1338 0030 FEE7     		b	.L85
 1339              	.L89:
 640:Middlewares/Third_Party/FreeRTOS/Source/event_groups.c **** 			{
 1340              		.loc 1 640 4 view .LVU406
 640:Middlewares/Third_Party/FreeRTOS/Source/event_groups.c **** 			{
 1341              		.loc 1 640 19 is_stmt 0 view .LVU407
 1342 0032 237E     		ldrb	r3, [r4, #24]	@ zero_extendqisi2
 640:Middlewares/Third_Party/FreeRTOS/Source/event_groups.c **** 			{
 1343              		.loc 1 640 6 view .LVU408
 1344 0034 13B1     		cbz	r3, .L91
 1345              	.L87:
 646:Middlewares/Third_Party/FreeRTOS/Source/event_groups.c **** 			}
 1346              		.loc 1 646 29 is_stmt 1 view .LVU409
 651:Middlewares/Third_Party/FreeRTOS/Source/event_groups.c **** }
 1347              		.loc 1 651 2 view .LVU410
 651:Middlewares/Third_Party/FreeRTOS/Source/event_groups.c **** }
 1348              		.loc 1 651 11 is_stmt 0 view .LVU411
 1349 0036 FFF7FEFF 		bl	xTaskResumeAll
 1350              	.LVL117:
 652:Middlewares/Third_Party/FreeRTOS/Source/event_groups.c **** /*-----------------------------------------------------------*/
 1351              		.loc 1 652 1 view .LVU412
 1352 003a 10BD     		pop	{r4, pc}
 1353              	.LVL118:
 1354              	.L91:
 642:Middlewares/Third_Party/FreeRTOS/Source/event_groups.c **** 			}
 1355              		.loc 1 642 5 is_stmt 1 view .LVU413
 1356 003c 2046     		mov	r0, r4
 1357 003e FFF7FEFF 		bl	vPortFree
 1358              	.LVL119:
 1359 0042 F8E7     		b	.L87
 1360              		.cfi_endproc
 1361              	.LFE12:
 1363              		.section	.text.vEventGroupSetBitsCallback,"ax",%progbits
 1364              		.align	1
 1365              		.global	vEventGroupSetBitsCallback
 1366              		.syntax unified
 1367              		.thumb
 1368              		.thumb_func
 1370              	vEventGroupSetBitsCallback:
 1371              	.LVL120:
 1372              	.LFB13:
 658:Middlewares/Third_Party/FreeRTOS/Source/event_groups.c **** 	( void ) xEventGroupSetBits( pvEventGroup, ( EventBits_t ) ulBitsToSet ); /*lint !e9079 Can't avoi
 1373              		.loc 1 658 1 view -0
 1374              		.cfi_startproc
 1375              		@ args = 0, pretend = 0, frame = 0
 1376              		@ frame_needed = 0, uses_anonymous_args = 0
 658:Middlewares/Third_Party/FreeRTOS/Source/event_groups.c **** 	( void ) xEventGroupSetBits( pvEventGroup, ( EventBits_t ) ulBitsToSet ); /*lint !e9079 Can't avoi
 1377              		.loc 1 658 1 is_stmt 0 view .LVU415
 1378 0000 08B5     		push	{r3, lr}
 1379              	.LCFI13:
 1380              		.cfi_def_cfa_offset 8
 1381              		.cfi_offset 3, -8
 1382              		.cfi_offset 14, -4
 659:Middlewares/Third_Party/FreeRTOS/Source/event_groups.c **** }
 1383              		.loc 1 659 2 is_stmt 1 view .LVU416
ARM GAS  D:\temp\TMP\ccbwIzgP.s 			page 48


 659:Middlewares/Third_Party/FreeRTOS/Source/event_groups.c **** }
 1384              		.loc 1 659 11 is_stmt 0 view .LVU417
 1385 0002 FFF7FEFF 		bl	xEventGroupSetBits
 1386              	.LVL121:
 660:Middlewares/Third_Party/FreeRTOS/Source/event_groups.c **** /*-----------------------------------------------------------*/
 1387              		.loc 1 660 1 view .LVU418
 1388 0006 08BD     		pop	{r3, pc}
 1389              		.cfi_endproc
 1390              	.LFE13:
 1392              		.section	.text.vEventGroupClearBitsCallback,"ax",%progbits
 1393              		.align	1
 1394              		.global	vEventGroupClearBitsCallback
 1395              		.syntax unified
 1396              		.thumb
 1397              		.thumb_func
 1399              	vEventGroupClearBitsCallback:
 1400              	.LVL122:
 1401              	.LFB14:
 666:Middlewares/Third_Party/FreeRTOS/Source/event_groups.c **** 	( void ) xEventGroupClearBits( pvEventGroup, ( EventBits_t ) ulBitsToClear ); /*lint !e9079 Can't 
 1402              		.loc 1 666 1 is_stmt 1 view -0
 1403              		.cfi_startproc
 1404              		@ args = 0, pretend = 0, frame = 0
 1405              		@ frame_needed = 0, uses_anonymous_args = 0
 666:Middlewares/Third_Party/FreeRTOS/Source/event_groups.c **** 	( void ) xEventGroupClearBits( pvEventGroup, ( EventBits_t ) ulBitsToClear ); /*lint !e9079 Can't 
 1406              		.loc 1 666 1 is_stmt 0 view .LVU420
 1407 0000 08B5     		push	{r3, lr}
 1408              	.LCFI14:
 1409              		.cfi_def_cfa_offset 8
 1410              		.cfi_offset 3, -8
 1411              		.cfi_offset 14, -4
 667:Middlewares/Third_Party/FreeRTOS/Source/event_groups.c **** }
 1412              		.loc 1 667 2 is_stmt 1 view .LVU421
 667:Middlewares/Third_Party/FreeRTOS/Source/event_groups.c **** }
 1413              		.loc 1 667 11 is_stmt 0 view .LVU422
 1414 0002 FFF7FEFF 		bl	xEventGroupClearBits
 1415              	.LVL123:
 668:Middlewares/Third_Party/FreeRTOS/Source/event_groups.c **** /*-----------------------------------------------------------*/
 1416              		.loc 1 668 1 view .LVU423
 1417 0006 08BD     		pop	{r3, pc}
 1418              		.cfi_endproc
 1419              	.LFE14:
 1421              		.text
 1422              	.Letext0:
 1423              		.file 3 "D:/VS_STM32/gcc-arm-15.2/lib/gcc/arm-none-eabi/15.2.1/include/stddef.h"
 1424              		.file 4 "D:/VS_STM32/gcc-arm-15.2/arm-none-eabi/include/machine/_default_types.h"
 1425              		.file 5 "D:/VS_STM32/gcc-arm-15.2/arm-none-eabi/include/sys/_stdint.h"
 1426              		.file 6 "Middlewares/Third_Party/FreeRTOS/Source/include/FreeRTOS.h"
 1427              		.file 7 "Middlewares/Third_Party/FreeRTOS/Source/include/list.h"
 1428              		.file 8 "Middlewares/Third_Party/FreeRTOS/Source/include/event_groups.h"
 1429              		.file 9 "Middlewares/Third_Party/FreeRTOS/Source/include/portable.h"
 1430              		.file 10 "Middlewares/Third_Party/FreeRTOS/Source/include/task.h"
ARM GAS  D:\temp\TMP\ccbwIzgP.s 			page 49


DEFINED SYMBOLS
                            *ABS*:00000000 event_groups.c
D:\temp\TMP\ccbwIzgP.s:20     .text.prvTestWaitCondition:00000000 $t
D:\temp\TMP\ccbwIzgP.s:25     .text.prvTestWaitCondition:00000000 prvTestWaitCondition
D:\temp\TMP\ccbwIzgP.s:79     .text.xEventGroupCreateStatic:00000000 $t
D:\temp\TMP\ccbwIzgP.s:85     .text.xEventGroupCreateStatic:00000000 xEventGroupCreateStatic
D:\temp\TMP\ccbwIzgP.s:204    .text.xEventGroupCreate:00000000 $t
D:\temp\TMP\ccbwIzgP.s:210    .text.xEventGroupCreate:00000000 xEventGroupCreate
D:\temp\TMP\ccbwIzgP.s:255    .text.xEventGroupWaitBits:00000000 $t
D:\temp\TMP\ccbwIzgP.s:261    .text.xEventGroupWaitBits:00000000 xEventGroupWaitBits
D:\temp\TMP\ccbwIzgP.s:617    .text.xEventGroupClearBits:00000000 $t
D:\temp\TMP\ccbwIzgP.s:623    .text.xEventGroupClearBits:00000000 xEventGroupClearBits
D:\temp\TMP\ccbwIzgP.s:721    .text.xEventGroupGetBitsFromISR:00000000 $t
D:\temp\TMP\ccbwIzgP.s:727    .text.xEventGroupGetBitsFromISR:00000000 xEventGroupGetBitsFromISR
D:\temp\TMP\ccbwIzgP.s:788    .text.xEventGroupSetBits:00000000 $t
D:\temp\TMP\ccbwIzgP.s:794    .text.xEventGroupSetBits:00000000 xEventGroupSetBits
D:\temp\TMP\ccbwIzgP.s:988    .text.xEventGroupSync:00000000 $t
D:\temp\TMP\ccbwIzgP.s:994    .text.xEventGroupSync:00000000 xEventGroupSync
D:\temp\TMP\ccbwIzgP.s:1271   .text.vEventGroupDelete:00000000 $t
D:\temp\TMP\ccbwIzgP.s:1277   .text.vEventGroupDelete:00000000 vEventGroupDelete
D:\temp\TMP\ccbwIzgP.s:1364   .text.vEventGroupSetBitsCallback:00000000 $t
D:\temp\TMP\ccbwIzgP.s:1370   .text.vEventGroupSetBitsCallback:00000000 vEventGroupSetBitsCallback
D:\temp\TMP\ccbwIzgP.s:1393   .text.vEventGroupClearBitsCallback:00000000 $t
D:\temp\TMP\ccbwIzgP.s:1399   .text.vEventGroupClearBitsCallback:00000000 vEventGroupClearBitsCallback

UNDEFINED SYMBOLS
vListInitialise
pvPortMalloc
xTaskGetSchedulerState
vTaskSuspendAll
xTaskResumeAll
uxTaskResetEventItemValue
vTaskPlaceOnUnorderedEventList
vPortEnterCritical
vPortExitCritical
vTaskRemoveFromUnorderedEventList
vPortFree
