ARM GAS  D:\temp\TMP\ccsMuV5a.s 			page 1


   1              		.cpu cortex-m7
   2              		.arch armv7e-m
   3              		.fpu fpv5-d16
   4              		.eabi_attribute 28, 1
   5              		.eabi_attribute 20, 1
   6              		.eabi_attribute 21, 1
   7              		.eabi_attribute 23, 3
   8              		.eabi_attribute 24, 1
   9              		.eabi_attribute 25, 1
  10              		.eabi_attribute 26, 1
  11              		.eabi_attribute 30, 1
  12              		.eabi_attribute 34, 1
  13              		.eabi_attribute 18, 4
  14              		.file	"queue.c"
  15              		.text
  16              	.Ltext0:
  17              		.cfi_sections	.debug_frame
  18              		.file 1 "Middlewares/Third_Party/FreeRTOS/Source/queue.c"
  19              		.section	.text.prvGetDisinheritPriorityAfterTimeout,"ax",%progbits
  20              		.align	1
  21              		.syntax unified
  22              		.thumb
  23              		.thumb_func
  25              	prvGetDisinheritPriorityAfterTimeout:
  26              	.LVL0:
  27              	.LFB24:
   1:Middlewares/Third_Party/FreeRTOS/Source/queue.c **** /*
   2:Middlewares/Third_Party/FreeRTOS/Source/queue.c ****  * FreeRTOS Kernel V10.3.1
   3:Middlewares/Third_Party/FreeRTOS/Source/queue.c ****  * Copyright (C) 2020 Amazon.com, Inc. or its affiliates.  All Rights Reserved.
   4:Middlewares/Third_Party/FreeRTOS/Source/queue.c ****  *
   5:Middlewares/Third_Party/FreeRTOS/Source/queue.c ****  * Permission is hereby granted, free of charge, to any person obtaining a copy of
   6:Middlewares/Third_Party/FreeRTOS/Source/queue.c ****  * this software and associated documentation files (the "Software"), to deal in
   7:Middlewares/Third_Party/FreeRTOS/Source/queue.c ****  * the Software without restriction, including without limitation the rights to
   8:Middlewares/Third_Party/FreeRTOS/Source/queue.c ****  * use, copy, modify, merge, publish, distribute, sublicense, and/or sell copies of
   9:Middlewares/Third_Party/FreeRTOS/Source/queue.c ****  * the Software, and to permit persons to whom the Software is furnished to do so,
  10:Middlewares/Third_Party/FreeRTOS/Source/queue.c ****  * subject to the following conditions:
  11:Middlewares/Third_Party/FreeRTOS/Source/queue.c ****  *
  12:Middlewares/Third_Party/FreeRTOS/Source/queue.c ****  * The above copyright notice and this permission notice shall be included in all
  13:Middlewares/Third_Party/FreeRTOS/Source/queue.c ****  * copies or substantial portions of the Software.
  14:Middlewares/Third_Party/FreeRTOS/Source/queue.c ****  *
  15:Middlewares/Third_Party/FreeRTOS/Source/queue.c ****  * THE SOFTWARE IS PROVIDED "AS IS", WITHOUT WARRANTY OF ANY KIND, EXPRESS OR
  16:Middlewares/Third_Party/FreeRTOS/Source/queue.c ****  * IMPLIED, INCLUDING BUT NOT LIMITED TO THE WARRANTIES OF MERCHANTABILITY, FITNESS
  17:Middlewares/Third_Party/FreeRTOS/Source/queue.c ****  * FOR A PARTICULAR PURPOSE AND NONINFRINGEMENT. IN NO EVENT SHALL THE AUTHORS OR
  18:Middlewares/Third_Party/FreeRTOS/Source/queue.c ****  * COPYRIGHT HOLDERS BE LIABLE FOR ANY CLAIM, DAMAGES OR OTHER LIABILITY, WHETHER
  19:Middlewares/Third_Party/FreeRTOS/Source/queue.c ****  * IN AN ACTION OF CONTRACT, TORT OR OTHERWISE, ARISING FROM, OUT OF OR IN
  20:Middlewares/Third_Party/FreeRTOS/Source/queue.c ****  * CONNECTION WITH THE SOFTWARE OR THE USE OR OTHER DEALINGS IN THE SOFTWARE.
  21:Middlewares/Third_Party/FreeRTOS/Source/queue.c ****  *
  22:Middlewares/Third_Party/FreeRTOS/Source/queue.c ****  * http://www.FreeRTOS.org
  23:Middlewares/Third_Party/FreeRTOS/Source/queue.c ****  * http://aws.amazon.com/freertos
  24:Middlewares/Third_Party/FreeRTOS/Source/queue.c ****  *
  25:Middlewares/Third_Party/FreeRTOS/Source/queue.c ****  * 1 tab == 4 spaces!
  26:Middlewares/Third_Party/FreeRTOS/Source/queue.c ****  */
  27:Middlewares/Third_Party/FreeRTOS/Source/queue.c **** 
  28:Middlewares/Third_Party/FreeRTOS/Source/queue.c **** #include <stdlib.h>
  29:Middlewares/Third_Party/FreeRTOS/Source/queue.c **** #include <string.h>
  30:Middlewares/Third_Party/FreeRTOS/Source/queue.c **** 
  31:Middlewares/Third_Party/FreeRTOS/Source/queue.c **** /* Defining MPU_WRAPPERS_INCLUDED_FROM_API_FILE prevents task.h from redefining
ARM GAS  D:\temp\TMP\ccsMuV5a.s 			page 2


  32:Middlewares/Third_Party/FreeRTOS/Source/queue.c **** all the API functions to use the MPU wrappers.  That should only be done when
  33:Middlewares/Third_Party/FreeRTOS/Source/queue.c **** task.h is included from an application file. */
  34:Middlewares/Third_Party/FreeRTOS/Source/queue.c **** #define MPU_WRAPPERS_INCLUDED_FROM_API_FILE
  35:Middlewares/Third_Party/FreeRTOS/Source/queue.c **** 
  36:Middlewares/Third_Party/FreeRTOS/Source/queue.c **** #include "FreeRTOS.h"
  37:Middlewares/Third_Party/FreeRTOS/Source/queue.c **** #include "task.h"
  38:Middlewares/Third_Party/FreeRTOS/Source/queue.c **** #include "queue.h"
  39:Middlewares/Third_Party/FreeRTOS/Source/queue.c **** 
  40:Middlewares/Third_Party/FreeRTOS/Source/queue.c **** #if ( configUSE_CO_ROUTINES == 1 )
  41:Middlewares/Third_Party/FreeRTOS/Source/queue.c **** 	#include "croutine.h"
  42:Middlewares/Third_Party/FreeRTOS/Source/queue.c **** #endif
  43:Middlewares/Third_Party/FreeRTOS/Source/queue.c **** 
  44:Middlewares/Third_Party/FreeRTOS/Source/queue.c **** /* Lint e9021, e961 and e750 are suppressed as a MISRA exception justified
  45:Middlewares/Third_Party/FreeRTOS/Source/queue.c **** because the MPU ports require MPU_WRAPPERS_INCLUDED_FROM_API_FILE to be defined
  46:Middlewares/Third_Party/FreeRTOS/Source/queue.c **** for the header files above, but not in this file, in order to generate the
  47:Middlewares/Third_Party/FreeRTOS/Source/queue.c **** correct privileged Vs unprivileged linkage and placement. */
  48:Middlewares/Third_Party/FreeRTOS/Source/queue.c **** #undef MPU_WRAPPERS_INCLUDED_FROM_API_FILE /*lint !e961 !e750 !e9021. */
  49:Middlewares/Third_Party/FreeRTOS/Source/queue.c **** 
  50:Middlewares/Third_Party/FreeRTOS/Source/queue.c **** 
  51:Middlewares/Third_Party/FreeRTOS/Source/queue.c **** /* Constants used with the cRxLock and cTxLock structure members. */
  52:Middlewares/Third_Party/FreeRTOS/Source/queue.c **** #define queueUNLOCKED					( ( int8_t ) -1 )
  53:Middlewares/Third_Party/FreeRTOS/Source/queue.c **** #define queueLOCKED_UNMODIFIED			( ( int8_t ) 0 )
  54:Middlewares/Third_Party/FreeRTOS/Source/queue.c **** 
  55:Middlewares/Third_Party/FreeRTOS/Source/queue.c **** /* When the Queue_t structure is used to represent a base queue its pcHead and
  56:Middlewares/Third_Party/FreeRTOS/Source/queue.c **** pcTail members are used as pointers into the queue storage area.  When the
  57:Middlewares/Third_Party/FreeRTOS/Source/queue.c **** Queue_t structure is used to represent a mutex pcHead and pcTail pointers are
  58:Middlewares/Third_Party/FreeRTOS/Source/queue.c **** not necessary, and the pcHead pointer is set to NULL to indicate that the
  59:Middlewares/Third_Party/FreeRTOS/Source/queue.c **** structure instead holds a pointer to the mutex holder (if any).  Map alternative
  60:Middlewares/Third_Party/FreeRTOS/Source/queue.c **** names to the pcHead and structure member to ensure the readability of the code
  61:Middlewares/Third_Party/FreeRTOS/Source/queue.c **** is maintained.  The QueuePointers_t and SemaphoreData_t types are used to form
  62:Middlewares/Third_Party/FreeRTOS/Source/queue.c **** a union as their usage is mutually exclusive dependent on what the queue is
  63:Middlewares/Third_Party/FreeRTOS/Source/queue.c **** being used for. */
  64:Middlewares/Third_Party/FreeRTOS/Source/queue.c **** #define uxQueueType						pcHead
  65:Middlewares/Third_Party/FreeRTOS/Source/queue.c **** #define queueQUEUE_IS_MUTEX				NULL
  66:Middlewares/Third_Party/FreeRTOS/Source/queue.c **** 
  67:Middlewares/Third_Party/FreeRTOS/Source/queue.c **** typedef struct QueuePointers
  68:Middlewares/Third_Party/FreeRTOS/Source/queue.c **** {
  69:Middlewares/Third_Party/FreeRTOS/Source/queue.c **** 	int8_t *pcTail;					/*< Points to the byte at the end of the queue storage area.  Once more byte i
  70:Middlewares/Third_Party/FreeRTOS/Source/queue.c **** 	int8_t *pcReadFrom;				/*< Points to the last place that a queued item was read from when the stru
  71:Middlewares/Third_Party/FreeRTOS/Source/queue.c **** } QueuePointers_t;
  72:Middlewares/Third_Party/FreeRTOS/Source/queue.c **** 
  73:Middlewares/Third_Party/FreeRTOS/Source/queue.c **** typedef struct SemaphoreData
  74:Middlewares/Third_Party/FreeRTOS/Source/queue.c **** {
  75:Middlewares/Third_Party/FreeRTOS/Source/queue.c **** 	TaskHandle_t xMutexHolder;		 /*< The handle of the task that holds the mutex. */
  76:Middlewares/Third_Party/FreeRTOS/Source/queue.c **** 	UBaseType_t uxRecursiveCallCount;/*< Maintains a count of the number of times a recursive mutex ha
  77:Middlewares/Third_Party/FreeRTOS/Source/queue.c **** } SemaphoreData_t;
  78:Middlewares/Third_Party/FreeRTOS/Source/queue.c **** 
  79:Middlewares/Third_Party/FreeRTOS/Source/queue.c **** /* Semaphores do not actually store or copy data, so have an item size of
  80:Middlewares/Third_Party/FreeRTOS/Source/queue.c **** zero. */
  81:Middlewares/Third_Party/FreeRTOS/Source/queue.c **** #define queueSEMAPHORE_QUEUE_ITEM_LENGTH ( ( UBaseType_t ) 0 )
  82:Middlewares/Third_Party/FreeRTOS/Source/queue.c **** #define queueMUTEX_GIVE_BLOCK_TIME		 ( ( TickType_t ) 0U )
  83:Middlewares/Third_Party/FreeRTOS/Source/queue.c **** 
  84:Middlewares/Third_Party/FreeRTOS/Source/queue.c **** #if( configUSE_PREEMPTION == 0 )
  85:Middlewares/Third_Party/FreeRTOS/Source/queue.c **** 	/* If the cooperative scheduler is being used then a yield should not be
  86:Middlewares/Third_Party/FreeRTOS/Source/queue.c **** 	performed just because a higher priority task has been woken. */
  87:Middlewares/Third_Party/FreeRTOS/Source/queue.c **** 	#define queueYIELD_IF_USING_PREEMPTION()
  88:Middlewares/Third_Party/FreeRTOS/Source/queue.c **** #else
ARM GAS  D:\temp\TMP\ccsMuV5a.s 			page 3


  89:Middlewares/Third_Party/FreeRTOS/Source/queue.c **** 	#define queueYIELD_IF_USING_PREEMPTION() portYIELD_WITHIN_API()
  90:Middlewares/Third_Party/FreeRTOS/Source/queue.c **** #endif
  91:Middlewares/Third_Party/FreeRTOS/Source/queue.c **** 
  92:Middlewares/Third_Party/FreeRTOS/Source/queue.c **** /*
  93:Middlewares/Third_Party/FreeRTOS/Source/queue.c ****  * Definition of the queue used by the scheduler.
  94:Middlewares/Third_Party/FreeRTOS/Source/queue.c ****  * Items are queued by copy, not reference.  See the following link for the
  95:Middlewares/Third_Party/FreeRTOS/Source/queue.c ****  * rationale: https://www.freertos.org/Embedded-RTOS-Queues.html
  96:Middlewares/Third_Party/FreeRTOS/Source/queue.c ****  */
  97:Middlewares/Third_Party/FreeRTOS/Source/queue.c **** typedef struct QueueDefinition 		/* The old naming convention is used to prevent breaking kernel aw
  98:Middlewares/Third_Party/FreeRTOS/Source/queue.c **** {
  99:Middlewares/Third_Party/FreeRTOS/Source/queue.c **** 	int8_t *pcHead;					/*< Points to the beginning of the queue storage area. */
 100:Middlewares/Third_Party/FreeRTOS/Source/queue.c **** 	int8_t *pcWriteTo;				/*< Points to the free next place in the storage area. */
 101:Middlewares/Third_Party/FreeRTOS/Source/queue.c **** 
 102:Middlewares/Third_Party/FreeRTOS/Source/queue.c **** 	union
 103:Middlewares/Third_Party/FreeRTOS/Source/queue.c **** 	{
 104:Middlewares/Third_Party/FreeRTOS/Source/queue.c **** 		QueuePointers_t xQueue;		/*< Data required exclusively when this structure is used as a queue. */
 105:Middlewares/Third_Party/FreeRTOS/Source/queue.c **** 		SemaphoreData_t xSemaphore; /*< Data required exclusively when this structure is used as a semaph
 106:Middlewares/Third_Party/FreeRTOS/Source/queue.c **** 	} u;
 107:Middlewares/Third_Party/FreeRTOS/Source/queue.c **** 
 108:Middlewares/Third_Party/FreeRTOS/Source/queue.c **** 	List_t xTasksWaitingToSend;		/*< List of tasks that are blocked waiting to post onto this queue.  
 109:Middlewares/Third_Party/FreeRTOS/Source/queue.c **** 	List_t xTasksWaitingToReceive;	/*< List of tasks that are blocked waiting to read from this queue.
 110:Middlewares/Third_Party/FreeRTOS/Source/queue.c **** 
 111:Middlewares/Third_Party/FreeRTOS/Source/queue.c **** 	volatile UBaseType_t uxMessagesWaiting;/*< The number of items currently in the queue. */
 112:Middlewares/Third_Party/FreeRTOS/Source/queue.c **** 	UBaseType_t uxLength;			/*< The length of the queue defined as the number of items it will hold, n
 113:Middlewares/Third_Party/FreeRTOS/Source/queue.c **** 	UBaseType_t uxItemSize;			/*< The size of each items that the queue will hold. */
 114:Middlewares/Third_Party/FreeRTOS/Source/queue.c **** 
 115:Middlewares/Third_Party/FreeRTOS/Source/queue.c **** 	volatile int8_t cRxLock;		/*< Stores the number of items received from the queue (removed from the
 116:Middlewares/Third_Party/FreeRTOS/Source/queue.c **** 	volatile int8_t cTxLock;		/*< Stores the number of items transmitted to the queue (added to the qu
 117:Middlewares/Third_Party/FreeRTOS/Source/queue.c **** 
 118:Middlewares/Third_Party/FreeRTOS/Source/queue.c **** 	#if( ( configSUPPORT_STATIC_ALLOCATION == 1 ) && ( configSUPPORT_DYNAMIC_ALLOCATION == 1 ) )
 119:Middlewares/Third_Party/FreeRTOS/Source/queue.c **** 		uint8_t ucStaticallyAllocated;	/*< Set to pdTRUE if the memory used by the queue was statically a
 120:Middlewares/Third_Party/FreeRTOS/Source/queue.c **** 	#endif
 121:Middlewares/Third_Party/FreeRTOS/Source/queue.c **** 
 122:Middlewares/Third_Party/FreeRTOS/Source/queue.c **** 	#if ( configUSE_QUEUE_SETS == 1 )
 123:Middlewares/Third_Party/FreeRTOS/Source/queue.c **** 		struct QueueDefinition *pxQueueSetContainer;
 124:Middlewares/Third_Party/FreeRTOS/Source/queue.c **** 	#endif
 125:Middlewares/Third_Party/FreeRTOS/Source/queue.c **** 
 126:Middlewares/Third_Party/FreeRTOS/Source/queue.c **** 	#if ( configUSE_TRACE_FACILITY == 1 )
 127:Middlewares/Third_Party/FreeRTOS/Source/queue.c **** 		UBaseType_t uxQueueNumber;
 128:Middlewares/Third_Party/FreeRTOS/Source/queue.c **** 		uint8_t ucQueueType;
 129:Middlewares/Third_Party/FreeRTOS/Source/queue.c **** 	#endif
 130:Middlewares/Third_Party/FreeRTOS/Source/queue.c **** 
 131:Middlewares/Third_Party/FreeRTOS/Source/queue.c **** } xQUEUE;
 132:Middlewares/Third_Party/FreeRTOS/Source/queue.c **** 
 133:Middlewares/Third_Party/FreeRTOS/Source/queue.c **** /* The old xQUEUE name is maintained above then typedefed to the new Queue_t
 134:Middlewares/Third_Party/FreeRTOS/Source/queue.c **** name below to enable the use of older kernel aware debuggers. */
 135:Middlewares/Third_Party/FreeRTOS/Source/queue.c **** typedef xQUEUE Queue_t;
 136:Middlewares/Third_Party/FreeRTOS/Source/queue.c **** 
 137:Middlewares/Third_Party/FreeRTOS/Source/queue.c **** /*-----------------------------------------------------------*/
 138:Middlewares/Third_Party/FreeRTOS/Source/queue.c **** 
 139:Middlewares/Third_Party/FreeRTOS/Source/queue.c **** /*
 140:Middlewares/Third_Party/FreeRTOS/Source/queue.c ****  * The queue registry is just a means for kernel aware debuggers to locate
 141:Middlewares/Third_Party/FreeRTOS/Source/queue.c ****  * queue structures.  It has no other purpose so is an optional component.
 142:Middlewares/Third_Party/FreeRTOS/Source/queue.c ****  */
 143:Middlewares/Third_Party/FreeRTOS/Source/queue.c **** #if ( configQUEUE_REGISTRY_SIZE > 0 )
 144:Middlewares/Third_Party/FreeRTOS/Source/queue.c **** 
 145:Middlewares/Third_Party/FreeRTOS/Source/queue.c **** 	/* The type stored within the queue registry array.  This allows a name
ARM GAS  D:\temp\TMP\ccsMuV5a.s 			page 4


 146:Middlewares/Third_Party/FreeRTOS/Source/queue.c **** 	to be assigned to each queue making kernel aware debugging a little
 147:Middlewares/Third_Party/FreeRTOS/Source/queue.c **** 	more user friendly. */
 148:Middlewares/Third_Party/FreeRTOS/Source/queue.c **** 	typedef struct QUEUE_REGISTRY_ITEM
 149:Middlewares/Third_Party/FreeRTOS/Source/queue.c **** 	{
 150:Middlewares/Third_Party/FreeRTOS/Source/queue.c **** 		const char *pcQueueName; /*lint !e971 Unqualified char types are allowed for strings and single c
 151:Middlewares/Third_Party/FreeRTOS/Source/queue.c **** 		QueueHandle_t xHandle;
 152:Middlewares/Third_Party/FreeRTOS/Source/queue.c **** 	} xQueueRegistryItem;
 153:Middlewares/Third_Party/FreeRTOS/Source/queue.c **** 
 154:Middlewares/Third_Party/FreeRTOS/Source/queue.c **** 	/* The old xQueueRegistryItem name is maintained above then typedefed to the
 155:Middlewares/Third_Party/FreeRTOS/Source/queue.c **** 	new xQueueRegistryItem name below to enable the use of older kernel aware
 156:Middlewares/Third_Party/FreeRTOS/Source/queue.c **** 	debuggers. */
 157:Middlewares/Third_Party/FreeRTOS/Source/queue.c **** 	typedef xQueueRegistryItem QueueRegistryItem_t;
 158:Middlewares/Third_Party/FreeRTOS/Source/queue.c **** 
 159:Middlewares/Third_Party/FreeRTOS/Source/queue.c **** 	/* The queue registry is simply an array of QueueRegistryItem_t structures.
 160:Middlewares/Third_Party/FreeRTOS/Source/queue.c **** 	The pcQueueName member of a structure being NULL is indicative of the
 161:Middlewares/Third_Party/FreeRTOS/Source/queue.c **** 	array position being vacant. */
 162:Middlewares/Third_Party/FreeRTOS/Source/queue.c **** 	PRIVILEGED_DATA QueueRegistryItem_t xQueueRegistry[ configQUEUE_REGISTRY_SIZE ];
 163:Middlewares/Third_Party/FreeRTOS/Source/queue.c **** 
 164:Middlewares/Third_Party/FreeRTOS/Source/queue.c **** #endif /* configQUEUE_REGISTRY_SIZE */
 165:Middlewares/Third_Party/FreeRTOS/Source/queue.c **** 
 166:Middlewares/Third_Party/FreeRTOS/Source/queue.c **** /*
 167:Middlewares/Third_Party/FreeRTOS/Source/queue.c ****  * Unlocks a queue locked by a call to prvLockQueue.  Locking a queue does not
 168:Middlewares/Third_Party/FreeRTOS/Source/queue.c ****  * prevent an ISR from adding or removing items to the queue, but does prevent
 169:Middlewares/Third_Party/FreeRTOS/Source/queue.c ****  * an ISR from removing tasks from the queue event lists.  If an ISR finds a
 170:Middlewares/Third_Party/FreeRTOS/Source/queue.c ****  * queue is locked it will instead increment the appropriate queue lock count
 171:Middlewares/Third_Party/FreeRTOS/Source/queue.c ****  * to indicate that a task may require unblocking.  When the queue in unlocked
 172:Middlewares/Third_Party/FreeRTOS/Source/queue.c ****  * these lock counts are inspected, and the appropriate action taken.
 173:Middlewares/Third_Party/FreeRTOS/Source/queue.c ****  */
 174:Middlewares/Third_Party/FreeRTOS/Source/queue.c **** static void prvUnlockQueue( Queue_t * const pxQueue ) PRIVILEGED_FUNCTION;
 175:Middlewares/Third_Party/FreeRTOS/Source/queue.c **** 
 176:Middlewares/Third_Party/FreeRTOS/Source/queue.c **** /*
 177:Middlewares/Third_Party/FreeRTOS/Source/queue.c ****  * Uses a critical section to determine if there is any data in a queue.
 178:Middlewares/Third_Party/FreeRTOS/Source/queue.c ****  *
 179:Middlewares/Third_Party/FreeRTOS/Source/queue.c ****  * @return pdTRUE if the queue contains no items, otherwise pdFALSE.
 180:Middlewares/Third_Party/FreeRTOS/Source/queue.c ****  */
 181:Middlewares/Third_Party/FreeRTOS/Source/queue.c **** static BaseType_t prvIsQueueEmpty( const Queue_t *pxQueue ) PRIVILEGED_FUNCTION;
 182:Middlewares/Third_Party/FreeRTOS/Source/queue.c **** 
 183:Middlewares/Third_Party/FreeRTOS/Source/queue.c **** /*
 184:Middlewares/Third_Party/FreeRTOS/Source/queue.c ****  * Uses a critical section to determine if there is any space in a queue.
 185:Middlewares/Third_Party/FreeRTOS/Source/queue.c ****  *
 186:Middlewares/Third_Party/FreeRTOS/Source/queue.c ****  * @return pdTRUE if there is no space, otherwise pdFALSE;
 187:Middlewares/Third_Party/FreeRTOS/Source/queue.c ****  */
 188:Middlewares/Third_Party/FreeRTOS/Source/queue.c **** static BaseType_t prvIsQueueFull( const Queue_t *pxQueue ) PRIVILEGED_FUNCTION;
 189:Middlewares/Third_Party/FreeRTOS/Source/queue.c **** 
 190:Middlewares/Third_Party/FreeRTOS/Source/queue.c **** /*
 191:Middlewares/Third_Party/FreeRTOS/Source/queue.c ****  * Copies an item into the queue, either at the front of the queue or the
 192:Middlewares/Third_Party/FreeRTOS/Source/queue.c ****  * back of the queue.
 193:Middlewares/Third_Party/FreeRTOS/Source/queue.c ****  */
 194:Middlewares/Third_Party/FreeRTOS/Source/queue.c **** static BaseType_t prvCopyDataToQueue( Queue_t * const pxQueue, const void *pvItemToQueue, const Bas
 195:Middlewares/Third_Party/FreeRTOS/Source/queue.c **** 
 196:Middlewares/Third_Party/FreeRTOS/Source/queue.c **** /*
 197:Middlewares/Third_Party/FreeRTOS/Source/queue.c ****  * Copies an item out of a queue.
 198:Middlewares/Third_Party/FreeRTOS/Source/queue.c ****  */
 199:Middlewares/Third_Party/FreeRTOS/Source/queue.c **** static void prvCopyDataFromQueue( Queue_t * const pxQueue, void * const pvBuffer ) PRIVILEGED_FUNCT
 200:Middlewares/Third_Party/FreeRTOS/Source/queue.c **** 
 201:Middlewares/Third_Party/FreeRTOS/Source/queue.c **** #if ( configUSE_QUEUE_SETS == 1 )
 202:Middlewares/Third_Party/FreeRTOS/Source/queue.c **** 	/*
ARM GAS  D:\temp\TMP\ccsMuV5a.s 			page 5


 203:Middlewares/Third_Party/FreeRTOS/Source/queue.c **** 	 * Checks to see if a queue is a member of a queue set, and if so, notifies
 204:Middlewares/Third_Party/FreeRTOS/Source/queue.c **** 	 * the queue set that the queue contains data.
 205:Middlewares/Third_Party/FreeRTOS/Source/queue.c **** 	 */
 206:Middlewares/Third_Party/FreeRTOS/Source/queue.c **** 	static BaseType_t prvNotifyQueueSetContainer( const Queue_t * const pxQueue ) PRIVILEGED_FUNCTION;
 207:Middlewares/Third_Party/FreeRTOS/Source/queue.c **** #endif
 208:Middlewares/Third_Party/FreeRTOS/Source/queue.c **** 
 209:Middlewares/Third_Party/FreeRTOS/Source/queue.c **** /*
 210:Middlewares/Third_Party/FreeRTOS/Source/queue.c ****  * Called after a Queue_t structure has been allocated either statically or
 211:Middlewares/Third_Party/FreeRTOS/Source/queue.c ****  * dynamically to fill in the structure's members.
 212:Middlewares/Third_Party/FreeRTOS/Source/queue.c ****  */
 213:Middlewares/Third_Party/FreeRTOS/Source/queue.c **** static void prvInitialiseNewQueue( const UBaseType_t uxQueueLength, const UBaseType_t uxItemSize, u
 214:Middlewares/Third_Party/FreeRTOS/Source/queue.c **** 
 215:Middlewares/Third_Party/FreeRTOS/Source/queue.c **** /*
 216:Middlewares/Third_Party/FreeRTOS/Source/queue.c ****  * Mutexes are a special type of queue.  When a mutex is created, first the
 217:Middlewares/Third_Party/FreeRTOS/Source/queue.c ****  * queue is created, then prvInitialiseMutex() is called to configure the queue
 218:Middlewares/Third_Party/FreeRTOS/Source/queue.c ****  * as a mutex.
 219:Middlewares/Third_Party/FreeRTOS/Source/queue.c ****  */
 220:Middlewares/Third_Party/FreeRTOS/Source/queue.c **** #if( configUSE_MUTEXES == 1 )
 221:Middlewares/Third_Party/FreeRTOS/Source/queue.c **** 	static void prvInitialiseMutex( Queue_t *pxNewQueue ) PRIVILEGED_FUNCTION;
 222:Middlewares/Third_Party/FreeRTOS/Source/queue.c **** #endif
 223:Middlewares/Third_Party/FreeRTOS/Source/queue.c **** 
 224:Middlewares/Third_Party/FreeRTOS/Source/queue.c **** #if( configUSE_MUTEXES == 1 )
 225:Middlewares/Third_Party/FreeRTOS/Source/queue.c **** 	/*
 226:Middlewares/Third_Party/FreeRTOS/Source/queue.c **** 	 * If a task waiting for a mutex causes the mutex holder to inherit a
 227:Middlewares/Third_Party/FreeRTOS/Source/queue.c **** 	 * priority, but the waiting task times out, then the holder should
 228:Middlewares/Third_Party/FreeRTOS/Source/queue.c **** 	 * disinherit the priority - but only down to the highest priority of any
 229:Middlewares/Third_Party/FreeRTOS/Source/queue.c **** 	 * other tasks that are waiting for the same mutex.  This function returns
 230:Middlewares/Third_Party/FreeRTOS/Source/queue.c **** 	 * that priority.
 231:Middlewares/Third_Party/FreeRTOS/Source/queue.c **** 	 */
 232:Middlewares/Third_Party/FreeRTOS/Source/queue.c **** 	static UBaseType_t prvGetDisinheritPriorityAfterTimeout( const Queue_t * const pxQueue ) PRIVILEGE
 233:Middlewares/Third_Party/FreeRTOS/Source/queue.c **** #endif
 234:Middlewares/Third_Party/FreeRTOS/Source/queue.c **** /*-----------------------------------------------------------*/
 235:Middlewares/Third_Party/FreeRTOS/Source/queue.c **** 
 236:Middlewares/Third_Party/FreeRTOS/Source/queue.c **** /*
 237:Middlewares/Third_Party/FreeRTOS/Source/queue.c ****  * Macro to mark a queue as locked.  Locking a queue prevents an ISR from
 238:Middlewares/Third_Party/FreeRTOS/Source/queue.c ****  * accessing the queue event lists.
 239:Middlewares/Third_Party/FreeRTOS/Source/queue.c ****  */
 240:Middlewares/Third_Party/FreeRTOS/Source/queue.c **** #define prvLockQueue( pxQueue )								\
 241:Middlewares/Third_Party/FreeRTOS/Source/queue.c **** 	taskENTER_CRITICAL();									\
 242:Middlewares/Third_Party/FreeRTOS/Source/queue.c **** 	{														\
 243:Middlewares/Third_Party/FreeRTOS/Source/queue.c **** 		if( ( pxQueue )->cRxLock == queueUNLOCKED )			\
 244:Middlewares/Third_Party/FreeRTOS/Source/queue.c **** 		{													\
 245:Middlewares/Third_Party/FreeRTOS/Source/queue.c **** 			( pxQueue )->cRxLock = queueLOCKED_UNMODIFIED;	\
 246:Middlewares/Third_Party/FreeRTOS/Source/queue.c **** 		}													\
 247:Middlewares/Third_Party/FreeRTOS/Source/queue.c **** 		if( ( pxQueue )->cTxLock == queueUNLOCKED )			\
 248:Middlewares/Third_Party/FreeRTOS/Source/queue.c **** 		{													\
 249:Middlewares/Third_Party/FreeRTOS/Source/queue.c **** 			( pxQueue )->cTxLock = queueLOCKED_UNMODIFIED;	\
 250:Middlewares/Third_Party/FreeRTOS/Source/queue.c **** 		}													\
 251:Middlewares/Third_Party/FreeRTOS/Source/queue.c **** 	}														\
 252:Middlewares/Third_Party/FreeRTOS/Source/queue.c **** 	taskEXIT_CRITICAL()
 253:Middlewares/Third_Party/FreeRTOS/Source/queue.c **** /*-----------------------------------------------------------*/
 254:Middlewares/Third_Party/FreeRTOS/Source/queue.c **** 
 255:Middlewares/Third_Party/FreeRTOS/Source/queue.c **** BaseType_t xQueueGenericReset( QueueHandle_t xQueue, BaseType_t xNewQueue )
 256:Middlewares/Third_Party/FreeRTOS/Source/queue.c **** {
 257:Middlewares/Third_Party/FreeRTOS/Source/queue.c **** Queue_t * const pxQueue = xQueue;
 258:Middlewares/Third_Party/FreeRTOS/Source/queue.c **** 
 259:Middlewares/Third_Party/FreeRTOS/Source/queue.c **** 	configASSERT( pxQueue );
ARM GAS  D:\temp\TMP\ccsMuV5a.s 			page 6


 260:Middlewares/Third_Party/FreeRTOS/Source/queue.c **** 
 261:Middlewares/Third_Party/FreeRTOS/Source/queue.c **** 	taskENTER_CRITICAL();
 262:Middlewares/Third_Party/FreeRTOS/Source/queue.c **** 	{
 263:Middlewares/Third_Party/FreeRTOS/Source/queue.c **** 		pxQueue->u.xQueue.pcTail = pxQueue->pcHead + ( pxQueue->uxLength * pxQueue->uxItemSize ); /*lint 
 264:Middlewares/Third_Party/FreeRTOS/Source/queue.c **** 		pxQueue->uxMessagesWaiting = ( UBaseType_t ) 0U;
 265:Middlewares/Third_Party/FreeRTOS/Source/queue.c **** 		pxQueue->pcWriteTo = pxQueue->pcHead;
 266:Middlewares/Third_Party/FreeRTOS/Source/queue.c **** 		pxQueue->u.xQueue.pcReadFrom = pxQueue->pcHead + ( ( pxQueue->uxLength - 1U ) * pxQueue->uxItemSi
 267:Middlewares/Third_Party/FreeRTOS/Source/queue.c **** 		pxQueue->cRxLock = queueUNLOCKED;
 268:Middlewares/Third_Party/FreeRTOS/Source/queue.c **** 		pxQueue->cTxLock = queueUNLOCKED;
 269:Middlewares/Third_Party/FreeRTOS/Source/queue.c **** 
 270:Middlewares/Third_Party/FreeRTOS/Source/queue.c **** 		if( xNewQueue == pdFALSE )
 271:Middlewares/Third_Party/FreeRTOS/Source/queue.c **** 		{
 272:Middlewares/Third_Party/FreeRTOS/Source/queue.c **** 			/* If there are tasks blocked waiting to read from the queue, then
 273:Middlewares/Third_Party/FreeRTOS/Source/queue.c **** 			the tasks will remain blocked as after this function exits the queue
 274:Middlewares/Third_Party/FreeRTOS/Source/queue.c **** 			will still be empty.  If there are tasks blocked waiting to write to
 275:Middlewares/Third_Party/FreeRTOS/Source/queue.c **** 			the queue, then one should be unblocked as after this function exits
 276:Middlewares/Third_Party/FreeRTOS/Source/queue.c **** 			it will be possible to write to it. */
 277:Middlewares/Third_Party/FreeRTOS/Source/queue.c **** 			if( listLIST_IS_EMPTY( &( pxQueue->xTasksWaitingToSend ) ) == pdFALSE )
 278:Middlewares/Third_Party/FreeRTOS/Source/queue.c **** 			{
 279:Middlewares/Third_Party/FreeRTOS/Source/queue.c **** 				if( xTaskRemoveFromEventList( &( pxQueue->xTasksWaitingToSend ) ) != pdFALSE )
 280:Middlewares/Third_Party/FreeRTOS/Source/queue.c **** 				{
 281:Middlewares/Third_Party/FreeRTOS/Source/queue.c **** 					queueYIELD_IF_USING_PREEMPTION();
 282:Middlewares/Third_Party/FreeRTOS/Source/queue.c **** 				}
 283:Middlewares/Third_Party/FreeRTOS/Source/queue.c **** 				else
 284:Middlewares/Third_Party/FreeRTOS/Source/queue.c **** 				{
 285:Middlewares/Third_Party/FreeRTOS/Source/queue.c **** 					mtCOVERAGE_TEST_MARKER();
 286:Middlewares/Third_Party/FreeRTOS/Source/queue.c **** 				}
 287:Middlewares/Third_Party/FreeRTOS/Source/queue.c **** 			}
 288:Middlewares/Third_Party/FreeRTOS/Source/queue.c **** 			else
 289:Middlewares/Third_Party/FreeRTOS/Source/queue.c **** 			{
 290:Middlewares/Third_Party/FreeRTOS/Source/queue.c **** 				mtCOVERAGE_TEST_MARKER();
 291:Middlewares/Third_Party/FreeRTOS/Source/queue.c **** 			}
 292:Middlewares/Third_Party/FreeRTOS/Source/queue.c **** 		}
 293:Middlewares/Third_Party/FreeRTOS/Source/queue.c **** 		else
 294:Middlewares/Third_Party/FreeRTOS/Source/queue.c **** 		{
 295:Middlewares/Third_Party/FreeRTOS/Source/queue.c **** 			/* Ensure the event queues start in the correct state. */
 296:Middlewares/Third_Party/FreeRTOS/Source/queue.c **** 			vListInitialise( &( pxQueue->xTasksWaitingToSend ) );
 297:Middlewares/Third_Party/FreeRTOS/Source/queue.c **** 			vListInitialise( &( pxQueue->xTasksWaitingToReceive ) );
 298:Middlewares/Third_Party/FreeRTOS/Source/queue.c **** 		}
 299:Middlewares/Third_Party/FreeRTOS/Source/queue.c **** 	}
 300:Middlewares/Third_Party/FreeRTOS/Source/queue.c **** 	taskEXIT_CRITICAL();
 301:Middlewares/Third_Party/FreeRTOS/Source/queue.c **** 
 302:Middlewares/Third_Party/FreeRTOS/Source/queue.c **** 	/* A value is returned for calling semantic consistency with previous
 303:Middlewares/Third_Party/FreeRTOS/Source/queue.c **** 	versions. */
 304:Middlewares/Third_Party/FreeRTOS/Source/queue.c **** 	return pdPASS;
 305:Middlewares/Third_Party/FreeRTOS/Source/queue.c **** }
 306:Middlewares/Third_Party/FreeRTOS/Source/queue.c **** /*-----------------------------------------------------------*/
 307:Middlewares/Third_Party/FreeRTOS/Source/queue.c **** 
 308:Middlewares/Third_Party/FreeRTOS/Source/queue.c **** #if( configSUPPORT_STATIC_ALLOCATION == 1 )
 309:Middlewares/Third_Party/FreeRTOS/Source/queue.c **** 
 310:Middlewares/Third_Party/FreeRTOS/Source/queue.c **** 	QueueHandle_t xQueueGenericCreateStatic( const UBaseType_t uxQueueLength, const UBaseType_t uxItem
 311:Middlewares/Third_Party/FreeRTOS/Source/queue.c **** 	{
 312:Middlewares/Third_Party/FreeRTOS/Source/queue.c **** 	Queue_t *pxNewQueue;
 313:Middlewares/Third_Party/FreeRTOS/Source/queue.c **** 
 314:Middlewares/Third_Party/FreeRTOS/Source/queue.c **** 		configASSERT( uxQueueLength > ( UBaseType_t ) 0 );
 315:Middlewares/Third_Party/FreeRTOS/Source/queue.c **** 
 316:Middlewares/Third_Party/FreeRTOS/Source/queue.c **** 		/* The StaticQueue_t structure and the queue storage area must be
ARM GAS  D:\temp\TMP\ccsMuV5a.s 			page 7


 317:Middlewares/Third_Party/FreeRTOS/Source/queue.c **** 		supplied. */
 318:Middlewares/Third_Party/FreeRTOS/Source/queue.c **** 		configASSERT( pxStaticQueue != NULL );
 319:Middlewares/Third_Party/FreeRTOS/Source/queue.c **** 
 320:Middlewares/Third_Party/FreeRTOS/Source/queue.c **** 		/* A queue storage area should be provided if the item size is not 0, and
 321:Middlewares/Third_Party/FreeRTOS/Source/queue.c **** 		should not be provided if the item size is 0. */
 322:Middlewares/Third_Party/FreeRTOS/Source/queue.c **** 		configASSERT( !( ( pucQueueStorage != NULL ) && ( uxItemSize == 0 ) ) );
 323:Middlewares/Third_Party/FreeRTOS/Source/queue.c **** 		configASSERT( !( ( pucQueueStorage == NULL ) && ( uxItemSize != 0 ) ) );
 324:Middlewares/Third_Party/FreeRTOS/Source/queue.c **** 
 325:Middlewares/Third_Party/FreeRTOS/Source/queue.c **** 		#if( configASSERT_DEFINED == 1 )
 326:Middlewares/Third_Party/FreeRTOS/Source/queue.c **** 		{
 327:Middlewares/Third_Party/FreeRTOS/Source/queue.c **** 			/* Sanity check that the size of the structure used to declare a
 328:Middlewares/Third_Party/FreeRTOS/Source/queue.c **** 			variable of type StaticQueue_t or StaticSemaphore_t equals the size of
 329:Middlewares/Third_Party/FreeRTOS/Source/queue.c **** 			the real queue and semaphore structures. */
 330:Middlewares/Third_Party/FreeRTOS/Source/queue.c **** 			volatile size_t xSize = sizeof( StaticQueue_t );
 331:Middlewares/Third_Party/FreeRTOS/Source/queue.c **** 			configASSERT( xSize == sizeof( Queue_t ) );
 332:Middlewares/Third_Party/FreeRTOS/Source/queue.c **** 			( void ) xSize; /* Keeps lint quiet when configASSERT() is not defined. */
 333:Middlewares/Third_Party/FreeRTOS/Source/queue.c **** 		}
 334:Middlewares/Third_Party/FreeRTOS/Source/queue.c **** 		#endif /* configASSERT_DEFINED */
 335:Middlewares/Third_Party/FreeRTOS/Source/queue.c **** 
 336:Middlewares/Third_Party/FreeRTOS/Source/queue.c **** 		/* The address of a statically allocated queue was passed in, use it.
 337:Middlewares/Third_Party/FreeRTOS/Source/queue.c **** 		The address of a statically allocated storage area was also passed in
 338:Middlewares/Third_Party/FreeRTOS/Source/queue.c **** 		but is already set. */
 339:Middlewares/Third_Party/FreeRTOS/Source/queue.c **** 		pxNewQueue = ( Queue_t * ) pxStaticQueue; /*lint !e740 !e9087 Unusual cast is ok as the structure
 340:Middlewares/Third_Party/FreeRTOS/Source/queue.c **** 
 341:Middlewares/Third_Party/FreeRTOS/Source/queue.c **** 		if( pxNewQueue != NULL )
 342:Middlewares/Third_Party/FreeRTOS/Source/queue.c **** 		{
 343:Middlewares/Third_Party/FreeRTOS/Source/queue.c **** 			#if( configSUPPORT_DYNAMIC_ALLOCATION == 1 )
 344:Middlewares/Third_Party/FreeRTOS/Source/queue.c **** 			{
 345:Middlewares/Third_Party/FreeRTOS/Source/queue.c **** 				/* Queues can be allocated wither statically or dynamically, so
 346:Middlewares/Third_Party/FreeRTOS/Source/queue.c **** 				note this queue was allocated statically in case the queue is
 347:Middlewares/Third_Party/FreeRTOS/Source/queue.c **** 				later deleted. */
 348:Middlewares/Third_Party/FreeRTOS/Source/queue.c **** 				pxNewQueue->ucStaticallyAllocated = pdTRUE;
 349:Middlewares/Third_Party/FreeRTOS/Source/queue.c **** 			}
 350:Middlewares/Third_Party/FreeRTOS/Source/queue.c **** 			#endif /* configSUPPORT_DYNAMIC_ALLOCATION */
 351:Middlewares/Third_Party/FreeRTOS/Source/queue.c **** 
 352:Middlewares/Third_Party/FreeRTOS/Source/queue.c **** 			prvInitialiseNewQueue( uxQueueLength, uxItemSize, pucQueueStorage, ucQueueType, pxNewQueue );
 353:Middlewares/Third_Party/FreeRTOS/Source/queue.c **** 		}
 354:Middlewares/Third_Party/FreeRTOS/Source/queue.c **** 		else
 355:Middlewares/Third_Party/FreeRTOS/Source/queue.c **** 		{
 356:Middlewares/Third_Party/FreeRTOS/Source/queue.c **** 			traceQUEUE_CREATE_FAILED( ucQueueType );
 357:Middlewares/Third_Party/FreeRTOS/Source/queue.c **** 			mtCOVERAGE_TEST_MARKER();
 358:Middlewares/Third_Party/FreeRTOS/Source/queue.c **** 		}
 359:Middlewares/Third_Party/FreeRTOS/Source/queue.c **** 
 360:Middlewares/Third_Party/FreeRTOS/Source/queue.c **** 		return pxNewQueue;
 361:Middlewares/Third_Party/FreeRTOS/Source/queue.c **** 	}
 362:Middlewares/Third_Party/FreeRTOS/Source/queue.c **** 
 363:Middlewares/Third_Party/FreeRTOS/Source/queue.c **** #endif /* configSUPPORT_STATIC_ALLOCATION */
 364:Middlewares/Third_Party/FreeRTOS/Source/queue.c **** /*-----------------------------------------------------------*/
 365:Middlewares/Third_Party/FreeRTOS/Source/queue.c **** 
 366:Middlewares/Third_Party/FreeRTOS/Source/queue.c **** #if( configSUPPORT_DYNAMIC_ALLOCATION == 1 )
 367:Middlewares/Third_Party/FreeRTOS/Source/queue.c **** 
 368:Middlewares/Third_Party/FreeRTOS/Source/queue.c **** 	QueueHandle_t xQueueGenericCreate( const UBaseType_t uxQueueLength, const UBaseType_t uxItemSize, 
 369:Middlewares/Third_Party/FreeRTOS/Source/queue.c **** 	{
 370:Middlewares/Third_Party/FreeRTOS/Source/queue.c **** 	Queue_t *pxNewQueue;
 371:Middlewares/Third_Party/FreeRTOS/Source/queue.c **** 	size_t xQueueSizeInBytes;
 372:Middlewares/Third_Party/FreeRTOS/Source/queue.c **** 	uint8_t *pucQueueStorage;
 373:Middlewares/Third_Party/FreeRTOS/Source/queue.c **** 
ARM GAS  D:\temp\TMP\ccsMuV5a.s 			page 8


 374:Middlewares/Third_Party/FreeRTOS/Source/queue.c **** 		configASSERT( uxQueueLength > ( UBaseType_t ) 0 );
 375:Middlewares/Third_Party/FreeRTOS/Source/queue.c **** 
 376:Middlewares/Third_Party/FreeRTOS/Source/queue.c **** 		/* Allocate enough space to hold the maximum number of items that
 377:Middlewares/Third_Party/FreeRTOS/Source/queue.c **** 		can be in the queue at any time.  It is valid for uxItemSize to be
 378:Middlewares/Third_Party/FreeRTOS/Source/queue.c **** 		zero in the case the queue is used as a semaphore. */
 379:Middlewares/Third_Party/FreeRTOS/Source/queue.c **** 		xQueueSizeInBytes = ( size_t ) ( uxQueueLength * uxItemSize ); /*lint !e961 MISRA exception as th
 380:Middlewares/Third_Party/FreeRTOS/Source/queue.c **** 
 381:Middlewares/Third_Party/FreeRTOS/Source/queue.c **** 		/* Allocate the queue and storage area.  Justification for MISRA
 382:Middlewares/Third_Party/FreeRTOS/Source/queue.c **** 		deviation as follows:  pvPortMalloc() always ensures returned memory
 383:Middlewares/Third_Party/FreeRTOS/Source/queue.c **** 		blocks are aligned per the requirements of the MCU stack.  In this case
 384:Middlewares/Third_Party/FreeRTOS/Source/queue.c **** 		pvPortMalloc() must return a pointer that is guaranteed to meet the
 385:Middlewares/Third_Party/FreeRTOS/Source/queue.c **** 		alignment requirements of the Queue_t structure - which in this case
 386:Middlewares/Third_Party/FreeRTOS/Source/queue.c **** 		is an int8_t *.  Therefore, whenever the stack alignment requirements
 387:Middlewares/Third_Party/FreeRTOS/Source/queue.c **** 		are greater than or equal to the pointer to char requirements the cast
 388:Middlewares/Third_Party/FreeRTOS/Source/queue.c **** 		is safe.  In other cases alignment requirements are not strict (one or
 389:Middlewares/Third_Party/FreeRTOS/Source/queue.c **** 		two bytes). */
 390:Middlewares/Third_Party/FreeRTOS/Source/queue.c **** 		pxNewQueue = ( Queue_t * ) pvPortMalloc( sizeof( Queue_t ) + xQueueSizeInBytes ); /*lint !e9087 !
 391:Middlewares/Third_Party/FreeRTOS/Source/queue.c **** 
 392:Middlewares/Third_Party/FreeRTOS/Source/queue.c **** 		if( pxNewQueue != NULL )
 393:Middlewares/Third_Party/FreeRTOS/Source/queue.c **** 		{
 394:Middlewares/Third_Party/FreeRTOS/Source/queue.c **** 			/* Jump past the queue structure to find the location of the queue
 395:Middlewares/Third_Party/FreeRTOS/Source/queue.c **** 			storage area. */
 396:Middlewares/Third_Party/FreeRTOS/Source/queue.c **** 			pucQueueStorage = ( uint8_t * ) pxNewQueue;
 397:Middlewares/Third_Party/FreeRTOS/Source/queue.c **** 			pucQueueStorage += sizeof( Queue_t ); /*lint !e9016 Pointer arithmetic allowed on char types, es
 398:Middlewares/Third_Party/FreeRTOS/Source/queue.c **** 
 399:Middlewares/Third_Party/FreeRTOS/Source/queue.c **** 			#if( configSUPPORT_STATIC_ALLOCATION == 1 )
 400:Middlewares/Third_Party/FreeRTOS/Source/queue.c **** 			{
 401:Middlewares/Third_Party/FreeRTOS/Source/queue.c **** 				/* Queues can be created either statically or dynamically, so
 402:Middlewares/Third_Party/FreeRTOS/Source/queue.c **** 				note this task was created dynamically in case it is later
 403:Middlewares/Third_Party/FreeRTOS/Source/queue.c **** 				deleted. */
 404:Middlewares/Third_Party/FreeRTOS/Source/queue.c **** 				pxNewQueue->ucStaticallyAllocated = pdFALSE;
 405:Middlewares/Third_Party/FreeRTOS/Source/queue.c **** 			}
 406:Middlewares/Third_Party/FreeRTOS/Source/queue.c **** 			#endif /* configSUPPORT_STATIC_ALLOCATION */
 407:Middlewares/Third_Party/FreeRTOS/Source/queue.c **** 
 408:Middlewares/Third_Party/FreeRTOS/Source/queue.c **** 			prvInitialiseNewQueue( uxQueueLength, uxItemSize, pucQueueStorage, ucQueueType, pxNewQueue );
 409:Middlewares/Third_Party/FreeRTOS/Source/queue.c **** 		}
 410:Middlewares/Third_Party/FreeRTOS/Source/queue.c **** 		else
 411:Middlewares/Third_Party/FreeRTOS/Source/queue.c **** 		{
 412:Middlewares/Third_Party/FreeRTOS/Source/queue.c **** 			traceQUEUE_CREATE_FAILED( ucQueueType );
 413:Middlewares/Third_Party/FreeRTOS/Source/queue.c **** 			mtCOVERAGE_TEST_MARKER();
 414:Middlewares/Third_Party/FreeRTOS/Source/queue.c **** 		}
 415:Middlewares/Third_Party/FreeRTOS/Source/queue.c **** 
 416:Middlewares/Third_Party/FreeRTOS/Source/queue.c **** 		return pxNewQueue;
 417:Middlewares/Third_Party/FreeRTOS/Source/queue.c **** 	}
 418:Middlewares/Third_Party/FreeRTOS/Source/queue.c **** 
 419:Middlewares/Third_Party/FreeRTOS/Source/queue.c **** #endif /* configSUPPORT_STATIC_ALLOCATION */
 420:Middlewares/Third_Party/FreeRTOS/Source/queue.c **** /*-----------------------------------------------------------*/
 421:Middlewares/Third_Party/FreeRTOS/Source/queue.c **** 
 422:Middlewares/Third_Party/FreeRTOS/Source/queue.c **** static void prvInitialiseNewQueue( const UBaseType_t uxQueueLength, const UBaseType_t uxItemSize, u
 423:Middlewares/Third_Party/FreeRTOS/Source/queue.c **** {
 424:Middlewares/Third_Party/FreeRTOS/Source/queue.c **** 	/* Remove compiler warnings about unused parameters should
 425:Middlewares/Third_Party/FreeRTOS/Source/queue.c **** 	configUSE_TRACE_FACILITY not be set to 1. */
 426:Middlewares/Third_Party/FreeRTOS/Source/queue.c **** 	( void ) ucQueueType;
 427:Middlewares/Third_Party/FreeRTOS/Source/queue.c **** 
 428:Middlewares/Third_Party/FreeRTOS/Source/queue.c **** 	if( uxItemSize == ( UBaseType_t ) 0 )
 429:Middlewares/Third_Party/FreeRTOS/Source/queue.c **** 	{
 430:Middlewares/Third_Party/FreeRTOS/Source/queue.c **** 		/* No RAM was allocated for the queue storage area, but PC head cannot
ARM GAS  D:\temp\TMP\ccsMuV5a.s 			page 9


 431:Middlewares/Third_Party/FreeRTOS/Source/queue.c **** 		be set to NULL because NULL is used as a key to say the queue is used as
 432:Middlewares/Third_Party/FreeRTOS/Source/queue.c **** 		a mutex.  Therefore just set pcHead to point to the queue as a benign
 433:Middlewares/Third_Party/FreeRTOS/Source/queue.c **** 		value that is known to be within the memory map. */
 434:Middlewares/Third_Party/FreeRTOS/Source/queue.c **** 		pxNewQueue->pcHead = ( int8_t * ) pxNewQueue;
 435:Middlewares/Third_Party/FreeRTOS/Source/queue.c **** 	}
 436:Middlewares/Third_Party/FreeRTOS/Source/queue.c **** 	else
 437:Middlewares/Third_Party/FreeRTOS/Source/queue.c **** 	{
 438:Middlewares/Third_Party/FreeRTOS/Source/queue.c **** 		/* Set the head to the start of the queue storage area. */
 439:Middlewares/Third_Party/FreeRTOS/Source/queue.c **** 		pxNewQueue->pcHead = ( int8_t * ) pucQueueStorage;
 440:Middlewares/Third_Party/FreeRTOS/Source/queue.c **** 	}
 441:Middlewares/Third_Party/FreeRTOS/Source/queue.c **** 
 442:Middlewares/Third_Party/FreeRTOS/Source/queue.c **** 	/* Initialise the queue members as described where the queue type is
 443:Middlewares/Third_Party/FreeRTOS/Source/queue.c **** 	defined. */
 444:Middlewares/Third_Party/FreeRTOS/Source/queue.c **** 	pxNewQueue->uxLength = uxQueueLength;
 445:Middlewares/Third_Party/FreeRTOS/Source/queue.c **** 	pxNewQueue->uxItemSize = uxItemSize;
 446:Middlewares/Third_Party/FreeRTOS/Source/queue.c **** 	( void ) xQueueGenericReset( pxNewQueue, pdTRUE );
 447:Middlewares/Third_Party/FreeRTOS/Source/queue.c **** 
 448:Middlewares/Third_Party/FreeRTOS/Source/queue.c **** 	#if ( configUSE_TRACE_FACILITY == 1 )
 449:Middlewares/Third_Party/FreeRTOS/Source/queue.c **** 	{
 450:Middlewares/Third_Party/FreeRTOS/Source/queue.c **** 		pxNewQueue->ucQueueType = ucQueueType;
 451:Middlewares/Third_Party/FreeRTOS/Source/queue.c **** 	}
 452:Middlewares/Third_Party/FreeRTOS/Source/queue.c **** 	#endif /* configUSE_TRACE_FACILITY */
 453:Middlewares/Third_Party/FreeRTOS/Source/queue.c **** 
 454:Middlewares/Third_Party/FreeRTOS/Source/queue.c **** 	#if( configUSE_QUEUE_SETS == 1 )
 455:Middlewares/Third_Party/FreeRTOS/Source/queue.c **** 	{
 456:Middlewares/Third_Party/FreeRTOS/Source/queue.c **** 		pxNewQueue->pxQueueSetContainer = NULL;
 457:Middlewares/Third_Party/FreeRTOS/Source/queue.c **** 	}
 458:Middlewares/Third_Party/FreeRTOS/Source/queue.c **** 	#endif /* configUSE_QUEUE_SETS */
 459:Middlewares/Third_Party/FreeRTOS/Source/queue.c **** 
 460:Middlewares/Third_Party/FreeRTOS/Source/queue.c **** 	traceQUEUE_CREATE( pxNewQueue );
 461:Middlewares/Third_Party/FreeRTOS/Source/queue.c **** }
 462:Middlewares/Third_Party/FreeRTOS/Source/queue.c **** /*-----------------------------------------------------------*/
 463:Middlewares/Third_Party/FreeRTOS/Source/queue.c **** 
 464:Middlewares/Third_Party/FreeRTOS/Source/queue.c **** #if( configUSE_MUTEXES == 1 )
 465:Middlewares/Third_Party/FreeRTOS/Source/queue.c **** 
 466:Middlewares/Third_Party/FreeRTOS/Source/queue.c **** 	static void prvInitialiseMutex( Queue_t *pxNewQueue )
 467:Middlewares/Third_Party/FreeRTOS/Source/queue.c **** 	{
 468:Middlewares/Third_Party/FreeRTOS/Source/queue.c **** 		if( pxNewQueue != NULL )
 469:Middlewares/Third_Party/FreeRTOS/Source/queue.c **** 		{
 470:Middlewares/Third_Party/FreeRTOS/Source/queue.c **** 			/* The queue create function will set all the queue structure members
 471:Middlewares/Third_Party/FreeRTOS/Source/queue.c **** 			correctly for a generic queue, but this function is creating a
 472:Middlewares/Third_Party/FreeRTOS/Source/queue.c **** 			mutex.  Overwrite those members that need to be set differently -
 473:Middlewares/Third_Party/FreeRTOS/Source/queue.c **** 			in particular the information required for priority inheritance. */
 474:Middlewares/Third_Party/FreeRTOS/Source/queue.c **** 			pxNewQueue->u.xSemaphore.xMutexHolder = NULL;
 475:Middlewares/Third_Party/FreeRTOS/Source/queue.c **** 			pxNewQueue->uxQueueType = queueQUEUE_IS_MUTEX;
 476:Middlewares/Third_Party/FreeRTOS/Source/queue.c **** 
 477:Middlewares/Third_Party/FreeRTOS/Source/queue.c **** 			/* In case this is a recursive mutex. */
 478:Middlewares/Third_Party/FreeRTOS/Source/queue.c **** 			pxNewQueue->u.xSemaphore.uxRecursiveCallCount = 0;
 479:Middlewares/Third_Party/FreeRTOS/Source/queue.c **** 
 480:Middlewares/Third_Party/FreeRTOS/Source/queue.c **** 			traceCREATE_MUTEX( pxNewQueue );
 481:Middlewares/Third_Party/FreeRTOS/Source/queue.c **** 
 482:Middlewares/Third_Party/FreeRTOS/Source/queue.c **** 			/* Start with the semaphore in the expected state. */
 483:Middlewares/Third_Party/FreeRTOS/Source/queue.c **** 			( void ) xQueueGenericSend( pxNewQueue, NULL, ( TickType_t ) 0U, queueSEND_TO_BACK );
 484:Middlewares/Third_Party/FreeRTOS/Source/queue.c **** 		}
 485:Middlewares/Third_Party/FreeRTOS/Source/queue.c **** 		else
 486:Middlewares/Third_Party/FreeRTOS/Source/queue.c **** 		{
 487:Middlewares/Third_Party/FreeRTOS/Source/queue.c **** 			traceCREATE_MUTEX_FAILED();
ARM GAS  D:\temp\TMP\ccsMuV5a.s 			page 10


 488:Middlewares/Third_Party/FreeRTOS/Source/queue.c **** 		}
 489:Middlewares/Third_Party/FreeRTOS/Source/queue.c **** 	}
 490:Middlewares/Third_Party/FreeRTOS/Source/queue.c **** 
 491:Middlewares/Third_Party/FreeRTOS/Source/queue.c **** #endif /* configUSE_MUTEXES */
 492:Middlewares/Third_Party/FreeRTOS/Source/queue.c **** /*-----------------------------------------------------------*/
 493:Middlewares/Third_Party/FreeRTOS/Source/queue.c **** 
 494:Middlewares/Third_Party/FreeRTOS/Source/queue.c **** #if( ( configUSE_MUTEXES == 1 ) && ( configSUPPORT_DYNAMIC_ALLOCATION == 1 ) )
 495:Middlewares/Third_Party/FreeRTOS/Source/queue.c **** 
 496:Middlewares/Third_Party/FreeRTOS/Source/queue.c **** 	QueueHandle_t xQueueCreateMutex( const uint8_t ucQueueType )
 497:Middlewares/Third_Party/FreeRTOS/Source/queue.c **** 	{
 498:Middlewares/Third_Party/FreeRTOS/Source/queue.c **** 	QueueHandle_t xNewQueue;
 499:Middlewares/Third_Party/FreeRTOS/Source/queue.c **** 	const UBaseType_t uxMutexLength = ( UBaseType_t ) 1, uxMutexSize = ( UBaseType_t ) 0;
 500:Middlewares/Third_Party/FreeRTOS/Source/queue.c **** 
 501:Middlewares/Third_Party/FreeRTOS/Source/queue.c **** 		xNewQueue = xQueueGenericCreate( uxMutexLength, uxMutexSize, ucQueueType );
 502:Middlewares/Third_Party/FreeRTOS/Source/queue.c **** 		prvInitialiseMutex( ( Queue_t * ) xNewQueue );
 503:Middlewares/Third_Party/FreeRTOS/Source/queue.c **** 
 504:Middlewares/Third_Party/FreeRTOS/Source/queue.c **** 		return xNewQueue;
 505:Middlewares/Third_Party/FreeRTOS/Source/queue.c **** 	}
 506:Middlewares/Third_Party/FreeRTOS/Source/queue.c **** 
 507:Middlewares/Third_Party/FreeRTOS/Source/queue.c **** #endif /* configUSE_MUTEXES */
 508:Middlewares/Third_Party/FreeRTOS/Source/queue.c **** /*-----------------------------------------------------------*/
 509:Middlewares/Third_Party/FreeRTOS/Source/queue.c **** 
 510:Middlewares/Third_Party/FreeRTOS/Source/queue.c **** #if( ( configUSE_MUTEXES == 1 ) && ( configSUPPORT_STATIC_ALLOCATION == 1 ) )
 511:Middlewares/Third_Party/FreeRTOS/Source/queue.c **** 
 512:Middlewares/Third_Party/FreeRTOS/Source/queue.c **** 	QueueHandle_t xQueueCreateMutexStatic( const uint8_t ucQueueType, StaticQueue_t *pxStaticQueue )
 513:Middlewares/Third_Party/FreeRTOS/Source/queue.c **** 	{
 514:Middlewares/Third_Party/FreeRTOS/Source/queue.c **** 	QueueHandle_t xNewQueue;
 515:Middlewares/Third_Party/FreeRTOS/Source/queue.c **** 	const UBaseType_t uxMutexLength = ( UBaseType_t ) 1, uxMutexSize = ( UBaseType_t ) 0;
 516:Middlewares/Third_Party/FreeRTOS/Source/queue.c **** 
 517:Middlewares/Third_Party/FreeRTOS/Source/queue.c **** 		/* Prevent compiler warnings about unused parameters if
 518:Middlewares/Third_Party/FreeRTOS/Source/queue.c **** 		configUSE_TRACE_FACILITY does not equal 1. */
 519:Middlewares/Third_Party/FreeRTOS/Source/queue.c **** 		( void ) ucQueueType;
 520:Middlewares/Third_Party/FreeRTOS/Source/queue.c **** 
 521:Middlewares/Third_Party/FreeRTOS/Source/queue.c **** 		xNewQueue = xQueueGenericCreateStatic( uxMutexLength, uxMutexSize, NULL, pxStaticQueue, ucQueueTy
 522:Middlewares/Third_Party/FreeRTOS/Source/queue.c **** 		prvInitialiseMutex( ( Queue_t * ) xNewQueue );
 523:Middlewares/Third_Party/FreeRTOS/Source/queue.c **** 
 524:Middlewares/Third_Party/FreeRTOS/Source/queue.c **** 		return xNewQueue;
 525:Middlewares/Third_Party/FreeRTOS/Source/queue.c **** 	}
 526:Middlewares/Third_Party/FreeRTOS/Source/queue.c **** 
 527:Middlewares/Third_Party/FreeRTOS/Source/queue.c **** #endif /* configUSE_MUTEXES */
 528:Middlewares/Third_Party/FreeRTOS/Source/queue.c **** /*-----------------------------------------------------------*/
 529:Middlewares/Third_Party/FreeRTOS/Source/queue.c **** 
 530:Middlewares/Third_Party/FreeRTOS/Source/queue.c **** #if ( ( configUSE_MUTEXES == 1 ) && ( INCLUDE_xSemaphoreGetMutexHolder == 1 ) )
 531:Middlewares/Third_Party/FreeRTOS/Source/queue.c **** 
 532:Middlewares/Third_Party/FreeRTOS/Source/queue.c **** 	TaskHandle_t xQueueGetMutexHolder( QueueHandle_t xSemaphore )
 533:Middlewares/Third_Party/FreeRTOS/Source/queue.c **** 	{
 534:Middlewares/Third_Party/FreeRTOS/Source/queue.c **** 	TaskHandle_t pxReturn;
 535:Middlewares/Third_Party/FreeRTOS/Source/queue.c **** 	Queue_t * const pxSemaphore = ( Queue_t * ) xSemaphore;
 536:Middlewares/Third_Party/FreeRTOS/Source/queue.c **** 
 537:Middlewares/Third_Party/FreeRTOS/Source/queue.c **** 		/* This function is called by xSemaphoreGetMutexHolder(), and should not
 538:Middlewares/Third_Party/FreeRTOS/Source/queue.c **** 		be called directly.  Note:  This is a good way of determining if the
 539:Middlewares/Third_Party/FreeRTOS/Source/queue.c **** 		calling task is the mutex holder, but not a good way of determining the
 540:Middlewares/Third_Party/FreeRTOS/Source/queue.c **** 		identity of the mutex holder, as the holder may change between the
 541:Middlewares/Third_Party/FreeRTOS/Source/queue.c **** 		following critical section exiting and the function returning. */
 542:Middlewares/Third_Party/FreeRTOS/Source/queue.c **** 		taskENTER_CRITICAL();
 543:Middlewares/Third_Party/FreeRTOS/Source/queue.c **** 		{
 544:Middlewares/Third_Party/FreeRTOS/Source/queue.c **** 			if( pxSemaphore->uxQueueType == queueQUEUE_IS_MUTEX )
ARM GAS  D:\temp\TMP\ccsMuV5a.s 			page 11


 545:Middlewares/Third_Party/FreeRTOS/Source/queue.c **** 			{
 546:Middlewares/Third_Party/FreeRTOS/Source/queue.c **** 				pxReturn = pxSemaphore->u.xSemaphore.xMutexHolder;
 547:Middlewares/Third_Party/FreeRTOS/Source/queue.c **** 			}
 548:Middlewares/Third_Party/FreeRTOS/Source/queue.c **** 			else
 549:Middlewares/Third_Party/FreeRTOS/Source/queue.c **** 			{
 550:Middlewares/Third_Party/FreeRTOS/Source/queue.c **** 				pxReturn = NULL;
 551:Middlewares/Third_Party/FreeRTOS/Source/queue.c **** 			}
 552:Middlewares/Third_Party/FreeRTOS/Source/queue.c **** 		}
 553:Middlewares/Third_Party/FreeRTOS/Source/queue.c **** 		taskEXIT_CRITICAL();
 554:Middlewares/Third_Party/FreeRTOS/Source/queue.c **** 
 555:Middlewares/Third_Party/FreeRTOS/Source/queue.c **** 		return pxReturn;
 556:Middlewares/Third_Party/FreeRTOS/Source/queue.c **** 	} /*lint !e818 xSemaphore cannot be a pointer to const because it is a typedef. */
 557:Middlewares/Third_Party/FreeRTOS/Source/queue.c **** 
 558:Middlewares/Third_Party/FreeRTOS/Source/queue.c **** #endif
 559:Middlewares/Third_Party/FreeRTOS/Source/queue.c **** /*-----------------------------------------------------------*/
 560:Middlewares/Third_Party/FreeRTOS/Source/queue.c **** 
 561:Middlewares/Third_Party/FreeRTOS/Source/queue.c **** #if ( ( configUSE_MUTEXES == 1 ) && ( INCLUDE_xSemaphoreGetMutexHolder == 1 ) )
 562:Middlewares/Third_Party/FreeRTOS/Source/queue.c **** 
 563:Middlewares/Third_Party/FreeRTOS/Source/queue.c **** 	TaskHandle_t xQueueGetMutexHolderFromISR( QueueHandle_t xSemaphore )
 564:Middlewares/Third_Party/FreeRTOS/Source/queue.c **** 	{
 565:Middlewares/Third_Party/FreeRTOS/Source/queue.c **** 	TaskHandle_t pxReturn;
 566:Middlewares/Third_Party/FreeRTOS/Source/queue.c **** 
 567:Middlewares/Third_Party/FreeRTOS/Source/queue.c **** 		configASSERT( xSemaphore );
 568:Middlewares/Third_Party/FreeRTOS/Source/queue.c **** 
 569:Middlewares/Third_Party/FreeRTOS/Source/queue.c **** 		/* Mutexes cannot be used in interrupt service routines, so the mutex
 570:Middlewares/Third_Party/FreeRTOS/Source/queue.c **** 		holder should not change in an ISR, and therefore a critical section is
 571:Middlewares/Third_Party/FreeRTOS/Source/queue.c **** 		not required here. */
 572:Middlewares/Third_Party/FreeRTOS/Source/queue.c **** 		if( ( ( Queue_t * ) xSemaphore )->uxQueueType == queueQUEUE_IS_MUTEX )
 573:Middlewares/Third_Party/FreeRTOS/Source/queue.c **** 		{
 574:Middlewares/Third_Party/FreeRTOS/Source/queue.c **** 			pxReturn = ( ( Queue_t * ) xSemaphore )->u.xSemaphore.xMutexHolder;
 575:Middlewares/Third_Party/FreeRTOS/Source/queue.c **** 		}
 576:Middlewares/Third_Party/FreeRTOS/Source/queue.c **** 		else
 577:Middlewares/Third_Party/FreeRTOS/Source/queue.c **** 		{
 578:Middlewares/Third_Party/FreeRTOS/Source/queue.c **** 			pxReturn = NULL;
 579:Middlewares/Third_Party/FreeRTOS/Source/queue.c **** 		}
 580:Middlewares/Third_Party/FreeRTOS/Source/queue.c **** 
 581:Middlewares/Third_Party/FreeRTOS/Source/queue.c **** 		return pxReturn;
 582:Middlewares/Third_Party/FreeRTOS/Source/queue.c **** 	} /*lint !e818 xSemaphore cannot be a pointer to const because it is a typedef. */
 583:Middlewares/Third_Party/FreeRTOS/Source/queue.c **** 
 584:Middlewares/Third_Party/FreeRTOS/Source/queue.c **** #endif
 585:Middlewares/Third_Party/FreeRTOS/Source/queue.c **** /*-----------------------------------------------------------*/
 586:Middlewares/Third_Party/FreeRTOS/Source/queue.c **** 
 587:Middlewares/Third_Party/FreeRTOS/Source/queue.c **** #if ( configUSE_RECURSIVE_MUTEXES == 1 )
 588:Middlewares/Third_Party/FreeRTOS/Source/queue.c **** 
 589:Middlewares/Third_Party/FreeRTOS/Source/queue.c **** 	BaseType_t xQueueGiveMutexRecursive( QueueHandle_t xMutex )
 590:Middlewares/Third_Party/FreeRTOS/Source/queue.c **** 	{
 591:Middlewares/Third_Party/FreeRTOS/Source/queue.c **** 	BaseType_t xReturn;
 592:Middlewares/Third_Party/FreeRTOS/Source/queue.c **** 	Queue_t * const pxMutex = ( Queue_t * ) xMutex;
 593:Middlewares/Third_Party/FreeRTOS/Source/queue.c **** 
 594:Middlewares/Third_Party/FreeRTOS/Source/queue.c **** 		configASSERT( pxMutex );
 595:Middlewares/Third_Party/FreeRTOS/Source/queue.c **** 
 596:Middlewares/Third_Party/FreeRTOS/Source/queue.c **** 		/* If this is the task that holds the mutex then xMutexHolder will not
 597:Middlewares/Third_Party/FreeRTOS/Source/queue.c **** 		change outside of this task.  If this task does not hold the mutex then
 598:Middlewares/Third_Party/FreeRTOS/Source/queue.c **** 		pxMutexHolder can never coincidentally equal the tasks handle, and as
 599:Middlewares/Third_Party/FreeRTOS/Source/queue.c **** 		this is the only condition we are interested in it does not matter if
 600:Middlewares/Third_Party/FreeRTOS/Source/queue.c **** 		pxMutexHolder is accessed simultaneously by another task.  Therefore no
 601:Middlewares/Third_Party/FreeRTOS/Source/queue.c **** 		mutual exclusion is required to test the pxMutexHolder variable. */
ARM GAS  D:\temp\TMP\ccsMuV5a.s 			page 12


 602:Middlewares/Third_Party/FreeRTOS/Source/queue.c **** 		if( pxMutex->u.xSemaphore.xMutexHolder == xTaskGetCurrentTaskHandle() )
 603:Middlewares/Third_Party/FreeRTOS/Source/queue.c **** 		{
 604:Middlewares/Third_Party/FreeRTOS/Source/queue.c **** 			traceGIVE_MUTEX_RECURSIVE( pxMutex );
 605:Middlewares/Third_Party/FreeRTOS/Source/queue.c **** 
 606:Middlewares/Third_Party/FreeRTOS/Source/queue.c **** 			/* uxRecursiveCallCount cannot be zero if xMutexHolder is equal to
 607:Middlewares/Third_Party/FreeRTOS/Source/queue.c **** 			the task handle, therefore no underflow check is required.  Also,
 608:Middlewares/Third_Party/FreeRTOS/Source/queue.c **** 			uxRecursiveCallCount is only modified by the mutex holder, and as
 609:Middlewares/Third_Party/FreeRTOS/Source/queue.c **** 			there can only be one, no mutual exclusion is required to modify the
 610:Middlewares/Third_Party/FreeRTOS/Source/queue.c **** 			uxRecursiveCallCount member. */
 611:Middlewares/Third_Party/FreeRTOS/Source/queue.c **** 			( pxMutex->u.xSemaphore.uxRecursiveCallCount )--;
 612:Middlewares/Third_Party/FreeRTOS/Source/queue.c **** 
 613:Middlewares/Third_Party/FreeRTOS/Source/queue.c **** 			/* Has the recursive call count unwound to 0? */
 614:Middlewares/Third_Party/FreeRTOS/Source/queue.c **** 			if( pxMutex->u.xSemaphore.uxRecursiveCallCount == ( UBaseType_t ) 0 )
 615:Middlewares/Third_Party/FreeRTOS/Source/queue.c **** 			{
 616:Middlewares/Third_Party/FreeRTOS/Source/queue.c **** 				/* Return the mutex.  This will automatically unblock any other
 617:Middlewares/Third_Party/FreeRTOS/Source/queue.c **** 				task that might be waiting to access the mutex. */
 618:Middlewares/Third_Party/FreeRTOS/Source/queue.c **** 				( void ) xQueueGenericSend( pxMutex, NULL, queueMUTEX_GIVE_BLOCK_TIME, queueSEND_TO_BACK );
 619:Middlewares/Third_Party/FreeRTOS/Source/queue.c **** 			}
 620:Middlewares/Third_Party/FreeRTOS/Source/queue.c **** 			else
 621:Middlewares/Third_Party/FreeRTOS/Source/queue.c **** 			{
 622:Middlewares/Third_Party/FreeRTOS/Source/queue.c **** 				mtCOVERAGE_TEST_MARKER();
 623:Middlewares/Third_Party/FreeRTOS/Source/queue.c **** 			}
 624:Middlewares/Third_Party/FreeRTOS/Source/queue.c **** 
 625:Middlewares/Third_Party/FreeRTOS/Source/queue.c **** 			xReturn = pdPASS;
 626:Middlewares/Third_Party/FreeRTOS/Source/queue.c **** 		}
 627:Middlewares/Third_Party/FreeRTOS/Source/queue.c **** 		else
 628:Middlewares/Third_Party/FreeRTOS/Source/queue.c **** 		{
 629:Middlewares/Third_Party/FreeRTOS/Source/queue.c **** 			/* The mutex cannot be given because the calling task is not the
 630:Middlewares/Third_Party/FreeRTOS/Source/queue.c **** 			holder. */
 631:Middlewares/Third_Party/FreeRTOS/Source/queue.c **** 			xReturn = pdFAIL;
 632:Middlewares/Third_Party/FreeRTOS/Source/queue.c **** 
 633:Middlewares/Third_Party/FreeRTOS/Source/queue.c **** 			traceGIVE_MUTEX_RECURSIVE_FAILED( pxMutex );
 634:Middlewares/Third_Party/FreeRTOS/Source/queue.c **** 		}
 635:Middlewares/Third_Party/FreeRTOS/Source/queue.c **** 
 636:Middlewares/Third_Party/FreeRTOS/Source/queue.c **** 		return xReturn;
 637:Middlewares/Third_Party/FreeRTOS/Source/queue.c **** 	}
 638:Middlewares/Third_Party/FreeRTOS/Source/queue.c **** 
 639:Middlewares/Third_Party/FreeRTOS/Source/queue.c **** #endif /* configUSE_RECURSIVE_MUTEXES */
 640:Middlewares/Third_Party/FreeRTOS/Source/queue.c **** /*-----------------------------------------------------------*/
 641:Middlewares/Third_Party/FreeRTOS/Source/queue.c **** 
 642:Middlewares/Third_Party/FreeRTOS/Source/queue.c **** #if ( configUSE_RECURSIVE_MUTEXES == 1 )
 643:Middlewares/Third_Party/FreeRTOS/Source/queue.c **** 
 644:Middlewares/Third_Party/FreeRTOS/Source/queue.c **** 	BaseType_t xQueueTakeMutexRecursive( QueueHandle_t xMutex, TickType_t xTicksToWait )
 645:Middlewares/Third_Party/FreeRTOS/Source/queue.c **** 	{
 646:Middlewares/Third_Party/FreeRTOS/Source/queue.c **** 	BaseType_t xReturn;
 647:Middlewares/Third_Party/FreeRTOS/Source/queue.c **** 	Queue_t * const pxMutex = ( Queue_t * ) xMutex;
 648:Middlewares/Third_Party/FreeRTOS/Source/queue.c **** 
 649:Middlewares/Third_Party/FreeRTOS/Source/queue.c **** 		configASSERT( pxMutex );
 650:Middlewares/Third_Party/FreeRTOS/Source/queue.c **** 
 651:Middlewares/Third_Party/FreeRTOS/Source/queue.c **** 		/* Comments regarding mutual exclusion as per those within
 652:Middlewares/Third_Party/FreeRTOS/Source/queue.c **** 		xQueueGiveMutexRecursive(). */
 653:Middlewares/Third_Party/FreeRTOS/Source/queue.c **** 
 654:Middlewares/Third_Party/FreeRTOS/Source/queue.c **** 		traceTAKE_MUTEX_RECURSIVE( pxMutex );
 655:Middlewares/Third_Party/FreeRTOS/Source/queue.c **** 
 656:Middlewares/Third_Party/FreeRTOS/Source/queue.c **** 		if( pxMutex->u.xSemaphore.xMutexHolder == xTaskGetCurrentTaskHandle() )
 657:Middlewares/Third_Party/FreeRTOS/Source/queue.c **** 		{
 658:Middlewares/Third_Party/FreeRTOS/Source/queue.c **** 			( pxMutex->u.xSemaphore.uxRecursiveCallCount )++;
ARM GAS  D:\temp\TMP\ccsMuV5a.s 			page 13


 659:Middlewares/Third_Party/FreeRTOS/Source/queue.c **** 			xReturn = pdPASS;
 660:Middlewares/Third_Party/FreeRTOS/Source/queue.c **** 		}
 661:Middlewares/Third_Party/FreeRTOS/Source/queue.c **** 		else
 662:Middlewares/Third_Party/FreeRTOS/Source/queue.c **** 		{
 663:Middlewares/Third_Party/FreeRTOS/Source/queue.c **** 			xReturn = xQueueSemaphoreTake( pxMutex, xTicksToWait );
 664:Middlewares/Third_Party/FreeRTOS/Source/queue.c **** 
 665:Middlewares/Third_Party/FreeRTOS/Source/queue.c **** 			/* pdPASS will only be returned if the mutex was successfully
 666:Middlewares/Third_Party/FreeRTOS/Source/queue.c **** 			obtained.  The calling task may have entered the Blocked state
 667:Middlewares/Third_Party/FreeRTOS/Source/queue.c **** 			before reaching here. */
 668:Middlewares/Third_Party/FreeRTOS/Source/queue.c **** 			if( xReturn != pdFAIL )
 669:Middlewares/Third_Party/FreeRTOS/Source/queue.c **** 			{
 670:Middlewares/Third_Party/FreeRTOS/Source/queue.c **** 				( pxMutex->u.xSemaphore.uxRecursiveCallCount )++;
 671:Middlewares/Third_Party/FreeRTOS/Source/queue.c **** 			}
 672:Middlewares/Third_Party/FreeRTOS/Source/queue.c **** 			else
 673:Middlewares/Third_Party/FreeRTOS/Source/queue.c **** 			{
 674:Middlewares/Third_Party/FreeRTOS/Source/queue.c **** 				traceTAKE_MUTEX_RECURSIVE_FAILED( pxMutex );
 675:Middlewares/Third_Party/FreeRTOS/Source/queue.c **** 			}
 676:Middlewares/Third_Party/FreeRTOS/Source/queue.c **** 		}
 677:Middlewares/Third_Party/FreeRTOS/Source/queue.c **** 
 678:Middlewares/Third_Party/FreeRTOS/Source/queue.c **** 		return xReturn;
 679:Middlewares/Third_Party/FreeRTOS/Source/queue.c **** 	}
 680:Middlewares/Third_Party/FreeRTOS/Source/queue.c **** 
 681:Middlewares/Third_Party/FreeRTOS/Source/queue.c **** #endif /* configUSE_RECURSIVE_MUTEXES */
 682:Middlewares/Third_Party/FreeRTOS/Source/queue.c **** /*-----------------------------------------------------------*/
 683:Middlewares/Third_Party/FreeRTOS/Source/queue.c **** 
 684:Middlewares/Third_Party/FreeRTOS/Source/queue.c **** #if( ( configUSE_COUNTING_SEMAPHORES == 1 ) && ( configSUPPORT_STATIC_ALLOCATION == 1 ) )
 685:Middlewares/Third_Party/FreeRTOS/Source/queue.c **** 
 686:Middlewares/Third_Party/FreeRTOS/Source/queue.c **** 	QueueHandle_t xQueueCreateCountingSemaphoreStatic( const UBaseType_t uxMaxCount, const UBaseType_t
 687:Middlewares/Third_Party/FreeRTOS/Source/queue.c **** 	{
 688:Middlewares/Third_Party/FreeRTOS/Source/queue.c **** 	QueueHandle_t xHandle;
 689:Middlewares/Third_Party/FreeRTOS/Source/queue.c **** 
 690:Middlewares/Third_Party/FreeRTOS/Source/queue.c **** 		configASSERT( uxMaxCount != 0 );
 691:Middlewares/Third_Party/FreeRTOS/Source/queue.c **** 		configASSERT( uxInitialCount <= uxMaxCount );
 692:Middlewares/Third_Party/FreeRTOS/Source/queue.c **** 
 693:Middlewares/Third_Party/FreeRTOS/Source/queue.c **** 		xHandle = xQueueGenericCreateStatic( uxMaxCount, queueSEMAPHORE_QUEUE_ITEM_LENGTH, NULL, pxStatic
 694:Middlewares/Third_Party/FreeRTOS/Source/queue.c **** 
 695:Middlewares/Third_Party/FreeRTOS/Source/queue.c **** 		if( xHandle != NULL )
 696:Middlewares/Third_Party/FreeRTOS/Source/queue.c **** 		{
 697:Middlewares/Third_Party/FreeRTOS/Source/queue.c **** 			( ( Queue_t * ) xHandle )->uxMessagesWaiting = uxInitialCount;
 698:Middlewares/Third_Party/FreeRTOS/Source/queue.c **** 
 699:Middlewares/Third_Party/FreeRTOS/Source/queue.c **** 			traceCREATE_COUNTING_SEMAPHORE();
 700:Middlewares/Third_Party/FreeRTOS/Source/queue.c **** 		}
 701:Middlewares/Third_Party/FreeRTOS/Source/queue.c **** 		else
 702:Middlewares/Third_Party/FreeRTOS/Source/queue.c **** 		{
 703:Middlewares/Third_Party/FreeRTOS/Source/queue.c **** 			traceCREATE_COUNTING_SEMAPHORE_FAILED();
 704:Middlewares/Third_Party/FreeRTOS/Source/queue.c **** 		}
 705:Middlewares/Third_Party/FreeRTOS/Source/queue.c **** 
 706:Middlewares/Third_Party/FreeRTOS/Source/queue.c **** 		return xHandle;
 707:Middlewares/Third_Party/FreeRTOS/Source/queue.c **** 	}
 708:Middlewares/Third_Party/FreeRTOS/Source/queue.c **** 
 709:Middlewares/Third_Party/FreeRTOS/Source/queue.c **** #endif /* ( ( configUSE_COUNTING_SEMAPHORES == 1 ) && ( configSUPPORT_DYNAMIC_ALLOCATION == 1 ) ) *
 710:Middlewares/Third_Party/FreeRTOS/Source/queue.c **** /*-----------------------------------------------------------*/
 711:Middlewares/Third_Party/FreeRTOS/Source/queue.c **** 
 712:Middlewares/Third_Party/FreeRTOS/Source/queue.c **** #if( ( configUSE_COUNTING_SEMAPHORES == 1 ) && ( configSUPPORT_DYNAMIC_ALLOCATION == 1 ) )
 713:Middlewares/Third_Party/FreeRTOS/Source/queue.c **** 
 714:Middlewares/Third_Party/FreeRTOS/Source/queue.c **** 	QueueHandle_t xQueueCreateCountingSemaphore( const UBaseType_t uxMaxCount, const UBaseType_t uxIni
 715:Middlewares/Third_Party/FreeRTOS/Source/queue.c **** 	{
ARM GAS  D:\temp\TMP\ccsMuV5a.s 			page 14


 716:Middlewares/Third_Party/FreeRTOS/Source/queue.c **** 	QueueHandle_t xHandle;
 717:Middlewares/Third_Party/FreeRTOS/Source/queue.c **** 
 718:Middlewares/Third_Party/FreeRTOS/Source/queue.c **** 		configASSERT( uxMaxCount != 0 );
 719:Middlewares/Third_Party/FreeRTOS/Source/queue.c **** 		configASSERT( uxInitialCount <= uxMaxCount );
 720:Middlewares/Third_Party/FreeRTOS/Source/queue.c **** 
 721:Middlewares/Third_Party/FreeRTOS/Source/queue.c **** 		xHandle = xQueueGenericCreate( uxMaxCount, queueSEMAPHORE_QUEUE_ITEM_LENGTH, queueQUEUE_TYPE_COUN
 722:Middlewares/Third_Party/FreeRTOS/Source/queue.c **** 
 723:Middlewares/Third_Party/FreeRTOS/Source/queue.c **** 		if( xHandle != NULL )
 724:Middlewares/Third_Party/FreeRTOS/Source/queue.c **** 		{
 725:Middlewares/Third_Party/FreeRTOS/Source/queue.c **** 			( ( Queue_t * ) xHandle )->uxMessagesWaiting = uxInitialCount;
 726:Middlewares/Third_Party/FreeRTOS/Source/queue.c **** 
 727:Middlewares/Third_Party/FreeRTOS/Source/queue.c **** 			traceCREATE_COUNTING_SEMAPHORE();
 728:Middlewares/Third_Party/FreeRTOS/Source/queue.c **** 		}
 729:Middlewares/Third_Party/FreeRTOS/Source/queue.c **** 		else
 730:Middlewares/Third_Party/FreeRTOS/Source/queue.c **** 		{
 731:Middlewares/Third_Party/FreeRTOS/Source/queue.c **** 			traceCREATE_COUNTING_SEMAPHORE_FAILED();
 732:Middlewares/Third_Party/FreeRTOS/Source/queue.c **** 		}
 733:Middlewares/Third_Party/FreeRTOS/Source/queue.c **** 
 734:Middlewares/Third_Party/FreeRTOS/Source/queue.c **** 		return xHandle;
 735:Middlewares/Third_Party/FreeRTOS/Source/queue.c **** 	}
 736:Middlewares/Third_Party/FreeRTOS/Source/queue.c **** 
 737:Middlewares/Third_Party/FreeRTOS/Source/queue.c **** #endif /* ( ( configUSE_COUNTING_SEMAPHORES == 1 ) && ( configSUPPORT_DYNAMIC_ALLOCATION == 1 ) ) *
 738:Middlewares/Third_Party/FreeRTOS/Source/queue.c **** /*-----------------------------------------------------------*/
 739:Middlewares/Third_Party/FreeRTOS/Source/queue.c **** 
 740:Middlewares/Third_Party/FreeRTOS/Source/queue.c **** BaseType_t xQueueGenericSend( QueueHandle_t xQueue, const void * const pvItemToQueue, TickType_t xT
 741:Middlewares/Third_Party/FreeRTOS/Source/queue.c **** {
 742:Middlewares/Third_Party/FreeRTOS/Source/queue.c **** BaseType_t xEntryTimeSet = pdFALSE, xYieldRequired;
 743:Middlewares/Third_Party/FreeRTOS/Source/queue.c **** TimeOut_t xTimeOut;
 744:Middlewares/Third_Party/FreeRTOS/Source/queue.c **** Queue_t * const pxQueue = xQueue;
 745:Middlewares/Third_Party/FreeRTOS/Source/queue.c **** 
 746:Middlewares/Third_Party/FreeRTOS/Source/queue.c **** 	configASSERT( pxQueue );
 747:Middlewares/Third_Party/FreeRTOS/Source/queue.c **** 	configASSERT( !( ( pvItemToQueue == NULL ) && ( pxQueue->uxItemSize != ( UBaseType_t ) 0U ) ) );
 748:Middlewares/Third_Party/FreeRTOS/Source/queue.c **** 	configASSERT( !( ( xCopyPosition == queueOVERWRITE ) && ( pxQueue->uxLength != 1 ) ) );
 749:Middlewares/Third_Party/FreeRTOS/Source/queue.c **** 	#if ( ( INCLUDE_xTaskGetSchedulerState == 1 ) || ( configUSE_TIMERS == 1 ) )
 750:Middlewares/Third_Party/FreeRTOS/Source/queue.c **** 	{
 751:Middlewares/Third_Party/FreeRTOS/Source/queue.c **** 		configASSERT( !( ( xTaskGetSchedulerState() == taskSCHEDULER_SUSPENDED ) && ( xTicksToWait != 0 )
 752:Middlewares/Third_Party/FreeRTOS/Source/queue.c **** 	}
 753:Middlewares/Third_Party/FreeRTOS/Source/queue.c **** 	#endif
 754:Middlewares/Third_Party/FreeRTOS/Source/queue.c **** 
 755:Middlewares/Third_Party/FreeRTOS/Source/queue.c **** 
 756:Middlewares/Third_Party/FreeRTOS/Source/queue.c **** 	/*lint -save -e904 This function relaxes the coding standard somewhat to
 757:Middlewares/Third_Party/FreeRTOS/Source/queue.c **** 	allow return statements within the function itself.  This is done in the
 758:Middlewares/Third_Party/FreeRTOS/Source/queue.c **** 	interest of execution time efficiency. */
 759:Middlewares/Third_Party/FreeRTOS/Source/queue.c **** 	for( ;; )
 760:Middlewares/Third_Party/FreeRTOS/Source/queue.c **** 	{
 761:Middlewares/Third_Party/FreeRTOS/Source/queue.c **** 		taskENTER_CRITICAL();
 762:Middlewares/Third_Party/FreeRTOS/Source/queue.c **** 		{
 763:Middlewares/Third_Party/FreeRTOS/Source/queue.c **** 			/* Is there room on the queue now?  The running task must be the
 764:Middlewares/Third_Party/FreeRTOS/Source/queue.c **** 			highest priority task wanting to access the queue.  If the head item
 765:Middlewares/Third_Party/FreeRTOS/Source/queue.c **** 			in the queue is to be overwritten then it does not matter if the
 766:Middlewares/Third_Party/FreeRTOS/Source/queue.c **** 			queue is full. */
 767:Middlewares/Third_Party/FreeRTOS/Source/queue.c **** 			if( ( pxQueue->uxMessagesWaiting < pxQueue->uxLength ) || ( xCopyPosition == queueOVERWRITE ) )
 768:Middlewares/Third_Party/FreeRTOS/Source/queue.c **** 			{
 769:Middlewares/Third_Party/FreeRTOS/Source/queue.c **** 				traceQUEUE_SEND( pxQueue );
 770:Middlewares/Third_Party/FreeRTOS/Source/queue.c **** 
 771:Middlewares/Third_Party/FreeRTOS/Source/queue.c **** 				#if ( configUSE_QUEUE_SETS == 1 )
 772:Middlewares/Third_Party/FreeRTOS/Source/queue.c **** 				{
ARM GAS  D:\temp\TMP\ccsMuV5a.s 			page 15


 773:Middlewares/Third_Party/FreeRTOS/Source/queue.c **** 				const UBaseType_t uxPreviousMessagesWaiting = pxQueue->uxMessagesWaiting;
 774:Middlewares/Third_Party/FreeRTOS/Source/queue.c **** 
 775:Middlewares/Third_Party/FreeRTOS/Source/queue.c **** 					xYieldRequired = prvCopyDataToQueue( pxQueue, pvItemToQueue, xCopyPosition );
 776:Middlewares/Third_Party/FreeRTOS/Source/queue.c **** 
 777:Middlewares/Third_Party/FreeRTOS/Source/queue.c **** 					if( pxQueue->pxQueueSetContainer != NULL )
 778:Middlewares/Third_Party/FreeRTOS/Source/queue.c **** 					{
 779:Middlewares/Third_Party/FreeRTOS/Source/queue.c **** 						if( ( xCopyPosition == queueOVERWRITE ) && ( uxPreviousMessagesWaiting != ( UBaseType_t ) 0 )
 780:Middlewares/Third_Party/FreeRTOS/Source/queue.c **** 						{
 781:Middlewares/Third_Party/FreeRTOS/Source/queue.c **** 							/* Do not notify the queue set as an existing item
 782:Middlewares/Third_Party/FreeRTOS/Source/queue.c **** 							was overwritten in the queue so the number of items
 783:Middlewares/Third_Party/FreeRTOS/Source/queue.c **** 							in the queue has not changed. */
 784:Middlewares/Third_Party/FreeRTOS/Source/queue.c **** 							mtCOVERAGE_TEST_MARKER();
 785:Middlewares/Third_Party/FreeRTOS/Source/queue.c **** 						}
 786:Middlewares/Third_Party/FreeRTOS/Source/queue.c **** 						else if( prvNotifyQueueSetContainer( pxQueue ) != pdFALSE )
 787:Middlewares/Third_Party/FreeRTOS/Source/queue.c **** 						{
 788:Middlewares/Third_Party/FreeRTOS/Source/queue.c **** 							/* The queue is a member of a queue set, and posting
 789:Middlewares/Third_Party/FreeRTOS/Source/queue.c **** 							to the queue set caused a higher priority task to
 790:Middlewares/Third_Party/FreeRTOS/Source/queue.c **** 							unblock. A context switch is required. */
 791:Middlewares/Third_Party/FreeRTOS/Source/queue.c **** 							queueYIELD_IF_USING_PREEMPTION();
 792:Middlewares/Third_Party/FreeRTOS/Source/queue.c **** 						}
 793:Middlewares/Third_Party/FreeRTOS/Source/queue.c **** 						else
 794:Middlewares/Third_Party/FreeRTOS/Source/queue.c **** 						{
 795:Middlewares/Third_Party/FreeRTOS/Source/queue.c **** 							mtCOVERAGE_TEST_MARKER();
 796:Middlewares/Third_Party/FreeRTOS/Source/queue.c **** 						}
 797:Middlewares/Third_Party/FreeRTOS/Source/queue.c **** 					}
 798:Middlewares/Third_Party/FreeRTOS/Source/queue.c **** 					else
 799:Middlewares/Third_Party/FreeRTOS/Source/queue.c **** 					{
 800:Middlewares/Third_Party/FreeRTOS/Source/queue.c **** 						/* If there was a task waiting for data to arrive on the
 801:Middlewares/Third_Party/FreeRTOS/Source/queue.c **** 						queue then unblock it now. */
 802:Middlewares/Third_Party/FreeRTOS/Source/queue.c **** 						if( listLIST_IS_EMPTY( &( pxQueue->xTasksWaitingToReceive ) ) == pdFALSE )
 803:Middlewares/Third_Party/FreeRTOS/Source/queue.c **** 						{
 804:Middlewares/Third_Party/FreeRTOS/Source/queue.c **** 							if( xTaskRemoveFromEventList( &( pxQueue->xTasksWaitingToReceive ) ) != pdFALSE )
 805:Middlewares/Third_Party/FreeRTOS/Source/queue.c **** 							{
 806:Middlewares/Third_Party/FreeRTOS/Source/queue.c **** 								/* The unblocked task has a priority higher than
 807:Middlewares/Third_Party/FreeRTOS/Source/queue.c **** 								our own so yield immediately.  Yes it is ok to
 808:Middlewares/Third_Party/FreeRTOS/Source/queue.c **** 								do this from within the critical section - the
 809:Middlewares/Third_Party/FreeRTOS/Source/queue.c **** 								kernel takes care of that. */
 810:Middlewares/Third_Party/FreeRTOS/Source/queue.c **** 								queueYIELD_IF_USING_PREEMPTION();
 811:Middlewares/Third_Party/FreeRTOS/Source/queue.c **** 							}
 812:Middlewares/Third_Party/FreeRTOS/Source/queue.c **** 							else
 813:Middlewares/Third_Party/FreeRTOS/Source/queue.c **** 							{
 814:Middlewares/Third_Party/FreeRTOS/Source/queue.c **** 								mtCOVERAGE_TEST_MARKER();
 815:Middlewares/Third_Party/FreeRTOS/Source/queue.c **** 							}
 816:Middlewares/Third_Party/FreeRTOS/Source/queue.c **** 						}
 817:Middlewares/Third_Party/FreeRTOS/Source/queue.c **** 						else if( xYieldRequired != pdFALSE )
 818:Middlewares/Third_Party/FreeRTOS/Source/queue.c **** 						{
 819:Middlewares/Third_Party/FreeRTOS/Source/queue.c **** 							/* This path is a special case that will only get
 820:Middlewares/Third_Party/FreeRTOS/Source/queue.c **** 							executed if the task was holding multiple mutexes
 821:Middlewares/Third_Party/FreeRTOS/Source/queue.c **** 							and the mutexes were given back in an order that is
 822:Middlewares/Third_Party/FreeRTOS/Source/queue.c **** 							different to that in which they were taken. */
 823:Middlewares/Third_Party/FreeRTOS/Source/queue.c **** 							queueYIELD_IF_USING_PREEMPTION();
 824:Middlewares/Third_Party/FreeRTOS/Source/queue.c **** 						}
 825:Middlewares/Third_Party/FreeRTOS/Source/queue.c **** 						else
 826:Middlewares/Third_Party/FreeRTOS/Source/queue.c **** 						{
 827:Middlewares/Third_Party/FreeRTOS/Source/queue.c **** 							mtCOVERAGE_TEST_MARKER();
 828:Middlewares/Third_Party/FreeRTOS/Source/queue.c **** 						}
 829:Middlewares/Third_Party/FreeRTOS/Source/queue.c **** 					}
ARM GAS  D:\temp\TMP\ccsMuV5a.s 			page 16


 830:Middlewares/Third_Party/FreeRTOS/Source/queue.c **** 				}
 831:Middlewares/Third_Party/FreeRTOS/Source/queue.c **** 				#else /* configUSE_QUEUE_SETS */
 832:Middlewares/Third_Party/FreeRTOS/Source/queue.c **** 				{
 833:Middlewares/Third_Party/FreeRTOS/Source/queue.c **** 					xYieldRequired = prvCopyDataToQueue( pxQueue, pvItemToQueue, xCopyPosition );
 834:Middlewares/Third_Party/FreeRTOS/Source/queue.c **** 
 835:Middlewares/Third_Party/FreeRTOS/Source/queue.c **** 					/* If there was a task waiting for data to arrive on the
 836:Middlewares/Third_Party/FreeRTOS/Source/queue.c **** 					queue then unblock it now. */
 837:Middlewares/Third_Party/FreeRTOS/Source/queue.c **** 					if( listLIST_IS_EMPTY( &( pxQueue->xTasksWaitingToReceive ) ) == pdFALSE )
 838:Middlewares/Third_Party/FreeRTOS/Source/queue.c **** 					{
 839:Middlewares/Third_Party/FreeRTOS/Source/queue.c **** 						if( xTaskRemoveFromEventList( &( pxQueue->xTasksWaitingToReceive ) ) != pdFALSE )
 840:Middlewares/Third_Party/FreeRTOS/Source/queue.c **** 						{
 841:Middlewares/Third_Party/FreeRTOS/Source/queue.c **** 							/* The unblocked task has a priority higher than
 842:Middlewares/Third_Party/FreeRTOS/Source/queue.c **** 							our own so yield immediately.  Yes it is ok to do
 843:Middlewares/Third_Party/FreeRTOS/Source/queue.c **** 							this from within the critical section - the kernel
 844:Middlewares/Third_Party/FreeRTOS/Source/queue.c **** 							takes care of that. */
 845:Middlewares/Third_Party/FreeRTOS/Source/queue.c **** 							queueYIELD_IF_USING_PREEMPTION();
 846:Middlewares/Third_Party/FreeRTOS/Source/queue.c **** 						}
 847:Middlewares/Third_Party/FreeRTOS/Source/queue.c **** 						else
 848:Middlewares/Third_Party/FreeRTOS/Source/queue.c **** 						{
 849:Middlewares/Third_Party/FreeRTOS/Source/queue.c **** 							mtCOVERAGE_TEST_MARKER();
 850:Middlewares/Third_Party/FreeRTOS/Source/queue.c **** 						}
 851:Middlewares/Third_Party/FreeRTOS/Source/queue.c **** 					}
 852:Middlewares/Third_Party/FreeRTOS/Source/queue.c **** 					else if( xYieldRequired != pdFALSE )
 853:Middlewares/Third_Party/FreeRTOS/Source/queue.c **** 					{
 854:Middlewares/Third_Party/FreeRTOS/Source/queue.c **** 						/* This path is a special case that will only get
 855:Middlewares/Third_Party/FreeRTOS/Source/queue.c **** 						executed if the task was holding multiple mutexes and
 856:Middlewares/Third_Party/FreeRTOS/Source/queue.c **** 						the mutexes were given back in an order that is
 857:Middlewares/Third_Party/FreeRTOS/Source/queue.c **** 						different to that in which they were taken. */
 858:Middlewares/Third_Party/FreeRTOS/Source/queue.c **** 						queueYIELD_IF_USING_PREEMPTION();
 859:Middlewares/Third_Party/FreeRTOS/Source/queue.c **** 					}
 860:Middlewares/Third_Party/FreeRTOS/Source/queue.c **** 					else
 861:Middlewares/Third_Party/FreeRTOS/Source/queue.c **** 					{
 862:Middlewares/Third_Party/FreeRTOS/Source/queue.c **** 						mtCOVERAGE_TEST_MARKER();
 863:Middlewares/Third_Party/FreeRTOS/Source/queue.c **** 					}
 864:Middlewares/Third_Party/FreeRTOS/Source/queue.c **** 				}
 865:Middlewares/Third_Party/FreeRTOS/Source/queue.c **** 				#endif /* configUSE_QUEUE_SETS */
 866:Middlewares/Third_Party/FreeRTOS/Source/queue.c **** 
 867:Middlewares/Third_Party/FreeRTOS/Source/queue.c **** 				taskEXIT_CRITICAL();
 868:Middlewares/Third_Party/FreeRTOS/Source/queue.c **** 				return pdPASS;
 869:Middlewares/Third_Party/FreeRTOS/Source/queue.c **** 			}
 870:Middlewares/Third_Party/FreeRTOS/Source/queue.c **** 			else
 871:Middlewares/Third_Party/FreeRTOS/Source/queue.c **** 			{
 872:Middlewares/Third_Party/FreeRTOS/Source/queue.c **** 				if( xTicksToWait == ( TickType_t ) 0 )
 873:Middlewares/Third_Party/FreeRTOS/Source/queue.c **** 				{
 874:Middlewares/Third_Party/FreeRTOS/Source/queue.c **** 					/* The queue was full and no block time is specified (or
 875:Middlewares/Third_Party/FreeRTOS/Source/queue.c **** 					the block time has expired) so leave now. */
 876:Middlewares/Third_Party/FreeRTOS/Source/queue.c **** 					taskEXIT_CRITICAL();
 877:Middlewares/Third_Party/FreeRTOS/Source/queue.c **** 
 878:Middlewares/Third_Party/FreeRTOS/Source/queue.c **** 					/* Return to the original privilege level before exiting
 879:Middlewares/Third_Party/FreeRTOS/Source/queue.c **** 					the function. */
 880:Middlewares/Third_Party/FreeRTOS/Source/queue.c **** 					traceQUEUE_SEND_FAILED( pxQueue );
 881:Middlewares/Third_Party/FreeRTOS/Source/queue.c **** 					return errQUEUE_FULL;
 882:Middlewares/Third_Party/FreeRTOS/Source/queue.c **** 				}
 883:Middlewares/Third_Party/FreeRTOS/Source/queue.c **** 				else if( xEntryTimeSet == pdFALSE )
 884:Middlewares/Third_Party/FreeRTOS/Source/queue.c **** 				{
 885:Middlewares/Third_Party/FreeRTOS/Source/queue.c **** 					/* The queue was full and a block time was specified so
 886:Middlewares/Third_Party/FreeRTOS/Source/queue.c **** 					configure the timeout structure. */
ARM GAS  D:\temp\TMP\ccsMuV5a.s 			page 17


 887:Middlewares/Third_Party/FreeRTOS/Source/queue.c **** 					vTaskInternalSetTimeOutState( &xTimeOut );
 888:Middlewares/Third_Party/FreeRTOS/Source/queue.c **** 					xEntryTimeSet = pdTRUE;
 889:Middlewares/Third_Party/FreeRTOS/Source/queue.c **** 				}
 890:Middlewares/Third_Party/FreeRTOS/Source/queue.c **** 				else
 891:Middlewares/Third_Party/FreeRTOS/Source/queue.c **** 				{
 892:Middlewares/Third_Party/FreeRTOS/Source/queue.c **** 					/* Entry time was already set. */
 893:Middlewares/Third_Party/FreeRTOS/Source/queue.c **** 					mtCOVERAGE_TEST_MARKER();
 894:Middlewares/Third_Party/FreeRTOS/Source/queue.c **** 				}
 895:Middlewares/Third_Party/FreeRTOS/Source/queue.c **** 			}
 896:Middlewares/Third_Party/FreeRTOS/Source/queue.c **** 		}
 897:Middlewares/Third_Party/FreeRTOS/Source/queue.c **** 		taskEXIT_CRITICAL();
 898:Middlewares/Third_Party/FreeRTOS/Source/queue.c **** 
 899:Middlewares/Third_Party/FreeRTOS/Source/queue.c **** 		/* Interrupts and other tasks can send to and receive from the queue
 900:Middlewares/Third_Party/FreeRTOS/Source/queue.c **** 		now the critical section has been exited. */
 901:Middlewares/Third_Party/FreeRTOS/Source/queue.c **** 
 902:Middlewares/Third_Party/FreeRTOS/Source/queue.c **** 		vTaskSuspendAll();
 903:Middlewares/Third_Party/FreeRTOS/Source/queue.c **** 		prvLockQueue( pxQueue );
 904:Middlewares/Third_Party/FreeRTOS/Source/queue.c **** 
 905:Middlewares/Third_Party/FreeRTOS/Source/queue.c **** 		/* Update the timeout state to see if it has expired yet. */
 906:Middlewares/Third_Party/FreeRTOS/Source/queue.c **** 		if( xTaskCheckForTimeOut( &xTimeOut, &xTicksToWait ) == pdFALSE )
 907:Middlewares/Third_Party/FreeRTOS/Source/queue.c **** 		{
 908:Middlewares/Third_Party/FreeRTOS/Source/queue.c **** 			if( prvIsQueueFull( pxQueue ) != pdFALSE )
 909:Middlewares/Third_Party/FreeRTOS/Source/queue.c **** 			{
 910:Middlewares/Third_Party/FreeRTOS/Source/queue.c **** 				traceBLOCKING_ON_QUEUE_SEND( pxQueue );
 911:Middlewares/Third_Party/FreeRTOS/Source/queue.c **** 				vTaskPlaceOnEventList( &( pxQueue->xTasksWaitingToSend ), xTicksToWait );
 912:Middlewares/Third_Party/FreeRTOS/Source/queue.c **** 
 913:Middlewares/Third_Party/FreeRTOS/Source/queue.c **** 				/* Unlocking the queue means queue events can effect the
 914:Middlewares/Third_Party/FreeRTOS/Source/queue.c **** 				event list.  It is possible that interrupts occurring now
 915:Middlewares/Third_Party/FreeRTOS/Source/queue.c **** 				remove this task from the event list again - but as the
 916:Middlewares/Third_Party/FreeRTOS/Source/queue.c **** 				scheduler is suspended the task will go onto the pending
 917:Middlewares/Third_Party/FreeRTOS/Source/queue.c **** 				ready last instead of the actual ready list. */
 918:Middlewares/Third_Party/FreeRTOS/Source/queue.c **** 				prvUnlockQueue( pxQueue );
 919:Middlewares/Third_Party/FreeRTOS/Source/queue.c **** 
 920:Middlewares/Third_Party/FreeRTOS/Source/queue.c **** 				/* Resuming the scheduler will move tasks from the pending
 921:Middlewares/Third_Party/FreeRTOS/Source/queue.c **** 				ready list into the ready list - so it is feasible that this
 922:Middlewares/Third_Party/FreeRTOS/Source/queue.c **** 				task is already in a ready list before it yields - in which
 923:Middlewares/Third_Party/FreeRTOS/Source/queue.c **** 				case the yield will not cause a context switch unless there
 924:Middlewares/Third_Party/FreeRTOS/Source/queue.c **** 				is also a higher priority task in the pending ready list. */
 925:Middlewares/Third_Party/FreeRTOS/Source/queue.c **** 				if( xTaskResumeAll() == pdFALSE )
 926:Middlewares/Third_Party/FreeRTOS/Source/queue.c **** 				{
 927:Middlewares/Third_Party/FreeRTOS/Source/queue.c **** 					portYIELD_WITHIN_API();
 928:Middlewares/Third_Party/FreeRTOS/Source/queue.c **** 				}
 929:Middlewares/Third_Party/FreeRTOS/Source/queue.c **** 			}
 930:Middlewares/Third_Party/FreeRTOS/Source/queue.c **** 			else
 931:Middlewares/Third_Party/FreeRTOS/Source/queue.c **** 			{
 932:Middlewares/Third_Party/FreeRTOS/Source/queue.c **** 				/* Try again. */
 933:Middlewares/Third_Party/FreeRTOS/Source/queue.c **** 				prvUnlockQueue( pxQueue );
 934:Middlewares/Third_Party/FreeRTOS/Source/queue.c **** 				( void ) xTaskResumeAll();
 935:Middlewares/Third_Party/FreeRTOS/Source/queue.c **** 			}
 936:Middlewares/Third_Party/FreeRTOS/Source/queue.c **** 		}
 937:Middlewares/Third_Party/FreeRTOS/Source/queue.c **** 		else
 938:Middlewares/Third_Party/FreeRTOS/Source/queue.c **** 		{
 939:Middlewares/Third_Party/FreeRTOS/Source/queue.c **** 			/* The timeout has expired. */
 940:Middlewares/Third_Party/FreeRTOS/Source/queue.c **** 			prvUnlockQueue( pxQueue );
 941:Middlewares/Third_Party/FreeRTOS/Source/queue.c **** 			( void ) xTaskResumeAll();
 942:Middlewares/Third_Party/FreeRTOS/Source/queue.c **** 
 943:Middlewares/Third_Party/FreeRTOS/Source/queue.c **** 			traceQUEUE_SEND_FAILED( pxQueue );
ARM GAS  D:\temp\TMP\ccsMuV5a.s 			page 18


 944:Middlewares/Third_Party/FreeRTOS/Source/queue.c **** 			return errQUEUE_FULL;
 945:Middlewares/Third_Party/FreeRTOS/Source/queue.c **** 		}
 946:Middlewares/Third_Party/FreeRTOS/Source/queue.c **** 	} /*lint -restore */
 947:Middlewares/Third_Party/FreeRTOS/Source/queue.c **** }
 948:Middlewares/Third_Party/FreeRTOS/Source/queue.c **** /*-----------------------------------------------------------*/
 949:Middlewares/Third_Party/FreeRTOS/Source/queue.c **** 
 950:Middlewares/Third_Party/FreeRTOS/Source/queue.c **** BaseType_t xQueueGenericSendFromISR( QueueHandle_t xQueue, const void * const pvItemToQueue, BaseTy
 951:Middlewares/Third_Party/FreeRTOS/Source/queue.c **** {
 952:Middlewares/Third_Party/FreeRTOS/Source/queue.c **** BaseType_t xReturn;
 953:Middlewares/Third_Party/FreeRTOS/Source/queue.c **** UBaseType_t uxSavedInterruptStatus;
 954:Middlewares/Third_Party/FreeRTOS/Source/queue.c **** Queue_t * const pxQueue = xQueue;
 955:Middlewares/Third_Party/FreeRTOS/Source/queue.c **** 
 956:Middlewares/Third_Party/FreeRTOS/Source/queue.c **** 	configASSERT( pxQueue );
 957:Middlewares/Third_Party/FreeRTOS/Source/queue.c **** 	configASSERT( !( ( pvItemToQueue == NULL ) && ( pxQueue->uxItemSize != ( UBaseType_t ) 0U ) ) );
 958:Middlewares/Third_Party/FreeRTOS/Source/queue.c **** 	configASSERT( !( ( xCopyPosition == queueOVERWRITE ) && ( pxQueue->uxLength != 1 ) ) );
 959:Middlewares/Third_Party/FreeRTOS/Source/queue.c **** 
 960:Middlewares/Third_Party/FreeRTOS/Source/queue.c **** 	/* RTOS ports that support interrupt nesting have the concept of a maximum
 961:Middlewares/Third_Party/FreeRTOS/Source/queue.c **** 	system call (or maximum API call) interrupt priority.  Interrupts that are
 962:Middlewares/Third_Party/FreeRTOS/Source/queue.c **** 	above the maximum system call priority are kept permanently enabled, even
 963:Middlewares/Third_Party/FreeRTOS/Source/queue.c **** 	when the RTOS kernel is in a critical section, but cannot make any calls to
 964:Middlewares/Third_Party/FreeRTOS/Source/queue.c **** 	FreeRTOS API functions.  If configASSERT() is defined in FreeRTOSConfig.h
 965:Middlewares/Third_Party/FreeRTOS/Source/queue.c **** 	then portASSERT_IF_INTERRUPT_PRIORITY_INVALID() will result in an assertion
 966:Middlewares/Third_Party/FreeRTOS/Source/queue.c **** 	failure if a FreeRTOS API function is called from an interrupt that has been
 967:Middlewares/Third_Party/FreeRTOS/Source/queue.c **** 	assigned a priority above the configured maximum system call priority.
 968:Middlewares/Third_Party/FreeRTOS/Source/queue.c **** 	Only FreeRTOS functions that end in FromISR can be called from interrupts
 969:Middlewares/Third_Party/FreeRTOS/Source/queue.c **** 	that have been assigned a priority at or (logically) below the maximum
 970:Middlewares/Third_Party/FreeRTOS/Source/queue.c **** 	system call	interrupt priority.  FreeRTOS maintains a separate interrupt
 971:Middlewares/Third_Party/FreeRTOS/Source/queue.c **** 	safe API to ensure interrupt entry is as fast and as simple as possible.
 972:Middlewares/Third_Party/FreeRTOS/Source/queue.c **** 	More information (albeit Cortex-M specific) is provided on the following
 973:Middlewares/Third_Party/FreeRTOS/Source/queue.c **** 	link: http://www.freertos.org/RTOS-Cortex-M3-M4.html */
 974:Middlewares/Third_Party/FreeRTOS/Source/queue.c **** 	portASSERT_IF_INTERRUPT_PRIORITY_INVALID();
 975:Middlewares/Third_Party/FreeRTOS/Source/queue.c **** 
 976:Middlewares/Third_Party/FreeRTOS/Source/queue.c **** 	/* Similar to xQueueGenericSend, except without blocking if there is no room
 977:Middlewares/Third_Party/FreeRTOS/Source/queue.c **** 	in the queue.  Also don't directly wake a task that was blocked on a queue
 978:Middlewares/Third_Party/FreeRTOS/Source/queue.c **** 	read, instead return a flag to say whether a context switch is required or
 979:Middlewares/Third_Party/FreeRTOS/Source/queue.c **** 	not (i.e. has a task with a higher priority than us been woken by this
 980:Middlewares/Third_Party/FreeRTOS/Source/queue.c **** 	post). */
 981:Middlewares/Third_Party/FreeRTOS/Source/queue.c **** 	uxSavedInterruptStatus = portSET_INTERRUPT_MASK_FROM_ISR();
 982:Middlewares/Third_Party/FreeRTOS/Source/queue.c **** 	{
 983:Middlewares/Third_Party/FreeRTOS/Source/queue.c **** 		if( ( pxQueue->uxMessagesWaiting < pxQueue->uxLength ) || ( xCopyPosition == queueOVERWRITE ) )
 984:Middlewares/Third_Party/FreeRTOS/Source/queue.c **** 		{
 985:Middlewares/Third_Party/FreeRTOS/Source/queue.c **** 			const int8_t cTxLock = pxQueue->cTxLock;
 986:Middlewares/Third_Party/FreeRTOS/Source/queue.c **** 			const UBaseType_t uxPreviousMessagesWaiting = pxQueue->uxMessagesWaiting;
 987:Middlewares/Third_Party/FreeRTOS/Source/queue.c **** 
 988:Middlewares/Third_Party/FreeRTOS/Source/queue.c **** 			traceQUEUE_SEND_FROM_ISR( pxQueue );
 989:Middlewares/Third_Party/FreeRTOS/Source/queue.c **** 
 990:Middlewares/Third_Party/FreeRTOS/Source/queue.c **** 			/* Semaphores use xQueueGiveFromISR(), so pxQueue will not be a
 991:Middlewares/Third_Party/FreeRTOS/Source/queue.c **** 			semaphore or mutex.  That means prvCopyDataToQueue() cannot result
 992:Middlewares/Third_Party/FreeRTOS/Source/queue.c **** 			in a task disinheriting a priority and prvCopyDataToQueue() can be
 993:Middlewares/Third_Party/FreeRTOS/Source/queue.c **** 			called here even though the disinherit function does not check if
 994:Middlewares/Third_Party/FreeRTOS/Source/queue.c **** 			the scheduler is suspended before accessing the ready lists. */
 995:Middlewares/Third_Party/FreeRTOS/Source/queue.c **** 			( void ) prvCopyDataToQueue( pxQueue, pvItemToQueue, xCopyPosition );
 996:Middlewares/Third_Party/FreeRTOS/Source/queue.c **** 
 997:Middlewares/Third_Party/FreeRTOS/Source/queue.c **** 			/* The event list is not altered if the queue is locked.  This will
 998:Middlewares/Third_Party/FreeRTOS/Source/queue.c **** 			be done when the queue is unlocked later. */
 999:Middlewares/Third_Party/FreeRTOS/Source/queue.c **** 			if( cTxLock == queueUNLOCKED )
1000:Middlewares/Third_Party/FreeRTOS/Source/queue.c **** 			{
ARM GAS  D:\temp\TMP\ccsMuV5a.s 			page 19


1001:Middlewares/Third_Party/FreeRTOS/Source/queue.c **** 				#if ( configUSE_QUEUE_SETS == 1 )
1002:Middlewares/Third_Party/FreeRTOS/Source/queue.c **** 				{
1003:Middlewares/Third_Party/FreeRTOS/Source/queue.c **** 					if( pxQueue->pxQueueSetContainer != NULL )
1004:Middlewares/Third_Party/FreeRTOS/Source/queue.c **** 					{
1005:Middlewares/Third_Party/FreeRTOS/Source/queue.c **** 						if( ( xCopyPosition == queueOVERWRITE ) && ( uxPreviousMessagesWaiting != ( UBaseType_t ) 0 )
1006:Middlewares/Third_Party/FreeRTOS/Source/queue.c **** 						{
1007:Middlewares/Third_Party/FreeRTOS/Source/queue.c **** 							/* Do not notify the queue set as an existing item
1008:Middlewares/Third_Party/FreeRTOS/Source/queue.c **** 							was overwritten in the queue so the number of items
1009:Middlewares/Third_Party/FreeRTOS/Source/queue.c **** 							in the queue has not changed. */
1010:Middlewares/Third_Party/FreeRTOS/Source/queue.c **** 							mtCOVERAGE_TEST_MARKER();
1011:Middlewares/Third_Party/FreeRTOS/Source/queue.c **** 						}
1012:Middlewares/Third_Party/FreeRTOS/Source/queue.c **** 						else if( prvNotifyQueueSetContainer( pxQueue ) != pdFALSE )
1013:Middlewares/Third_Party/FreeRTOS/Source/queue.c **** 						{
1014:Middlewares/Third_Party/FreeRTOS/Source/queue.c **** 							/* The queue is a member of a queue set, and posting
1015:Middlewares/Third_Party/FreeRTOS/Source/queue.c **** 							to the queue set caused a higher priority task to
1016:Middlewares/Third_Party/FreeRTOS/Source/queue.c **** 							unblock.  A context switch is required. */
1017:Middlewares/Third_Party/FreeRTOS/Source/queue.c **** 							if( pxHigherPriorityTaskWoken != NULL )
1018:Middlewares/Third_Party/FreeRTOS/Source/queue.c **** 							{
1019:Middlewares/Third_Party/FreeRTOS/Source/queue.c **** 								*pxHigherPriorityTaskWoken = pdTRUE;
1020:Middlewares/Third_Party/FreeRTOS/Source/queue.c **** 							}
1021:Middlewares/Third_Party/FreeRTOS/Source/queue.c **** 							else
1022:Middlewares/Third_Party/FreeRTOS/Source/queue.c **** 							{
1023:Middlewares/Third_Party/FreeRTOS/Source/queue.c **** 								mtCOVERAGE_TEST_MARKER();
1024:Middlewares/Third_Party/FreeRTOS/Source/queue.c **** 							}
1025:Middlewares/Third_Party/FreeRTOS/Source/queue.c **** 						}
1026:Middlewares/Third_Party/FreeRTOS/Source/queue.c **** 						else
1027:Middlewares/Third_Party/FreeRTOS/Source/queue.c **** 						{
1028:Middlewares/Third_Party/FreeRTOS/Source/queue.c **** 							mtCOVERAGE_TEST_MARKER();
1029:Middlewares/Third_Party/FreeRTOS/Source/queue.c **** 						}
1030:Middlewares/Third_Party/FreeRTOS/Source/queue.c **** 					}
1031:Middlewares/Third_Party/FreeRTOS/Source/queue.c **** 					else
1032:Middlewares/Third_Party/FreeRTOS/Source/queue.c **** 					{
1033:Middlewares/Third_Party/FreeRTOS/Source/queue.c **** 						if( listLIST_IS_EMPTY( &( pxQueue->xTasksWaitingToReceive ) ) == pdFALSE )
1034:Middlewares/Third_Party/FreeRTOS/Source/queue.c **** 						{
1035:Middlewares/Third_Party/FreeRTOS/Source/queue.c **** 							if( xTaskRemoveFromEventList( &( pxQueue->xTasksWaitingToReceive ) ) != pdFALSE )
1036:Middlewares/Third_Party/FreeRTOS/Source/queue.c **** 							{
1037:Middlewares/Third_Party/FreeRTOS/Source/queue.c **** 								/* The task waiting has a higher priority so
1038:Middlewares/Third_Party/FreeRTOS/Source/queue.c **** 								record that a context switch is required. */
1039:Middlewares/Third_Party/FreeRTOS/Source/queue.c **** 								if( pxHigherPriorityTaskWoken != NULL )
1040:Middlewares/Third_Party/FreeRTOS/Source/queue.c **** 								{
1041:Middlewares/Third_Party/FreeRTOS/Source/queue.c **** 									*pxHigherPriorityTaskWoken = pdTRUE;
1042:Middlewares/Third_Party/FreeRTOS/Source/queue.c **** 								}
1043:Middlewares/Third_Party/FreeRTOS/Source/queue.c **** 								else
1044:Middlewares/Third_Party/FreeRTOS/Source/queue.c **** 								{
1045:Middlewares/Third_Party/FreeRTOS/Source/queue.c **** 									mtCOVERAGE_TEST_MARKER();
1046:Middlewares/Third_Party/FreeRTOS/Source/queue.c **** 								}
1047:Middlewares/Third_Party/FreeRTOS/Source/queue.c **** 							}
1048:Middlewares/Third_Party/FreeRTOS/Source/queue.c **** 							else
1049:Middlewares/Third_Party/FreeRTOS/Source/queue.c **** 							{
1050:Middlewares/Third_Party/FreeRTOS/Source/queue.c **** 								mtCOVERAGE_TEST_MARKER();
1051:Middlewares/Third_Party/FreeRTOS/Source/queue.c **** 							}
1052:Middlewares/Third_Party/FreeRTOS/Source/queue.c **** 						}
1053:Middlewares/Third_Party/FreeRTOS/Source/queue.c **** 						else
1054:Middlewares/Third_Party/FreeRTOS/Source/queue.c **** 						{
1055:Middlewares/Third_Party/FreeRTOS/Source/queue.c **** 							mtCOVERAGE_TEST_MARKER();
1056:Middlewares/Third_Party/FreeRTOS/Source/queue.c **** 						}
1057:Middlewares/Third_Party/FreeRTOS/Source/queue.c **** 					}
ARM GAS  D:\temp\TMP\ccsMuV5a.s 			page 20


1058:Middlewares/Third_Party/FreeRTOS/Source/queue.c **** 				}
1059:Middlewares/Third_Party/FreeRTOS/Source/queue.c **** 				#else /* configUSE_QUEUE_SETS */
1060:Middlewares/Third_Party/FreeRTOS/Source/queue.c **** 				{
1061:Middlewares/Third_Party/FreeRTOS/Source/queue.c **** 					if( listLIST_IS_EMPTY( &( pxQueue->xTasksWaitingToReceive ) ) == pdFALSE )
1062:Middlewares/Third_Party/FreeRTOS/Source/queue.c **** 					{
1063:Middlewares/Third_Party/FreeRTOS/Source/queue.c **** 						if( xTaskRemoveFromEventList( &( pxQueue->xTasksWaitingToReceive ) ) != pdFALSE )
1064:Middlewares/Third_Party/FreeRTOS/Source/queue.c **** 						{
1065:Middlewares/Third_Party/FreeRTOS/Source/queue.c **** 							/* The task waiting has a higher priority so record that a
1066:Middlewares/Third_Party/FreeRTOS/Source/queue.c **** 							context	switch is required. */
1067:Middlewares/Third_Party/FreeRTOS/Source/queue.c **** 							if( pxHigherPriorityTaskWoken != NULL )
1068:Middlewares/Third_Party/FreeRTOS/Source/queue.c **** 							{
1069:Middlewares/Third_Party/FreeRTOS/Source/queue.c **** 								*pxHigherPriorityTaskWoken = pdTRUE;
1070:Middlewares/Third_Party/FreeRTOS/Source/queue.c **** 							}
1071:Middlewares/Third_Party/FreeRTOS/Source/queue.c **** 							else
1072:Middlewares/Third_Party/FreeRTOS/Source/queue.c **** 							{
1073:Middlewares/Third_Party/FreeRTOS/Source/queue.c **** 								mtCOVERAGE_TEST_MARKER();
1074:Middlewares/Third_Party/FreeRTOS/Source/queue.c **** 							}
1075:Middlewares/Third_Party/FreeRTOS/Source/queue.c **** 						}
1076:Middlewares/Third_Party/FreeRTOS/Source/queue.c **** 						else
1077:Middlewares/Third_Party/FreeRTOS/Source/queue.c **** 						{
1078:Middlewares/Third_Party/FreeRTOS/Source/queue.c **** 							mtCOVERAGE_TEST_MARKER();
1079:Middlewares/Third_Party/FreeRTOS/Source/queue.c **** 						}
1080:Middlewares/Third_Party/FreeRTOS/Source/queue.c **** 					}
1081:Middlewares/Third_Party/FreeRTOS/Source/queue.c **** 					else
1082:Middlewares/Third_Party/FreeRTOS/Source/queue.c **** 					{
1083:Middlewares/Third_Party/FreeRTOS/Source/queue.c **** 						mtCOVERAGE_TEST_MARKER();
1084:Middlewares/Third_Party/FreeRTOS/Source/queue.c **** 					}
1085:Middlewares/Third_Party/FreeRTOS/Source/queue.c **** 					
1086:Middlewares/Third_Party/FreeRTOS/Source/queue.c **** 					/* Not used in this path. */
1087:Middlewares/Third_Party/FreeRTOS/Source/queue.c **** 					( void ) uxPreviousMessagesWaiting;
1088:Middlewares/Third_Party/FreeRTOS/Source/queue.c **** 				}
1089:Middlewares/Third_Party/FreeRTOS/Source/queue.c **** 				#endif /* configUSE_QUEUE_SETS */
1090:Middlewares/Third_Party/FreeRTOS/Source/queue.c **** 			}
1091:Middlewares/Third_Party/FreeRTOS/Source/queue.c **** 			else
1092:Middlewares/Third_Party/FreeRTOS/Source/queue.c **** 			{
1093:Middlewares/Third_Party/FreeRTOS/Source/queue.c **** 				/* Increment the lock count so the task that unlocks the queue
1094:Middlewares/Third_Party/FreeRTOS/Source/queue.c **** 				knows that data was posted while it was locked. */
1095:Middlewares/Third_Party/FreeRTOS/Source/queue.c **** 				pxQueue->cTxLock = ( int8_t ) ( cTxLock + 1 );
1096:Middlewares/Third_Party/FreeRTOS/Source/queue.c **** 			}
1097:Middlewares/Third_Party/FreeRTOS/Source/queue.c **** 
1098:Middlewares/Third_Party/FreeRTOS/Source/queue.c **** 			xReturn = pdPASS;
1099:Middlewares/Third_Party/FreeRTOS/Source/queue.c **** 		}
1100:Middlewares/Third_Party/FreeRTOS/Source/queue.c **** 		else
1101:Middlewares/Third_Party/FreeRTOS/Source/queue.c **** 		{
1102:Middlewares/Third_Party/FreeRTOS/Source/queue.c **** 			traceQUEUE_SEND_FROM_ISR_FAILED( pxQueue );
1103:Middlewares/Third_Party/FreeRTOS/Source/queue.c **** 			xReturn = errQUEUE_FULL;
1104:Middlewares/Third_Party/FreeRTOS/Source/queue.c **** 		}
1105:Middlewares/Third_Party/FreeRTOS/Source/queue.c **** 	}
1106:Middlewares/Third_Party/FreeRTOS/Source/queue.c **** 	portCLEAR_INTERRUPT_MASK_FROM_ISR( uxSavedInterruptStatus );
1107:Middlewares/Third_Party/FreeRTOS/Source/queue.c **** 
1108:Middlewares/Third_Party/FreeRTOS/Source/queue.c **** 	return xReturn;
1109:Middlewares/Third_Party/FreeRTOS/Source/queue.c **** }
1110:Middlewares/Third_Party/FreeRTOS/Source/queue.c **** /*-----------------------------------------------------------*/
1111:Middlewares/Third_Party/FreeRTOS/Source/queue.c **** 
1112:Middlewares/Third_Party/FreeRTOS/Source/queue.c **** BaseType_t xQueueGiveFromISR( QueueHandle_t xQueue, BaseType_t * const pxHigherPriorityTaskWoken )
1113:Middlewares/Third_Party/FreeRTOS/Source/queue.c **** {
1114:Middlewares/Third_Party/FreeRTOS/Source/queue.c **** BaseType_t xReturn;
ARM GAS  D:\temp\TMP\ccsMuV5a.s 			page 21


1115:Middlewares/Third_Party/FreeRTOS/Source/queue.c **** UBaseType_t uxSavedInterruptStatus;
1116:Middlewares/Third_Party/FreeRTOS/Source/queue.c **** Queue_t * const pxQueue = xQueue;
1117:Middlewares/Third_Party/FreeRTOS/Source/queue.c **** 
1118:Middlewares/Third_Party/FreeRTOS/Source/queue.c **** 	/* Similar to xQueueGenericSendFromISR() but used with semaphores where the
1119:Middlewares/Third_Party/FreeRTOS/Source/queue.c **** 	item size is 0.  Don't directly wake a task that was blocked on a queue
1120:Middlewares/Third_Party/FreeRTOS/Source/queue.c **** 	read, instead return a flag to say whether a context switch is required or
1121:Middlewares/Third_Party/FreeRTOS/Source/queue.c **** 	not (i.e. has a task with a higher priority than us been woken by this
1122:Middlewares/Third_Party/FreeRTOS/Source/queue.c **** 	post). */
1123:Middlewares/Third_Party/FreeRTOS/Source/queue.c **** 
1124:Middlewares/Third_Party/FreeRTOS/Source/queue.c **** 	configASSERT( pxQueue );
1125:Middlewares/Third_Party/FreeRTOS/Source/queue.c **** 
1126:Middlewares/Third_Party/FreeRTOS/Source/queue.c **** 	/* xQueueGenericSendFromISR() should be used instead of xQueueGiveFromISR()
1127:Middlewares/Third_Party/FreeRTOS/Source/queue.c **** 	if the item size is not 0. */
1128:Middlewares/Third_Party/FreeRTOS/Source/queue.c **** 	configASSERT( pxQueue->uxItemSize == 0 );
1129:Middlewares/Third_Party/FreeRTOS/Source/queue.c **** 
1130:Middlewares/Third_Party/FreeRTOS/Source/queue.c **** 	/* Normally a mutex would not be given from an interrupt, especially if
1131:Middlewares/Third_Party/FreeRTOS/Source/queue.c **** 	there is a mutex holder, as priority inheritance makes no sense for an
1132:Middlewares/Third_Party/FreeRTOS/Source/queue.c **** 	interrupts, only tasks. */
1133:Middlewares/Third_Party/FreeRTOS/Source/queue.c **** 	configASSERT( !( ( pxQueue->uxQueueType == queueQUEUE_IS_MUTEX ) && ( pxQueue->u.xSemaphore.xMutex
1134:Middlewares/Third_Party/FreeRTOS/Source/queue.c **** 
1135:Middlewares/Third_Party/FreeRTOS/Source/queue.c **** 	/* RTOS ports that support interrupt nesting have the concept of a maximum
1136:Middlewares/Third_Party/FreeRTOS/Source/queue.c **** 	system call (or maximum API call) interrupt priority.  Interrupts that are
1137:Middlewares/Third_Party/FreeRTOS/Source/queue.c **** 	above the maximum system call priority are kept permanently enabled, even
1138:Middlewares/Third_Party/FreeRTOS/Source/queue.c **** 	when the RTOS kernel is in a critical section, but cannot make any calls to
1139:Middlewares/Third_Party/FreeRTOS/Source/queue.c **** 	FreeRTOS API functions.  If configASSERT() is defined in FreeRTOSConfig.h
1140:Middlewares/Third_Party/FreeRTOS/Source/queue.c **** 	then portASSERT_IF_INTERRUPT_PRIORITY_INVALID() will result in an assertion
1141:Middlewares/Third_Party/FreeRTOS/Source/queue.c **** 	failure if a FreeRTOS API function is called from an interrupt that has been
1142:Middlewares/Third_Party/FreeRTOS/Source/queue.c **** 	assigned a priority above the configured maximum system call priority.
1143:Middlewares/Third_Party/FreeRTOS/Source/queue.c **** 	Only FreeRTOS functions that end in FromISR can be called from interrupts
1144:Middlewares/Third_Party/FreeRTOS/Source/queue.c **** 	that have been assigned a priority at or (logically) below the maximum
1145:Middlewares/Third_Party/FreeRTOS/Source/queue.c **** 	system call	interrupt priority.  FreeRTOS maintains a separate interrupt
1146:Middlewares/Third_Party/FreeRTOS/Source/queue.c **** 	safe API to ensure interrupt entry is as fast and as simple as possible.
1147:Middlewares/Third_Party/FreeRTOS/Source/queue.c **** 	More information (albeit Cortex-M specific) is provided on the following
1148:Middlewares/Third_Party/FreeRTOS/Source/queue.c **** 	link: http://www.freertos.org/RTOS-Cortex-M3-M4.html */
1149:Middlewares/Third_Party/FreeRTOS/Source/queue.c **** 	portASSERT_IF_INTERRUPT_PRIORITY_INVALID();
1150:Middlewares/Third_Party/FreeRTOS/Source/queue.c **** 
1151:Middlewares/Third_Party/FreeRTOS/Source/queue.c **** 	uxSavedInterruptStatus = portSET_INTERRUPT_MASK_FROM_ISR();
1152:Middlewares/Third_Party/FreeRTOS/Source/queue.c **** 	{
1153:Middlewares/Third_Party/FreeRTOS/Source/queue.c **** 		const UBaseType_t uxMessagesWaiting = pxQueue->uxMessagesWaiting;
1154:Middlewares/Third_Party/FreeRTOS/Source/queue.c **** 
1155:Middlewares/Third_Party/FreeRTOS/Source/queue.c **** 		/* When the queue is used to implement a semaphore no data is ever
1156:Middlewares/Third_Party/FreeRTOS/Source/queue.c **** 		moved through the queue but it is still valid to see if the queue 'has
1157:Middlewares/Third_Party/FreeRTOS/Source/queue.c **** 		space'. */
1158:Middlewares/Third_Party/FreeRTOS/Source/queue.c **** 		if( uxMessagesWaiting < pxQueue->uxLength )
1159:Middlewares/Third_Party/FreeRTOS/Source/queue.c **** 		{
1160:Middlewares/Third_Party/FreeRTOS/Source/queue.c **** 			const int8_t cTxLock = pxQueue->cTxLock;
1161:Middlewares/Third_Party/FreeRTOS/Source/queue.c **** 
1162:Middlewares/Third_Party/FreeRTOS/Source/queue.c **** 			traceQUEUE_SEND_FROM_ISR( pxQueue );
1163:Middlewares/Third_Party/FreeRTOS/Source/queue.c **** 
1164:Middlewares/Third_Party/FreeRTOS/Source/queue.c **** 			/* A task can only have an inherited priority if it is a mutex
1165:Middlewares/Third_Party/FreeRTOS/Source/queue.c **** 			holder - and if there is a mutex holder then the mutex cannot be
1166:Middlewares/Third_Party/FreeRTOS/Source/queue.c **** 			given from an ISR.  As this is the ISR version of the function it
1167:Middlewares/Third_Party/FreeRTOS/Source/queue.c **** 			can be assumed there is no mutex holder and no need to determine if
1168:Middlewares/Third_Party/FreeRTOS/Source/queue.c **** 			priority disinheritance is needed.  Simply increase the count of
1169:Middlewares/Third_Party/FreeRTOS/Source/queue.c **** 			messages (semaphores) available. */
1170:Middlewares/Third_Party/FreeRTOS/Source/queue.c **** 			pxQueue->uxMessagesWaiting = uxMessagesWaiting + ( UBaseType_t ) 1;
1171:Middlewares/Third_Party/FreeRTOS/Source/queue.c **** 
ARM GAS  D:\temp\TMP\ccsMuV5a.s 			page 22


1172:Middlewares/Third_Party/FreeRTOS/Source/queue.c **** 			/* The event list is not altered if the queue is locked.  This will
1173:Middlewares/Third_Party/FreeRTOS/Source/queue.c **** 			be done when the queue is unlocked later. */
1174:Middlewares/Third_Party/FreeRTOS/Source/queue.c **** 			if( cTxLock == queueUNLOCKED )
1175:Middlewares/Third_Party/FreeRTOS/Source/queue.c **** 			{
1176:Middlewares/Third_Party/FreeRTOS/Source/queue.c **** 				#if ( configUSE_QUEUE_SETS == 1 )
1177:Middlewares/Third_Party/FreeRTOS/Source/queue.c **** 				{
1178:Middlewares/Third_Party/FreeRTOS/Source/queue.c **** 					if( pxQueue->pxQueueSetContainer != NULL )
1179:Middlewares/Third_Party/FreeRTOS/Source/queue.c **** 					{
1180:Middlewares/Third_Party/FreeRTOS/Source/queue.c **** 						if( prvNotifyQueueSetContainer( pxQueue ) != pdFALSE )
1181:Middlewares/Third_Party/FreeRTOS/Source/queue.c **** 						{
1182:Middlewares/Third_Party/FreeRTOS/Source/queue.c **** 							/* The semaphore is a member of a queue set, and
1183:Middlewares/Third_Party/FreeRTOS/Source/queue.c **** 							posting	to the queue set caused a higher priority
1184:Middlewares/Third_Party/FreeRTOS/Source/queue.c **** 							task to	unblock.  A context switch is required. */
1185:Middlewares/Third_Party/FreeRTOS/Source/queue.c **** 							if( pxHigherPriorityTaskWoken != NULL )
1186:Middlewares/Third_Party/FreeRTOS/Source/queue.c **** 							{
1187:Middlewares/Third_Party/FreeRTOS/Source/queue.c **** 								*pxHigherPriorityTaskWoken = pdTRUE;
1188:Middlewares/Third_Party/FreeRTOS/Source/queue.c **** 							}
1189:Middlewares/Third_Party/FreeRTOS/Source/queue.c **** 							else
1190:Middlewares/Third_Party/FreeRTOS/Source/queue.c **** 							{
1191:Middlewares/Third_Party/FreeRTOS/Source/queue.c **** 								mtCOVERAGE_TEST_MARKER();
1192:Middlewares/Third_Party/FreeRTOS/Source/queue.c **** 							}
1193:Middlewares/Third_Party/FreeRTOS/Source/queue.c **** 						}
1194:Middlewares/Third_Party/FreeRTOS/Source/queue.c **** 						else
1195:Middlewares/Third_Party/FreeRTOS/Source/queue.c **** 						{
1196:Middlewares/Third_Party/FreeRTOS/Source/queue.c **** 							mtCOVERAGE_TEST_MARKER();
1197:Middlewares/Third_Party/FreeRTOS/Source/queue.c **** 						}
1198:Middlewares/Third_Party/FreeRTOS/Source/queue.c **** 					}
1199:Middlewares/Third_Party/FreeRTOS/Source/queue.c **** 					else
1200:Middlewares/Third_Party/FreeRTOS/Source/queue.c **** 					{
1201:Middlewares/Third_Party/FreeRTOS/Source/queue.c **** 						if( listLIST_IS_EMPTY( &( pxQueue->xTasksWaitingToReceive ) ) == pdFALSE )
1202:Middlewares/Third_Party/FreeRTOS/Source/queue.c **** 						{
1203:Middlewares/Third_Party/FreeRTOS/Source/queue.c **** 							if( xTaskRemoveFromEventList( &( pxQueue->xTasksWaitingToReceive ) ) != pdFALSE )
1204:Middlewares/Third_Party/FreeRTOS/Source/queue.c **** 							{
1205:Middlewares/Third_Party/FreeRTOS/Source/queue.c **** 								/* The task waiting has a higher priority so
1206:Middlewares/Third_Party/FreeRTOS/Source/queue.c **** 								record that a context switch is required. */
1207:Middlewares/Third_Party/FreeRTOS/Source/queue.c **** 								if( pxHigherPriorityTaskWoken != NULL )
1208:Middlewares/Third_Party/FreeRTOS/Source/queue.c **** 								{
1209:Middlewares/Third_Party/FreeRTOS/Source/queue.c **** 									*pxHigherPriorityTaskWoken = pdTRUE;
1210:Middlewares/Third_Party/FreeRTOS/Source/queue.c **** 								}
1211:Middlewares/Third_Party/FreeRTOS/Source/queue.c **** 								else
1212:Middlewares/Third_Party/FreeRTOS/Source/queue.c **** 								{
1213:Middlewares/Third_Party/FreeRTOS/Source/queue.c **** 									mtCOVERAGE_TEST_MARKER();
1214:Middlewares/Third_Party/FreeRTOS/Source/queue.c **** 								}
1215:Middlewares/Third_Party/FreeRTOS/Source/queue.c **** 							}
1216:Middlewares/Third_Party/FreeRTOS/Source/queue.c **** 							else
1217:Middlewares/Third_Party/FreeRTOS/Source/queue.c **** 							{
1218:Middlewares/Third_Party/FreeRTOS/Source/queue.c **** 								mtCOVERAGE_TEST_MARKER();
1219:Middlewares/Third_Party/FreeRTOS/Source/queue.c **** 							}
1220:Middlewares/Third_Party/FreeRTOS/Source/queue.c **** 						}
1221:Middlewares/Third_Party/FreeRTOS/Source/queue.c **** 						else
1222:Middlewares/Third_Party/FreeRTOS/Source/queue.c **** 						{
1223:Middlewares/Third_Party/FreeRTOS/Source/queue.c **** 							mtCOVERAGE_TEST_MARKER();
1224:Middlewares/Third_Party/FreeRTOS/Source/queue.c **** 						}
1225:Middlewares/Third_Party/FreeRTOS/Source/queue.c **** 					}
1226:Middlewares/Third_Party/FreeRTOS/Source/queue.c **** 				}
1227:Middlewares/Third_Party/FreeRTOS/Source/queue.c **** 				#else /* configUSE_QUEUE_SETS */
1228:Middlewares/Third_Party/FreeRTOS/Source/queue.c **** 				{
ARM GAS  D:\temp\TMP\ccsMuV5a.s 			page 23


1229:Middlewares/Third_Party/FreeRTOS/Source/queue.c **** 					if( listLIST_IS_EMPTY( &( pxQueue->xTasksWaitingToReceive ) ) == pdFALSE )
1230:Middlewares/Third_Party/FreeRTOS/Source/queue.c **** 					{
1231:Middlewares/Third_Party/FreeRTOS/Source/queue.c **** 						if( xTaskRemoveFromEventList( &( pxQueue->xTasksWaitingToReceive ) ) != pdFALSE )
1232:Middlewares/Third_Party/FreeRTOS/Source/queue.c **** 						{
1233:Middlewares/Third_Party/FreeRTOS/Source/queue.c **** 							/* The task waiting has a higher priority so record that a
1234:Middlewares/Third_Party/FreeRTOS/Source/queue.c **** 							context	switch is required. */
1235:Middlewares/Third_Party/FreeRTOS/Source/queue.c **** 							if( pxHigherPriorityTaskWoken != NULL )
1236:Middlewares/Third_Party/FreeRTOS/Source/queue.c **** 							{
1237:Middlewares/Third_Party/FreeRTOS/Source/queue.c **** 								*pxHigherPriorityTaskWoken = pdTRUE;
1238:Middlewares/Third_Party/FreeRTOS/Source/queue.c **** 							}
1239:Middlewares/Third_Party/FreeRTOS/Source/queue.c **** 							else
1240:Middlewares/Third_Party/FreeRTOS/Source/queue.c **** 							{
1241:Middlewares/Third_Party/FreeRTOS/Source/queue.c **** 								mtCOVERAGE_TEST_MARKER();
1242:Middlewares/Third_Party/FreeRTOS/Source/queue.c **** 							}
1243:Middlewares/Third_Party/FreeRTOS/Source/queue.c **** 						}
1244:Middlewares/Third_Party/FreeRTOS/Source/queue.c **** 						else
1245:Middlewares/Third_Party/FreeRTOS/Source/queue.c **** 						{
1246:Middlewares/Third_Party/FreeRTOS/Source/queue.c **** 							mtCOVERAGE_TEST_MARKER();
1247:Middlewares/Third_Party/FreeRTOS/Source/queue.c **** 						}
1248:Middlewares/Third_Party/FreeRTOS/Source/queue.c **** 					}
1249:Middlewares/Third_Party/FreeRTOS/Source/queue.c **** 					else
1250:Middlewares/Third_Party/FreeRTOS/Source/queue.c **** 					{
1251:Middlewares/Third_Party/FreeRTOS/Source/queue.c **** 						mtCOVERAGE_TEST_MARKER();
1252:Middlewares/Third_Party/FreeRTOS/Source/queue.c **** 					}
1253:Middlewares/Third_Party/FreeRTOS/Source/queue.c **** 				}
1254:Middlewares/Third_Party/FreeRTOS/Source/queue.c **** 				#endif /* configUSE_QUEUE_SETS */
1255:Middlewares/Third_Party/FreeRTOS/Source/queue.c **** 			}
1256:Middlewares/Third_Party/FreeRTOS/Source/queue.c **** 			else
1257:Middlewares/Third_Party/FreeRTOS/Source/queue.c **** 			{
1258:Middlewares/Third_Party/FreeRTOS/Source/queue.c **** 				/* Increment the lock count so the task that unlocks the queue
1259:Middlewares/Third_Party/FreeRTOS/Source/queue.c **** 				knows that data was posted while it was locked. */
1260:Middlewares/Third_Party/FreeRTOS/Source/queue.c **** 				pxQueue->cTxLock = ( int8_t ) ( cTxLock + 1 );
1261:Middlewares/Third_Party/FreeRTOS/Source/queue.c **** 			}
1262:Middlewares/Third_Party/FreeRTOS/Source/queue.c **** 
1263:Middlewares/Third_Party/FreeRTOS/Source/queue.c **** 			xReturn = pdPASS;
1264:Middlewares/Third_Party/FreeRTOS/Source/queue.c **** 		}
1265:Middlewares/Third_Party/FreeRTOS/Source/queue.c **** 		else
1266:Middlewares/Third_Party/FreeRTOS/Source/queue.c **** 		{
1267:Middlewares/Third_Party/FreeRTOS/Source/queue.c **** 			traceQUEUE_SEND_FROM_ISR_FAILED( pxQueue );
1268:Middlewares/Third_Party/FreeRTOS/Source/queue.c **** 			xReturn = errQUEUE_FULL;
1269:Middlewares/Third_Party/FreeRTOS/Source/queue.c **** 		}
1270:Middlewares/Third_Party/FreeRTOS/Source/queue.c **** 	}
1271:Middlewares/Third_Party/FreeRTOS/Source/queue.c **** 	portCLEAR_INTERRUPT_MASK_FROM_ISR( uxSavedInterruptStatus );
1272:Middlewares/Third_Party/FreeRTOS/Source/queue.c **** 
1273:Middlewares/Third_Party/FreeRTOS/Source/queue.c **** 	return xReturn;
1274:Middlewares/Third_Party/FreeRTOS/Source/queue.c **** }
1275:Middlewares/Third_Party/FreeRTOS/Source/queue.c **** /*-----------------------------------------------------------*/
1276:Middlewares/Third_Party/FreeRTOS/Source/queue.c **** 
1277:Middlewares/Third_Party/FreeRTOS/Source/queue.c **** BaseType_t xQueueReceive( QueueHandle_t xQueue, void * const pvBuffer, TickType_t xTicksToWait )
1278:Middlewares/Third_Party/FreeRTOS/Source/queue.c **** {
1279:Middlewares/Third_Party/FreeRTOS/Source/queue.c **** BaseType_t xEntryTimeSet = pdFALSE;
1280:Middlewares/Third_Party/FreeRTOS/Source/queue.c **** TimeOut_t xTimeOut;
1281:Middlewares/Third_Party/FreeRTOS/Source/queue.c **** Queue_t * const pxQueue = xQueue;
1282:Middlewares/Third_Party/FreeRTOS/Source/queue.c **** 
1283:Middlewares/Third_Party/FreeRTOS/Source/queue.c **** 	/* Check the pointer is not NULL. */
1284:Middlewares/Third_Party/FreeRTOS/Source/queue.c **** 	configASSERT( ( pxQueue ) );
1285:Middlewares/Third_Party/FreeRTOS/Source/queue.c **** 
ARM GAS  D:\temp\TMP\ccsMuV5a.s 			page 24


1286:Middlewares/Third_Party/FreeRTOS/Source/queue.c **** 	/* The buffer into which data is received can only be NULL if the data size
1287:Middlewares/Third_Party/FreeRTOS/Source/queue.c **** 	is zero (so no data is copied into the buffer. */
1288:Middlewares/Third_Party/FreeRTOS/Source/queue.c **** 	configASSERT( !( ( ( pvBuffer ) == NULL ) && ( ( pxQueue )->uxItemSize != ( UBaseType_t ) 0U ) ) )
1289:Middlewares/Third_Party/FreeRTOS/Source/queue.c **** 
1290:Middlewares/Third_Party/FreeRTOS/Source/queue.c **** 	/* Cannot block if the scheduler is suspended. */
1291:Middlewares/Third_Party/FreeRTOS/Source/queue.c **** 	#if ( ( INCLUDE_xTaskGetSchedulerState == 1 ) || ( configUSE_TIMERS == 1 ) )
1292:Middlewares/Third_Party/FreeRTOS/Source/queue.c **** 	{
1293:Middlewares/Third_Party/FreeRTOS/Source/queue.c **** 		configASSERT( !( ( xTaskGetSchedulerState() == taskSCHEDULER_SUSPENDED ) && ( xTicksToWait != 0 )
1294:Middlewares/Third_Party/FreeRTOS/Source/queue.c **** 	}
1295:Middlewares/Third_Party/FreeRTOS/Source/queue.c **** 	#endif
1296:Middlewares/Third_Party/FreeRTOS/Source/queue.c **** 
1297:Middlewares/Third_Party/FreeRTOS/Source/queue.c **** 
1298:Middlewares/Third_Party/FreeRTOS/Source/queue.c **** 	/*lint -save -e904  This function relaxes the coding standard somewhat to
1299:Middlewares/Third_Party/FreeRTOS/Source/queue.c **** 	allow return statements within the function itself.  This is done in the
1300:Middlewares/Third_Party/FreeRTOS/Source/queue.c **** 	interest of execution time efficiency. */
1301:Middlewares/Third_Party/FreeRTOS/Source/queue.c **** 	for( ;; )
1302:Middlewares/Third_Party/FreeRTOS/Source/queue.c **** 	{
1303:Middlewares/Third_Party/FreeRTOS/Source/queue.c **** 		taskENTER_CRITICAL();
1304:Middlewares/Third_Party/FreeRTOS/Source/queue.c **** 		{
1305:Middlewares/Third_Party/FreeRTOS/Source/queue.c **** 			const UBaseType_t uxMessagesWaiting = pxQueue->uxMessagesWaiting;
1306:Middlewares/Third_Party/FreeRTOS/Source/queue.c **** 
1307:Middlewares/Third_Party/FreeRTOS/Source/queue.c **** 			/* Is there data in the queue now?  To be running the calling task
1308:Middlewares/Third_Party/FreeRTOS/Source/queue.c **** 			must be the highest priority task wanting to access the queue. */
1309:Middlewares/Third_Party/FreeRTOS/Source/queue.c **** 			if( uxMessagesWaiting > ( UBaseType_t ) 0 )
1310:Middlewares/Third_Party/FreeRTOS/Source/queue.c **** 			{
1311:Middlewares/Third_Party/FreeRTOS/Source/queue.c **** 				/* Data available, remove one item. */
1312:Middlewares/Third_Party/FreeRTOS/Source/queue.c **** 				prvCopyDataFromQueue( pxQueue, pvBuffer );
1313:Middlewares/Third_Party/FreeRTOS/Source/queue.c **** 				traceQUEUE_RECEIVE( pxQueue );
1314:Middlewares/Third_Party/FreeRTOS/Source/queue.c **** 				pxQueue->uxMessagesWaiting = uxMessagesWaiting - ( UBaseType_t ) 1;
1315:Middlewares/Third_Party/FreeRTOS/Source/queue.c **** 
1316:Middlewares/Third_Party/FreeRTOS/Source/queue.c **** 				/* There is now space in the queue, were any tasks waiting to
1317:Middlewares/Third_Party/FreeRTOS/Source/queue.c **** 				post to the queue?  If so, unblock the highest priority waiting
1318:Middlewares/Third_Party/FreeRTOS/Source/queue.c **** 				task. */
1319:Middlewares/Third_Party/FreeRTOS/Source/queue.c **** 				if( listLIST_IS_EMPTY( &( pxQueue->xTasksWaitingToSend ) ) == pdFALSE )
1320:Middlewares/Third_Party/FreeRTOS/Source/queue.c **** 				{
1321:Middlewares/Third_Party/FreeRTOS/Source/queue.c **** 					if( xTaskRemoveFromEventList( &( pxQueue->xTasksWaitingToSend ) ) != pdFALSE )
1322:Middlewares/Third_Party/FreeRTOS/Source/queue.c **** 					{
1323:Middlewares/Third_Party/FreeRTOS/Source/queue.c **** 						queueYIELD_IF_USING_PREEMPTION();
1324:Middlewares/Third_Party/FreeRTOS/Source/queue.c **** 					}
1325:Middlewares/Third_Party/FreeRTOS/Source/queue.c **** 					else
1326:Middlewares/Third_Party/FreeRTOS/Source/queue.c **** 					{
1327:Middlewares/Third_Party/FreeRTOS/Source/queue.c **** 						mtCOVERAGE_TEST_MARKER();
1328:Middlewares/Third_Party/FreeRTOS/Source/queue.c **** 					}
1329:Middlewares/Third_Party/FreeRTOS/Source/queue.c **** 				}
1330:Middlewares/Third_Party/FreeRTOS/Source/queue.c **** 				else
1331:Middlewares/Third_Party/FreeRTOS/Source/queue.c **** 				{
1332:Middlewares/Third_Party/FreeRTOS/Source/queue.c **** 					mtCOVERAGE_TEST_MARKER();
1333:Middlewares/Third_Party/FreeRTOS/Source/queue.c **** 				}
1334:Middlewares/Third_Party/FreeRTOS/Source/queue.c **** 
1335:Middlewares/Third_Party/FreeRTOS/Source/queue.c **** 				taskEXIT_CRITICAL();
1336:Middlewares/Third_Party/FreeRTOS/Source/queue.c **** 				return pdPASS;
1337:Middlewares/Third_Party/FreeRTOS/Source/queue.c **** 			}
1338:Middlewares/Third_Party/FreeRTOS/Source/queue.c **** 			else
1339:Middlewares/Third_Party/FreeRTOS/Source/queue.c **** 			{
1340:Middlewares/Third_Party/FreeRTOS/Source/queue.c **** 				if( xTicksToWait == ( TickType_t ) 0 )
1341:Middlewares/Third_Party/FreeRTOS/Source/queue.c **** 				{
1342:Middlewares/Third_Party/FreeRTOS/Source/queue.c **** 					/* The queue was empty and no block time is specified (or
ARM GAS  D:\temp\TMP\ccsMuV5a.s 			page 25


1343:Middlewares/Third_Party/FreeRTOS/Source/queue.c **** 					the block time has expired) so leave now. */
1344:Middlewares/Third_Party/FreeRTOS/Source/queue.c **** 					taskEXIT_CRITICAL();
1345:Middlewares/Third_Party/FreeRTOS/Source/queue.c **** 					traceQUEUE_RECEIVE_FAILED( pxQueue );
1346:Middlewares/Third_Party/FreeRTOS/Source/queue.c **** 					return errQUEUE_EMPTY;
1347:Middlewares/Third_Party/FreeRTOS/Source/queue.c **** 				}
1348:Middlewares/Third_Party/FreeRTOS/Source/queue.c **** 				else if( xEntryTimeSet == pdFALSE )
1349:Middlewares/Third_Party/FreeRTOS/Source/queue.c **** 				{
1350:Middlewares/Third_Party/FreeRTOS/Source/queue.c **** 					/* The queue was empty and a block time was specified so
1351:Middlewares/Third_Party/FreeRTOS/Source/queue.c **** 					configure the timeout structure. */
1352:Middlewares/Third_Party/FreeRTOS/Source/queue.c **** 					vTaskInternalSetTimeOutState( &xTimeOut );
1353:Middlewares/Third_Party/FreeRTOS/Source/queue.c **** 					xEntryTimeSet = pdTRUE;
1354:Middlewares/Third_Party/FreeRTOS/Source/queue.c **** 				}
1355:Middlewares/Third_Party/FreeRTOS/Source/queue.c **** 				else
1356:Middlewares/Third_Party/FreeRTOS/Source/queue.c **** 				{
1357:Middlewares/Third_Party/FreeRTOS/Source/queue.c **** 					/* Entry time was already set. */
1358:Middlewares/Third_Party/FreeRTOS/Source/queue.c **** 					mtCOVERAGE_TEST_MARKER();
1359:Middlewares/Third_Party/FreeRTOS/Source/queue.c **** 				}
1360:Middlewares/Third_Party/FreeRTOS/Source/queue.c **** 			}
1361:Middlewares/Third_Party/FreeRTOS/Source/queue.c **** 		}
1362:Middlewares/Third_Party/FreeRTOS/Source/queue.c **** 		taskEXIT_CRITICAL();
1363:Middlewares/Third_Party/FreeRTOS/Source/queue.c **** 
1364:Middlewares/Third_Party/FreeRTOS/Source/queue.c **** 		/* Interrupts and other tasks can send to and receive from the queue
1365:Middlewares/Third_Party/FreeRTOS/Source/queue.c **** 		now the critical section has been exited. */
1366:Middlewares/Third_Party/FreeRTOS/Source/queue.c **** 
1367:Middlewares/Third_Party/FreeRTOS/Source/queue.c **** 		vTaskSuspendAll();
1368:Middlewares/Third_Party/FreeRTOS/Source/queue.c **** 		prvLockQueue( pxQueue );
1369:Middlewares/Third_Party/FreeRTOS/Source/queue.c **** 
1370:Middlewares/Third_Party/FreeRTOS/Source/queue.c **** 		/* Update the timeout state to see if it has expired yet. */
1371:Middlewares/Third_Party/FreeRTOS/Source/queue.c **** 		if( xTaskCheckForTimeOut( &xTimeOut, &xTicksToWait ) == pdFALSE )
1372:Middlewares/Third_Party/FreeRTOS/Source/queue.c **** 		{
1373:Middlewares/Third_Party/FreeRTOS/Source/queue.c **** 			/* The timeout has not expired.  If the queue is still empty place
1374:Middlewares/Third_Party/FreeRTOS/Source/queue.c **** 			the task on the list of tasks waiting to receive from the queue. */
1375:Middlewares/Third_Party/FreeRTOS/Source/queue.c **** 			if( prvIsQueueEmpty( pxQueue ) != pdFALSE )
1376:Middlewares/Third_Party/FreeRTOS/Source/queue.c **** 			{
1377:Middlewares/Third_Party/FreeRTOS/Source/queue.c **** 				traceBLOCKING_ON_QUEUE_RECEIVE( pxQueue );
1378:Middlewares/Third_Party/FreeRTOS/Source/queue.c **** 				vTaskPlaceOnEventList( &( pxQueue->xTasksWaitingToReceive ), xTicksToWait );
1379:Middlewares/Third_Party/FreeRTOS/Source/queue.c **** 				prvUnlockQueue( pxQueue );
1380:Middlewares/Third_Party/FreeRTOS/Source/queue.c **** 				if( xTaskResumeAll() == pdFALSE )
1381:Middlewares/Third_Party/FreeRTOS/Source/queue.c **** 				{
1382:Middlewares/Third_Party/FreeRTOS/Source/queue.c **** 					portYIELD_WITHIN_API();
1383:Middlewares/Third_Party/FreeRTOS/Source/queue.c **** 				}
1384:Middlewares/Third_Party/FreeRTOS/Source/queue.c **** 				else
1385:Middlewares/Third_Party/FreeRTOS/Source/queue.c **** 				{
1386:Middlewares/Third_Party/FreeRTOS/Source/queue.c **** 					mtCOVERAGE_TEST_MARKER();
1387:Middlewares/Third_Party/FreeRTOS/Source/queue.c **** 				}
1388:Middlewares/Third_Party/FreeRTOS/Source/queue.c **** 			}
1389:Middlewares/Third_Party/FreeRTOS/Source/queue.c **** 			else
1390:Middlewares/Third_Party/FreeRTOS/Source/queue.c **** 			{
1391:Middlewares/Third_Party/FreeRTOS/Source/queue.c **** 				/* The queue contains data again.  Loop back to try and read the
1392:Middlewares/Third_Party/FreeRTOS/Source/queue.c **** 				data. */
1393:Middlewares/Third_Party/FreeRTOS/Source/queue.c **** 				prvUnlockQueue( pxQueue );
1394:Middlewares/Third_Party/FreeRTOS/Source/queue.c **** 				( void ) xTaskResumeAll();
1395:Middlewares/Third_Party/FreeRTOS/Source/queue.c **** 			}
1396:Middlewares/Third_Party/FreeRTOS/Source/queue.c **** 		}
1397:Middlewares/Third_Party/FreeRTOS/Source/queue.c **** 		else
1398:Middlewares/Third_Party/FreeRTOS/Source/queue.c **** 		{
1399:Middlewares/Third_Party/FreeRTOS/Source/queue.c **** 			/* Timed out.  If there is no data in the queue exit, otherwise loop
ARM GAS  D:\temp\TMP\ccsMuV5a.s 			page 26


1400:Middlewares/Third_Party/FreeRTOS/Source/queue.c **** 			back and attempt to read the data. */
1401:Middlewares/Third_Party/FreeRTOS/Source/queue.c **** 			prvUnlockQueue( pxQueue );
1402:Middlewares/Third_Party/FreeRTOS/Source/queue.c **** 			( void ) xTaskResumeAll();
1403:Middlewares/Third_Party/FreeRTOS/Source/queue.c **** 
1404:Middlewares/Third_Party/FreeRTOS/Source/queue.c **** 			if( prvIsQueueEmpty( pxQueue ) != pdFALSE )
1405:Middlewares/Third_Party/FreeRTOS/Source/queue.c **** 			{
1406:Middlewares/Third_Party/FreeRTOS/Source/queue.c **** 				traceQUEUE_RECEIVE_FAILED( pxQueue );
1407:Middlewares/Third_Party/FreeRTOS/Source/queue.c **** 				return errQUEUE_EMPTY;
1408:Middlewares/Third_Party/FreeRTOS/Source/queue.c **** 			}
1409:Middlewares/Third_Party/FreeRTOS/Source/queue.c **** 			else
1410:Middlewares/Third_Party/FreeRTOS/Source/queue.c **** 			{
1411:Middlewares/Third_Party/FreeRTOS/Source/queue.c **** 				mtCOVERAGE_TEST_MARKER();
1412:Middlewares/Third_Party/FreeRTOS/Source/queue.c **** 			}
1413:Middlewares/Third_Party/FreeRTOS/Source/queue.c **** 		}
1414:Middlewares/Third_Party/FreeRTOS/Source/queue.c **** 	} /*lint -restore */
1415:Middlewares/Third_Party/FreeRTOS/Source/queue.c **** }
1416:Middlewares/Third_Party/FreeRTOS/Source/queue.c **** /*-----------------------------------------------------------*/
1417:Middlewares/Third_Party/FreeRTOS/Source/queue.c **** 
1418:Middlewares/Third_Party/FreeRTOS/Source/queue.c **** BaseType_t xQueueSemaphoreTake( QueueHandle_t xQueue, TickType_t xTicksToWait )
1419:Middlewares/Third_Party/FreeRTOS/Source/queue.c **** {
1420:Middlewares/Third_Party/FreeRTOS/Source/queue.c **** BaseType_t xEntryTimeSet = pdFALSE;
1421:Middlewares/Third_Party/FreeRTOS/Source/queue.c **** TimeOut_t xTimeOut;
1422:Middlewares/Third_Party/FreeRTOS/Source/queue.c **** Queue_t * const pxQueue = xQueue;
1423:Middlewares/Third_Party/FreeRTOS/Source/queue.c **** 
1424:Middlewares/Third_Party/FreeRTOS/Source/queue.c **** #if( configUSE_MUTEXES == 1 )
1425:Middlewares/Third_Party/FreeRTOS/Source/queue.c **** 	BaseType_t xInheritanceOccurred = pdFALSE;
1426:Middlewares/Third_Party/FreeRTOS/Source/queue.c **** #endif
1427:Middlewares/Third_Party/FreeRTOS/Source/queue.c **** 
1428:Middlewares/Third_Party/FreeRTOS/Source/queue.c **** 	/* Check the queue pointer is not NULL. */
1429:Middlewares/Third_Party/FreeRTOS/Source/queue.c **** 	configASSERT( ( pxQueue ) );
1430:Middlewares/Third_Party/FreeRTOS/Source/queue.c **** 
1431:Middlewares/Third_Party/FreeRTOS/Source/queue.c **** 	/* Check this really is a semaphore, in which case the item size will be
1432:Middlewares/Third_Party/FreeRTOS/Source/queue.c **** 	0. */
1433:Middlewares/Third_Party/FreeRTOS/Source/queue.c **** 	configASSERT( pxQueue->uxItemSize == 0 );
1434:Middlewares/Third_Party/FreeRTOS/Source/queue.c **** 
1435:Middlewares/Third_Party/FreeRTOS/Source/queue.c **** 	/* Cannot block if the scheduler is suspended. */
1436:Middlewares/Third_Party/FreeRTOS/Source/queue.c **** 	#if ( ( INCLUDE_xTaskGetSchedulerState == 1 ) || ( configUSE_TIMERS == 1 ) )
1437:Middlewares/Third_Party/FreeRTOS/Source/queue.c **** 	{
1438:Middlewares/Third_Party/FreeRTOS/Source/queue.c **** 		configASSERT( !( ( xTaskGetSchedulerState() == taskSCHEDULER_SUSPENDED ) && ( xTicksToWait != 0 )
1439:Middlewares/Third_Party/FreeRTOS/Source/queue.c **** 	}
1440:Middlewares/Third_Party/FreeRTOS/Source/queue.c **** 	#endif
1441:Middlewares/Third_Party/FreeRTOS/Source/queue.c **** 
1442:Middlewares/Third_Party/FreeRTOS/Source/queue.c **** 
1443:Middlewares/Third_Party/FreeRTOS/Source/queue.c **** 	/*lint -save -e904 This function relaxes the coding standard somewhat to allow return
1444:Middlewares/Third_Party/FreeRTOS/Source/queue.c **** 	statements within the function itself.  This is done in the interest
1445:Middlewares/Third_Party/FreeRTOS/Source/queue.c **** 	of execution time efficiency. */
1446:Middlewares/Third_Party/FreeRTOS/Source/queue.c **** 	for( ;; )
1447:Middlewares/Third_Party/FreeRTOS/Source/queue.c **** 	{
1448:Middlewares/Third_Party/FreeRTOS/Source/queue.c **** 		taskENTER_CRITICAL();
1449:Middlewares/Third_Party/FreeRTOS/Source/queue.c **** 		{
1450:Middlewares/Third_Party/FreeRTOS/Source/queue.c **** 			/* Semaphores are queues with an item size of 0, and where the
1451:Middlewares/Third_Party/FreeRTOS/Source/queue.c **** 			number of messages in the queue is the semaphore's count value. */
1452:Middlewares/Third_Party/FreeRTOS/Source/queue.c **** 			const UBaseType_t uxSemaphoreCount = pxQueue->uxMessagesWaiting;
1453:Middlewares/Third_Party/FreeRTOS/Source/queue.c **** 
1454:Middlewares/Third_Party/FreeRTOS/Source/queue.c **** 			/* Is there data in the queue now?  To be running the calling task
1455:Middlewares/Third_Party/FreeRTOS/Source/queue.c **** 			must be the highest priority task wanting to access the queue. */
1456:Middlewares/Third_Party/FreeRTOS/Source/queue.c **** 			if( uxSemaphoreCount > ( UBaseType_t ) 0 )
ARM GAS  D:\temp\TMP\ccsMuV5a.s 			page 27


1457:Middlewares/Third_Party/FreeRTOS/Source/queue.c **** 			{
1458:Middlewares/Third_Party/FreeRTOS/Source/queue.c **** 				traceQUEUE_RECEIVE( pxQueue );
1459:Middlewares/Third_Party/FreeRTOS/Source/queue.c **** 
1460:Middlewares/Third_Party/FreeRTOS/Source/queue.c **** 				/* Semaphores are queues with a data size of zero and where the
1461:Middlewares/Third_Party/FreeRTOS/Source/queue.c **** 				messages waiting is the semaphore's count.  Reduce the count. */
1462:Middlewares/Third_Party/FreeRTOS/Source/queue.c **** 				pxQueue->uxMessagesWaiting = uxSemaphoreCount - ( UBaseType_t ) 1;
1463:Middlewares/Third_Party/FreeRTOS/Source/queue.c **** 
1464:Middlewares/Third_Party/FreeRTOS/Source/queue.c **** 				#if ( configUSE_MUTEXES == 1 )
1465:Middlewares/Third_Party/FreeRTOS/Source/queue.c **** 				{
1466:Middlewares/Third_Party/FreeRTOS/Source/queue.c **** 					if( pxQueue->uxQueueType == queueQUEUE_IS_MUTEX )
1467:Middlewares/Third_Party/FreeRTOS/Source/queue.c **** 					{
1468:Middlewares/Third_Party/FreeRTOS/Source/queue.c **** 						/* Record the information required to implement
1469:Middlewares/Third_Party/FreeRTOS/Source/queue.c **** 						priority inheritance should it become necessary. */
1470:Middlewares/Third_Party/FreeRTOS/Source/queue.c **** 						pxQueue->u.xSemaphore.xMutexHolder = pvTaskIncrementMutexHeldCount();
1471:Middlewares/Third_Party/FreeRTOS/Source/queue.c **** 					}
1472:Middlewares/Third_Party/FreeRTOS/Source/queue.c **** 					else
1473:Middlewares/Third_Party/FreeRTOS/Source/queue.c **** 					{
1474:Middlewares/Third_Party/FreeRTOS/Source/queue.c **** 						mtCOVERAGE_TEST_MARKER();
1475:Middlewares/Third_Party/FreeRTOS/Source/queue.c **** 					}
1476:Middlewares/Third_Party/FreeRTOS/Source/queue.c **** 				}
1477:Middlewares/Third_Party/FreeRTOS/Source/queue.c **** 				#endif /* configUSE_MUTEXES */
1478:Middlewares/Third_Party/FreeRTOS/Source/queue.c **** 
1479:Middlewares/Third_Party/FreeRTOS/Source/queue.c **** 				/* Check to see if other tasks are blocked waiting to give the
1480:Middlewares/Third_Party/FreeRTOS/Source/queue.c **** 				semaphore, and if so, unblock the highest priority such task. */
1481:Middlewares/Third_Party/FreeRTOS/Source/queue.c **** 				if( listLIST_IS_EMPTY( &( pxQueue->xTasksWaitingToSend ) ) == pdFALSE )
1482:Middlewares/Third_Party/FreeRTOS/Source/queue.c **** 				{
1483:Middlewares/Third_Party/FreeRTOS/Source/queue.c **** 					if( xTaskRemoveFromEventList( &( pxQueue->xTasksWaitingToSend ) ) != pdFALSE )
1484:Middlewares/Third_Party/FreeRTOS/Source/queue.c **** 					{
1485:Middlewares/Third_Party/FreeRTOS/Source/queue.c **** 						queueYIELD_IF_USING_PREEMPTION();
1486:Middlewares/Third_Party/FreeRTOS/Source/queue.c **** 					}
1487:Middlewares/Third_Party/FreeRTOS/Source/queue.c **** 					else
1488:Middlewares/Third_Party/FreeRTOS/Source/queue.c **** 					{
1489:Middlewares/Third_Party/FreeRTOS/Source/queue.c **** 						mtCOVERAGE_TEST_MARKER();
1490:Middlewares/Third_Party/FreeRTOS/Source/queue.c **** 					}
1491:Middlewares/Third_Party/FreeRTOS/Source/queue.c **** 				}
1492:Middlewares/Third_Party/FreeRTOS/Source/queue.c **** 				else
1493:Middlewares/Third_Party/FreeRTOS/Source/queue.c **** 				{
1494:Middlewares/Third_Party/FreeRTOS/Source/queue.c **** 					mtCOVERAGE_TEST_MARKER();
1495:Middlewares/Third_Party/FreeRTOS/Source/queue.c **** 				}
1496:Middlewares/Third_Party/FreeRTOS/Source/queue.c **** 
1497:Middlewares/Third_Party/FreeRTOS/Source/queue.c **** 				taskEXIT_CRITICAL();
1498:Middlewares/Third_Party/FreeRTOS/Source/queue.c **** 				return pdPASS;
1499:Middlewares/Third_Party/FreeRTOS/Source/queue.c **** 			}
1500:Middlewares/Third_Party/FreeRTOS/Source/queue.c **** 			else
1501:Middlewares/Third_Party/FreeRTOS/Source/queue.c **** 			{
1502:Middlewares/Third_Party/FreeRTOS/Source/queue.c **** 				if( xTicksToWait == ( TickType_t ) 0 )
1503:Middlewares/Third_Party/FreeRTOS/Source/queue.c **** 				{
1504:Middlewares/Third_Party/FreeRTOS/Source/queue.c **** 					/* For inheritance to have occurred there must have been an
1505:Middlewares/Third_Party/FreeRTOS/Source/queue.c **** 					initial timeout, and an adjusted timeout cannot become 0, as
1506:Middlewares/Third_Party/FreeRTOS/Source/queue.c **** 					if it were 0 the function would have exited. */
1507:Middlewares/Third_Party/FreeRTOS/Source/queue.c **** 					#if( configUSE_MUTEXES == 1 )
1508:Middlewares/Third_Party/FreeRTOS/Source/queue.c **** 					{
1509:Middlewares/Third_Party/FreeRTOS/Source/queue.c **** 						configASSERT( xInheritanceOccurred == pdFALSE );
1510:Middlewares/Third_Party/FreeRTOS/Source/queue.c **** 					}
1511:Middlewares/Third_Party/FreeRTOS/Source/queue.c **** 					#endif /* configUSE_MUTEXES */
1512:Middlewares/Third_Party/FreeRTOS/Source/queue.c **** 
1513:Middlewares/Third_Party/FreeRTOS/Source/queue.c **** 					/* The semaphore count was 0 and no block time is specified
ARM GAS  D:\temp\TMP\ccsMuV5a.s 			page 28


1514:Middlewares/Third_Party/FreeRTOS/Source/queue.c **** 					(or the block time has expired) so exit now. */
1515:Middlewares/Third_Party/FreeRTOS/Source/queue.c **** 					taskEXIT_CRITICAL();
1516:Middlewares/Third_Party/FreeRTOS/Source/queue.c **** 					traceQUEUE_RECEIVE_FAILED( pxQueue );
1517:Middlewares/Third_Party/FreeRTOS/Source/queue.c **** 					return errQUEUE_EMPTY;
1518:Middlewares/Third_Party/FreeRTOS/Source/queue.c **** 				}
1519:Middlewares/Third_Party/FreeRTOS/Source/queue.c **** 				else if( xEntryTimeSet == pdFALSE )
1520:Middlewares/Third_Party/FreeRTOS/Source/queue.c **** 				{
1521:Middlewares/Third_Party/FreeRTOS/Source/queue.c **** 					/* The semaphore count was 0 and a block time was specified
1522:Middlewares/Third_Party/FreeRTOS/Source/queue.c **** 					so configure the timeout structure ready to block. */
1523:Middlewares/Third_Party/FreeRTOS/Source/queue.c **** 					vTaskInternalSetTimeOutState( &xTimeOut );
1524:Middlewares/Third_Party/FreeRTOS/Source/queue.c **** 					xEntryTimeSet = pdTRUE;
1525:Middlewares/Third_Party/FreeRTOS/Source/queue.c **** 				}
1526:Middlewares/Third_Party/FreeRTOS/Source/queue.c **** 				else
1527:Middlewares/Third_Party/FreeRTOS/Source/queue.c **** 				{
1528:Middlewares/Third_Party/FreeRTOS/Source/queue.c **** 					/* Entry time was already set. */
1529:Middlewares/Third_Party/FreeRTOS/Source/queue.c **** 					mtCOVERAGE_TEST_MARKER();
1530:Middlewares/Third_Party/FreeRTOS/Source/queue.c **** 				}
1531:Middlewares/Third_Party/FreeRTOS/Source/queue.c **** 			}
1532:Middlewares/Third_Party/FreeRTOS/Source/queue.c **** 		}
1533:Middlewares/Third_Party/FreeRTOS/Source/queue.c **** 		taskEXIT_CRITICAL();
1534:Middlewares/Third_Party/FreeRTOS/Source/queue.c **** 
1535:Middlewares/Third_Party/FreeRTOS/Source/queue.c **** 		/* Interrupts and other tasks can give to and take from the semaphore
1536:Middlewares/Third_Party/FreeRTOS/Source/queue.c **** 		now the critical section has been exited. */
1537:Middlewares/Third_Party/FreeRTOS/Source/queue.c **** 
1538:Middlewares/Third_Party/FreeRTOS/Source/queue.c **** 		vTaskSuspendAll();
1539:Middlewares/Third_Party/FreeRTOS/Source/queue.c **** 		prvLockQueue( pxQueue );
1540:Middlewares/Third_Party/FreeRTOS/Source/queue.c **** 
1541:Middlewares/Third_Party/FreeRTOS/Source/queue.c **** 		/* Update the timeout state to see if it has expired yet. */
1542:Middlewares/Third_Party/FreeRTOS/Source/queue.c **** 		if( xTaskCheckForTimeOut( &xTimeOut, &xTicksToWait ) == pdFALSE )
1543:Middlewares/Third_Party/FreeRTOS/Source/queue.c **** 		{
1544:Middlewares/Third_Party/FreeRTOS/Source/queue.c **** 			/* A block time is specified and not expired.  If the semaphore
1545:Middlewares/Third_Party/FreeRTOS/Source/queue.c **** 			count is 0 then enter the Blocked state to wait for a semaphore to
1546:Middlewares/Third_Party/FreeRTOS/Source/queue.c **** 			become available.  As semaphores are implemented with queues the
1547:Middlewares/Third_Party/FreeRTOS/Source/queue.c **** 			queue being empty is equivalent to the semaphore count being 0. */
1548:Middlewares/Third_Party/FreeRTOS/Source/queue.c **** 			if( prvIsQueueEmpty( pxQueue ) != pdFALSE )
1549:Middlewares/Third_Party/FreeRTOS/Source/queue.c **** 			{
1550:Middlewares/Third_Party/FreeRTOS/Source/queue.c **** 				traceBLOCKING_ON_QUEUE_RECEIVE( pxQueue );
1551:Middlewares/Third_Party/FreeRTOS/Source/queue.c **** 
1552:Middlewares/Third_Party/FreeRTOS/Source/queue.c **** 				#if ( configUSE_MUTEXES == 1 )
1553:Middlewares/Third_Party/FreeRTOS/Source/queue.c **** 				{
1554:Middlewares/Third_Party/FreeRTOS/Source/queue.c **** 					if( pxQueue->uxQueueType == queueQUEUE_IS_MUTEX )
1555:Middlewares/Third_Party/FreeRTOS/Source/queue.c **** 					{
1556:Middlewares/Third_Party/FreeRTOS/Source/queue.c **** 						taskENTER_CRITICAL();
1557:Middlewares/Third_Party/FreeRTOS/Source/queue.c **** 						{
1558:Middlewares/Third_Party/FreeRTOS/Source/queue.c **** 							xInheritanceOccurred = xTaskPriorityInherit( pxQueue->u.xSemaphore.xMutexHolder );
1559:Middlewares/Third_Party/FreeRTOS/Source/queue.c **** 						}
1560:Middlewares/Third_Party/FreeRTOS/Source/queue.c **** 						taskEXIT_CRITICAL();
1561:Middlewares/Third_Party/FreeRTOS/Source/queue.c **** 					}
1562:Middlewares/Third_Party/FreeRTOS/Source/queue.c **** 					else
1563:Middlewares/Third_Party/FreeRTOS/Source/queue.c **** 					{
1564:Middlewares/Third_Party/FreeRTOS/Source/queue.c **** 						mtCOVERAGE_TEST_MARKER();
1565:Middlewares/Third_Party/FreeRTOS/Source/queue.c **** 					}
1566:Middlewares/Third_Party/FreeRTOS/Source/queue.c **** 				}
1567:Middlewares/Third_Party/FreeRTOS/Source/queue.c **** 				#endif
1568:Middlewares/Third_Party/FreeRTOS/Source/queue.c **** 
1569:Middlewares/Third_Party/FreeRTOS/Source/queue.c **** 				vTaskPlaceOnEventList( &( pxQueue->xTasksWaitingToReceive ), xTicksToWait );
1570:Middlewares/Third_Party/FreeRTOS/Source/queue.c **** 				prvUnlockQueue( pxQueue );
ARM GAS  D:\temp\TMP\ccsMuV5a.s 			page 29


1571:Middlewares/Third_Party/FreeRTOS/Source/queue.c **** 				if( xTaskResumeAll() == pdFALSE )
1572:Middlewares/Third_Party/FreeRTOS/Source/queue.c **** 				{
1573:Middlewares/Third_Party/FreeRTOS/Source/queue.c **** 					portYIELD_WITHIN_API();
1574:Middlewares/Third_Party/FreeRTOS/Source/queue.c **** 				}
1575:Middlewares/Third_Party/FreeRTOS/Source/queue.c **** 				else
1576:Middlewares/Third_Party/FreeRTOS/Source/queue.c **** 				{
1577:Middlewares/Third_Party/FreeRTOS/Source/queue.c **** 					mtCOVERAGE_TEST_MARKER();
1578:Middlewares/Third_Party/FreeRTOS/Source/queue.c **** 				}
1579:Middlewares/Third_Party/FreeRTOS/Source/queue.c **** 			}
1580:Middlewares/Third_Party/FreeRTOS/Source/queue.c **** 			else
1581:Middlewares/Third_Party/FreeRTOS/Source/queue.c **** 			{
1582:Middlewares/Third_Party/FreeRTOS/Source/queue.c **** 				/* There was no timeout and the semaphore count was not 0, so
1583:Middlewares/Third_Party/FreeRTOS/Source/queue.c **** 				attempt to take the semaphore again. */
1584:Middlewares/Third_Party/FreeRTOS/Source/queue.c **** 				prvUnlockQueue( pxQueue );
1585:Middlewares/Third_Party/FreeRTOS/Source/queue.c **** 				( void ) xTaskResumeAll();
1586:Middlewares/Third_Party/FreeRTOS/Source/queue.c **** 			}
1587:Middlewares/Third_Party/FreeRTOS/Source/queue.c **** 		}
1588:Middlewares/Third_Party/FreeRTOS/Source/queue.c **** 		else
1589:Middlewares/Third_Party/FreeRTOS/Source/queue.c **** 		{
1590:Middlewares/Third_Party/FreeRTOS/Source/queue.c **** 			/* Timed out. */
1591:Middlewares/Third_Party/FreeRTOS/Source/queue.c **** 			prvUnlockQueue( pxQueue );
1592:Middlewares/Third_Party/FreeRTOS/Source/queue.c **** 			( void ) xTaskResumeAll();
1593:Middlewares/Third_Party/FreeRTOS/Source/queue.c **** 
1594:Middlewares/Third_Party/FreeRTOS/Source/queue.c **** 			/* If the semaphore count is 0 exit now as the timeout has
1595:Middlewares/Third_Party/FreeRTOS/Source/queue.c **** 			expired.  Otherwise return to attempt to take the semaphore that is
1596:Middlewares/Third_Party/FreeRTOS/Source/queue.c **** 			known to be available.  As semaphores are implemented by queues the
1597:Middlewares/Third_Party/FreeRTOS/Source/queue.c **** 			queue being empty is equivalent to the semaphore count being 0. */
1598:Middlewares/Third_Party/FreeRTOS/Source/queue.c **** 			if( prvIsQueueEmpty( pxQueue ) != pdFALSE )
1599:Middlewares/Third_Party/FreeRTOS/Source/queue.c **** 			{
1600:Middlewares/Third_Party/FreeRTOS/Source/queue.c **** 				#if ( configUSE_MUTEXES == 1 )
1601:Middlewares/Third_Party/FreeRTOS/Source/queue.c **** 				{
1602:Middlewares/Third_Party/FreeRTOS/Source/queue.c **** 					/* xInheritanceOccurred could only have be set if
1603:Middlewares/Third_Party/FreeRTOS/Source/queue.c **** 					pxQueue->uxQueueType == queueQUEUE_IS_MUTEX so no need to
1604:Middlewares/Third_Party/FreeRTOS/Source/queue.c **** 					test the mutex type again to check it is actually a mutex. */
1605:Middlewares/Third_Party/FreeRTOS/Source/queue.c **** 					if( xInheritanceOccurred != pdFALSE )
1606:Middlewares/Third_Party/FreeRTOS/Source/queue.c **** 					{
1607:Middlewares/Third_Party/FreeRTOS/Source/queue.c **** 						taskENTER_CRITICAL();
1608:Middlewares/Third_Party/FreeRTOS/Source/queue.c **** 						{
1609:Middlewares/Third_Party/FreeRTOS/Source/queue.c **** 							UBaseType_t uxHighestWaitingPriority;
1610:Middlewares/Third_Party/FreeRTOS/Source/queue.c **** 
1611:Middlewares/Third_Party/FreeRTOS/Source/queue.c **** 							/* This task blocking on the mutex caused another
1612:Middlewares/Third_Party/FreeRTOS/Source/queue.c **** 							task to inherit this task's priority.  Now this task
1613:Middlewares/Third_Party/FreeRTOS/Source/queue.c **** 							has timed out the priority should be disinherited
1614:Middlewares/Third_Party/FreeRTOS/Source/queue.c **** 							again, but only as low as the next highest priority
1615:Middlewares/Third_Party/FreeRTOS/Source/queue.c **** 							task that is waiting for the same mutex. */
1616:Middlewares/Third_Party/FreeRTOS/Source/queue.c **** 							uxHighestWaitingPriority = prvGetDisinheritPriorityAfterTimeout( pxQueue );
1617:Middlewares/Third_Party/FreeRTOS/Source/queue.c **** 							vTaskPriorityDisinheritAfterTimeout( pxQueue->u.xSemaphore.xMutexHolder, uxHighestWaitingPri
1618:Middlewares/Third_Party/FreeRTOS/Source/queue.c **** 						}
1619:Middlewares/Third_Party/FreeRTOS/Source/queue.c **** 						taskEXIT_CRITICAL();
1620:Middlewares/Third_Party/FreeRTOS/Source/queue.c **** 					}
1621:Middlewares/Third_Party/FreeRTOS/Source/queue.c **** 				}
1622:Middlewares/Third_Party/FreeRTOS/Source/queue.c **** 				#endif /* configUSE_MUTEXES */
1623:Middlewares/Third_Party/FreeRTOS/Source/queue.c **** 
1624:Middlewares/Third_Party/FreeRTOS/Source/queue.c **** 				traceQUEUE_RECEIVE_FAILED( pxQueue );
1625:Middlewares/Third_Party/FreeRTOS/Source/queue.c **** 				return errQUEUE_EMPTY;
1626:Middlewares/Third_Party/FreeRTOS/Source/queue.c **** 			}
1627:Middlewares/Third_Party/FreeRTOS/Source/queue.c **** 			else
ARM GAS  D:\temp\TMP\ccsMuV5a.s 			page 30


1628:Middlewares/Third_Party/FreeRTOS/Source/queue.c **** 			{
1629:Middlewares/Third_Party/FreeRTOS/Source/queue.c **** 				mtCOVERAGE_TEST_MARKER();
1630:Middlewares/Third_Party/FreeRTOS/Source/queue.c **** 			}
1631:Middlewares/Third_Party/FreeRTOS/Source/queue.c **** 		}
1632:Middlewares/Third_Party/FreeRTOS/Source/queue.c **** 	} /*lint -restore */
1633:Middlewares/Third_Party/FreeRTOS/Source/queue.c **** }
1634:Middlewares/Third_Party/FreeRTOS/Source/queue.c **** /*-----------------------------------------------------------*/
1635:Middlewares/Third_Party/FreeRTOS/Source/queue.c **** 
1636:Middlewares/Third_Party/FreeRTOS/Source/queue.c **** BaseType_t xQueuePeek( QueueHandle_t xQueue, void * const pvBuffer, TickType_t xTicksToWait )
1637:Middlewares/Third_Party/FreeRTOS/Source/queue.c **** {
1638:Middlewares/Third_Party/FreeRTOS/Source/queue.c **** BaseType_t xEntryTimeSet = pdFALSE;
1639:Middlewares/Third_Party/FreeRTOS/Source/queue.c **** TimeOut_t xTimeOut;
1640:Middlewares/Third_Party/FreeRTOS/Source/queue.c **** int8_t *pcOriginalReadPosition;
1641:Middlewares/Third_Party/FreeRTOS/Source/queue.c **** Queue_t * const pxQueue = xQueue;
1642:Middlewares/Third_Party/FreeRTOS/Source/queue.c **** 
1643:Middlewares/Third_Party/FreeRTOS/Source/queue.c **** 	/* Check the pointer is not NULL. */
1644:Middlewares/Third_Party/FreeRTOS/Source/queue.c **** 	configASSERT( ( pxQueue ) );
1645:Middlewares/Third_Party/FreeRTOS/Source/queue.c **** 
1646:Middlewares/Third_Party/FreeRTOS/Source/queue.c **** 	/* The buffer into which data is received can only be NULL if the data size
1647:Middlewares/Third_Party/FreeRTOS/Source/queue.c **** 	is zero (so no data is copied into the buffer. */
1648:Middlewares/Third_Party/FreeRTOS/Source/queue.c **** 	configASSERT( !( ( ( pvBuffer ) == NULL ) && ( ( pxQueue )->uxItemSize != ( UBaseType_t ) 0U ) ) )
1649:Middlewares/Third_Party/FreeRTOS/Source/queue.c **** 
1650:Middlewares/Third_Party/FreeRTOS/Source/queue.c **** 	/* Cannot block if the scheduler is suspended. */
1651:Middlewares/Third_Party/FreeRTOS/Source/queue.c **** 	#if ( ( INCLUDE_xTaskGetSchedulerState == 1 ) || ( configUSE_TIMERS == 1 ) )
1652:Middlewares/Third_Party/FreeRTOS/Source/queue.c **** 	{
1653:Middlewares/Third_Party/FreeRTOS/Source/queue.c **** 		configASSERT( !( ( xTaskGetSchedulerState() == taskSCHEDULER_SUSPENDED ) && ( xTicksToWait != 0 )
1654:Middlewares/Third_Party/FreeRTOS/Source/queue.c **** 	}
1655:Middlewares/Third_Party/FreeRTOS/Source/queue.c **** 	#endif
1656:Middlewares/Third_Party/FreeRTOS/Source/queue.c **** 
1657:Middlewares/Third_Party/FreeRTOS/Source/queue.c **** 
1658:Middlewares/Third_Party/FreeRTOS/Source/queue.c **** 	/*lint -save -e904  This function relaxes the coding standard somewhat to
1659:Middlewares/Third_Party/FreeRTOS/Source/queue.c **** 	allow return statements within the function itself.  This is done in the
1660:Middlewares/Third_Party/FreeRTOS/Source/queue.c **** 	interest of execution time efficiency. */
1661:Middlewares/Third_Party/FreeRTOS/Source/queue.c **** 	for( ;; )
1662:Middlewares/Third_Party/FreeRTOS/Source/queue.c **** 	{
1663:Middlewares/Third_Party/FreeRTOS/Source/queue.c **** 		taskENTER_CRITICAL();
1664:Middlewares/Third_Party/FreeRTOS/Source/queue.c **** 		{
1665:Middlewares/Third_Party/FreeRTOS/Source/queue.c **** 			const UBaseType_t uxMessagesWaiting = pxQueue->uxMessagesWaiting;
1666:Middlewares/Third_Party/FreeRTOS/Source/queue.c **** 
1667:Middlewares/Third_Party/FreeRTOS/Source/queue.c **** 			/* Is there data in the queue now?  To be running the calling task
1668:Middlewares/Third_Party/FreeRTOS/Source/queue.c **** 			must be the highest priority task wanting to access the queue. */
1669:Middlewares/Third_Party/FreeRTOS/Source/queue.c **** 			if( uxMessagesWaiting > ( UBaseType_t ) 0 )
1670:Middlewares/Third_Party/FreeRTOS/Source/queue.c **** 			{
1671:Middlewares/Third_Party/FreeRTOS/Source/queue.c **** 				/* Remember the read position so it can be reset after the data
1672:Middlewares/Third_Party/FreeRTOS/Source/queue.c **** 				is read from the queue as this function is only peeking the
1673:Middlewares/Third_Party/FreeRTOS/Source/queue.c **** 				data, not removing it. */
1674:Middlewares/Third_Party/FreeRTOS/Source/queue.c **** 				pcOriginalReadPosition = pxQueue->u.xQueue.pcReadFrom;
1675:Middlewares/Third_Party/FreeRTOS/Source/queue.c **** 
1676:Middlewares/Third_Party/FreeRTOS/Source/queue.c **** 				prvCopyDataFromQueue( pxQueue, pvBuffer );
1677:Middlewares/Third_Party/FreeRTOS/Source/queue.c **** 				traceQUEUE_PEEK( pxQueue );
1678:Middlewares/Third_Party/FreeRTOS/Source/queue.c **** 
1679:Middlewares/Third_Party/FreeRTOS/Source/queue.c **** 				/* The data is not being removed, so reset the read pointer. */
1680:Middlewares/Third_Party/FreeRTOS/Source/queue.c **** 				pxQueue->u.xQueue.pcReadFrom = pcOriginalReadPosition;
1681:Middlewares/Third_Party/FreeRTOS/Source/queue.c **** 
1682:Middlewares/Third_Party/FreeRTOS/Source/queue.c **** 				/* The data is being left in the queue, so see if there are
1683:Middlewares/Third_Party/FreeRTOS/Source/queue.c **** 				any other tasks waiting for the data. */
1684:Middlewares/Third_Party/FreeRTOS/Source/queue.c **** 				if( listLIST_IS_EMPTY( &( pxQueue->xTasksWaitingToReceive ) ) == pdFALSE )
ARM GAS  D:\temp\TMP\ccsMuV5a.s 			page 31


1685:Middlewares/Third_Party/FreeRTOS/Source/queue.c **** 				{
1686:Middlewares/Third_Party/FreeRTOS/Source/queue.c **** 					if( xTaskRemoveFromEventList( &( pxQueue->xTasksWaitingToReceive ) ) != pdFALSE )
1687:Middlewares/Third_Party/FreeRTOS/Source/queue.c **** 					{
1688:Middlewares/Third_Party/FreeRTOS/Source/queue.c **** 						/* The task waiting has a higher priority than this task. */
1689:Middlewares/Third_Party/FreeRTOS/Source/queue.c **** 						queueYIELD_IF_USING_PREEMPTION();
1690:Middlewares/Third_Party/FreeRTOS/Source/queue.c **** 					}
1691:Middlewares/Third_Party/FreeRTOS/Source/queue.c **** 					else
1692:Middlewares/Third_Party/FreeRTOS/Source/queue.c **** 					{
1693:Middlewares/Third_Party/FreeRTOS/Source/queue.c **** 						mtCOVERAGE_TEST_MARKER();
1694:Middlewares/Third_Party/FreeRTOS/Source/queue.c **** 					}
1695:Middlewares/Third_Party/FreeRTOS/Source/queue.c **** 				}
1696:Middlewares/Third_Party/FreeRTOS/Source/queue.c **** 				else
1697:Middlewares/Third_Party/FreeRTOS/Source/queue.c **** 				{
1698:Middlewares/Third_Party/FreeRTOS/Source/queue.c **** 					mtCOVERAGE_TEST_MARKER();
1699:Middlewares/Third_Party/FreeRTOS/Source/queue.c **** 				}
1700:Middlewares/Third_Party/FreeRTOS/Source/queue.c **** 
1701:Middlewares/Third_Party/FreeRTOS/Source/queue.c **** 				taskEXIT_CRITICAL();
1702:Middlewares/Third_Party/FreeRTOS/Source/queue.c **** 				return pdPASS;
1703:Middlewares/Third_Party/FreeRTOS/Source/queue.c **** 			}
1704:Middlewares/Third_Party/FreeRTOS/Source/queue.c **** 			else
1705:Middlewares/Third_Party/FreeRTOS/Source/queue.c **** 			{
1706:Middlewares/Third_Party/FreeRTOS/Source/queue.c **** 				if( xTicksToWait == ( TickType_t ) 0 )
1707:Middlewares/Third_Party/FreeRTOS/Source/queue.c **** 				{
1708:Middlewares/Third_Party/FreeRTOS/Source/queue.c **** 					/* The queue was empty and no block time is specified (or
1709:Middlewares/Third_Party/FreeRTOS/Source/queue.c **** 					the block time has expired) so leave now. */
1710:Middlewares/Third_Party/FreeRTOS/Source/queue.c **** 					taskEXIT_CRITICAL();
1711:Middlewares/Third_Party/FreeRTOS/Source/queue.c **** 					traceQUEUE_PEEK_FAILED( pxQueue );
1712:Middlewares/Third_Party/FreeRTOS/Source/queue.c **** 					return errQUEUE_EMPTY;
1713:Middlewares/Third_Party/FreeRTOS/Source/queue.c **** 				}
1714:Middlewares/Third_Party/FreeRTOS/Source/queue.c **** 				else if( xEntryTimeSet == pdFALSE )
1715:Middlewares/Third_Party/FreeRTOS/Source/queue.c **** 				{
1716:Middlewares/Third_Party/FreeRTOS/Source/queue.c **** 					/* The queue was empty and a block time was specified so
1717:Middlewares/Third_Party/FreeRTOS/Source/queue.c **** 					configure the timeout structure ready to enter the blocked
1718:Middlewares/Third_Party/FreeRTOS/Source/queue.c **** 					state. */
1719:Middlewares/Third_Party/FreeRTOS/Source/queue.c **** 					vTaskInternalSetTimeOutState( &xTimeOut );
1720:Middlewares/Third_Party/FreeRTOS/Source/queue.c **** 					xEntryTimeSet = pdTRUE;
1721:Middlewares/Third_Party/FreeRTOS/Source/queue.c **** 				}
1722:Middlewares/Third_Party/FreeRTOS/Source/queue.c **** 				else
1723:Middlewares/Third_Party/FreeRTOS/Source/queue.c **** 				{
1724:Middlewares/Third_Party/FreeRTOS/Source/queue.c **** 					/* Entry time was already set. */
1725:Middlewares/Third_Party/FreeRTOS/Source/queue.c **** 					mtCOVERAGE_TEST_MARKER();
1726:Middlewares/Third_Party/FreeRTOS/Source/queue.c **** 				}
1727:Middlewares/Third_Party/FreeRTOS/Source/queue.c **** 			}
1728:Middlewares/Third_Party/FreeRTOS/Source/queue.c **** 		}
1729:Middlewares/Third_Party/FreeRTOS/Source/queue.c **** 		taskEXIT_CRITICAL();
1730:Middlewares/Third_Party/FreeRTOS/Source/queue.c **** 
1731:Middlewares/Third_Party/FreeRTOS/Source/queue.c **** 		/* Interrupts and other tasks can send to and receive from the queue
1732:Middlewares/Third_Party/FreeRTOS/Source/queue.c **** 		now the critical section has been exited. */
1733:Middlewares/Third_Party/FreeRTOS/Source/queue.c **** 
1734:Middlewares/Third_Party/FreeRTOS/Source/queue.c **** 		vTaskSuspendAll();
1735:Middlewares/Third_Party/FreeRTOS/Source/queue.c **** 		prvLockQueue( pxQueue );
1736:Middlewares/Third_Party/FreeRTOS/Source/queue.c **** 
1737:Middlewares/Third_Party/FreeRTOS/Source/queue.c **** 		/* Update the timeout state to see if it has expired yet. */
1738:Middlewares/Third_Party/FreeRTOS/Source/queue.c **** 		if( xTaskCheckForTimeOut( &xTimeOut, &xTicksToWait ) == pdFALSE )
1739:Middlewares/Third_Party/FreeRTOS/Source/queue.c **** 		{
1740:Middlewares/Third_Party/FreeRTOS/Source/queue.c **** 			/* Timeout has not expired yet, check to see if there is data in the
1741:Middlewares/Third_Party/FreeRTOS/Source/queue.c **** 			queue now, and if not enter the Blocked state to wait for data. */
ARM GAS  D:\temp\TMP\ccsMuV5a.s 			page 32


1742:Middlewares/Third_Party/FreeRTOS/Source/queue.c **** 			if( prvIsQueueEmpty( pxQueue ) != pdFALSE )
1743:Middlewares/Third_Party/FreeRTOS/Source/queue.c **** 			{
1744:Middlewares/Third_Party/FreeRTOS/Source/queue.c **** 				traceBLOCKING_ON_QUEUE_PEEK( pxQueue );
1745:Middlewares/Third_Party/FreeRTOS/Source/queue.c **** 				vTaskPlaceOnEventList( &( pxQueue->xTasksWaitingToReceive ), xTicksToWait );
1746:Middlewares/Third_Party/FreeRTOS/Source/queue.c **** 				prvUnlockQueue( pxQueue );
1747:Middlewares/Third_Party/FreeRTOS/Source/queue.c **** 				if( xTaskResumeAll() == pdFALSE )
1748:Middlewares/Third_Party/FreeRTOS/Source/queue.c **** 				{
1749:Middlewares/Third_Party/FreeRTOS/Source/queue.c **** 					portYIELD_WITHIN_API();
1750:Middlewares/Third_Party/FreeRTOS/Source/queue.c **** 				}
1751:Middlewares/Third_Party/FreeRTOS/Source/queue.c **** 				else
1752:Middlewares/Third_Party/FreeRTOS/Source/queue.c **** 				{
1753:Middlewares/Third_Party/FreeRTOS/Source/queue.c **** 					mtCOVERAGE_TEST_MARKER();
1754:Middlewares/Third_Party/FreeRTOS/Source/queue.c **** 				}
1755:Middlewares/Third_Party/FreeRTOS/Source/queue.c **** 			}
1756:Middlewares/Third_Party/FreeRTOS/Source/queue.c **** 			else
1757:Middlewares/Third_Party/FreeRTOS/Source/queue.c **** 			{
1758:Middlewares/Third_Party/FreeRTOS/Source/queue.c **** 				/* There is data in the queue now, so don't enter the blocked
1759:Middlewares/Third_Party/FreeRTOS/Source/queue.c **** 				state, instead return to try and obtain the data. */
1760:Middlewares/Third_Party/FreeRTOS/Source/queue.c **** 				prvUnlockQueue( pxQueue );
1761:Middlewares/Third_Party/FreeRTOS/Source/queue.c **** 				( void ) xTaskResumeAll();
1762:Middlewares/Third_Party/FreeRTOS/Source/queue.c **** 			}
1763:Middlewares/Third_Party/FreeRTOS/Source/queue.c **** 		}
1764:Middlewares/Third_Party/FreeRTOS/Source/queue.c **** 		else
1765:Middlewares/Third_Party/FreeRTOS/Source/queue.c **** 		{
1766:Middlewares/Third_Party/FreeRTOS/Source/queue.c **** 			/* The timeout has expired.  If there is still no data in the queue
1767:Middlewares/Third_Party/FreeRTOS/Source/queue.c **** 			exit, otherwise go back and try to read the data again. */
1768:Middlewares/Third_Party/FreeRTOS/Source/queue.c **** 			prvUnlockQueue( pxQueue );
1769:Middlewares/Third_Party/FreeRTOS/Source/queue.c **** 			( void ) xTaskResumeAll();
1770:Middlewares/Third_Party/FreeRTOS/Source/queue.c **** 
1771:Middlewares/Third_Party/FreeRTOS/Source/queue.c **** 			if( prvIsQueueEmpty( pxQueue ) != pdFALSE )
1772:Middlewares/Third_Party/FreeRTOS/Source/queue.c **** 			{
1773:Middlewares/Third_Party/FreeRTOS/Source/queue.c **** 				traceQUEUE_PEEK_FAILED( pxQueue );
1774:Middlewares/Third_Party/FreeRTOS/Source/queue.c **** 				return errQUEUE_EMPTY;
1775:Middlewares/Third_Party/FreeRTOS/Source/queue.c **** 			}
1776:Middlewares/Third_Party/FreeRTOS/Source/queue.c **** 			else
1777:Middlewares/Third_Party/FreeRTOS/Source/queue.c **** 			{
1778:Middlewares/Third_Party/FreeRTOS/Source/queue.c **** 				mtCOVERAGE_TEST_MARKER();
1779:Middlewares/Third_Party/FreeRTOS/Source/queue.c **** 			}
1780:Middlewares/Third_Party/FreeRTOS/Source/queue.c **** 		}
1781:Middlewares/Third_Party/FreeRTOS/Source/queue.c **** 	} /*lint -restore */
1782:Middlewares/Third_Party/FreeRTOS/Source/queue.c **** }
1783:Middlewares/Third_Party/FreeRTOS/Source/queue.c **** /*-----------------------------------------------------------*/
1784:Middlewares/Third_Party/FreeRTOS/Source/queue.c **** 
1785:Middlewares/Third_Party/FreeRTOS/Source/queue.c **** BaseType_t xQueueReceiveFromISR( QueueHandle_t xQueue, void * const pvBuffer, BaseType_t * const px
1786:Middlewares/Third_Party/FreeRTOS/Source/queue.c **** {
1787:Middlewares/Third_Party/FreeRTOS/Source/queue.c **** BaseType_t xReturn;
1788:Middlewares/Third_Party/FreeRTOS/Source/queue.c **** UBaseType_t uxSavedInterruptStatus;
1789:Middlewares/Third_Party/FreeRTOS/Source/queue.c **** Queue_t * const pxQueue = xQueue;
1790:Middlewares/Third_Party/FreeRTOS/Source/queue.c **** 
1791:Middlewares/Third_Party/FreeRTOS/Source/queue.c **** 	configASSERT( pxQueue );
1792:Middlewares/Third_Party/FreeRTOS/Source/queue.c **** 	configASSERT( !( ( pvBuffer == NULL ) && ( pxQueue->uxItemSize != ( UBaseType_t ) 0U ) ) );
1793:Middlewares/Third_Party/FreeRTOS/Source/queue.c **** 
1794:Middlewares/Third_Party/FreeRTOS/Source/queue.c **** 	/* RTOS ports that support interrupt nesting have the concept of a maximum
1795:Middlewares/Third_Party/FreeRTOS/Source/queue.c **** 	system call (or maximum API call) interrupt priority.  Interrupts that are
1796:Middlewares/Third_Party/FreeRTOS/Source/queue.c **** 	above the maximum system call priority are kept permanently enabled, even
1797:Middlewares/Third_Party/FreeRTOS/Source/queue.c **** 	when the RTOS kernel is in a critical section, but cannot make any calls to
1798:Middlewares/Third_Party/FreeRTOS/Source/queue.c **** 	FreeRTOS API functions.  If configASSERT() is defined in FreeRTOSConfig.h
ARM GAS  D:\temp\TMP\ccsMuV5a.s 			page 33


1799:Middlewares/Third_Party/FreeRTOS/Source/queue.c **** 	then portASSERT_IF_INTERRUPT_PRIORITY_INVALID() will result in an assertion
1800:Middlewares/Third_Party/FreeRTOS/Source/queue.c **** 	failure if a FreeRTOS API function is called from an interrupt that has been
1801:Middlewares/Third_Party/FreeRTOS/Source/queue.c **** 	assigned a priority above the configured maximum system call priority.
1802:Middlewares/Third_Party/FreeRTOS/Source/queue.c **** 	Only FreeRTOS functions that end in FromISR can be called from interrupts
1803:Middlewares/Third_Party/FreeRTOS/Source/queue.c **** 	that have been assigned a priority at or (logically) below the maximum
1804:Middlewares/Third_Party/FreeRTOS/Source/queue.c **** 	system call	interrupt priority.  FreeRTOS maintains a separate interrupt
1805:Middlewares/Third_Party/FreeRTOS/Source/queue.c **** 	safe API to ensure interrupt entry is as fast and as simple as possible.
1806:Middlewares/Third_Party/FreeRTOS/Source/queue.c **** 	More information (albeit Cortex-M specific) is provided on the following
1807:Middlewares/Third_Party/FreeRTOS/Source/queue.c **** 	link: http://www.freertos.org/RTOS-Cortex-M3-M4.html */
1808:Middlewares/Third_Party/FreeRTOS/Source/queue.c **** 	portASSERT_IF_INTERRUPT_PRIORITY_INVALID();
1809:Middlewares/Third_Party/FreeRTOS/Source/queue.c **** 
1810:Middlewares/Third_Party/FreeRTOS/Source/queue.c **** 	uxSavedInterruptStatus = portSET_INTERRUPT_MASK_FROM_ISR();
1811:Middlewares/Third_Party/FreeRTOS/Source/queue.c **** 	{
1812:Middlewares/Third_Party/FreeRTOS/Source/queue.c **** 		const UBaseType_t uxMessagesWaiting = pxQueue->uxMessagesWaiting;
1813:Middlewares/Third_Party/FreeRTOS/Source/queue.c **** 
1814:Middlewares/Third_Party/FreeRTOS/Source/queue.c **** 		/* Cannot block in an ISR, so check there is data available. */
1815:Middlewares/Third_Party/FreeRTOS/Source/queue.c **** 		if( uxMessagesWaiting > ( UBaseType_t ) 0 )
1816:Middlewares/Third_Party/FreeRTOS/Source/queue.c **** 		{
1817:Middlewares/Third_Party/FreeRTOS/Source/queue.c **** 			const int8_t cRxLock = pxQueue->cRxLock;
1818:Middlewares/Third_Party/FreeRTOS/Source/queue.c **** 
1819:Middlewares/Third_Party/FreeRTOS/Source/queue.c **** 			traceQUEUE_RECEIVE_FROM_ISR( pxQueue );
1820:Middlewares/Third_Party/FreeRTOS/Source/queue.c **** 
1821:Middlewares/Third_Party/FreeRTOS/Source/queue.c **** 			prvCopyDataFromQueue( pxQueue, pvBuffer );
1822:Middlewares/Third_Party/FreeRTOS/Source/queue.c **** 			pxQueue->uxMessagesWaiting = uxMessagesWaiting - ( UBaseType_t ) 1;
1823:Middlewares/Third_Party/FreeRTOS/Source/queue.c **** 
1824:Middlewares/Third_Party/FreeRTOS/Source/queue.c **** 			/* If the queue is locked the event list will not be modified.
1825:Middlewares/Third_Party/FreeRTOS/Source/queue.c **** 			Instead update the lock count so the task that unlocks the queue
1826:Middlewares/Third_Party/FreeRTOS/Source/queue.c **** 			will know that an ISR has removed data while the queue was
1827:Middlewares/Third_Party/FreeRTOS/Source/queue.c **** 			locked. */
1828:Middlewares/Third_Party/FreeRTOS/Source/queue.c **** 			if( cRxLock == queueUNLOCKED )
1829:Middlewares/Third_Party/FreeRTOS/Source/queue.c **** 			{
1830:Middlewares/Third_Party/FreeRTOS/Source/queue.c **** 				if( listLIST_IS_EMPTY( &( pxQueue->xTasksWaitingToSend ) ) == pdFALSE )
1831:Middlewares/Third_Party/FreeRTOS/Source/queue.c **** 				{
1832:Middlewares/Third_Party/FreeRTOS/Source/queue.c **** 					if( xTaskRemoveFromEventList( &( pxQueue->xTasksWaitingToSend ) ) != pdFALSE )
1833:Middlewares/Third_Party/FreeRTOS/Source/queue.c **** 					{
1834:Middlewares/Third_Party/FreeRTOS/Source/queue.c **** 						/* The task waiting has a higher priority than us so
1835:Middlewares/Third_Party/FreeRTOS/Source/queue.c **** 						force a context switch. */
1836:Middlewares/Third_Party/FreeRTOS/Source/queue.c **** 						if( pxHigherPriorityTaskWoken != NULL )
1837:Middlewares/Third_Party/FreeRTOS/Source/queue.c **** 						{
1838:Middlewares/Third_Party/FreeRTOS/Source/queue.c **** 							*pxHigherPriorityTaskWoken = pdTRUE;
1839:Middlewares/Third_Party/FreeRTOS/Source/queue.c **** 						}
1840:Middlewares/Third_Party/FreeRTOS/Source/queue.c **** 						else
1841:Middlewares/Third_Party/FreeRTOS/Source/queue.c **** 						{
1842:Middlewares/Third_Party/FreeRTOS/Source/queue.c **** 							mtCOVERAGE_TEST_MARKER();
1843:Middlewares/Third_Party/FreeRTOS/Source/queue.c **** 						}
1844:Middlewares/Third_Party/FreeRTOS/Source/queue.c **** 					}
1845:Middlewares/Third_Party/FreeRTOS/Source/queue.c **** 					else
1846:Middlewares/Third_Party/FreeRTOS/Source/queue.c **** 					{
1847:Middlewares/Third_Party/FreeRTOS/Source/queue.c **** 						mtCOVERAGE_TEST_MARKER();
1848:Middlewares/Third_Party/FreeRTOS/Source/queue.c **** 					}
1849:Middlewares/Third_Party/FreeRTOS/Source/queue.c **** 				}
1850:Middlewares/Third_Party/FreeRTOS/Source/queue.c **** 				else
1851:Middlewares/Third_Party/FreeRTOS/Source/queue.c **** 				{
1852:Middlewares/Third_Party/FreeRTOS/Source/queue.c **** 					mtCOVERAGE_TEST_MARKER();
1853:Middlewares/Third_Party/FreeRTOS/Source/queue.c **** 				}
1854:Middlewares/Third_Party/FreeRTOS/Source/queue.c **** 			}
1855:Middlewares/Third_Party/FreeRTOS/Source/queue.c **** 			else
ARM GAS  D:\temp\TMP\ccsMuV5a.s 			page 34


1856:Middlewares/Third_Party/FreeRTOS/Source/queue.c **** 			{
1857:Middlewares/Third_Party/FreeRTOS/Source/queue.c **** 				/* Increment the lock count so the task that unlocks the queue
1858:Middlewares/Third_Party/FreeRTOS/Source/queue.c **** 				knows that data was removed while it was locked. */
1859:Middlewares/Third_Party/FreeRTOS/Source/queue.c **** 				pxQueue->cRxLock = ( int8_t ) ( cRxLock + 1 );
1860:Middlewares/Third_Party/FreeRTOS/Source/queue.c **** 			}
1861:Middlewares/Third_Party/FreeRTOS/Source/queue.c **** 
1862:Middlewares/Third_Party/FreeRTOS/Source/queue.c **** 			xReturn = pdPASS;
1863:Middlewares/Third_Party/FreeRTOS/Source/queue.c **** 		}
1864:Middlewares/Third_Party/FreeRTOS/Source/queue.c **** 		else
1865:Middlewares/Third_Party/FreeRTOS/Source/queue.c **** 		{
1866:Middlewares/Third_Party/FreeRTOS/Source/queue.c **** 			xReturn = pdFAIL;
1867:Middlewares/Third_Party/FreeRTOS/Source/queue.c **** 			traceQUEUE_RECEIVE_FROM_ISR_FAILED( pxQueue );
1868:Middlewares/Third_Party/FreeRTOS/Source/queue.c **** 		}
1869:Middlewares/Third_Party/FreeRTOS/Source/queue.c **** 	}
1870:Middlewares/Third_Party/FreeRTOS/Source/queue.c **** 	portCLEAR_INTERRUPT_MASK_FROM_ISR( uxSavedInterruptStatus );
1871:Middlewares/Third_Party/FreeRTOS/Source/queue.c **** 
1872:Middlewares/Third_Party/FreeRTOS/Source/queue.c **** 	return xReturn;
1873:Middlewares/Third_Party/FreeRTOS/Source/queue.c **** }
1874:Middlewares/Third_Party/FreeRTOS/Source/queue.c **** /*-----------------------------------------------------------*/
1875:Middlewares/Third_Party/FreeRTOS/Source/queue.c **** 
1876:Middlewares/Third_Party/FreeRTOS/Source/queue.c **** BaseType_t xQueuePeekFromISR( QueueHandle_t xQueue,  void * const pvBuffer )
1877:Middlewares/Third_Party/FreeRTOS/Source/queue.c **** {
1878:Middlewares/Third_Party/FreeRTOS/Source/queue.c **** BaseType_t xReturn;
1879:Middlewares/Third_Party/FreeRTOS/Source/queue.c **** UBaseType_t uxSavedInterruptStatus;
1880:Middlewares/Third_Party/FreeRTOS/Source/queue.c **** int8_t *pcOriginalReadPosition;
1881:Middlewares/Third_Party/FreeRTOS/Source/queue.c **** Queue_t * const pxQueue = xQueue;
1882:Middlewares/Third_Party/FreeRTOS/Source/queue.c **** 
1883:Middlewares/Third_Party/FreeRTOS/Source/queue.c **** 	configASSERT( pxQueue );
1884:Middlewares/Third_Party/FreeRTOS/Source/queue.c **** 	configASSERT( !( ( pvBuffer == NULL ) && ( pxQueue->uxItemSize != ( UBaseType_t ) 0U ) ) );
1885:Middlewares/Third_Party/FreeRTOS/Source/queue.c **** 	configASSERT( pxQueue->uxItemSize != 0 ); /* Can't peek a semaphore. */
1886:Middlewares/Third_Party/FreeRTOS/Source/queue.c **** 
1887:Middlewares/Third_Party/FreeRTOS/Source/queue.c **** 	/* RTOS ports that support interrupt nesting have the concept of a maximum
1888:Middlewares/Third_Party/FreeRTOS/Source/queue.c **** 	system call (or maximum API call) interrupt priority.  Interrupts that are
1889:Middlewares/Third_Party/FreeRTOS/Source/queue.c **** 	above the maximum system call priority are kept permanently enabled, even
1890:Middlewares/Third_Party/FreeRTOS/Source/queue.c **** 	when the RTOS kernel is in a critical section, but cannot make any calls to
1891:Middlewares/Third_Party/FreeRTOS/Source/queue.c **** 	FreeRTOS API functions.  If configASSERT() is defined in FreeRTOSConfig.h
1892:Middlewares/Third_Party/FreeRTOS/Source/queue.c **** 	then portASSERT_IF_INTERRUPT_PRIORITY_INVALID() will result in an assertion
1893:Middlewares/Third_Party/FreeRTOS/Source/queue.c **** 	failure if a FreeRTOS API function is called from an interrupt that has been
1894:Middlewares/Third_Party/FreeRTOS/Source/queue.c **** 	assigned a priority above the configured maximum system call priority.
1895:Middlewares/Third_Party/FreeRTOS/Source/queue.c **** 	Only FreeRTOS functions that end in FromISR can be called from interrupts
1896:Middlewares/Third_Party/FreeRTOS/Source/queue.c **** 	that have been assigned a priority at or (logically) below the maximum
1897:Middlewares/Third_Party/FreeRTOS/Source/queue.c **** 	system call	interrupt priority.  FreeRTOS maintains a separate interrupt
1898:Middlewares/Third_Party/FreeRTOS/Source/queue.c **** 	safe API to ensure interrupt entry is as fast and as simple as possible.
1899:Middlewares/Third_Party/FreeRTOS/Source/queue.c **** 	More information (albeit Cortex-M specific) is provided on the following
1900:Middlewares/Third_Party/FreeRTOS/Source/queue.c **** 	link: http://www.freertos.org/RTOS-Cortex-M3-M4.html */
1901:Middlewares/Third_Party/FreeRTOS/Source/queue.c **** 	portASSERT_IF_INTERRUPT_PRIORITY_INVALID();
1902:Middlewares/Third_Party/FreeRTOS/Source/queue.c **** 
1903:Middlewares/Third_Party/FreeRTOS/Source/queue.c **** 	uxSavedInterruptStatus = portSET_INTERRUPT_MASK_FROM_ISR();
1904:Middlewares/Third_Party/FreeRTOS/Source/queue.c **** 	{
1905:Middlewares/Third_Party/FreeRTOS/Source/queue.c **** 		/* Cannot block in an ISR, so check there is data available. */
1906:Middlewares/Third_Party/FreeRTOS/Source/queue.c **** 		if( pxQueue->uxMessagesWaiting > ( UBaseType_t ) 0 )
1907:Middlewares/Third_Party/FreeRTOS/Source/queue.c **** 		{
1908:Middlewares/Third_Party/FreeRTOS/Source/queue.c **** 			traceQUEUE_PEEK_FROM_ISR( pxQueue );
1909:Middlewares/Third_Party/FreeRTOS/Source/queue.c **** 
1910:Middlewares/Third_Party/FreeRTOS/Source/queue.c **** 			/* Remember the read position so it can be reset as nothing is
1911:Middlewares/Third_Party/FreeRTOS/Source/queue.c **** 			actually being removed from the queue. */
1912:Middlewares/Third_Party/FreeRTOS/Source/queue.c **** 			pcOriginalReadPosition = pxQueue->u.xQueue.pcReadFrom;
ARM GAS  D:\temp\TMP\ccsMuV5a.s 			page 35


1913:Middlewares/Third_Party/FreeRTOS/Source/queue.c **** 			prvCopyDataFromQueue( pxQueue, pvBuffer );
1914:Middlewares/Third_Party/FreeRTOS/Source/queue.c **** 			pxQueue->u.xQueue.pcReadFrom = pcOriginalReadPosition;
1915:Middlewares/Third_Party/FreeRTOS/Source/queue.c **** 
1916:Middlewares/Third_Party/FreeRTOS/Source/queue.c **** 			xReturn = pdPASS;
1917:Middlewares/Third_Party/FreeRTOS/Source/queue.c **** 		}
1918:Middlewares/Third_Party/FreeRTOS/Source/queue.c **** 		else
1919:Middlewares/Third_Party/FreeRTOS/Source/queue.c **** 		{
1920:Middlewares/Third_Party/FreeRTOS/Source/queue.c **** 			xReturn = pdFAIL;
1921:Middlewares/Third_Party/FreeRTOS/Source/queue.c **** 			traceQUEUE_PEEK_FROM_ISR_FAILED( pxQueue );
1922:Middlewares/Third_Party/FreeRTOS/Source/queue.c **** 		}
1923:Middlewares/Third_Party/FreeRTOS/Source/queue.c **** 	}
1924:Middlewares/Third_Party/FreeRTOS/Source/queue.c **** 	portCLEAR_INTERRUPT_MASK_FROM_ISR( uxSavedInterruptStatus );
1925:Middlewares/Third_Party/FreeRTOS/Source/queue.c **** 
1926:Middlewares/Third_Party/FreeRTOS/Source/queue.c **** 	return xReturn;
1927:Middlewares/Third_Party/FreeRTOS/Source/queue.c **** }
1928:Middlewares/Third_Party/FreeRTOS/Source/queue.c **** /*-----------------------------------------------------------*/
1929:Middlewares/Third_Party/FreeRTOS/Source/queue.c **** 
1930:Middlewares/Third_Party/FreeRTOS/Source/queue.c **** UBaseType_t uxQueueMessagesWaiting( const QueueHandle_t xQueue )
1931:Middlewares/Third_Party/FreeRTOS/Source/queue.c **** {
1932:Middlewares/Third_Party/FreeRTOS/Source/queue.c **** UBaseType_t uxReturn;
1933:Middlewares/Third_Party/FreeRTOS/Source/queue.c **** 
1934:Middlewares/Third_Party/FreeRTOS/Source/queue.c **** 	configASSERT( xQueue );
1935:Middlewares/Third_Party/FreeRTOS/Source/queue.c **** 
1936:Middlewares/Third_Party/FreeRTOS/Source/queue.c **** 	taskENTER_CRITICAL();
1937:Middlewares/Third_Party/FreeRTOS/Source/queue.c **** 	{
1938:Middlewares/Third_Party/FreeRTOS/Source/queue.c **** 		uxReturn = ( ( Queue_t * ) xQueue )->uxMessagesWaiting;
1939:Middlewares/Third_Party/FreeRTOS/Source/queue.c **** 	}
1940:Middlewares/Third_Party/FreeRTOS/Source/queue.c **** 	taskEXIT_CRITICAL();
1941:Middlewares/Third_Party/FreeRTOS/Source/queue.c **** 
1942:Middlewares/Third_Party/FreeRTOS/Source/queue.c **** 	return uxReturn;
1943:Middlewares/Third_Party/FreeRTOS/Source/queue.c **** } /*lint !e818 Pointer cannot be declared const as xQueue is a typedef not pointer. */
1944:Middlewares/Third_Party/FreeRTOS/Source/queue.c **** /*-----------------------------------------------------------*/
1945:Middlewares/Third_Party/FreeRTOS/Source/queue.c **** 
1946:Middlewares/Third_Party/FreeRTOS/Source/queue.c **** UBaseType_t uxQueueSpacesAvailable( const QueueHandle_t xQueue )
1947:Middlewares/Third_Party/FreeRTOS/Source/queue.c **** {
1948:Middlewares/Third_Party/FreeRTOS/Source/queue.c **** UBaseType_t uxReturn;
1949:Middlewares/Third_Party/FreeRTOS/Source/queue.c **** Queue_t * const pxQueue = xQueue;
1950:Middlewares/Third_Party/FreeRTOS/Source/queue.c **** 
1951:Middlewares/Third_Party/FreeRTOS/Source/queue.c **** 	configASSERT( pxQueue );
1952:Middlewares/Third_Party/FreeRTOS/Source/queue.c **** 
1953:Middlewares/Third_Party/FreeRTOS/Source/queue.c **** 	taskENTER_CRITICAL();
1954:Middlewares/Third_Party/FreeRTOS/Source/queue.c **** 	{
1955:Middlewares/Third_Party/FreeRTOS/Source/queue.c **** 		uxReturn = pxQueue->uxLength - pxQueue->uxMessagesWaiting;
1956:Middlewares/Third_Party/FreeRTOS/Source/queue.c **** 	}
1957:Middlewares/Third_Party/FreeRTOS/Source/queue.c **** 	taskEXIT_CRITICAL();
1958:Middlewares/Third_Party/FreeRTOS/Source/queue.c **** 
1959:Middlewares/Third_Party/FreeRTOS/Source/queue.c **** 	return uxReturn;
1960:Middlewares/Third_Party/FreeRTOS/Source/queue.c **** } /*lint !e818 Pointer cannot be declared const as xQueue is a typedef not pointer. */
1961:Middlewares/Third_Party/FreeRTOS/Source/queue.c **** /*-----------------------------------------------------------*/
1962:Middlewares/Third_Party/FreeRTOS/Source/queue.c **** 
1963:Middlewares/Third_Party/FreeRTOS/Source/queue.c **** UBaseType_t uxQueueMessagesWaitingFromISR( const QueueHandle_t xQueue )
1964:Middlewares/Third_Party/FreeRTOS/Source/queue.c **** {
1965:Middlewares/Third_Party/FreeRTOS/Source/queue.c **** UBaseType_t uxReturn;
1966:Middlewares/Third_Party/FreeRTOS/Source/queue.c **** Queue_t * const pxQueue = xQueue;
1967:Middlewares/Third_Party/FreeRTOS/Source/queue.c **** 
1968:Middlewares/Third_Party/FreeRTOS/Source/queue.c **** 	configASSERT( pxQueue );
1969:Middlewares/Third_Party/FreeRTOS/Source/queue.c **** 	uxReturn = pxQueue->uxMessagesWaiting;
ARM GAS  D:\temp\TMP\ccsMuV5a.s 			page 36


1970:Middlewares/Third_Party/FreeRTOS/Source/queue.c **** 
1971:Middlewares/Third_Party/FreeRTOS/Source/queue.c **** 	return uxReturn;
1972:Middlewares/Third_Party/FreeRTOS/Source/queue.c **** } /*lint !e818 Pointer cannot be declared const as xQueue is a typedef not pointer. */
1973:Middlewares/Third_Party/FreeRTOS/Source/queue.c **** /*-----------------------------------------------------------*/
1974:Middlewares/Third_Party/FreeRTOS/Source/queue.c **** 
1975:Middlewares/Third_Party/FreeRTOS/Source/queue.c **** void vQueueDelete( QueueHandle_t xQueue )
1976:Middlewares/Third_Party/FreeRTOS/Source/queue.c **** {
1977:Middlewares/Third_Party/FreeRTOS/Source/queue.c **** Queue_t * const pxQueue = xQueue;
1978:Middlewares/Third_Party/FreeRTOS/Source/queue.c **** 
1979:Middlewares/Third_Party/FreeRTOS/Source/queue.c **** 	configASSERT( pxQueue );
1980:Middlewares/Third_Party/FreeRTOS/Source/queue.c **** 	traceQUEUE_DELETE( pxQueue );
1981:Middlewares/Third_Party/FreeRTOS/Source/queue.c **** 
1982:Middlewares/Third_Party/FreeRTOS/Source/queue.c **** 	#if ( configQUEUE_REGISTRY_SIZE > 0 )
1983:Middlewares/Third_Party/FreeRTOS/Source/queue.c **** 	{
1984:Middlewares/Third_Party/FreeRTOS/Source/queue.c **** 		vQueueUnregisterQueue( pxQueue );
1985:Middlewares/Third_Party/FreeRTOS/Source/queue.c **** 	}
1986:Middlewares/Third_Party/FreeRTOS/Source/queue.c **** 	#endif
1987:Middlewares/Third_Party/FreeRTOS/Source/queue.c **** 
1988:Middlewares/Third_Party/FreeRTOS/Source/queue.c **** 	#if( ( configSUPPORT_DYNAMIC_ALLOCATION == 1 ) && ( configSUPPORT_STATIC_ALLOCATION == 0 ) )
1989:Middlewares/Third_Party/FreeRTOS/Source/queue.c **** 	{
1990:Middlewares/Third_Party/FreeRTOS/Source/queue.c **** 		/* The queue can only have been allocated dynamically - free it
1991:Middlewares/Third_Party/FreeRTOS/Source/queue.c **** 		again. */
1992:Middlewares/Third_Party/FreeRTOS/Source/queue.c **** 		vPortFree( pxQueue );
1993:Middlewares/Third_Party/FreeRTOS/Source/queue.c **** 	}
1994:Middlewares/Third_Party/FreeRTOS/Source/queue.c **** 	#elif( ( configSUPPORT_DYNAMIC_ALLOCATION == 1 ) && ( configSUPPORT_STATIC_ALLOCATION == 1 ) )
1995:Middlewares/Third_Party/FreeRTOS/Source/queue.c **** 	{
1996:Middlewares/Third_Party/FreeRTOS/Source/queue.c **** 		/* The queue could have been allocated statically or dynamically, so
1997:Middlewares/Third_Party/FreeRTOS/Source/queue.c **** 		check before attempting to free the memory. */
1998:Middlewares/Third_Party/FreeRTOS/Source/queue.c **** 		if( pxQueue->ucStaticallyAllocated == ( uint8_t ) pdFALSE )
1999:Middlewares/Third_Party/FreeRTOS/Source/queue.c **** 		{
2000:Middlewares/Third_Party/FreeRTOS/Source/queue.c **** 			vPortFree( pxQueue );
2001:Middlewares/Third_Party/FreeRTOS/Source/queue.c **** 		}
2002:Middlewares/Third_Party/FreeRTOS/Source/queue.c **** 		else
2003:Middlewares/Third_Party/FreeRTOS/Source/queue.c **** 		{
2004:Middlewares/Third_Party/FreeRTOS/Source/queue.c **** 			mtCOVERAGE_TEST_MARKER();
2005:Middlewares/Third_Party/FreeRTOS/Source/queue.c **** 		}
2006:Middlewares/Third_Party/FreeRTOS/Source/queue.c **** 	}
2007:Middlewares/Third_Party/FreeRTOS/Source/queue.c **** 	#else
2008:Middlewares/Third_Party/FreeRTOS/Source/queue.c **** 	{
2009:Middlewares/Third_Party/FreeRTOS/Source/queue.c **** 		/* The queue must have been statically allocated, so is not going to be
2010:Middlewares/Third_Party/FreeRTOS/Source/queue.c **** 		deleted.  Avoid compiler warnings about the unused parameter. */
2011:Middlewares/Third_Party/FreeRTOS/Source/queue.c **** 		( void ) pxQueue;
2012:Middlewares/Third_Party/FreeRTOS/Source/queue.c **** 	}
2013:Middlewares/Third_Party/FreeRTOS/Source/queue.c **** 	#endif /* configSUPPORT_DYNAMIC_ALLOCATION */
2014:Middlewares/Third_Party/FreeRTOS/Source/queue.c **** }
2015:Middlewares/Third_Party/FreeRTOS/Source/queue.c **** /*-----------------------------------------------------------*/
2016:Middlewares/Third_Party/FreeRTOS/Source/queue.c **** 
2017:Middlewares/Third_Party/FreeRTOS/Source/queue.c **** #if ( configUSE_TRACE_FACILITY == 1 )
2018:Middlewares/Third_Party/FreeRTOS/Source/queue.c **** 
2019:Middlewares/Third_Party/FreeRTOS/Source/queue.c **** 	UBaseType_t uxQueueGetQueueNumber( QueueHandle_t xQueue )
2020:Middlewares/Third_Party/FreeRTOS/Source/queue.c **** 	{
2021:Middlewares/Third_Party/FreeRTOS/Source/queue.c **** 		return ( ( Queue_t * ) xQueue )->uxQueueNumber;
2022:Middlewares/Third_Party/FreeRTOS/Source/queue.c **** 	}
2023:Middlewares/Third_Party/FreeRTOS/Source/queue.c **** 
2024:Middlewares/Third_Party/FreeRTOS/Source/queue.c **** #endif /* configUSE_TRACE_FACILITY */
2025:Middlewares/Third_Party/FreeRTOS/Source/queue.c **** /*-----------------------------------------------------------*/
2026:Middlewares/Third_Party/FreeRTOS/Source/queue.c **** 
ARM GAS  D:\temp\TMP\ccsMuV5a.s 			page 37


2027:Middlewares/Third_Party/FreeRTOS/Source/queue.c **** #if ( configUSE_TRACE_FACILITY == 1 )
2028:Middlewares/Third_Party/FreeRTOS/Source/queue.c **** 
2029:Middlewares/Third_Party/FreeRTOS/Source/queue.c **** 	void vQueueSetQueueNumber( QueueHandle_t xQueue, UBaseType_t uxQueueNumber )
2030:Middlewares/Third_Party/FreeRTOS/Source/queue.c **** 	{
2031:Middlewares/Third_Party/FreeRTOS/Source/queue.c **** 		( ( Queue_t * ) xQueue )->uxQueueNumber = uxQueueNumber;
2032:Middlewares/Third_Party/FreeRTOS/Source/queue.c **** 	}
2033:Middlewares/Third_Party/FreeRTOS/Source/queue.c **** 
2034:Middlewares/Third_Party/FreeRTOS/Source/queue.c **** #endif /* configUSE_TRACE_FACILITY */
2035:Middlewares/Third_Party/FreeRTOS/Source/queue.c **** /*-----------------------------------------------------------*/
2036:Middlewares/Third_Party/FreeRTOS/Source/queue.c **** 
2037:Middlewares/Third_Party/FreeRTOS/Source/queue.c **** #if ( configUSE_TRACE_FACILITY == 1 )
2038:Middlewares/Third_Party/FreeRTOS/Source/queue.c **** 
2039:Middlewares/Third_Party/FreeRTOS/Source/queue.c **** 	uint8_t ucQueueGetQueueType( QueueHandle_t xQueue )
2040:Middlewares/Third_Party/FreeRTOS/Source/queue.c **** 	{
2041:Middlewares/Third_Party/FreeRTOS/Source/queue.c **** 		return ( ( Queue_t * ) xQueue )->ucQueueType;
2042:Middlewares/Third_Party/FreeRTOS/Source/queue.c **** 	}
2043:Middlewares/Third_Party/FreeRTOS/Source/queue.c **** 
2044:Middlewares/Third_Party/FreeRTOS/Source/queue.c **** #endif /* configUSE_TRACE_FACILITY */
2045:Middlewares/Third_Party/FreeRTOS/Source/queue.c **** /*-----------------------------------------------------------*/
2046:Middlewares/Third_Party/FreeRTOS/Source/queue.c **** 
2047:Middlewares/Third_Party/FreeRTOS/Source/queue.c **** #if( configUSE_MUTEXES == 1 )
2048:Middlewares/Third_Party/FreeRTOS/Source/queue.c **** 
2049:Middlewares/Third_Party/FreeRTOS/Source/queue.c **** 	static UBaseType_t prvGetDisinheritPriorityAfterTimeout( const Queue_t * const pxQueue )
2050:Middlewares/Third_Party/FreeRTOS/Source/queue.c **** 	{
  28              		.loc 1 2050 2 view -0
  29              		.cfi_startproc
  30              		@ args = 0, pretend = 0, frame = 0
  31              		@ frame_needed = 0, uses_anonymous_args = 0
  32              		@ link register save eliminated.
  33              		.loc 1 2050 2 is_stmt 0 view .LVU1
  34 0000 0346     		mov	r3, r0
2051:Middlewares/Third_Party/FreeRTOS/Source/queue.c **** 	UBaseType_t uxHighestPriorityOfWaitingTasks;
  35              		.loc 1 2051 2 is_stmt 1 view .LVU2
2052:Middlewares/Third_Party/FreeRTOS/Source/queue.c **** 
2053:Middlewares/Third_Party/FreeRTOS/Source/queue.c **** 		/* If a task waiting for a mutex causes the mutex holder to inherit a
2054:Middlewares/Third_Party/FreeRTOS/Source/queue.c **** 		priority, but the waiting task times out, then the holder should
2055:Middlewares/Third_Party/FreeRTOS/Source/queue.c **** 		disinherit the priority - but only down to the highest priority of any
2056:Middlewares/Third_Party/FreeRTOS/Source/queue.c **** 		other tasks that are waiting for the same mutex.  For this purpose,
2057:Middlewares/Third_Party/FreeRTOS/Source/queue.c **** 		return the priority of the highest priority task that is waiting for the
2058:Middlewares/Third_Party/FreeRTOS/Source/queue.c **** 		mutex. */
2059:Middlewares/Third_Party/FreeRTOS/Source/queue.c **** 		if( listCURRENT_LIST_LENGTH( &( pxQueue->xTasksWaitingToReceive ) ) > 0U )
  36              		.loc 1 2059 3 view .LVU3
  37              		.loc 1 2059 7 is_stmt 0 view .LVU4
  38 0002 406A     		ldr	r0, [r0, #36]
  39              	.LVL1:
  40              		.loc 1 2059 5 view .LVU5
  41 0004 18B1     		cbz	r0, .L1
2060:Middlewares/Third_Party/FreeRTOS/Source/queue.c **** 		{
2061:Middlewares/Third_Party/FreeRTOS/Source/queue.c **** 			uxHighestPriorityOfWaitingTasks = ( UBaseType_t ) configMAX_PRIORITIES - ( UBaseType_t ) listGET
  42              		.loc 1 2061 4 is_stmt 1 view .LVU6
  43              		.loc 1 2061 93 is_stmt 0 view .LVU7
  44 0006 1B6B     		ldr	r3, [r3, #48]
  45              	.LVL2:
  46              		.loc 1 2061 93 view .LVU8
  47 0008 1868     		ldr	r0, [r3]
  48              		.loc 1 2061 36 view .LVU9
  49 000a C0F10700 		rsb	r0, r0, #7
ARM GAS  D:\temp\TMP\ccsMuV5a.s 			page 38


  50              	.LVL3:
2062:Middlewares/Third_Party/FreeRTOS/Source/queue.c **** 		}
2063:Middlewares/Third_Party/FreeRTOS/Source/queue.c **** 		else
2064:Middlewares/Third_Party/FreeRTOS/Source/queue.c **** 		{
2065:Middlewares/Third_Party/FreeRTOS/Source/queue.c **** 			uxHighestPriorityOfWaitingTasks = tskIDLE_PRIORITY;
2066:Middlewares/Third_Party/FreeRTOS/Source/queue.c **** 		}
2067:Middlewares/Third_Party/FreeRTOS/Source/queue.c **** 
2068:Middlewares/Third_Party/FreeRTOS/Source/queue.c **** 		return uxHighestPriorityOfWaitingTasks;
  51              		.loc 1 2068 3 is_stmt 1 view .LVU10
  52              	.L1:
2069:Middlewares/Third_Party/FreeRTOS/Source/queue.c **** 	}
  53              		.loc 1 2069 2 is_stmt 0 view .LVU11
  54 000e 7047     		bx	lr
  55              		.cfi_endproc
  56              	.LFE24:
  58              		.section	.text.prvIsQueueFull,"ax",%progbits
  59              		.align	1
  60              		.syntax unified
  61              		.thumb
  62              		.thumb_func
  64              	prvIsQueueFull:
  65              	.LVL4:
  66              	.LFB30:
2070:Middlewares/Third_Party/FreeRTOS/Source/queue.c **** 
2071:Middlewares/Third_Party/FreeRTOS/Source/queue.c **** #endif /* configUSE_MUTEXES */
2072:Middlewares/Third_Party/FreeRTOS/Source/queue.c **** /*-----------------------------------------------------------*/
2073:Middlewares/Third_Party/FreeRTOS/Source/queue.c **** 
2074:Middlewares/Third_Party/FreeRTOS/Source/queue.c **** static BaseType_t prvCopyDataToQueue( Queue_t * const pxQueue, const void *pvItemToQueue, const Bas
2075:Middlewares/Third_Party/FreeRTOS/Source/queue.c **** {
2076:Middlewares/Third_Party/FreeRTOS/Source/queue.c **** BaseType_t xReturn = pdFALSE;
2077:Middlewares/Third_Party/FreeRTOS/Source/queue.c **** UBaseType_t uxMessagesWaiting;
2078:Middlewares/Third_Party/FreeRTOS/Source/queue.c **** 
2079:Middlewares/Third_Party/FreeRTOS/Source/queue.c **** 	/* This function is called from a critical section. */
2080:Middlewares/Third_Party/FreeRTOS/Source/queue.c **** 
2081:Middlewares/Third_Party/FreeRTOS/Source/queue.c **** 	uxMessagesWaiting = pxQueue->uxMessagesWaiting;
2082:Middlewares/Third_Party/FreeRTOS/Source/queue.c **** 
2083:Middlewares/Third_Party/FreeRTOS/Source/queue.c **** 	if( pxQueue->uxItemSize == ( UBaseType_t ) 0 )
2084:Middlewares/Third_Party/FreeRTOS/Source/queue.c **** 	{
2085:Middlewares/Third_Party/FreeRTOS/Source/queue.c **** 		#if ( configUSE_MUTEXES == 1 )
2086:Middlewares/Third_Party/FreeRTOS/Source/queue.c **** 		{
2087:Middlewares/Third_Party/FreeRTOS/Source/queue.c **** 			if( pxQueue->uxQueueType == queueQUEUE_IS_MUTEX )
2088:Middlewares/Third_Party/FreeRTOS/Source/queue.c **** 			{
2089:Middlewares/Third_Party/FreeRTOS/Source/queue.c **** 				/* The mutex is no longer being held. */
2090:Middlewares/Third_Party/FreeRTOS/Source/queue.c **** 				xReturn = xTaskPriorityDisinherit( pxQueue->u.xSemaphore.xMutexHolder );
2091:Middlewares/Third_Party/FreeRTOS/Source/queue.c **** 				pxQueue->u.xSemaphore.xMutexHolder = NULL;
2092:Middlewares/Third_Party/FreeRTOS/Source/queue.c **** 			}
2093:Middlewares/Third_Party/FreeRTOS/Source/queue.c **** 			else
2094:Middlewares/Third_Party/FreeRTOS/Source/queue.c **** 			{
2095:Middlewares/Third_Party/FreeRTOS/Source/queue.c **** 				mtCOVERAGE_TEST_MARKER();
2096:Middlewares/Third_Party/FreeRTOS/Source/queue.c **** 			}
2097:Middlewares/Third_Party/FreeRTOS/Source/queue.c **** 		}
2098:Middlewares/Third_Party/FreeRTOS/Source/queue.c **** 		#endif /* configUSE_MUTEXES */
2099:Middlewares/Third_Party/FreeRTOS/Source/queue.c **** 	}
2100:Middlewares/Third_Party/FreeRTOS/Source/queue.c **** 	else if( xPosition == queueSEND_TO_BACK )
2101:Middlewares/Third_Party/FreeRTOS/Source/queue.c **** 	{
2102:Middlewares/Third_Party/FreeRTOS/Source/queue.c **** 		( void ) memcpy( ( void * ) pxQueue->pcWriteTo, pvItemToQueue, ( size_t ) pxQueue->uxItemSize ); 
2103:Middlewares/Third_Party/FreeRTOS/Source/queue.c **** 		pxQueue->pcWriteTo += pxQueue->uxItemSize; /*lint !e9016 Pointer arithmetic on char types ok, esp
ARM GAS  D:\temp\TMP\ccsMuV5a.s 			page 39


2104:Middlewares/Third_Party/FreeRTOS/Source/queue.c **** 		if( pxQueue->pcWriteTo >= pxQueue->u.xQueue.pcTail ) /*lint !e946 MISRA exception justified as co
2105:Middlewares/Third_Party/FreeRTOS/Source/queue.c **** 		{
2106:Middlewares/Third_Party/FreeRTOS/Source/queue.c **** 			pxQueue->pcWriteTo = pxQueue->pcHead;
2107:Middlewares/Third_Party/FreeRTOS/Source/queue.c **** 		}
2108:Middlewares/Third_Party/FreeRTOS/Source/queue.c **** 		else
2109:Middlewares/Third_Party/FreeRTOS/Source/queue.c **** 		{
2110:Middlewares/Third_Party/FreeRTOS/Source/queue.c **** 			mtCOVERAGE_TEST_MARKER();
2111:Middlewares/Third_Party/FreeRTOS/Source/queue.c **** 		}
2112:Middlewares/Third_Party/FreeRTOS/Source/queue.c **** 	}
2113:Middlewares/Third_Party/FreeRTOS/Source/queue.c **** 	else
2114:Middlewares/Third_Party/FreeRTOS/Source/queue.c **** 	{
2115:Middlewares/Third_Party/FreeRTOS/Source/queue.c **** 		( void ) memcpy( ( void * ) pxQueue->u.xQueue.pcReadFrom, pvItemToQueue, ( size_t ) pxQueue->uxIt
2116:Middlewares/Third_Party/FreeRTOS/Source/queue.c **** 		pxQueue->u.xQueue.pcReadFrom -= pxQueue->uxItemSize;
2117:Middlewares/Third_Party/FreeRTOS/Source/queue.c **** 		if( pxQueue->u.xQueue.pcReadFrom < pxQueue->pcHead ) /*lint !e946 MISRA exception justified as co
2118:Middlewares/Third_Party/FreeRTOS/Source/queue.c **** 		{
2119:Middlewares/Third_Party/FreeRTOS/Source/queue.c **** 			pxQueue->u.xQueue.pcReadFrom = ( pxQueue->u.xQueue.pcTail - pxQueue->uxItemSize );
2120:Middlewares/Third_Party/FreeRTOS/Source/queue.c **** 		}
2121:Middlewares/Third_Party/FreeRTOS/Source/queue.c **** 		else
2122:Middlewares/Third_Party/FreeRTOS/Source/queue.c **** 		{
2123:Middlewares/Third_Party/FreeRTOS/Source/queue.c **** 			mtCOVERAGE_TEST_MARKER();
2124:Middlewares/Third_Party/FreeRTOS/Source/queue.c **** 		}
2125:Middlewares/Third_Party/FreeRTOS/Source/queue.c **** 
2126:Middlewares/Third_Party/FreeRTOS/Source/queue.c **** 		if( xPosition == queueOVERWRITE )
2127:Middlewares/Third_Party/FreeRTOS/Source/queue.c **** 		{
2128:Middlewares/Third_Party/FreeRTOS/Source/queue.c **** 			if( uxMessagesWaiting > ( UBaseType_t ) 0 )
2129:Middlewares/Third_Party/FreeRTOS/Source/queue.c **** 			{
2130:Middlewares/Third_Party/FreeRTOS/Source/queue.c **** 				/* An item is not being added but overwritten, so subtract
2131:Middlewares/Third_Party/FreeRTOS/Source/queue.c **** 				one from the recorded number of items in the queue so when
2132:Middlewares/Third_Party/FreeRTOS/Source/queue.c **** 				one is added again below the number of recorded items remains
2133:Middlewares/Third_Party/FreeRTOS/Source/queue.c **** 				correct. */
2134:Middlewares/Third_Party/FreeRTOS/Source/queue.c **** 				--uxMessagesWaiting;
2135:Middlewares/Third_Party/FreeRTOS/Source/queue.c **** 			}
2136:Middlewares/Third_Party/FreeRTOS/Source/queue.c **** 			else
2137:Middlewares/Third_Party/FreeRTOS/Source/queue.c **** 			{
2138:Middlewares/Third_Party/FreeRTOS/Source/queue.c **** 				mtCOVERAGE_TEST_MARKER();
2139:Middlewares/Third_Party/FreeRTOS/Source/queue.c **** 			}
2140:Middlewares/Third_Party/FreeRTOS/Source/queue.c **** 		}
2141:Middlewares/Third_Party/FreeRTOS/Source/queue.c **** 		else
2142:Middlewares/Third_Party/FreeRTOS/Source/queue.c **** 		{
2143:Middlewares/Third_Party/FreeRTOS/Source/queue.c **** 			mtCOVERAGE_TEST_MARKER();
2144:Middlewares/Third_Party/FreeRTOS/Source/queue.c **** 		}
2145:Middlewares/Third_Party/FreeRTOS/Source/queue.c **** 	}
2146:Middlewares/Third_Party/FreeRTOS/Source/queue.c **** 
2147:Middlewares/Third_Party/FreeRTOS/Source/queue.c **** 	pxQueue->uxMessagesWaiting = uxMessagesWaiting + ( UBaseType_t ) 1;
2148:Middlewares/Third_Party/FreeRTOS/Source/queue.c **** 
2149:Middlewares/Third_Party/FreeRTOS/Source/queue.c **** 	return xReturn;
2150:Middlewares/Third_Party/FreeRTOS/Source/queue.c **** }
2151:Middlewares/Third_Party/FreeRTOS/Source/queue.c **** /*-----------------------------------------------------------*/
2152:Middlewares/Third_Party/FreeRTOS/Source/queue.c **** 
2153:Middlewares/Third_Party/FreeRTOS/Source/queue.c **** static void prvCopyDataFromQueue( Queue_t * const pxQueue, void * const pvBuffer )
2154:Middlewares/Third_Party/FreeRTOS/Source/queue.c **** {
2155:Middlewares/Third_Party/FreeRTOS/Source/queue.c **** 	if( pxQueue->uxItemSize != ( UBaseType_t ) 0 )
2156:Middlewares/Third_Party/FreeRTOS/Source/queue.c **** 	{
2157:Middlewares/Third_Party/FreeRTOS/Source/queue.c **** 		pxQueue->u.xQueue.pcReadFrom += pxQueue->uxItemSize; /*lint !e9016 Pointer arithmetic on char typ
2158:Middlewares/Third_Party/FreeRTOS/Source/queue.c **** 		if( pxQueue->u.xQueue.pcReadFrom >= pxQueue->u.xQueue.pcTail ) /*lint !e946 MISRA exception justi
2159:Middlewares/Third_Party/FreeRTOS/Source/queue.c **** 		{
2160:Middlewares/Third_Party/FreeRTOS/Source/queue.c **** 			pxQueue->u.xQueue.pcReadFrom = pxQueue->pcHead;
ARM GAS  D:\temp\TMP\ccsMuV5a.s 			page 40


2161:Middlewares/Third_Party/FreeRTOS/Source/queue.c **** 		}
2162:Middlewares/Third_Party/FreeRTOS/Source/queue.c **** 		else
2163:Middlewares/Third_Party/FreeRTOS/Source/queue.c **** 		{
2164:Middlewares/Third_Party/FreeRTOS/Source/queue.c **** 			mtCOVERAGE_TEST_MARKER();
2165:Middlewares/Third_Party/FreeRTOS/Source/queue.c **** 		}
2166:Middlewares/Third_Party/FreeRTOS/Source/queue.c **** 		( void ) memcpy( ( void * ) pvBuffer, ( void * ) pxQueue->u.xQueue.pcReadFrom, ( size_t ) pxQueue
2167:Middlewares/Third_Party/FreeRTOS/Source/queue.c **** 	}
2168:Middlewares/Third_Party/FreeRTOS/Source/queue.c **** }
2169:Middlewares/Third_Party/FreeRTOS/Source/queue.c **** /*-----------------------------------------------------------*/
2170:Middlewares/Third_Party/FreeRTOS/Source/queue.c **** 
2171:Middlewares/Third_Party/FreeRTOS/Source/queue.c **** static void prvUnlockQueue( Queue_t * const pxQueue )
2172:Middlewares/Third_Party/FreeRTOS/Source/queue.c **** {
2173:Middlewares/Third_Party/FreeRTOS/Source/queue.c **** 	/* THIS FUNCTION MUST BE CALLED WITH THE SCHEDULER SUSPENDED. */
2174:Middlewares/Third_Party/FreeRTOS/Source/queue.c **** 
2175:Middlewares/Third_Party/FreeRTOS/Source/queue.c **** 	/* The lock counts contains the number of extra data items placed or
2176:Middlewares/Third_Party/FreeRTOS/Source/queue.c **** 	removed from the queue while the queue was locked.  When a queue is
2177:Middlewares/Third_Party/FreeRTOS/Source/queue.c **** 	locked items can be added or removed, but the event lists cannot be
2178:Middlewares/Third_Party/FreeRTOS/Source/queue.c **** 	updated. */
2179:Middlewares/Third_Party/FreeRTOS/Source/queue.c **** 	taskENTER_CRITICAL();
2180:Middlewares/Third_Party/FreeRTOS/Source/queue.c **** 	{
2181:Middlewares/Third_Party/FreeRTOS/Source/queue.c **** 		int8_t cTxLock = pxQueue->cTxLock;
2182:Middlewares/Third_Party/FreeRTOS/Source/queue.c **** 
2183:Middlewares/Third_Party/FreeRTOS/Source/queue.c **** 		/* See if data was added to the queue while it was locked. */
2184:Middlewares/Third_Party/FreeRTOS/Source/queue.c **** 		while( cTxLock > queueLOCKED_UNMODIFIED )
2185:Middlewares/Third_Party/FreeRTOS/Source/queue.c **** 		{
2186:Middlewares/Third_Party/FreeRTOS/Source/queue.c **** 			/* Data was posted while the queue was locked.  Are any tasks
2187:Middlewares/Third_Party/FreeRTOS/Source/queue.c **** 			blocked waiting for data to become available? */
2188:Middlewares/Third_Party/FreeRTOS/Source/queue.c **** 			#if ( configUSE_QUEUE_SETS == 1 )
2189:Middlewares/Third_Party/FreeRTOS/Source/queue.c **** 			{
2190:Middlewares/Third_Party/FreeRTOS/Source/queue.c **** 				if( pxQueue->pxQueueSetContainer != NULL )
2191:Middlewares/Third_Party/FreeRTOS/Source/queue.c **** 				{
2192:Middlewares/Third_Party/FreeRTOS/Source/queue.c **** 					if( prvNotifyQueueSetContainer( pxQueue ) != pdFALSE )
2193:Middlewares/Third_Party/FreeRTOS/Source/queue.c **** 					{
2194:Middlewares/Third_Party/FreeRTOS/Source/queue.c **** 						/* The queue is a member of a queue set, and posting to
2195:Middlewares/Third_Party/FreeRTOS/Source/queue.c **** 						the queue set caused a higher priority task to unblock.
2196:Middlewares/Third_Party/FreeRTOS/Source/queue.c **** 						A context switch is required. */
2197:Middlewares/Third_Party/FreeRTOS/Source/queue.c **** 						vTaskMissedYield();
2198:Middlewares/Third_Party/FreeRTOS/Source/queue.c **** 					}
2199:Middlewares/Third_Party/FreeRTOS/Source/queue.c **** 					else
2200:Middlewares/Third_Party/FreeRTOS/Source/queue.c **** 					{
2201:Middlewares/Third_Party/FreeRTOS/Source/queue.c **** 						mtCOVERAGE_TEST_MARKER();
2202:Middlewares/Third_Party/FreeRTOS/Source/queue.c **** 					}
2203:Middlewares/Third_Party/FreeRTOS/Source/queue.c **** 				}
2204:Middlewares/Third_Party/FreeRTOS/Source/queue.c **** 				else
2205:Middlewares/Third_Party/FreeRTOS/Source/queue.c **** 				{
2206:Middlewares/Third_Party/FreeRTOS/Source/queue.c **** 					/* Tasks that are removed from the event list will get
2207:Middlewares/Third_Party/FreeRTOS/Source/queue.c **** 					added to the pending ready list as the scheduler is still
2208:Middlewares/Third_Party/FreeRTOS/Source/queue.c **** 					suspended. */
2209:Middlewares/Third_Party/FreeRTOS/Source/queue.c **** 					if( listLIST_IS_EMPTY( &( pxQueue->xTasksWaitingToReceive ) ) == pdFALSE )
2210:Middlewares/Third_Party/FreeRTOS/Source/queue.c **** 					{
2211:Middlewares/Third_Party/FreeRTOS/Source/queue.c **** 						if( xTaskRemoveFromEventList( &( pxQueue->xTasksWaitingToReceive ) ) != pdFALSE )
2212:Middlewares/Third_Party/FreeRTOS/Source/queue.c **** 						{
2213:Middlewares/Third_Party/FreeRTOS/Source/queue.c **** 							/* The task waiting has a higher priority so record that a
2214:Middlewares/Third_Party/FreeRTOS/Source/queue.c **** 							context	switch is required. */
2215:Middlewares/Third_Party/FreeRTOS/Source/queue.c **** 							vTaskMissedYield();
2216:Middlewares/Third_Party/FreeRTOS/Source/queue.c **** 						}
2217:Middlewares/Third_Party/FreeRTOS/Source/queue.c **** 						else
ARM GAS  D:\temp\TMP\ccsMuV5a.s 			page 41


2218:Middlewares/Third_Party/FreeRTOS/Source/queue.c **** 						{
2219:Middlewares/Third_Party/FreeRTOS/Source/queue.c **** 							mtCOVERAGE_TEST_MARKER();
2220:Middlewares/Third_Party/FreeRTOS/Source/queue.c **** 						}
2221:Middlewares/Third_Party/FreeRTOS/Source/queue.c **** 					}
2222:Middlewares/Third_Party/FreeRTOS/Source/queue.c **** 					else
2223:Middlewares/Third_Party/FreeRTOS/Source/queue.c **** 					{
2224:Middlewares/Third_Party/FreeRTOS/Source/queue.c **** 						break;
2225:Middlewares/Third_Party/FreeRTOS/Source/queue.c **** 					}
2226:Middlewares/Third_Party/FreeRTOS/Source/queue.c **** 				}
2227:Middlewares/Third_Party/FreeRTOS/Source/queue.c **** 			}
2228:Middlewares/Third_Party/FreeRTOS/Source/queue.c **** 			#else /* configUSE_QUEUE_SETS */
2229:Middlewares/Third_Party/FreeRTOS/Source/queue.c **** 			{
2230:Middlewares/Third_Party/FreeRTOS/Source/queue.c **** 				/* Tasks that are removed from the event list will get added to
2231:Middlewares/Third_Party/FreeRTOS/Source/queue.c **** 				the pending ready list as the scheduler is still suspended. */
2232:Middlewares/Third_Party/FreeRTOS/Source/queue.c **** 				if( listLIST_IS_EMPTY( &( pxQueue->xTasksWaitingToReceive ) ) == pdFALSE )
2233:Middlewares/Third_Party/FreeRTOS/Source/queue.c **** 				{
2234:Middlewares/Third_Party/FreeRTOS/Source/queue.c **** 					if( xTaskRemoveFromEventList( &( pxQueue->xTasksWaitingToReceive ) ) != pdFALSE )
2235:Middlewares/Third_Party/FreeRTOS/Source/queue.c **** 					{
2236:Middlewares/Third_Party/FreeRTOS/Source/queue.c **** 						/* The task waiting has a higher priority so record that
2237:Middlewares/Third_Party/FreeRTOS/Source/queue.c **** 						a context switch is required. */
2238:Middlewares/Third_Party/FreeRTOS/Source/queue.c **** 						vTaskMissedYield();
2239:Middlewares/Third_Party/FreeRTOS/Source/queue.c **** 					}
2240:Middlewares/Third_Party/FreeRTOS/Source/queue.c **** 					else
2241:Middlewares/Third_Party/FreeRTOS/Source/queue.c **** 					{
2242:Middlewares/Third_Party/FreeRTOS/Source/queue.c **** 						mtCOVERAGE_TEST_MARKER();
2243:Middlewares/Third_Party/FreeRTOS/Source/queue.c **** 					}
2244:Middlewares/Third_Party/FreeRTOS/Source/queue.c **** 				}
2245:Middlewares/Third_Party/FreeRTOS/Source/queue.c **** 				else
2246:Middlewares/Third_Party/FreeRTOS/Source/queue.c **** 				{
2247:Middlewares/Third_Party/FreeRTOS/Source/queue.c **** 					break;
2248:Middlewares/Third_Party/FreeRTOS/Source/queue.c **** 				}
2249:Middlewares/Third_Party/FreeRTOS/Source/queue.c **** 			}
2250:Middlewares/Third_Party/FreeRTOS/Source/queue.c **** 			#endif /* configUSE_QUEUE_SETS */
2251:Middlewares/Third_Party/FreeRTOS/Source/queue.c **** 
2252:Middlewares/Third_Party/FreeRTOS/Source/queue.c **** 			--cTxLock;
2253:Middlewares/Third_Party/FreeRTOS/Source/queue.c **** 		}
2254:Middlewares/Third_Party/FreeRTOS/Source/queue.c **** 
2255:Middlewares/Third_Party/FreeRTOS/Source/queue.c **** 		pxQueue->cTxLock = queueUNLOCKED;
2256:Middlewares/Third_Party/FreeRTOS/Source/queue.c **** 	}
2257:Middlewares/Third_Party/FreeRTOS/Source/queue.c **** 	taskEXIT_CRITICAL();
2258:Middlewares/Third_Party/FreeRTOS/Source/queue.c **** 
2259:Middlewares/Third_Party/FreeRTOS/Source/queue.c **** 	/* Do the same for the Rx lock. */
2260:Middlewares/Third_Party/FreeRTOS/Source/queue.c **** 	taskENTER_CRITICAL();
2261:Middlewares/Third_Party/FreeRTOS/Source/queue.c **** 	{
2262:Middlewares/Third_Party/FreeRTOS/Source/queue.c **** 		int8_t cRxLock = pxQueue->cRxLock;
2263:Middlewares/Third_Party/FreeRTOS/Source/queue.c **** 
2264:Middlewares/Third_Party/FreeRTOS/Source/queue.c **** 		while( cRxLock > queueLOCKED_UNMODIFIED )
2265:Middlewares/Third_Party/FreeRTOS/Source/queue.c **** 		{
2266:Middlewares/Third_Party/FreeRTOS/Source/queue.c **** 			if( listLIST_IS_EMPTY( &( pxQueue->xTasksWaitingToSend ) ) == pdFALSE )
2267:Middlewares/Third_Party/FreeRTOS/Source/queue.c **** 			{
2268:Middlewares/Third_Party/FreeRTOS/Source/queue.c **** 				if( xTaskRemoveFromEventList( &( pxQueue->xTasksWaitingToSend ) ) != pdFALSE )
2269:Middlewares/Third_Party/FreeRTOS/Source/queue.c **** 				{
2270:Middlewares/Third_Party/FreeRTOS/Source/queue.c **** 					vTaskMissedYield();
2271:Middlewares/Third_Party/FreeRTOS/Source/queue.c **** 				}
2272:Middlewares/Third_Party/FreeRTOS/Source/queue.c **** 				else
2273:Middlewares/Third_Party/FreeRTOS/Source/queue.c **** 				{
2274:Middlewares/Third_Party/FreeRTOS/Source/queue.c **** 					mtCOVERAGE_TEST_MARKER();
ARM GAS  D:\temp\TMP\ccsMuV5a.s 			page 42


2275:Middlewares/Third_Party/FreeRTOS/Source/queue.c **** 				}
2276:Middlewares/Third_Party/FreeRTOS/Source/queue.c **** 
2277:Middlewares/Third_Party/FreeRTOS/Source/queue.c **** 				--cRxLock;
2278:Middlewares/Third_Party/FreeRTOS/Source/queue.c **** 			}
2279:Middlewares/Third_Party/FreeRTOS/Source/queue.c **** 			else
2280:Middlewares/Third_Party/FreeRTOS/Source/queue.c **** 			{
2281:Middlewares/Third_Party/FreeRTOS/Source/queue.c **** 				break;
2282:Middlewares/Third_Party/FreeRTOS/Source/queue.c **** 			}
2283:Middlewares/Third_Party/FreeRTOS/Source/queue.c **** 		}
2284:Middlewares/Third_Party/FreeRTOS/Source/queue.c **** 
2285:Middlewares/Third_Party/FreeRTOS/Source/queue.c **** 		pxQueue->cRxLock = queueUNLOCKED;
2286:Middlewares/Third_Party/FreeRTOS/Source/queue.c **** 	}
2287:Middlewares/Third_Party/FreeRTOS/Source/queue.c **** 	taskEXIT_CRITICAL();
2288:Middlewares/Third_Party/FreeRTOS/Source/queue.c **** }
2289:Middlewares/Third_Party/FreeRTOS/Source/queue.c **** /*-----------------------------------------------------------*/
2290:Middlewares/Third_Party/FreeRTOS/Source/queue.c **** 
2291:Middlewares/Third_Party/FreeRTOS/Source/queue.c **** static BaseType_t prvIsQueueEmpty( const Queue_t *pxQueue )
2292:Middlewares/Third_Party/FreeRTOS/Source/queue.c **** {
2293:Middlewares/Third_Party/FreeRTOS/Source/queue.c **** BaseType_t xReturn;
2294:Middlewares/Third_Party/FreeRTOS/Source/queue.c **** 
2295:Middlewares/Third_Party/FreeRTOS/Source/queue.c **** 	taskENTER_CRITICAL();
2296:Middlewares/Third_Party/FreeRTOS/Source/queue.c **** 	{
2297:Middlewares/Third_Party/FreeRTOS/Source/queue.c **** 		if( pxQueue->uxMessagesWaiting == ( UBaseType_t )  0 )
2298:Middlewares/Third_Party/FreeRTOS/Source/queue.c **** 		{
2299:Middlewares/Third_Party/FreeRTOS/Source/queue.c **** 			xReturn = pdTRUE;
2300:Middlewares/Third_Party/FreeRTOS/Source/queue.c **** 		}
2301:Middlewares/Third_Party/FreeRTOS/Source/queue.c **** 		else
2302:Middlewares/Third_Party/FreeRTOS/Source/queue.c **** 		{
2303:Middlewares/Third_Party/FreeRTOS/Source/queue.c **** 			xReturn = pdFALSE;
2304:Middlewares/Third_Party/FreeRTOS/Source/queue.c **** 		}
2305:Middlewares/Third_Party/FreeRTOS/Source/queue.c **** 	}
2306:Middlewares/Third_Party/FreeRTOS/Source/queue.c **** 	taskEXIT_CRITICAL();
2307:Middlewares/Third_Party/FreeRTOS/Source/queue.c **** 
2308:Middlewares/Third_Party/FreeRTOS/Source/queue.c **** 	return xReturn;
2309:Middlewares/Third_Party/FreeRTOS/Source/queue.c **** }
2310:Middlewares/Third_Party/FreeRTOS/Source/queue.c **** /*-----------------------------------------------------------*/
2311:Middlewares/Third_Party/FreeRTOS/Source/queue.c **** 
2312:Middlewares/Third_Party/FreeRTOS/Source/queue.c **** BaseType_t xQueueIsQueueEmptyFromISR( const QueueHandle_t xQueue )
2313:Middlewares/Third_Party/FreeRTOS/Source/queue.c **** {
2314:Middlewares/Third_Party/FreeRTOS/Source/queue.c **** BaseType_t xReturn;
2315:Middlewares/Third_Party/FreeRTOS/Source/queue.c **** Queue_t * const pxQueue = xQueue;
2316:Middlewares/Third_Party/FreeRTOS/Source/queue.c **** 
2317:Middlewares/Third_Party/FreeRTOS/Source/queue.c **** 	configASSERT( pxQueue );
2318:Middlewares/Third_Party/FreeRTOS/Source/queue.c **** 	if( pxQueue->uxMessagesWaiting == ( UBaseType_t ) 0 )
2319:Middlewares/Third_Party/FreeRTOS/Source/queue.c **** 	{
2320:Middlewares/Third_Party/FreeRTOS/Source/queue.c **** 		xReturn = pdTRUE;
2321:Middlewares/Third_Party/FreeRTOS/Source/queue.c **** 	}
2322:Middlewares/Third_Party/FreeRTOS/Source/queue.c **** 	else
2323:Middlewares/Third_Party/FreeRTOS/Source/queue.c **** 	{
2324:Middlewares/Third_Party/FreeRTOS/Source/queue.c **** 		xReturn = pdFALSE;
2325:Middlewares/Third_Party/FreeRTOS/Source/queue.c **** 	}
2326:Middlewares/Third_Party/FreeRTOS/Source/queue.c **** 
2327:Middlewares/Third_Party/FreeRTOS/Source/queue.c **** 	return xReturn;
2328:Middlewares/Third_Party/FreeRTOS/Source/queue.c **** } /*lint !e818 xQueue could not be pointer to const because it is a typedef. */
2329:Middlewares/Third_Party/FreeRTOS/Source/queue.c **** /*-----------------------------------------------------------*/
2330:Middlewares/Third_Party/FreeRTOS/Source/queue.c **** 
2331:Middlewares/Third_Party/FreeRTOS/Source/queue.c **** static BaseType_t prvIsQueueFull( const Queue_t *pxQueue )
ARM GAS  D:\temp\TMP\ccsMuV5a.s 			page 43


2332:Middlewares/Third_Party/FreeRTOS/Source/queue.c **** {
  67              		.loc 1 2332 1 is_stmt 1 view -0
  68              		.cfi_startproc
  69              		@ args = 0, pretend = 0, frame = 0
  70              		@ frame_needed = 0, uses_anonymous_args = 0
  71              		.loc 1 2332 1 is_stmt 0 view .LVU13
  72 0000 10B5     		push	{r4, lr}
  73              	.LCFI0:
  74              		.cfi_def_cfa_offset 8
  75              		.cfi_offset 4, -8
  76              		.cfi_offset 14, -4
  77 0002 0446     		mov	r4, r0
2333:Middlewares/Third_Party/FreeRTOS/Source/queue.c **** BaseType_t xReturn;
  78              		.loc 1 2333 1 is_stmt 1 view .LVU14
2334:Middlewares/Third_Party/FreeRTOS/Source/queue.c **** 
2335:Middlewares/Third_Party/FreeRTOS/Source/queue.c **** 	taskENTER_CRITICAL();
  79              		.loc 1 2335 2 view .LVU15
  80 0004 FFF7FEFF 		bl	vPortEnterCritical
  81              	.LVL5:
2336:Middlewares/Third_Party/FreeRTOS/Source/queue.c **** 	{
2337:Middlewares/Third_Party/FreeRTOS/Source/queue.c **** 		if( pxQueue->uxMessagesWaiting == pxQueue->uxLength )
  82              		.loc 1 2337 3 view .LVU16
  83              		.loc 1 2337 14 is_stmt 0 view .LVU17
  84 0008 A26B     		ldr	r2, [r4, #56]
  85              		.loc 1 2337 44 view .LVU18
  86 000a E36B     		ldr	r3, [r4, #60]
  87              		.loc 1 2337 5 view .LVU19
  88 000c 9A42     		cmp	r2, r3
  89 000e 04D0     		beq	.L7
2338:Middlewares/Third_Party/FreeRTOS/Source/queue.c **** 		{
2339:Middlewares/Third_Party/FreeRTOS/Source/queue.c **** 			xReturn = pdTRUE;
2340:Middlewares/Third_Party/FreeRTOS/Source/queue.c **** 		}
2341:Middlewares/Third_Party/FreeRTOS/Source/queue.c **** 		else
2342:Middlewares/Third_Party/FreeRTOS/Source/queue.c **** 		{
2343:Middlewares/Third_Party/FreeRTOS/Source/queue.c **** 			xReturn = pdFALSE;
  90              		.loc 1 2343 12 view .LVU20
  91 0010 0024     		movs	r4, #0
  92              	.LVL6:
  93              	.L4:
2344:Middlewares/Third_Party/FreeRTOS/Source/queue.c **** 		}
2345:Middlewares/Third_Party/FreeRTOS/Source/queue.c **** 	}
2346:Middlewares/Third_Party/FreeRTOS/Source/queue.c **** 	taskEXIT_CRITICAL();
  94              		.loc 1 2346 2 is_stmt 1 view .LVU21
  95 0012 FFF7FEFF 		bl	vPortExitCritical
  96              	.LVL7:
2347:Middlewares/Third_Party/FreeRTOS/Source/queue.c **** 
2348:Middlewares/Third_Party/FreeRTOS/Source/queue.c **** 	return xReturn;
  97              		.loc 1 2348 2 view .LVU22
2349:Middlewares/Third_Party/FreeRTOS/Source/queue.c **** }
  98              		.loc 1 2349 1 is_stmt 0 view .LVU23
  99 0016 2046     		mov	r0, r4
 100 0018 10BD     		pop	{r4, pc}
 101              	.LVL8:
 102              	.L7:
2339:Middlewares/Third_Party/FreeRTOS/Source/queue.c **** 		}
 103              		.loc 1 2339 12 view .LVU24
 104 001a 0124     		movs	r4, #1
ARM GAS  D:\temp\TMP\ccsMuV5a.s 			page 44


 105              	.LVL9:
2339:Middlewares/Third_Party/FreeRTOS/Source/queue.c **** 		}
 106              		.loc 1 2339 12 view .LVU25
 107 001c F9E7     		b	.L4
 108              		.cfi_endproc
 109              	.LFE30:
 111              		.section	.text.prvIsQueueEmpty,"ax",%progbits
 112              		.align	1
 113              		.syntax unified
 114              		.thumb
 115              		.thumb_func
 117              	prvIsQueueEmpty:
 118              	.LVL10:
 119              	.LFB28:
2292:Middlewares/Third_Party/FreeRTOS/Source/queue.c **** BaseType_t xReturn;
 120              		.loc 1 2292 1 is_stmt 1 view -0
 121              		.cfi_startproc
 122              		@ args = 0, pretend = 0, frame = 0
 123              		@ frame_needed = 0, uses_anonymous_args = 0
2292:Middlewares/Third_Party/FreeRTOS/Source/queue.c **** BaseType_t xReturn;
 124              		.loc 1 2292 1 is_stmt 0 view .LVU27
 125 0000 10B5     		push	{r4, lr}
 126              	.LCFI1:
 127              		.cfi_def_cfa_offset 8
 128              		.cfi_offset 4, -8
 129              		.cfi_offset 14, -4
 130 0002 0446     		mov	r4, r0
2293:Middlewares/Third_Party/FreeRTOS/Source/queue.c **** 
 131              		.loc 1 2293 1 is_stmt 1 view .LVU28
2295:Middlewares/Third_Party/FreeRTOS/Source/queue.c **** 	{
 132              		.loc 1 2295 2 view .LVU29
 133 0004 FFF7FEFF 		bl	vPortEnterCritical
 134              	.LVL11:
2297:Middlewares/Third_Party/FreeRTOS/Source/queue.c **** 		{
 135              		.loc 1 2297 3 view .LVU30
2297:Middlewares/Third_Party/FreeRTOS/Source/queue.c **** 		{
 136              		.loc 1 2297 14 is_stmt 0 view .LVU31
 137 0008 A36B     		ldr	r3, [r4, #56]
2297:Middlewares/Third_Party/FreeRTOS/Source/queue.c **** 		{
 138              		.loc 1 2297 5 view .LVU32
 139 000a 2BB9     		cbnz	r3, .L10
2299:Middlewares/Third_Party/FreeRTOS/Source/queue.c **** 		}
 140              		.loc 1 2299 12 view .LVU33
 141 000c 0123     		movs	r3, #1
 142 000e 1C46     		mov	r4, r3
 143              	.LVL12:
 144              	.L9:
2306:Middlewares/Third_Party/FreeRTOS/Source/queue.c **** 
 145              		.loc 1 2306 2 is_stmt 1 view .LVU34
 146 0010 FFF7FEFF 		bl	vPortExitCritical
 147              	.LVL13:
2308:Middlewares/Third_Party/FreeRTOS/Source/queue.c **** }
 148              		.loc 1 2308 2 view .LVU35
2309:Middlewares/Third_Party/FreeRTOS/Source/queue.c **** /*-----------------------------------------------------------*/
 149              		.loc 1 2309 1 is_stmt 0 view .LVU36
 150 0014 2046     		mov	r0, r4
 151 0016 10BD     		pop	{r4, pc}
ARM GAS  D:\temp\TMP\ccsMuV5a.s 			page 45


 152              	.LVL14:
 153              	.L10:
2303:Middlewares/Third_Party/FreeRTOS/Source/queue.c **** 		}
 154              		.loc 1 2303 12 view .LVU37
 155 0018 0023     		movs	r3, #0
 156 001a 1C46     		mov	r4, r3
 157              	.LVL15:
2303:Middlewares/Third_Party/FreeRTOS/Source/queue.c **** 		}
 158              		.loc 1 2303 12 view .LVU38
 159 001c F8E7     		b	.L9
 160              		.cfi_endproc
 161              	.LFE28:
 163              		.section	.text.prvCopyDataToQueue,"ax",%progbits
 164              		.align	1
 165              		.syntax unified
 166              		.thumb
 167              		.thumb_func
 169              	prvCopyDataToQueue:
 170              	.LVL16:
 171              	.LFB25:
2075:Middlewares/Third_Party/FreeRTOS/Source/queue.c **** BaseType_t xReturn = pdFALSE;
 172              		.loc 1 2075 1 is_stmt 1 view -0
 173              		.cfi_startproc
 174              		@ args = 0, pretend = 0, frame = 0
 175              		@ frame_needed = 0, uses_anonymous_args = 0
2075:Middlewares/Third_Party/FreeRTOS/Source/queue.c **** BaseType_t xReturn = pdFALSE;
 176              		.loc 1 2075 1 is_stmt 0 view .LVU40
 177 0000 70B5     		push	{r4, r5, r6, lr}
 178              	.LCFI2:
 179              		.cfi_def_cfa_offset 16
 180              		.cfi_offset 4, -16
 181              		.cfi_offset 5, -12
 182              		.cfi_offset 6, -8
 183              		.cfi_offset 14, -4
 184 0002 0446     		mov	r4, r0
 185 0004 1646     		mov	r6, r2
2076:Middlewares/Third_Party/FreeRTOS/Source/queue.c **** UBaseType_t uxMessagesWaiting;
 186              		.loc 1 2076 1 is_stmt 1 view .LVU41
 187              	.LVL17:
2077:Middlewares/Third_Party/FreeRTOS/Source/queue.c **** 
 188              		.loc 1 2077 1 view .LVU42
2081:Middlewares/Third_Party/FreeRTOS/Source/queue.c **** 
 189              		.loc 1 2081 2 view .LVU43
2081:Middlewares/Third_Party/FreeRTOS/Source/queue.c **** 
 190              		.loc 1 2081 20 is_stmt 0 view .LVU44
 191 0006 856B     		ldr	r5, [r0, #56]
 192              	.LVL18:
2083:Middlewares/Third_Party/FreeRTOS/Source/queue.c **** 	{
 193              		.loc 1 2083 2 is_stmt 1 view .LVU45
2083:Middlewares/Third_Party/FreeRTOS/Source/queue.c **** 	{
 194              		.loc 1 2083 13 is_stmt 0 view .LVU46
 195 0008 026C     		ldr	r2, [r0, #64]
 196              	.LVL19:
2083:Middlewares/Third_Party/FreeRTOS/Source/queue.c **** 	{
 197              		.loc 1 2083 4 view .LVU47
 198 000a 5AB9     		cbnz	r2, .L13
2087:Middlewares/Third_Party/FreeRTOS/Source/queue.c **** 			{
ARM GAS  D:\temp\TMP\ccsMuV5a.s 			page 46


 199              		.loc 1 2087 4 is_stmt 1 view .LVU48
2087:Middlewares/Third_Party/FreeRTOS/Source/queue.c **** 			{
 200              		.loc 1 2087 15 is_stmt 0 view .LVU49
 201 000c 0368     		ldr	r3, [r0]
2087:Middlewares/Third_Party/FreeRTOS/Source/queue.c **** 			{
 202              		.loc 1 2087 6 view .LVU50
 203 000e 1BB1     		cbz	r3, .L22
2076:Middlewares/Third_Party/FreeRTOS/Source/queue.c **** UBaseType_t uxMessagesWaiting;
 204              		.loc 1 2076 12 view .LVU51
 205 0010 0020     		movs	r0, #0
 206              	.LVL20:
 207              	.L14:
2143:Middlewares/Third_Party/FreeRTOS/Source/queue.c **** 		}
 208              		.loc 1 2143 28 is_stmt 1 view .LVU52
2147:Middlewares/Third_Party/FreeRTOS/Source/queue.c **** 
 209              		.loc 1 2147 2 view .LVU53
2147:Middlewares/Third_Party/FreeRTOS/Source/queue.c **** 
 210              		.loc 1 2147 49 is_stmt 0 view .LVU54
 211 0012 0135     		adds	r5, r5, #1
 212              	.LVL21:
2147:Middlewares/Third_Party/FreeRTOS/Source/queue.c **** 
 213              		.loc 1 2147 29 view .LVU55
 214 0014 A563     		str	r5, [r4, #56]
2149:Middlewares/Third_Party/FreeRTOS/Source/queue.c **** }
 215              		.loc 1 2149 2 is_stmt 1 view .LVU56
2150:Middlewares/Third_Party/FreeRTOS/Source/queue.c **** /*-----------------------------------------------------------*/
 216              		.loc 1 2150 1 is_stmt 0 view .LVU57
 217 0016 70BD     		pop	{r4, r5, r6, pc}
 218              	.LVL22:
 219              	.L22:
2090:Middlewares/Third_Party/FreeRTOS/Source/queue.c **** 				pxQueue->u.xSemaphore.xMutexHolder = NULL;
 220              		.loc 1 2090 5 is_stmt 1 view .LVU58
2090:Middlewares/Third_Party/FreeRTOS/Source/queue.c **** 				pxQueue->u.xSemaphore.xMutexHolder = NULL;
 221              		.loc 1 2090 15 is_stmt 0 view .LVU59
 222 0018 8068     		ldr	r0, [r0, #8]
 223              	.LVL23:
2090:Middlewares/Third_Party/FreeRTOS/Source/queue.c **** 				pxQueue->u.xSemaphore.xMutexHolder = NULL;
 224              		.loc 1 2090 15 view .LVU60
 225 001a FFF7FEFF 		bl	xTaskPriorityDisinherit
 226              	.LVL24:
2091:Middlewares/Third_Party/FreeRTOS/Source/queue.c **** 			}
 227              		.loc 1 2091 5 is_stmt 1 view .LVU61
2091:Middlewares/Third_Party/FreeRTOS/Source/queue.c **** 			}
 228              		.loc 1 2091 40 is_stmt 0 view .LVU62
 229 001e 0023     		movs	r3, #0
 230 0020 A360     		str	r3, [r4, #8]
 231 0022 F6E7     		b	.L14
 232              	.LVL25:
 233              	.L13:
2100:Middlewares/Third_Party/FreeRTOS/Source/queue.c **** 	{
 234              		.loc 1 2100 7 is_stmt 1 view .LVU63
2100:Middlewares/Third_Party/FreeRTOS/Source/queue.c **** 	{
 235              		.loc 1 2100 9 is_stmt 0 view .LVU64
 236 0024 6EB9     		cbnz	r6, .L15
2102:Middlewares/Third_Party/FreeRTOS/Source/queue.c **** 		pxQueue->pcWriteTo += pxQueue->uxItemSize; /*lint !e9016 Pointer arithmetic on char types ok, esp
 237              		.loc 1 2102 3 is_stmt 1 view .LVU65
2102:Middlewares/Third_Party/FreeRTOS/Source/queue.c **** 		pxQueue->pcWriteTo += pxQueue->uxItemSize; /*lint !e9016 Pointer arithmetic on char types ok, esp
ARM GAS  D:\temp\TMP\ccsMuV5a.s 			page 47


 238              		.loc 1 2102 12 is_stmt 0 view .LVU66
 239 0026 4068     		ldr	r0, [r0, #4]
 240              	.LVL26:
2102:Middlewares/Third_Party/FreeRTOS/Source/queue.c **** 		pxQueue->pcWriteTo += pxQueue->uxItemSize; /*lint !e9016 Pointer arithmetic on char types ok, esp
 241              		.loc 1 2102 12 view .LVU67
 242 0028 FFF7FEFF 		bl	memcpy
 243              	.LVL27:
2103:Middlewares/Third_Party/FreeRTOS/Source/queue.c **** 		if( pxQueue->pcWriteTo >= pxQueue->u.xQueue.pcTail ) /*lint !e946 MISRA exception justified as co
 244              		.loc 1 2103 3 is_stmt 1 view .LVU68
2103:Middlewares/Third_Party/FreeRTOS/Source/queue.c **** 		if( pxQueue->pcWriteTo >= pxQueue->u.xQueue.pcTail ) /*lint !e946 MISRA exception justified as co
 245              		.loc 1 2103 10 is_stmt 0 view .LVU69
 246 002c 6368     		ldr	r3, [r4, #4]
2103:Middlewares/Third_Party/FreeRTOS/Source/queue.c **** 		if( pxQueue->pcWriteTo >= pxQueue->u.xQueue.pcTail ) /*lint !e946 MISRA exception justified as co
 247              		.loc 1 2103 32 view .LVU70
 248 002e 226C     		ldr	r2, [r4, #64]
2103:Middlewares/Third_Party/FreeRTOS/Source/queue.c **** 		if( pxQueue->pcWriteTo >= pxQueue->u.xQueue.pcTail ) /*lint !e946 MISRA exception justified as co
 249              		.loc 1 2103 22 view .LVU71
 250 0030 1344     		add	r3, r3, r2
 251 0032 6360     		str	r3, [r4, #4]
2104:Middlewares/Third_Party/FreeRTOS/Source/queue.c **** 		{
 252              		.loc 1 2104 3 is_stmt 1 view .LVU72
2104:Middlewares/Third_Party/FreeRTOS/Source/queue.c **** 		{
 253              		.loc 1 2104 46 is_stmt 0 view .LVU73
 254 0034 A268     		ldr	r2, [r4, #8]
2104:Middlewares/Third_Party/FreeRTOS/Source/queue.c **** 		{
 255              		.loc 1 2104 5 view .LVU74
 256 0036 9342     		cmp	r3, r2
 257 0038 19D3     		bcc	.L18
2106:Middlewares/Third_Party/FreeRTOS/Source/queue.c **** 		}
 258              		.loc 1 2106 4 is_stmt 1 view .LVU75
2106:Middlewares/Third_Party/FreeRTOS/Source/queue.c **** 		}
 259              		.loc 1 2106 32 is_stmt 0 view .LVU76
 260 003a 2368     		ldr	r3, [r4]
2106:Middlewares/Third_Party/FreeRTOS/Source/queue.c **** 		}
 261              		.loc 1 2106 23 view .LVU77
 262 003c 6360     		str	r3, [r4, #4]
2076:Middlewares/Third_Party/FreeRTOS/Source/queue.c **** UBaseType_t uxMessagesWaiting;
 263              		.loc 1 2076 12 view .LVU78
 264 003e 3046     		mov	r0, r6
 265 0040 E7E7     		b	.L14
 266              	.LVL28:
 267              	.L15:
2115:Middlewares/Third_Party/FreeRTOS/Source/queue.c **** 		pxQueue->u.xQueue.pcReadFrom -= pxQueue->uxItemSize;
 268              		.loc 1 2115 3 is_stmt 1 view .LVU79
2115:Middlewares/Third_Party/FreeRTOS/Source/queue.c **** 		pxQueue->u.xQueue.pcReadFrom -= pxQueue->uxItemSize;
 269              		.loc 1 2115 12 is_stmt 0 view .LVU80
 270 0042 C068     		ldr	r0, [r0, #12]
 271              	.LVL29:
2115:Middlewares/Third_Party/FreeRTOS/Source/queue.c **** 		pxQueue->u.xQueue.pcReadFrom -= pxQueue->uxItemSize;
 272              		.loc 1 2115 12 view .LVU81
 273 0044 FFF7FEFF 		bl	memcpy
 274              	.LVL30:
2116:Middlewares/Third_Party/FreeRTOS/Source/queue.c **** 		if( pxQueue->u.xQueue.pcReadFrom < pxQueue->pcHead ) /*lint !e946 MISRA exception justified as co
 275              		.loc 1 2116 3 is_stmt 1 view .LVU82
2116:Middlewares/Third_Party/FreeRTOS/Source/queue.c **** 		if( pxQueue->u.xQueue.pcReadFrom < pxQueue->pcHead ) /*lint !e946 MISRA exception justified as co
 276              		.loc 1 2116 20 is_stmt 0 view .LVU83
 277 0048 E368     		ldr	r3, [r4, #12]
ARM GAS  D:\temp\TMP\ccsMuV5a.s 			page 48


2116:Middlewares/Third_Party/FreeRTOS/Source/queue.c **** 		if( pxQueue->u.xQueue.pcReadFrom < pxQueue->pcHead ) /*lint !e946 MISRA exception justified as co
 278              		.loc 1 2116 42 view .LVU84
 279 004a 226C     		ldr	r2, [r4, #64]
2116:Middlewares/Third_Party/FreeRTOS/Source/queue.c **** 		if( pxQueue->u.xQueue.pcReadFrom < pxQueue->pcHead ) /*lint !e946 MISRA exception justified as co
 280              		.loc 1 2116 32 view .LVU85
 281 004c 5142     		rsbs	r1, r2, #0
 282 004e 9B1A     		subs	r3, r3, r2
 283 0050 E360     		str	r3, [r4, #12]
2117:Middlewares/Third_Party/FreeRTOS/Source/queue.c **** 		{
 284              		.loc 1 2117 3 is_stmt 1 view .LVU86
2117:Middlewares/Third_Party/FreeRTOS/Source/queue.c **** 		{
 285              		.loc 1 2117 45 is_stmt 0 view .LVU87
 286 0052 2268     		ldr	r2, [r4]
2117:Middlewares/Third_Party/FreeRTOS/Source/queue.c **** 		{
 287              		.loc 1 2117 5 view .LVU88
 288 0054 9342     		cmp	r3, r2
 289 0056 02D2     		bcs	.L16
2119:Middlewares/Third_Party/FreeRTOS/Source/queue.c **** 		}
 290              		.loc 1 2119 4 is_stmt 1 view .LVU89
2119:Middlewares/Third_Party/FreeRTOS/Source/queue.c **** 		}
 291              		.loc 1 2119 54 is_stmt 0 view .LVU90
 292 0058 A368     		ldr	r3, [r4, #8]
2119:Middlewares/Third_Party/FreeRTOS/Source/queue.c **** 		}
 293              		.loc 1 2119 62 view .LVU91
 294 005a 0B44     		add	r3, r3, r1
2119:Middlewares/Third_Party/FreeRTOS/Source/queue.c **** 		}
 295              		.loc 1 2119 33 view .LVU92
 296 005c E360     		str	r3, [r4, #12]
 297              	.L16:
2123:Middlewares/Third_Party/FreeRTOS/Source/queue.c **** 		}
 298              		.loc 1 2123 28 is_stmt 1 view .LVU93
2126:Middlewares/Third_Party/FreeRTOS/Source/queue.c **** 		{
 299              		.loc 1 2126 3 view .LVU94
2126:Middlewares/Third_Party/FreeRTOS/Source/queue.c **** 		{
 300              		.loc 1 2126 5 is_stmt 0 view .LVU95
 301 005e 022E     		cmp	r6, #2
 302 0060 01D0     		beq	.L23
2076:Middlewares/Third_Party/FreeRTOS/Source/queue.c **** UBaseType_t uxMessagesWaiting;
 303              		.loc 1 2076 12 view .LVU96
 304 0062 0020     		movs	r0, #0
 305 0064 D5E7     		b	.L14
 306              	.L23:
2128:Middlewares/Third_Party/FreeRTOS/Source/queue.c **** 			{
 307              		.loc 1 2128 4 is_stmt 1 view .LVU97
2128:Middlewares/Third_Party/FreeRTOS/Source/queue.c **** 			{
 308              		.loc 1 2128 6 is_stmt 0 view .LVU98
 309 0066 25B1     		cbz	r5, .L20
2134:Middlewares/Third_Party/FreeRTOS/Source/queue.c **** 			}
 310              		.loc 1 2134 5 is_stmt 1 view .LVU99
 311 0068 013D     		subs	r5, r5, #1
 312              	.LVL31:
2076:Middlewares/Third_Party/FreeRTOS/Source/queue.c **** UBaseType_t uxMessagesWaiting;
 313              		.loc 1 2076 12 is_stmt 0 view .LVU100
 314 006a 0020     		movs	r0, #0
 315 006c D1E7     		b	.L14
 316              	.L18:
2076:Middlewares/Third_Party/FreeRTOS/Source/queue.c **** UBaseType_t uxMessagesWaiting;
ARM GAS  D:\temp\TMP\ccsMuV5a.s 			page 49


 317              		.loc 1 2076 12 view .LVU101
 318 006e 3046     		mov	r0, r6
 319 0070 CFE7     		b	.L14
 320              	.L20:
2076:Middlewares/Third_Party/FreeRTOS/Source/queue.c **** UBaseType_t uxMessagesWaiting;
 321              		.loc 1 2076 12 view .LVU102
 322 0072 2846     		mov	r0, r5
 323 0074 CDE7     		b	.L14
 324              		.cfi_endproc
 325              	.LFE25:
 327              		.section	.text.prvCopyDataFromQueue,"ax",%progbits
 328              		.align	1
 329              		.syntax unified
 330              		.thumb
 331              		.thumb_func
 333              	prvCopyDataFromQueue:
 334              	.LVL32:
 335              	.LFB26:
2154:Middlewares/Third_Party/FreeRTOS/Source/queue.c **** 	if( pxQueue->uxItemSize != ( UBaseType_t ) 0 )
 336              		.loc 1 2154 1 is_stmt 1 view -0
 337              		.cfi_startproc
 338              		@ args = 0, pretend = 0, frame = 0
 339              		@ frame_needed = 0, uses_anonymous_args = 0
2154:Middlewares/Third_Party/FreeRTOS/Source/queue.c **** 	if( pxQueue->uxItemSize != ( UBaseType_t ) 0 )
 340              		.loc 1 2154 1 is_stmt 0 view .LVU104
 341 0000 0346     		mov	r3, r0
2155:Middlewares/Third_Party/FreeRTOS/Source/queue.c **** 	{
 342              		.loc 1 2155 2 is_stmt 1 view .LVU105
2155:Middlewares/Third_Party/FreeRTOS/Source/queue.c **** 	{
 343              		.loc 1 2155 13 is_stmt 0 view .LVU106
 344 0002 026C     		ldr	r2, [r0, #64]
2155:Middlewares/Third_Party/FreeRTOS/Source/queue.c **** 	{
 345              		.loc 1 2155 4 view .LVU107
 346 0004 6AB1     		cbz	r2, .L28
2154:Middlewares/Third_Party/FreeRTOS/Source/queue.c **** 	if( pxQueue->uxItemSize != ( UBaseType_t ) 0 )
 347              		.loc 1 2154 1 view .LVU108
 348 0006 10B5     		push	{r4, lr}
 349              	.LCFI3:
 350              		.cfi_def_cfa_offset 8
 351              		.cfi_offset 4, -8
 352              		.cfi_offset 14, -4
 353 0008 0846     		mov	r0, r1
 354              	.LVL33:
2157:Middlewares/Third_Party/FreeRTOS/Source/queue.c **** 		if( pxQueue->u.xQueue.pcReadFrom >= pxQueue->u.xQueue.pcTail ) /*lint !e946 MISRA exception justi
 355              		.loc 1 2157 3 is_stmt 1 view .LVU109
2157:Middlewares/Third_Party/FreeRTOS/Source/queue.c **** 		if( pxQueue->u.xQueue.pcReadFrom >= pxQueue->u.xQueue.pcTail ) /*lint !e946 MISRA exception justi
 356              		.loc 1 2157 20 is_stmt 0 view .LVU110
 357 000a D968     		ldr	r1, [r3, #12]
 358              	.LVL34:
2157:Middlewares/Third_Party/FreeRTOS/Source/queue.c **** 		if( pxQueue->u.xQueue.pcReadFrom >= pxQueue->u.xQueue.pcTail ) /*lint !e946 MISRA exception justi
 359              		.loc 1 2157 32 view .LVU111
 360 000c 1144     		add	r1, r1, r2
 361 000e D960     		str	r1, [r3, #12]
2158:Middlewares/Third_Party/FreeRTOS/Source/queue.c **** 		{
 362              		.loc 1 2158 3 is_stmt 1 view .LVU112
2158:Middlewares/Third_Party/FreeRTOS/Source/queue.c **** 		{
 363              		.loc 1 2158 5 is_stmt 0 view .LVU113
ARM GAS  D:\temp\TMP\ccsMuV5a.s 			page 50


 364 0010 9C68     		ldr	r4, [r3, #8]
 365 0012 A142     		cmp	r1, r4
 366 0014 01D3     		bcc	.L26
2160:Middlewares/Third_Party/FreeRTOS/Source/queue.c **** 		}
 367              		.loc 1 2160 4 is_stmt 1 view .LVU114
2160:Middlewares/Third_Party/FreeRTOS/Source/queue.c **** 		}
 368              		.loc 1 2160 42 is_stmt 0 view .LVU115
 369 0016 1968     		ldr	r1, [r3]
2160:Middlewares/Third_Party/FreeRTOS/Source/queue.c **** 		}
 370              		.loc 1 2160 33 view .LVU116
 371 0018 D960     		str	r1, [r3, #12]
 372              	.L26:
2164:Middlewares/Third_Party/FreeRTOS/Source/queue.c **** 		}
 373              		.loc 1 2164 28 is_stmt 1 view .LVU117
2166:Middlewares/Third_Party/FreeRTOS/Source/queue.c **** 	}
 374              		.loc 1 2166 3 view .LVU118
2166:Middlewares/Third_Party/FreeRTOS/Source/queue.c **** 	}
 375              		.loc 1 2166 12 is_stmt 0 view .LVU119
 376 001a D968     		ldr	r1, [r3, #12]
 377 001c FFF7FEFF 		bl	memcpy
 378              	.LVL35:
2168:Middlewares/Third_Party/FreeRTOS/Source/queue.c **** /*-----------------------------------------------------------*/
 379              		.loc 1 2168 1 view .LVU120
 380 0020 10BD     		pop	{r4, pc}
 381              	.LVL36:
 382              	.L28:
 383              	.LCFI4:
 384              		.cfi_def_cfa_offset 0
 385              		.cfi_restore 4
 386              		.cfi_restore 14
2168:Middlewares/Third_Party/FreeRTOS/Source/queue.c **** /*-----------------------------------------------------------*/
 387              		.loc 1 2168 1 view .LVU121
 388 0022 7047     		bx	lr
 389              		.cfi_endproc
 390              	.LFE26:
 392              		.section	.text.prvUnlockQueue,"ax",%progbits
 393              		.align	1
 394              		.syntax unified
 395              		.thumb
 396              		.thumb_func
 398              	prvUnlockQueue:
 399              	.LVL37:
 400              	.LFB27:
2172:Middlewares/Third_Party/FreeRTOS/Source/queue.c **** 	/* THIS FUNCTION MUST BE CALLED WITH THE SCHEDULER SUSPENDED. */
 401              		.loc 1 2172 1 is_stmt 1 view -0
 402              		.cfi_startproc
 403              		@ args = 0, pretend = 0, frame = 0
 404              		@ frame_needed = 0, uses_anonymous_args = 0
2172:Middlewares/Third_Party/FreeRTOS/Source/queue.c **** 	/* THIS FUNCTION MUST BE CALLED WITH THE SCHEDULER SUSPENDED. */
 405              		.loc 1 2172 1 is_stmt 0 view .LVU123
 406 0000 38B5     		push	{r3, r4, r5, lr}
 407              	.LCFI5:
 408              		.cfi_def_cfa_offset 16
 409              		.cfi_offset 3, -16
 410              		.cfi_offset 4, -12
 411              		.cfi_offset 5, -8
 412              		.cfi_offset 14, -4
ARM GAS  D:\temp\TMP\ccsMuV5a.s 			page 51


 413 0002 0546     		mov	r5, r0
2179:Middlewares/Third_Party/FreeRTOS/Source/queue.c **** 	{
 414              		.loc 1 2179 2 is_stmt 1 view .LVU124
 415 0004 FFF7FEFF 		bl	vPortEnterCritical
 416              	.LVL38:
 417              	.LBB104:
2181:Middlewares/Third_Party/FreeRTOS/Source/queue.c **** 
 418              		.loc 1 2181 3 view .LVU125
2181:Middlewares/Third_Party/FreeRTOS/Source/queue.c **** 
 419              		.loc 1 2181 10 is_stmt 0 view .LVU126
 420 0008 95F84540 		ldrb	r4, [r5, #69]	@ zero_extendqisi2
 421 000c 64B2     		sxtb	r4, r4
 422              	.LVL39:
2184:Middlewares/Third_Party/FreeRTOS/Source/queue.c **** 		{
 423              		.loc 1 2184 3 is_stmt 1 view .LVU127
2184:Middlewares/Third_Party/FreeRTOS/Source/queue.c **** 		{
 424              		.loc 1 2184 8 is_stmt 0 view .LVU128
 425 000e 01E0     		b	.L32
 426              	.L34:
2242:Middlewares/Third_Party/FreeRTOS/Source/queue.c **** 					}
 427              		.loc 1 2242 31 is_stmt 1 view .LVU129
2252:Middlewares/Third_Party/FreeRTOS/Source/queue.c **** 		}
 428              		.loc 1 2252 4 view .LVU130
 429 0010 013C     		subs	r4, r4, #1
 430              	.LVL40:
2252:Middlewares/Third_Party/FreeRTOS/Source/queue.c **** 		}
 431              		.loc 1 2252 4 is_stmt 0 view .LVU131
 432 0012 64B2     		sxtb	r4, r4
 433              	.LVL41:
 434              	.L32:
2184:Middlewares/Third_Party/FreeRTOS/Source/queue.c **** 		{
 435              		.loc 1 2184 18 is_stmt 1 view .LVU132
 436 0014 002C     		cmp	r4, #0
 437 0016 0ADD     		ble	.L33
2232:Middlewares/Third_Party/FreeRTOS/Source/queue.c **** 				{
 438              		.loc 1 2232 5 view .LVU133
2232:Middlewares/Third_Party/FreeRTOS/Source/queue.c **** 				{
 439              		.loc 1 2232 9 is_stmt 0 view .LVU134
 440 0018 6B6A     		ldr	r3, [r5, #36]
2232:Middlewares/Third_Party/FreeRTOS/Source/queue.c **** 				{
 441              		.loc 1 2232 7 view .LVU135
 442 001a 43B1     		cbz	r3, .L33
2234:Middlewares/Third_Party/FreeRTOS/Source/queue.c **** 					{
 443              		.loc 1 2234 6 is_stmt 1 view .LVU136
2234:Middlewares/Third_Party/FreeRTOS/Source/queue.c **** 					{
 444              		.loc 1 2234 10 is_stmt 0 view .LVU137
 445 001c 05F12400 		add	r0, r5, #36
 446 0020 FFF7FEFF 		bl	xTaskRemoveFromEventList
 447              	.LVL42:
2234:Middlewares/Third_Party/FreeRTOS/Source/queue.c **** 					{
 448              		.loc 1 2234 8 discriminator 1 view .LVU138
 449 0024 0028     		cmp	r0, #0
 450 0026 F3D0     		beq	.L34
2238:Middlewares/Third_Party/FreeRTOS/Source/queue.c **** 					}
 451              		.loc 1 2238 7 is_stmt 1 view .LVU139
 452 0028 FFF7FEFF 		bl	vTaskMissedYield
 453              	.LVL43:
ARM GAS  D:\temp\TMP\ccsMuV5a.s 			page 52


 454 002c F0E7     		b	.L34
 455              	.L33:
2255:Middlewares/Third_Party/FreeRTOS/Source/queue.c **** 	}
 456              		.loc 1 2255 3 view .LVU140
2255:Middlewares/Third_Party/FreeRTOS/Source/queue.c **** 	}
 457              		.loc 1 2255 20 is_stmt 0 view .LVU141
 458 002e FF23     		movs	r3, #255
 459 0030 85F84530 		strb	r3, [r5, #69]
 460              	.LBE104:
2257:Middlewares/Third_Party/FreeRTOS/Source/queue.c **** 
 461              		.loc 1 2257 2 is_stmt 1 view .LVU142
 462 0034 FFF7FEFF 		bl	vPortExitCritical
 463              	.LVL44:
2260:Middlewares/Third_Party/FreeRTOS/Source/queue.c **** 	{
 464              		.loc 1 2260 2 view .LVU143
 465 0038 FFF7FEFF 		bl	vPortEnterCritical
 466              	.LVL45:
 467              	.LBB105:
2262:Middlewares/Third_Party/FreeRTOS/Source/queue.c **** 
 468              		.loc 1 2262 3 view .LVU144
2262:Middlewares/Third_Party/FreeRTOS/Source/queue.c **** 
 469              		.loc 1 2262 10 is_stmt 0 view .LVU145
 470 003c 95F84440 		ldrb	r4, [r5, #68]	@ zero_extendqisi2
 471              	.LVL46:
2262:Middlewares/Third_Party/FreeRTOS/Source/queue.c **** 
 472              		.loc 1 2262 10 view .LVU146
 473 0040 64B2     		sxtb	r4, r4
 474              	.LVL47:
2264:Middlewares/Third_Party/FreeRTOS/Source/queue.c **** 		{
 475              		.loc 1 2264 3 is_stmt 1 view .LVU147
2264:Middlewares/Third_Party/FreeRTOS/Source/queue.c **** 		{
 476              		.loc 1 2264 8 is_stmt 0 view .LVU148
 477 0042 01E0     		b	.L36
 478              	.L38:
2274:Middlewares/Third_Party/FreeRTOS/Source/queue.c **** 				}
 479              		.loc 1 2274 30 is_stmt 1 view .LVU149
2277:Middlewares/Third_Party/FreeRTOS/Source/queue.c **** 			}
 480              		.loc 1 2277 5 view .LVU150
 481 0044 013C     		subs	r4, r4, #1
 482              	.LVL48:
2277:Middlewares/Third_Party/FreeRTOS/Source/queue.c **** 			}
 483              		.loc 1 2277 5 is_stmt 0 view .LVU151
 484 0046 64B2     		sxtb	r4, r4
 485              	.LVL49:
 486              	.L36:
2264:Middlewares/Third_Party/FreeRTOS/Source/queue.c **** 		{
 487              		.loc 1 2264 18 is_stmt 1 view .LVU152
 488 0048 002C     		cmp	r4, #0
 489 004a 0ADD     		ble	.L37
2266:Middlewares/Third_Party/FreeRTOS/Source/queue.c **** 			{
 490              		.loc 1 2266 4 view .LVU153
2266:Middlewares/Third_Party/FreeRTOS/Source/queue.c **** 			{
 491              		.loc 1 2266 8 is_stmt 0 view .LVU154
 492 004c 2B69     		ldr	r3, [r5, #16]
2266:Middlewares/Third_Party/FreeRTOS/Source/queue.c **** 			{
 493              		.loc 1 2266 6 view .LVU155
 494 004e 43B1     		cbz	r3, .L37
ARM GAS  D:\temp\TMP\ccsMuV5a.s 			page 53


2268:Middlewares/Third_Party/FreeRTOS/Source/queue.c **** 				{
 495              		.loc 1 2268 5 is_stmt 1 view .LVU156
2268:Middlewares/Third_Party/FreeRTOS/Source/queue.c **** 				{
 496              		.loc 1 2268 9 is_stmt 0 view .LVU157
 497 0050 05F11000 		add	r0, r5, #16
 498 0054 FFF7FEFF 		bl	xTaskRemoveFromEventList
 499              	.LVL50:
2268:Middlewares/Third_Party/FreeRTOS/Source/queue.c **** 				{
 500              		.loc 1 2268 7 discriminator 1 view .LVU158
 501 0058 0028     		cmp	r0, #0
 502 005a F3D0     		beq	.L38
2270:Middlewares/Third_Party/FreeRTOS/Source/queue.c **** 				}
 503              		.loc 1 2270 6 is_stmt 1 view .LVU159
 504 005c FFF7FEFF 		bl	vTaskMissedYield
 505              	.LVL51:
 506 0060 F0E7     		b	.L38
 507              	.L37:
2285:Middlewares/Third_Party/FreeRTOS/Source/queue.c **** 	}
 508              		.loc 1 2285 3 view .LVU160
2285:Middlewares/Third_Party/FreeRTOS/Source/queue.c **** 	}
 509              		.loc 1 2285 20 is_stmt 0 view .LVU161
 510 0062 FF23     		movs	r3, #255
 511 0064 85F84430 		strb	r3, [r5, #68]
 512              	.LBE105:
2287:Middlewares/Third_Party/FreeRTOS/Source/queue.c **** }
 513              		.loc 1 2287 2 is_stmt 1 view .LVU162
 514 0068 FFF7FEFF 		bl	vPortExitCritical
 515              	.LVL52:
2288:Middlewares/Third_Party/FreeRTOS/Source/queue.c **** /*-----------------------------------------------------------*/
 516              		.loc 1 2288 1 is_stmt 0 view .LVU163
 517 006c 38BD     		pop	{r3, r4, r5, pc}
2288:Middlewares/Third_Party/FreeRTOS/Source/queue.c **** /*-----------------------------------------------------------*/
 518              		.loc 1 2288 1 view .LVU164
 519              		.cfi_endproc
 520              	.LFE27:
 522              		.section	.text.xQueueGenericReset,"ax",%progbits
 523              		.align	1
 524              		.global	xQueueGenericReset
 525              		.syntax unified
 526              		.thumb
 527              		.thumb_func
 529              	xQueueGenericReset:
 530              	.LVL53:
 531              	.LFB5:
 256:Middlewares/Third_Party/FreeRTOS/Source/queue.c **** Queue_t * const pxQueue = xQueue;
 532              		.loc 1 256 1 is_stmt 1 view -0
 533              		.cfi_startproc
 534              		@ args = 0, pretend = 0, frame = 0
 535              		@ frame_needed = 0, uses_anonymous_args = 0
 256:Middlewares/Third_Party/FreeRTOS/Source/queue.c **** Queue_t * const pxQueue = xQueue;
 536              		.loc 1 256 1 is_stmt 0 view .LVU166
 537 0000 38B5     		push	{r3, r4, r5, lr}
 538              	.LCFI6:
 539              		.cfi_def_cfa_offset 16
 540              		.cfi_offset 3, -16
 541              		.cfi_offset 4, -12
 542              		.cfi_offset 5, -8
ARM GAS  D:\temp\TMP\ccsMuV5a.s 			page 54


 543              		.cfi_offset 14, -4
 257:Middlewares/Third_Party/FreeRTOS/Source/queue.c **** 
 544              		.loc 1 257 1 is_stmt 1 view .LVU167
 545              	.LVL54:
 259:Middlewares/Third_Party/FreeRTOS/Source/queue.c **** 
 546              		.loc 1 259 2 view .LVU168
 547 0002 E0B1     		cbz	r0, .L47
 548 0004 0D46     		mov	r5, r1
 549 0006 0446     		mov	r4, r0
 259:Middlewares/Third_Party/FreeRTOS/Source/queue.c **** 
 550              		.loc 1 259 25 view .LVU169
 261:Middlewares/Third_Party/FreeRTOS/Source/queue.c **** 	{
 551              		.loc 1 261 2 view .LVU170
 552 0008 FFF7FEFF 		bl	vPortEnterCritical
 553              	.LVL55:
 263:Middlewares/Third_Party/FreeRTOS/Source/queue.c **** 		pxQueue->uxMessagesWaiting = ( UBaseType_t ) 0U;
 554              		.loc 1 263 3 view .LVU171
 263:Middlewares/Third_Party/FreeRTOS/Source/queue.c **** 		pxQueue->uxMessagesWaiting = ( UBaseType_t ) 0U;
 555              		.loc 1 263 37 is_stmt 0 view .LVU172
 556 000c 2368     		ldr	r3, [r4]
 263:Middlewares/Third_Party/FreeRTOS/Source/queue.c **** 		pxQueue->uxMessagesWaiting = ( UBaseType_t ) 0U;
 557              		.loc 1 263 57 view .LVU173
 558 000e E26B     		ldr	r2, [r4, #60]
 263:Middlewares/Third_Party/FreeRTOS/Source/queue.c **** 		pxQueue->uxMessagesWaiting = ( UBaseType_t ) 0U;
 559              		.loc 1 263 77 view .LVU174
 560 0010 216C     		ldr	r1, [r4, #64]
 263:Middlewares/Third_Party/FreeRTOS/Source/queue.c **** 		pxQueue->uxMessagesWaiting = ( UBaseType_t ) 0U;
 561              		.loc 1 263 46 view .LVU175
 562 0012 01FB0230 		mla	r0, r1, r2, r3
 263:Middlewares/Third_Party/FreeRTOS/Source/queue.c **** 		pxQueue->uxMessagesWaiting = ( UBaseType_t ) 0U;
 563              		.loc 1 263 28 view .LVU176
 564 0016 A060     		str	r0, [r4, #8]
 264:Middlewares/Third_Party/FreeRTOS/Source/queue.c **** 		pxQueue->pcWriteTo = pxQueue->pcHead;
 565              		.loc 1 264 3 is_stmt 1 view .LVU177
 264:Middlewares/Third_Party/FreeRTOS/Source/queue.c **** 		pxQueue->pcWriteTo = pxQueue->pcHead;
 566              		.loc 1 264 30 is_stmt 0 view .LVU178
 567 0018 0020     		movs	r0, #0
 568 001a A063     		str	r0, [r4, #56]
 265:Middlewares/Third_Party/FreeRTOS/Source/queue.c **** 		pxQueue->u.xQueue.pcReadFrom = pxQueue->pcHead + ( ( pxQueue->uxLength - 1U ) * pxQueue->uxItemSi
 569              		.loc 1 265 3 is_stmt 1 view .LVU179
 265:Middlewares/Third_Party/FreeRTOS/Source/queue.c **** 		pxQueue->u.xQueue.pcReadFrom = pxQueue->pcHead + ( ( pxQueue->uxLength - 1U ) * pxQueue->uxItemSi
 570              		.loc 1 265 22 is_stmt 0 view .LVU180
 571 001c 6360     		str	r3, [r4, #4]
 266:Middlewares/Third_Party/FreeRTOS/Source/queue.c **** 		pxQueue->cRxLock = queueUNLOCKED;
 572              		.loc 1 266 3 is_stmt 1 view .LVU181
 266:Middlewares/Third_Party/FreeRTOS/Source/queue.c **** 		pxQueue->cRxLock = queueUNLOCKED;
 573              		.loc 1 266 74 is_stmt 0 view .LVU182
 574 001e 013A     		subs	r2, r2, #1
 266:Middlewares/Third_Party/FreeRTOS/Source/queue.c **** 		pxQueue->cRxLock = queueUNLOCKED;
 575              		.loc 1 266 50 view .LVU183
 576 0020 02FB0133 		mla	r3, r2, r1, r3
 266:Middlewares/Third_Party/FreeRTOS/Source/queue.c **** 		pxQueue->cRxLock = queueUNLOCKED;
 577              		.loc 1 266 32 view .LVU184
 578 0024 E360     		str	r3, [r4, #12]
 267:Middlewares/Third_Party/FreeRTOS/Source/queue.c **** 		pxQueue->cTxLock = queueUNLOCKED;
 579              		.loc 1 267 3 is_stmt 1 view .LVU185
 267:Middlewares/Third_Party/FreeRTOS/Source/queue.c **** 		pxQueue->cTxLock = queueUNLOCKED;
ARM GAS  D:\temp\TMP\ccsMuV5a.s 			page 55


 580              		.loc 1 267 20 is_stmt 0 view .LVU186
 581 0026 FF23     		movs	r3, #255
 582 0028 84F84430 		strb	r3, [r4, #68]
 268:Middlewares/Third_Party/FreeRTOS/Source/queue.c **** 
 583              		.loc 1 268 3 is_stmt 1 view .LVU187
 268:Middlewares/Third_Party/FreeRTOS/Source/queue.c **** 
 584              		.loc 1 268 20 is_stmt 0 view .LVU188
 585 002c 84F84530 		strb	r3, [r4, #69]
 270:Middlewares/Third_Party/FreeRTOS/Source/queue.c **** 		{
 586              		.loc 1 270 3 is_stmt 1 view .LVU189
 270:Middlewares/Third_Party/FreeRTOS/Source/queue.c **** 		{
 587              		.loc 1 270 5 is_stmt 0 view .LVU190
 588 0030 FDB9     		cbnz	r5, .L44
 277:Middlewares/Third_Party/FreeRTOS/Source/queue.c **** 			{
 589              		.loc 1 277 4 is_stmt 1 view .LVU191
 277:Middlewares/Third_Party/FreeRTOS/Source/queue.c **** 			{
 590              		.loc 1 277 8 is_stmt 0 view .LVU192
 591 0032 2369     		ldr	r3, [r4, #16]
 277:Middlewares/Third_Party/FreeRTOS/Source/queue.c **** 			{
 592              		.loc 1 277 6 view .LVU193
 593 0034 63B9     		cbnz	r3, .L48
 594              	.L45:
 300:Middlewares/Third_Party/FreeRTOS/Source/queue.c **** 
 595              		.loc 1 300 2 is_stmt 1 view .LVU194
 596 0036 FFF7FEFF 		bl	vPortExitCritical
 597              	.LVL56:
 304:Middlewares/Third_Party/FreeRTOS/Source/queue.c **** }
 598              		.loc 1 304 2 view .LVU195
 305:Middlewares/Third_Party/FreeRTOS/Source/queue.c **** /*-----------------------------------------------------------*/
 599              		.loc 1 305 1 is_stmt 0 view .LVU196
 600 003a 0120     		movs	r0, #1
 601 003c 38BD     		pop	{r3, r4, r5, pc}
 602              	.LVL57:
 603              	.L47:
 259:Middlewares/Third_Party/FreeRTOS/Source/queue.c **** 
 604              		.loc 1 259 2 is_stmt 1 discriminator 1 view .LVU197
 605              	.LBB106:
 606              	.LBI106:
 607              		.file 2 "Middlewares/Third_Party/FreeRTOS/Source/portable/GCC/ARM_CM4F/portmacro.h"
   1:Middlewares/Third_Party/FreeRTOS/Source/portable/GCC/ARM_CM4F/portmacro.h **** /*
   2:Middlewares/Third_Party/FreeRTOS/Source/portable/GCC/ARM_CM4F/portmacro.h ****  * FreeRTOS Kernel V10.3.1
   3:Middlewares/Third_Party/FreeRTOS/Source/portable/GCC/ARM_CM4F/portmacro.h ****  * Copyright (C) 2020 Amazon.com, Inc. or its affiliates.  All Rights Reserved.
   4:Middlewares/Third_Party/FreeRTOS/Source/portable/GCC/ARM_CM4F/portmacro.h ****  *
   5:Middlewares/Third_Party/FreeRTOS/Source/portable/GCC/ARM_CM4F/portmacro.h ****  * Permission is hereby granted, free of charge, to any person obtaining a copy of
   6:Middlewares/Third_Party/FreeRTOS/Source/portable/GCC/ARM_CM4F/portmacro.h ****  * this software and associated documentation files (the "Software"), to deal in
   7:Middlewares/Third_Party/FreeRTOS/Source/portable/GCC/ARM_CM4F/portmacro.h ****  * the Software without restriction, including without limitation the rights to
   8:Middlewares/Third_Party/FreeRTOS/Source/portable/GCC/ARM_CM4F/portmacro.h ****  * use, copy, modify, merge, publish, distribute, sublicense, and/or sell copies of
   9:Middlewares/Third_Party/FreeRTOS/Source/portable/GCC/ARM_CM4F/portmacro.h ****  * the Software, and to permit persons to whom the Software is furnished to do so,
  10:Middlewares/Third_Party/FreeRTOS/Source/portable/GCC/ARM_CM4F/portmacro.h ****  * subject to the following conditions:
  11:Middlewares/Third_Party/FreeRTOS/Source/portable/GCC/ARM_CM4F/portmacro.h ****  *
  12:Middlewares/Third_Party/FreeRTOS/Source/portable/GCC/ARM_CM4F/portmacro.h ****  * The above copyright notice and this permission notice shall be included in all
  13:Middlewares/Third_Party/FreeRTOS/Source/portable/GCC/ARM_CM4F/portmacro.h ****  * copies or substantial portions of the Software.
  14:Middlewares/Third_Party/FreeRTOS/Source/portable/GCC/ARM_CM4F/portmacro.h ****  *
  15:Middlewares/Third_Party/FreeRTOS/Source/portable/GCC/ARM_CM4F/portmacro.h ****  * THE SOFTWARE IS PROVIDED "AS IS", WITHOUT WARRANTY OF ANY KIND, EXPRESS OR
  16:Middlewares/Third_Party/FreeRTOS/Source/portable/GCC/ARM_CM4F/portmacro.h ****  * IMPLIED, INCLUDING BUT NOT LIMITED TO THE WARRANTIES OF MERCHANTABILITY, FITNESS
  17:Middlewares/Third_Party/FreeRTOS/Source/portable/GCC/ARM_CM4F/portmacro.h ****  * FOR A PARTICULAR PURPOSE AND NONINFRINGEMENT. IN NO EVENT SHALL THE AUTHORS OR
  18:Middlewares/Third_Party/FreeRTOS/Source/portable/GCC/ARM_CM4F/portmacro.h ****  * COPYRIGHT HOLDERS BE LIABLE FOR ANY CLAIM, DAMAGES OR OTHER LIABILITY, WHETHER
ARM GAS  D:\temp\TMP\ccsMuV5a.s 			page 56


  19:Middlewares/Third_Party/FreeRTOS/Source/portable/GCC/ARM_CM4F/portmacro.h ****  * IN AN ACTION OF CONTRACT, TORT OR OTHERWISE, ARISING FROM, OUT OF OR IN
  20:Middlewares/Third_Party/FreeRTOS/Source/portable/GCC/ARM_CM4F/portmacro.h ****  * CONNECTION WITH THE SOFTWARE OR THE USE OR OTHER DEALINGS IN THE SOFTWARE.
  21:Middlewares/Third_Party/FreeRTOS/Source/portable/GCC/ARM_CM4F/portmacro.h ****  *
  22:Middlewares/Third_Party/FreeRTOS/Source/portable/GCC/ARM_CM4F/portmacro.h ****  * http://www.FreeRTOS.org
  23:Middlewares/Third_Party/FreeRTOS/Source/portable/GCC/ARM_CM4F/portmacro.h ****  * http://aws.amazon.com/freertos
  24:Middlewares/Third_Party/FreeRTOS/Source/portable/GCC/ARM_CM4F/portmacro.h ****  *
  25:Middlewares/Third_Party/FreeRTOS/Source/portable/GCC/ARM_CM4F/portmacro.h ****  * 1 tab == 4 spaces!
  26:Middlewares/Third_Party/FreeRTOS/Source/portable/GCC/ARM_CM4F/portmacro.h ****  */
  27:Middlewares/Third_Party/FreeRTOS/Source/portable/GCC/ARM_CM4F/portmacro.h **** 
  28:Middlewares/Third_Party/FreeRTOS/Source/portable/GCC/ARM_CM4F/portmacro.h **** 
  29:Middlewares/Third_Party/FreeRTOS/Source/portable/GCC/ARM_CM4F/portmacro.h **** #ifndef PORTMACRO_H
  30:Middlewares/Third_Party/FreeRTOS/Source/portable/GCC/ARM_CM4F/portmacro.h **** #define PORTMACRO_H
  31:Middlewares/Third_Party/FreeRTOS/Source/portable/GCC/ARM_CM4F/portmacro.h **** 
  32:Middlewares/Third_Party/FreeRTOS/Source/portable/GCC/ARM_CM4F/portmacro.h **** #ifdef __cplusplus
  33:Middlewares/Third_Party/FreeRTOS/Source/portable/GCC/ARM_CM4F/portmacro.h **** extern "C" {
  34:Middlewares/Third_Party/FreeRTOS/Source/portable/GCC/ARM_CM4F/portmacro.h **** #endif
  35:Middlewares/Third_Party/FreeRTOS/Source/portable/GCC/ARM_CM4F/portmacro.h **** 
  36:Middlewares/Third_Party/FreeRTOS/Source/portable/GCC/ARM_CM4F/portmacro.h **** /*-----------------------------------------------------------
  37:Middlewares/Third_Party/FreeRTOS/Source/portable/GCC/ARM_CM4F/portmacro.h ****  * Port specific definitions.
  38:Middlewares/Third_Party/FreeRTOS/Source/portable/GCC/ARM_CM4F/portmacro.h ****  *
  39:Middlewares/Third_Party/FreeRTOS/Source/portable/GCC/ARM_CM4F/portmacro.h ****  * The settings in this file configure FreeRTOS correctly for the
  40:Middlewares/Third_Party/FreeRTOS/Source/portable/GCC/ARM_CM4F/portmacro.h ****  * given hardware and compiler.
  41:Middlewares/Third_Party/FreeRTOS/Source/portable/GCC/ARM_CM4F/portmacro.h ****  *
  42:Middlewares/Third_Party/FreeRTOS/Source/portable/GCC/ARM_CM4F/portmacro.h ****  * These settings should not be altered.
  43:Middlewares/Third_Party/FreeRTOS/Source/portable/GCC/ARM_CM4F/portmacro.h ****  *-----------------------------------------------------------
  44:Middlewares/Third_Party/FreeRTOS/Source/portable/GCC/ARM_CM4F/portmacro.h ****  */
  45:Middlewares/Third_Party/FreeRTOS/Source/portable/GCC/ARM_CM4F/portmacro.h **** 
  46:Middlewares/Third_Party/FreeRTOS/Source/portable/GCC/ARM_CM4F/portmacro.h **** /* Type definitions. */
  47:Middlewares/Third_Party/FreeRTOS/Source/portable/GCC/ARM_CM4F/portmacro.h **** #define portCHAR		char
  48:Middlewares/Third_Party/FreeRTOS/Source/portable/GCC/ARM_CM4F/portmacro.h **** #define portFLOAT		float
  49:Middlewares/Third_Party/FreeRTOS/Source/portable/GCC/ARM_CM4F/portmacro.h **** #define portDOUBLE		double
  50:Middlewares/Third_Party/FreeRTOS/Source/portable/GCC/ARM_CM4F/portmacro.h **** #define portLONG		long
  51:Middlewares/Third_Party/FreeRTOS/Source/portable/GCC/ARM_CM4F/portmacro.h **** #define portSHORT		short
  52:Middlewares/Third_Party/FreeRTOS/Source/portable/GCC/ARM_CM4F/portmacro.h **** #define portSTACK_TYPE	uint32_t
  53:Middlewares/Third_Party/FreeRTOS/Source/portable/GCC/ARM_CM4F/portmacro.h **** #define portBASE_TYPE	long
  54:Middlewares/Third_Party/FreeRTOS/Source/portable/GCC/ARM_CM4F/portmacro.h **** 
  55:Middlewares/Third_Party/FreeRTOS/Source/portable/GCC/ARM_CM4F/portmacro.h **** typedef portSTACK_TYPE StackType_t;
  56:Middlewares/Third_Party/FreeRTOS/Source/portable/GCC/ARM_CM4F/portmacro.h **** typedef long BaseType_t;
  57:Middlewares/Third_Party/FreeRTOS/Source/portable/GCC/ARM_CM4F/portmacro.h **** typedef unsigned long UBaseType_t;
  58:Middlewares/Third_Party/FreeRTOS/Source/portable/GCC/ARM_CM4F/portmacro.h **** 
  59:Middlewares/Third_Party/FreeRTOS/Source/portable/GCC/ARM_CM4F/portmacro.h **** #if( configUSE_16_BIT_TICKS == 1 )
  60:Middlewares/Third_Party/FreeRTOS/Source/portable/GCC/ARM_CM4F/portmacro.h **** 	typedef uint16_t TickType_t;
  61:Middlewares/Third_Party/FreeRTOS/Source/portable/GCC/ARM_CM4F/portmacro.h **** 	#define portMAX_DELAY ( TickType_t ) 0xffff
  62:Middlewares/Third_Party/FreeRTOS/Source/portable/GCC/ARM_CM4F/portmacro.h **** #else
  63:Middlewares/Third_Party/FreeRTOS/Source/portable/GCC/ARM_CM4F/portmacro.h **** 	typedef uint32_t TickType_t;
  64:Middlewares/Third_Party/FreeRTOS/Source/portable/GCC/ARM_CM4F/portmacro.h **** 	#define portMAX_DELAY ( TickType_t ) 0xffffffffUL
  65:Middlewares/Third_Party/FreeRTOS/Source/portable/GCC/ARM_CM4F/portmacro.h **** 
  66:Middlewares/Third_Party/FreeRTOS/Source/portable/GCC/ARM_CM4F/portmacro.h **** 	/* 32-bit tick type on a 32-bit architecture, so reads of the tick count do
  67:Middlewares/Third_Party/FreeRTOS/Source/portable/GCC/ARM_CM4F/portmacro.h **** 	not need to be guarded with a critical section. */
  68:Middlewares/Third_Party/FreeRTOS/Source/portable/GCC/ARM_CM4F/portmacro.h **** 	#define portTICK_TYPE_IS_ATOMIC 1
  69:Middlewares/Third_Party/FreeRTOS/Source/portable/GCC/ARM_CM4F/portmacro.h **** #endif
  70:Middlewares/Third_Party/FreeRTOS/Source/portable/GCC/ARM_CM4F/portmacro.h **** /*-----------------------------------------------------------*/
  71:Middlewares/Third_Party/FreeRTOS/Source/portable/GCC/ARM_CM4F/portmacro.h **** 
  72:Middlewares/Third_Party/FreeRTOS/Source/portable/GCC/ARM_CM4F/portmacro.h **** /* Architecture specifics. */
  73:Middlewares/Third_Party/FreeRTOS/Source/portable/GCC/ARM_CM4F/portmacro.h **** #define portSTACK_GROWTH			( -1 )
  74:Middlewares/Third_Party/FreeRTOS/Source/portable/GCC/ARM_CM4F/portmacro.h **** #define portTICK_PERIOD_MS			( ( TickType_t ) 1000 / configTICK_RATE_HZ )
  75:Middlewares/Third_Party/FreeRTOS/Source/portable/GCC/ARM_CM4F/portmacro.h **** #define portBYTE_ALIGNMENT			8
ARM GAS  D:\temp\TMP\ccsMuV5a.s 			page 57


  76:Middlewares/Third_Party/FreeRTOS/Source/portable/GCC/ARM_CM4F/portmacro.h **** /*-----------------------------------------------------------*/
  77:Middlewares/Third_Party/FreeRTOS/Source/portable/GCC/ARM_CM4F/portmacro.h **** 
  78:Middlewares/Third_Party/FreeRTOS/Source/portable/GCC/ARM_CM4F/portmacro.h **** /* Scheduler utilities. */
  79:Middlewares/Third_Party/FreeRTOS/Source/portable/GCC/ARM_CM4F/portmacro.h **** #define portYIELD() 															\
  80:Middlewares/Third_Party/FreeRTOS/Source/portable/GCC/ARM_CM4F/portmacro.h **** {																				\
  81:Middlewares/Third_Party/FreeRTOS/Source/portable/GCC/ARM_CM4F/portmacro.h **** 	/* Set a PendSV to request a context switch. */								\
  82:Middlewares/Third_Party/FreeRTOS/Source/portable/GCC/ARM_CM4F/portmacro.h **** 	portNVIC_INT_CTRL_REG = portNVIC_PENDSVSET_BIT;								\
  83:Middlewares/Third_Party/FreeRTOS/Source/portable/GCC/ARM_CM4F/portmacro.h **** 																				\
  84:Middlewares/Third_Party/FreeRTOS/Source/portable/GCC/ARM_CM4F/portmacro.h **** 	/* Barriers are normally not required but do ensure the code is completely	\
  85:Middlewares/Third_Party/FreeRTOS/Source/portable/GCC/ARM_CM4F/portmacro.h **** 	within the specified behaviour for the architecture. */						\
  86:Middlewares/Third_Party/FreeRTOS/Source/portable/GCC/ARM_CM4F/portmacro.h **** 	__asm volatile( "dsb" ::: "memory" );										\
  87:Middlewares/Third_Party/FreeRTOS/Source/portable/GCC/ARM_CM4F/portmacro.h **** 	__asm volatile( "isb" );													\
  88:Middlewares/Third_Party/FreeRTOS/Source/portable/GCC/ARM_CM4F/portmacro.h **** }
  89:Middlewares/Third_Party/FreeRTOS/Source/portable/GCC/ARM_CM4F/portmacro.h **** 
  90:Middlewares/Third_Party/FreeRTOS/Source/portable/GCC/ARM_CM4F/portmacro.h **** #define portNVIC_INT_CTRL_REG		( * ( ( volatile uint32_t * ) 0xe000ed04 ) )
  91:Middlewares/Third_Party/FreeRTOS/Source/portable/GCC/ARM_CM4F/portmacro.h **** #define portNVIC_PENDSVSET_BIT		( 1UL << 28UL )
  92:Middlewares/Third_Party/FreeRTOS/Source/portable/GCC/ARM_CM4F/portmacro.h **** #define portEND_SWITCHING_ISR( xSwitchRequired ) if( xSwitchRequired != pdFALSE ) portYIELD()
  93:Middlewares/Third_Party/FreeRTOS/Source/portable/GCC/ARM_CM4F/portmacro.h **** #define portYIELD_FROM_ISR( x ) portEND_SWITCHING_ISR( x )
  94:Middlewares/Third_Party/FreeRTOS/Source/portable/GCC/ARM_CM4F/portmacro.h **** /*-----------------------------------------------------------*/
  95:Middlewares/Third_Party/FreeRTOS/Source/portable/GCC/ARM_CM4F/portmacro.h **** 
  96:Middlewares/Third_Party/FreeRTOS/Source/portable/GCC/ARM_CM4F/portmacro.h **** /* Critical section management. */
  97:Middlewares/Third_Party/FreeRTOS/Source/portable/GCC/ARM_CM4F/portmacro.h **** extern void vPortEnterCritical( void );
  98:Middlewares/Third_Party/FreeRTOS/Source/portable/GCC/ARM_CM4F/portmacro.h **** extern void vPortExitCritical( void );
  99:Middlewares/Third_Party/FreeRTOS/Source/portable/GCC/ARM_CM4F/portmacro.h **** #define portSET_INTERRUPT_MASK_FROM_ISR()		ulPortRaiseBASEPRI()
 100:Middlewares/Third_Party/FreeRTOS/Source/portable/GCC/ARM_CM4F/portmacro.h **** #define portCLEAR_INTERRUPT_MASK_FROM_ISR(x)	vPortSetBASEPRI(x)
 101:Middlewares/Third_Party/FreeRTOS/Source/portable/GCC/ARM_CM4F/portmacro.h **** #define portDISABLE_INTERRUPTS()				vPortRaiseBASEPRI()
 102:Middlewares/Third_Party/FreeRTOS/Source/portable/GCC/ARM_CM4F/portmacro.h **** #define portENABLE_INTERRUPTS()					vPortSetBASEPRI(0)
 103:Middlewares/Third_Party/FreeRTOS/Source/portable/GCC/ARM_CM4F/portmacro.h **** #define portENTER_CRITICAL()					vPortEnterCritical()
 104:Middlewares/Third_Party/FreeRTOS/Source/portable/GCC/ARM_CM4F/portmacro.h **** #define portEXIT_CRITICAL()						vPortExitCritical()
 105:Middlewares/Third_Party/FreeRTOS/Source/portable/GCC/ARM_CM4F/portmacro.h **** 
 106:Middlewares/Third_Party/FreeRTOS/Source/portable/GCC/ARM_CM4F/portmacro.h **** /*-----------------------------------------------------------*/
 107:Middlewares/Third_Party/FreeRTOS/Source/portable/GCC/ARM_CM4F/portmacro.h **** 
 108:Middlewares/Third_Party/FreeRTOS/Source/portable/GCC/ARM_CM4F/portmacro.h **** /* Task function macros as described on the FreeRTOS.org WEB site.  These are
 109:Middlewares/Third_Party/FreeRTOS/Source/portable/GCC/ARM_CM4F/portmacro.h **** not necessary for to use this port.  They are defined so the common demo files
 110:Middlewares/Third_Party/FreeRTOS/Source/portable/GCC/ARM_CM4F/portmacro.h **** (which build with all the ports) will build. */
 111:Middlewares/Third_Party/FreeRTOS/Source/portable/GCC/ARM_CM4F/portmacro.h **** #define portTASK_FUNCTION_PROTO( vFunction, pvParameters ) void vFunction( void *pvParameters )
 112:Middlewares/Third_Party/FreeRTOS/Source/portable/GCC/ARM_CM4F/portmacro.h **** #define portTASK_FUNCTION( vFunction, pvParameters ) void vFunction( void *pvParameters )
 113:Middlewares/Third_Party/FreeRTOS/Source/portable/GCC/ARM_CM4F/portmacro.h **** /*-----------------------------------------------------------*/
 114:Middlewares/Third_Party/FreeRTOS/Source/portable/GCC/ARM_CM4F/portmacro.h **** 
 115:Middlewares/Third_Party/FreeRTOS/Source/portable/GCC/ARM_CM4F/portmacro.h **** /* Tickless idle/low power functionality. */
 116:Middlewares/Third_Party/FreeRTOS/Source/portable/GCC/ARM_CM4F/portmacro.h **** #ifndef portSUPPRESS_TICKS_AND_SLEEP
 117:Middlewares/Third_Party/FreeRTOS/Source/portable/GCC/ARM_CM4F/portmacro.h **** 	extern void vPortSuppressTicksAndSleep( TickType_t xExpectedIdleTime );
 118:Middlewares/Third_Party/FreeRTOS/Source/portable/GCC/ARM_CM4F/portmacro.h **** 	#define portSUPPRESS_TICKS_AND_SLEEP( xExpectedIdleTime ) vPortSuppressTicksAndSleep( xExpectedIdl
 119:Middlewares/Third_Party/FreeRTOS/Source/portable/GCC/ARM_CM4F/portmacro.h **** #endif
 120:Middlewares/Third_Party/FreeRTOS/Source/portable/GCC/ARM_CM4F/portmacro.h **** /*-----------------------------------------------------------*/
 121:Middlewares/Third_Party/FreeRTOS/Source/portable/GCC/ARM_CM4F/portmacro.h **** 
 122:Middlewares/Third_Party/FreeRTOS/Source/portable/GCC/ARM_CM4F/portmacro.h **** /* Architecture specific optimisations. */
 123:Middlewares/Third_Party/FreeRTOS/Source/portable/GCC/ARM_CM4F/portmacro.h **** #ifndef configUSE_PORT_OPTIMISED_TASK_SELECTION
 124:Middlewares/Third_Party/FreeRTOS/Source/portable/GCC/ARM_CM4F/portmacro.h **** 	#define configUSE_PORT_OPTIMISED_TASK_SELECTION 1
 125:Middlewares/Third_Party/FreeRTOS/Source/portable/GCC/ARM_CM4F/portmacro.h **** #endif
 126:Middlewares/Third_Party/FreeRTOS/Source/portable/GCC/ARM_CM4F/portmacro.h **** 
 127:Middlewares/Third_Party/FreeRTOS/Source/portable/GCC/ARM_CM4F/portmacro.h **** #if configUSE_PORT_OPTIMISED_TASK_SELECTION == 1
 128:Middlewares/Third_Party/FreeRTOS/Source/portable/GCC/ARM_CM4F/portmacro.h **** 
 129:Middlewares/Third_Party/FreeRTOS/Source/portable/GCC/ARM_CM4F/portmacro.h **** 	/* Generic helper function. */
 130:Middlewares/Third_Party/FreeRTOS/Source/portable/GCC/ARM_CM4F/portmacro.h **** 	__attribute__( ( always_inline ) ) static inline uint8_t ucPortCountLeadingZeros( uint32_t ulBitma
 131:Middlewares/Third_Party/FreeRTOS/Source/portable/GCC/ARM_CM4F/portmacro.h **** 	{
 132:Middlewares/Third_Party/FreeRTOS/Source/portable/GCC/ARM_CM4F/portmacro.h **** 	uint8_t ucReturn;
ARM GAS  D:\temp\TMP\ccsMuV5a.s 			page 58


 133:Middlewares/Third_Party/FreeRTOS/Source/portable/GCC/ARM_CM4F/portmacro.h **** 
 134:Middlewares/Third_Party/FreeRTOS/Source/portable/GCC/ARM_CM4F/portmacro.h **** 		__asm volatile ( "clz %0, %1" : "=r" ( ucReturn ) : "r" ( ulBitmap ) : "memory" );
 135:Middlewares/Third_Party/FreeRTOS/Source/portable/GCC/ARM_CM4F/portmacro.h **** 		return ucReturn;
 136:Middlewares/Third_Party/FreeRTOS/Source/portable/GCC/ARM_CM4F/portmacro.h **** 	}
 137:Middlewares/Third_Party/FreeRTOS/Source/portable/GCC/ARM_CM4F/portmacro.h **** 
 138:Middlewares/Third_Party/FreeRTOS/Source/portable/GCC/ARM_CM4F/portmacro.h **** 	/* Check the configuration. */
 139:Middlewares/Third_Party/FreeRTOS/Source/portable/GCC/ARM_CM4F/portmacro.h **** 	#if( configMAX_PRIORITIES > 32 )
 140:Middlewares/Third_Party/FreeRTOS/Source/portable/GCC/ARM_CM4F/portmacro.h **** 		#error configUSE_PORT_OPTIMISED_TASK_SELECTION can only be set to 1 when configMAX_PRIORITIES is 
 141:Middlewares/Third_Party/FreeRTOS/Source/portable/GCC/ARM_CM4F/portmacro.h **** 	#endif
 142:Middlewares/Third_Party/FreeRTOS/Source/portable/GCC/ARM_CM4F/portmacro.h **** 
 143:Middlewares/Third_Party/FreeRTOS/Source/portable/GCC/ARM_CM4F/portmacro.h **** 	/* Store/clear the ready priorities in a bit map. */
 144:Middlewares/Third_Party/FreeRTOS/Source/portable/GCC/ARM_CM4F/portmacro.h **** 	#define portRECORD_READY_PRIORITY( uxPriority, uxReadyPriorities ) ( uxReadyPriorities ) |= ( 1UL 
 145:Middlewares/Third_Party/FreeRTOS/Source/portable/GCC/ARM_CM4F/portmacro.h **** 	#define portRESET_READY_PRIORITY( uxPriority, uxReadyPriorities ) ( uxReadyPriorities ) &= ~( 1UL 
 146:Middlewares/Third_Party/FreeRTOS/Source/portable/GCC/ARM_CM4F/portmacro.h **** 
 147:Middlewares/Third_Party/FreeRTOS/Source/portable/GCC/ARM_CM4F/portmacro.h **** 	/*-----------------------------------------------------------*/
 148:Middlewares/Third_Party/FreeRTOS/Source/portable/GCC/ARM_CM4F/portmacro.h **** 
 149:Middlewares/Third_Party/FreeRTOS/Source/portable/GCC/ARM_CM4F/portmacro.h **** 	#define portGET_HIGHEST_PRIORITY( uxTopPriority, uxReadyPriorities ) uxTopPriority = ( 31UL - ( ui
 150:Middlewares/Third_Party/FreeRTOS/Source/portable/GCC/ARM_CM4F/portmacro.h **** 
 151:Middlewares/Third_Party/FreeRTOS/Source/portable/GCC/ARM_CM4F/portmacro.h **** #endif /* configUSE_PORT_OPTIMISED_TASK_SELECTION */
 152:Middlewares/Third_Party/FreeRTOS/Source/portable/GCC/ARM_CM4F/portmacro.h **** 
 153:Middlewares/Third_Party/FreeRTOS/Source/portable/GCC/ARM_CM4F/portmacro.h **** /*-----------------------------------------------------------*/
 154:Middlewares/Third_Party/FreeRTOS/Source/portable/GCC/ARM_CM4F/portmacro.h **** 
 155:Middlewares/Third_Party/FreeRTOS/Source/portable/GCC/ARM_CM4F/portmacro.h **** #ifdef configASSERT
 156:Middlewares/Third_Party/FreeRTOS/Source/portable/GCC/ARM_CM4F/portmacro.h **** 	void vPortValidateInterruptPriority( void );
 157:Middlewares/Third_Party/FreeRTOS/Source/portable/GCC/ARM_CM4F/portmacro.h **** 	#define portASSERT_IF_INTERRUPT_PRIORITY_INVALID() 	vPortValidateInterruptPriority()
 158:Middlewares/Third_Party/FreeRTOS/Source/portable/GCC/ARM_CM4F/portmacro.h **** #endif
 159:Middlewares/Third_Party/FreeRTOS/Source/portable/GCC/ARM_CM4F/portmacro.h **** 
 160:Middlewares/Third_Party/FreeRTOS/Source/portable/GCC/ARM_CM4F/portmacro.h **** /* portNOP() is not required by this port. */
 161:Middlewares/Third_Party/FreeRTOS/Source/portable/GCC/ARM_CM4F/portmacro.h **** #define portNOP()
 162:Middlewares/Third_Party/FreeRTOS/Source/portable/GCC/ARM_CM4F/portmacro.h **** 
 163:Middlewares/Third_Party/FreeRTOS/Source/portable/GCC/ARM_CM4F/portmacro.h **** #define portINLINE	__inline
 164:Middlewares/Third_Party/FreeRTOS/Source/portable/GCC/ARM_CM4F/portmacro.h **** 
 165:Middlewares/Third_Party/FreeRTOS/Source/portable/GCC/ARM_CM4F/portmacro.h **** #ifndef portFORCE_INLINE
 166:Middlewares/Third_Party/FreeRTOS/Source/portable/GCC/ARM_CM4F/portmacro.h **** 	#define portFORCE_INLINE inline __attribute__(( always_inline))
 167:Middlewares/Third_Party/FreeRTOS/Source/portable/GCC/ARM_CM4F/portmacro.h **** #endif
 168:Middlewares/Third_Party/FreeRTOS/Source/portable/GCC/ARM_CM4F/portmacro.h **** 
 169:Middlewares/Third_Party/FreeRTOS/Source/portable/GCC/ARM_CM4F/portmacro.h **** portFORCE_INLINE static BaseType_t xPortIsInsideInterrupt( void )
 170:Middlewares/Third_Party/FreeRTOS/Source/portable/GCC/ARM_CM4F/portmacro.h **** {
 171:Middlewares/Third_Party/FreeRTOS/Source/portable/GCC/ARM_CM4F/portmacro.h **** uint32_t ulCurrentInterrupt;
 172:Middlewares/Third_Party/FreeRTOS/Source/portable/GCC/ARM_CM4F/portmacro.h **** BaseType_t xReturn;
 173:Middlewares/Third_Party/FreeRTOS/Source/portable/GCC/ARM_CM4F/portmacro.h **** 
 174:Middlewares/Third_Party/FreeRTOS/Source/portable/GCC/ARM_CM4F/portmacro.h **** 	/* Obtain the number of the currently executing interrupt. */
 175:Middlewares/Third_Party/FreeRTOS/Source/portable/GCC/ARM_CM4F/portmacro.h **** 	__asm volatile( "mrs %0, ipsr" : "=r"( ulCurrentInterrupt ) :: "memory" );
 176:Middlewares/Third_Party/FreeRTOS/Source/portable/GCC/ARM_CM4F/portmacro.h **** 
 177:Middlewares/Third_Party/FreeRTOS/Source/portable/GCC/ARM_CM4F/portmacro.h **** 	if( ulCurrentInterrupt == 0 )
 178:Middlewares/Third_Party/FreeRTOS/Source/portable/GCC/ARM_CM4F/portmacro.h **** 	{
 179:Middlewares/Third_Party/FreeRTOS/Source/portable/GCC/ARM_CM4F/portmacro.h **** 		xReturn = pdFALSE;
 180:Middlewares/Third_Party/FreeRTOS/Source/portable/GCC/ARM_CM4F/portmacro.h **** 	}
 181:Middlewares/Third_Party/FreeRTOS/Source/portable/GCC/ARM_CM4F/portmacro.h **** 	else
 182:Middlewares/Third_Party/FreeRTOS/Source/portable/GCC/ARM_CM4F/portmacro.h **** 	{
 183:Middlewares/Third_Party/FreeRTOS/Source/portable/GCC/ARM_CM4F/portmacro.h **** 		xReturn = pdTRUE;
 184:Middlewares/Third_Party/FreeRTOS/Source/portable/GCC/ARM_CM4F/portmacro.h **** 	}
 185:Middlewares/Third_Party/FreeRTOS/Source/portable/GCC/ARM_CM4F/portmacro.h **** 
 186:Middlewares/Third_Party/FreeRTOS/Source/portable/GCC/ARM_CM4F/portmacro.h **** 	return xReturn;
 187:Middlewares/Third_Party/FreeRTOS/Source/portable/GCC/ARM_CM4F/portmacro.h **** }
 188:Middlewares/Third_Party/FreeRTOS/Source/portable/GCC/ARM_CM4F/portmacro.h **** 
 189:Middlewares/Third_Party/FreeRTOS/Source/portable/GCC/ARM_CM4F/portmacro.h **** /*-----------------------------------------------------------*/
ARM GAS  D:\temp\TMP\ccsMuV5a.s 			page 59


 190:Middlewares/Third_Party/FreeRTOS/Source/portable/GCC/ARM_CM4F/portmacro.h **** 
 191:Middlewares/Third_Party/FreeRTOS/Source/portable/GCC/ARM_CM4F/portmacro.h **** portFORCE_INLINE static void vPortRaiseBASEPRI( void )
 608              		.loc 2 191 30 view .LVU198
 609              	.LBB107:
 192:Middlewares/Third_Party/FreeRTOS/Source/portable/GCC/ARM_CM4F/portmacro.h **** {
 193:Middlewares/Third_Party/FreeRTOS/Source/portable/GCC/ARM_CM4F/portmacro.h **** uint32_t ulNewBASEPRI;
 610              		.loc 2 193 1 view .LVU199
 194:Middlewares/Third_Party/FreeRTOS/Source/portable/GCC/ARM_CM4F/portmacro.h **** 
 195:Middlewares/Third_Party/FreeRTOS/Source/portable/GCC/ARM_CM4F/portmacro.h **** 	__asm volatile
 611              		.loc 2 195 2 view .LVU200
 612              		.syntax unified
 613              	@ 195 "Middlewares/Third_Party/FreeRTOS/Source/portable/GCC/ARM_CM4F/portmacro.h" 1
 614 003e 4FF05003 			mov r3, #80												
 615 0042 83F31188 		msr basepri, r3											
 616 0046 BFF36F8F 		isb														
 617 004a BFF34F8F 		dsb														
 618              	
 619              	@ 0 "" 2
 620              		.thumb
 621              		.syntax unified
 622              	.L43:
 623              	.LBE107:
 624              	.LBE106:
 259:Middlewares/Third_Party/FreeRTOS/Source/queue.c **** 
 625              		.loc 1 259 2 view .LVU201
 626 004e FEE7     		b	.L43
 627              	.LVL58:
 628              	.L48:
 279:Middlewares/Third_Party/FreeRTOS/Source/queue.c **** 				{
 629              		.loc 1 279 5 view .LVU202
 279:Middlewares/Third_Party/FreeRTOS/Source/queue.c **** 				{
 630              		.loc 1 279 9 is_stmt 0 view .LVU203
 631 0050 04F11000 		add	r0, r4, #16
 632 0054 FFF7FEFF 		bl	xTaskRemoveFromEventList
 633              	.LVL59:
 279:Middlewares/Third_Party/FreeRTOS/Source/queue.c **** 				{
 634              		.loc 1 279 7 discriminator 1 view .LVU204
 635 0058 0028     		cmp	r0, #0
 636 005a ECD0     		beq	.L45
 281:Middlewares/Third_Party/FreeRTOS/Source/queue.c **** 				}
 637              		.loc 1 281 6 is_stmt 1 view .LVU205
 638 005c 4FF0E023 		mov	r3, #-536813568
 639 0060 4FF08052 		mov	r2, #268435456
 640 0064 C3F8042D 		str	r2, [r3, #3332]
 281:Middlewares/Third_Party/FreeRTOS/Source/queue.c **** 				}
 641              		.loc 1 281 6 view .LVU206
 642              		.syntax unified
 643              	@ 281 "Middlewares/Third_Party/FreeRTOS/Source/queue.c" 1
 644 0068 BFF34F8F 		dsb
 645              	@ 0 "" 2
 281:Middlewares/Third_Party/FreeRTOS/Source/queue.c **** 				}
 646              		.loc 1 281 6 view .LVU207
 647              	@ 281 "Middlewares/Third_Party/FreeRTOS/Source/queue.c" 1
 648 006c BFF36F8F 		isb
 649              	@ 0 "" 2
 281:Middlewares/Third_Party/FreeRTOS/Source/queue.c **** 				}
 650              		.loc 1 281 38 view .LVU208
ARM GAS  D:\temp\TMP\ccsMuV5a.s 			page 60


 651              		.thumb
 652              		.syntax unified
 653 0070 E1E7     		b	.L45
 654              	.L44:
 296:Middlewares/Third_Party/FreeRTOS/Source/queue.c **** 			vListInitialise( &( pxQueue->xTasksWaitingToReceive ) );
 655              		.loc 1 296 4 view .LVU209
 656 0072 04F11000 		add	r0, r4, #16
 657 0076 FFF7FEFF 		bl	vListInitialise
 658              	.LVL60:
 297:Middlewares/Third_Party/FreeRTOS/Source/queue.c **** 		}
 659              		.loc 1 297 4 view .LVU210
 660 007a 04F12400 		add	r0, r4, #36
 661 007e FFF7FEFF 		bl	vListInitialise
 662              	.LVL61:
 663 0082 D8E7     		b	.L45
 664              		.cfi_endproc
 665              	.LFE5:
 667              		.section	.text.prvInitialiseNewQueue,"ax",%progbits
 668              		.align	1
 669              		.syntax unified
 670              		.thumb
 671              		.thumb_func
 673              	prvInitialiseNewQueue:
 674              	.LVL62:
 675              	.LFB8:
 423:Middlewares/Third_Party/FreeRTOS/Source/queue.c **** 	/* Remove compiler warnings about unused parameters should
 676              		.loc 1 423 1 view -0
 677              		.cfi_startproc
 678              		@ args = 4, pretend = 0, frame = 0
 679              		@ frame_needed = 0, uses_anonymous_args = 0
 423:Middlewares/Third_Party/FreeRTOS/Source/queue.c **** 	/* Remove compiler warnings about unused parameters should
 680              		.loc 1 423 1 is_stmt 0 view .LVU212
 681 0000 08B5     		push	{r3, lr}
 682              	.LCFI7:
 683              		.cfi_def_cfa_offset 8
 684              		.cfi_offset 3, -8
 685              		.cfi_offset 14, -4
 686 0002 0346     		mov	r3, r0
 687              	.LVL63:
 423:Middlewares/Third_Party/FreeRTOS/Source/queue.c **** 	/* Remove compiler warnings about unused parameters should
 688              		.loc 1 423 1 view .LVU213
 689 0004 0298     		ldr	r0, [sp, #8]
 690              	.LVL64:
 426:Middlewares/Third_Party/FreeRTOS/Source/queue.c **** 
 691              		.loc 1 426 2 is_stmt 1 view .LVU214
 428:Middlewares/Third_Party/FreeRTOS/Source/queue.c **** 	{
 692              		.loc 1 428 2 view .LVU215
 428:Middlewares/Third_Party/FreeRTOS/Source/queue.c **** 	{
 693              		.loc 1 428 4 is_stmt 0 view .LVU216
 694 0006 8C46     		mov	ip, r1
 695 0008 39B9     		cbnz	r1, .L50
 434:Middlewares/Third_Party/FreeRTOS/Source/queue.c **** 	}
 696              		.loc 1 434 3 is_stmt 1 view .LVU217
 434:Middlewares/Third_Party/FreeRTOS/Source/queue.c **** 	}
 697              		.loc 1 434 22 is_stmt 0 view .LVU218
 698 000a 0060     		str	r0, [r0]
 699              	.L51:
ARM GAS  D:\temp\TMP\ccsMuV5a.s 			page 61


 444:Middlewares/Third_Party/FreeRTOS/Source/queue.c **** 	pxNewQueue->uxItemSize = uxItemSize;
 700              		.loc 1 444 2 is_stmt 1 view .LVU219
 444:Middlewares/Third_Party/FreeRTOS/Source/queue.c **** 	pxNewQueue->uxItemSize = uxItemSize;
 701              		.loc 1 444 23 is_stmt 0 view .LVU220
 702 000c C363     		str	r3, [r0, #60]
 445:Middlewares/Third_Party/FreeRTOS/Source/queue.c **** 	( void ) xQueueGenericReset( pxNewQueue, pdTRUE );
 703              		.loc 1 445 2 is_stmt 1 view .LVU221
 445:Middlewares/Third_Party/FreeRTOS/Source/queue.c **** 	( void ) xQueueGenericReset( pxNewQueue, pdTRUE );
 704              		.loc 1 445 25 is_stmt 0 view .LVU222
 705 000e C0F840C0 		str	ip, [r0, #64]
 446:Middlewares/Third_Party/FreeRTOS/Source/queue.c **** 
 706              		.loc 1 446 2 is_stmt 1 view .LVU223
 446:Middlewares/Third_Party/FreeRTOS/Source/queue.c **** 
 707              		.loc 1 446 11 is_stmt 0 view .LVU224
 708 0012 0121     		movs	r1, #1
 709              	.LVL65:
 446:Middlewares/Third_Party/FreeRTOS/Source/queue.c **** 
 710              		.loc 1 446 11 view .LVU225
 711 0014 FFF7FEFF 		bl	xQueueGenericReset
 712              	.LVL66:
 460:Middlewares/Third_Party/FreeRTOS/Source/queue.c **** }
 713              		.loc 1 460 33 is_stmt 1 view .LVU226
 461:Middlewares/Third_Party/FreeRTOS/Source/queue.c **** /*-----------------------------------------------------------*/
 714              		.loc 1 461 1 is_stmt 0 view .LVU227
 715 0018 08BD     		pop	{r3, pc}
 716              	.LVL67:
 717              	.L50:
 439:Middlewares/Third_Party/FreeRTOS/Source/queue.c **** 	}
 718              		.loc 1 439 3 is_stmt 1 view .LVU228
 439:Middlewares/Third_Party/FreeRTOS/Source/queue.c **** 	}
 719              		.loc 1 439 22 is_stmt 0 view .LVU229
 720 001a 0260     		str	r2, [r0]
 721 001c F6E7     		b	.L51
 722              		.cfi_endproc
 723              	.LFE8:
 725              		.section	.text.xQueueGenericCreateStatic,"ax",%progbits
 726              		.align	1
 727              		.global	xQueueGenericCreateStatic
 728              		.syntax unified
 729              		.thumb
 730              		.thumb_func
 732              	xQueueGenericCreateStatic:
 733              	.LVL68:
 734              	.LFB6:
 311:Middlewares/Third_Party/FreeRTOS/Source/queue.c **** 	Queue_t *pxNewQueue;
 735              		.loc 1 311 2 is_stmt 1 view -0
 736              		.cfi_startproc
 737              		@ args = 4, pretend = 0, frame = 8
 738              		@ frame_needed = 0, uses_anonymous_args = 0
 312:Middlewares/Third_Party/FreeRTOS/Source/queue.c **** 
 739              		.loc 1 312 2 view .LVU231
 314:Middlewares/Third_Party/FreeRTOS/Source/queue.c **** 
 740              		.loc 1 314 3 view .LVU232
 741 0000 40B9     		cbnz	r0, .L54
 314:Middlewares/Third_Party/FreeRTOS/Source/queue.c **** 
 742              		.loc 1 314 3 discriminator 1 view .LVU233
 743              	.LBB108:
ARM GAS  D:\temp\TMP\ccsMuV5a.s 			page 62


 744              	.LBI108:
 191:Middlewares/Third_Party/FreeRTOS/Source/portable/GCC/ARM_CM4F/portmacro.h **** {
 745              		.loc 2 191 30 view .LVU234
 746              	.LBB109:
 193:Middlewares/Third_Party/FreeRTOS/Source/portable/GCC/ARM_CM4F/portmacro.h **** 
 747              		.loc 2 193 1 view .LVU235
 748              		.loc 2 195 2 view .LVU236
 749              		.syntax unified
 750              	@ 195 "Middlewares/Third_Party/FreeRTOS/Source/portable/GCC/ARM_CM4F/portmacro.h" 1
 751 0002 4FF05003 			mov r3, #80												
 752 0006 83F31188 		msr basepri, r3											
 753 000a BFF36F8F 		isb														
 754 000e BFF34F8F 		dsb														
 755              	
 756              	@ 0 "" 2
 757              	.LVL69:
 758              		.thumb
 759              		.syntax unified
 760              	.L55:
 761              		.loc 2 195 2 is_stmt 0 view .LVU237
 762              	.LBE109:
 763              	.LBE108:
 314:Middlewares/Third_Party/FreeRTOS/Source/queue.c **** 
 764              		.loc 1 314 3 is_stmt 1 view .LVU238
 765 0012 FEE7     		b	.L55
 766              	.LVL70:
 767              	.L54:
 311:Middlewares/Third_Party/FreeRTOS/Source/queue.c **** 	Queue_t *pxNewQueue;
 768              		.loc 1 311 2 is_stmt 0 view .LVU239
 769 0014 10B5     		push	{r4, lr}
 770              	.LCFI8:
 771              		.cfi_def_cfa_offset 8
 772              		.cfi_offset 4, -8
 773              		.cfi_offset 14, -4
 774 0016 84B0     		sub	sp, sp, #16
 775              	.LCFI9:
 776              		.cfi_def_cfa_offset 24
 777 0018 1C46     		mov	r4, r3
 778 001a 8446     		mov	ip, r0
 314:Middlewares/Third_Party/FreeRTOS/Source/queue.c **** 
 779              		.loc 1 314 52 is_stmt 1 view .LVU240
 318:Middlewares/Third_Party/FreeRTOS/Source/queue.c **** 
 780              		.loc 1 318 3 view .LVU241
 781 001c 83B1     		cbz	r3, .L66
 318:Middlewares/Third_Party/FreeRTOS/Source/queue.c **** 
 782              		.loc 1 318 40 view .LVU242
 322:Middlewares/Third_Party/FreeRTOS/Source/queue.c **** 		configASSERT( !( ( pucQueueStorage == NULL ) && ( uxItemSize != 0 ) ) );
 783              		.loc 1 322 3 view .LVU243
 784 001e 0B1E     		subs	r3, r1, #0
 785              	.LVL71:
 322:Middlewares/Third_Party/FreeRTOS/Source/queue.c **** 		configASSERT( !( ( pucQueueStorage == NULL ) && ( uxItemSize != 0 ) ) );
 786              		.loc 1 322 3 is_stmt 0 view .LVU244
 787 0020 18BF     		it	ne
 788 0022 0123     		movne	r3, #1
 789 0024 002A     		cmp	r2, #0
 790 0026 08BF     		it	eq
 791 0028 43F00103 		orreq	r3, r3, #1
ARM GAS  D:\temp\TMP\ccsMuV5a.s 			page 63


 792 002c 8BB9     		cbnz	r3, .L58
 322:Middlewares/Third_Party/FreeRTOS/Source/queue.c **** 		configASSERT( !( ( pucQueueStorage == NULL ) && ( uxItemSize != 0 ) ) );
 793              		.loc 1 322 3 is_stmt 1 discriminator 1 view .LVU245
 794              	.LBB110:
 795              	.LBI110:
 191:Middlewares/Third_Party/FreeRTOS/Source/portable/GCC/ARM_CM4F/portmacro.h **** {
 796              		.loc 2 191 30 view .LVU246
 797              	.LBB111:
 193:Middlewares/Third_Party/FreeRTOS/Source/portable/GCC/ARM_CM4F/portmacro.h **** 
 798              		.loc 2 193 1 view .LVU247
 799              		.loc 2 195 2 view .LVU248
 800              		.syntax unified
 801              	@ 195 "Middlewares/Third_Party/FreeRTOS/Source/portable/GCC/ARM_CM4F/portmacro.h" 1
 802 002e 4FF05003 			mov r3, #80												
 803 0032 83F31188 		msr basepri, r3											
 804 0036 BFF36F8F 		isb														
 805 003a BFF34F8F 		dsb														
 806              	
 807              	@ 0 "" 2
 808              		.thumb
 809              		.syntax unified
 810              	.L59:
 811              	.LBE111:
 812              	.LBE110:
 322:Middlewares/Third_Party/FreeRTOS/Source/queue.c **** 		configASSERT( !( ( pucQueueStorage == NULL ) && ( uxItemSize != 0 ) ) );
 813              		.loc 1 322 3 view .LVU249
 814 003e FEE7     		b	.L59
 815              	.LVL72:
 816              	.L66:
 318:Middlewares/Third_Party/FreeRTOS/Source/queue.c **** 
 817              		.loc 1 318 3 discriminator 1 view .LVU250
 818              	.LBB112:
 819              	.LBI112:
 191:Middlewares/Third_Party/FreeRTOS/Source/portable/GCC/ARM_CM4F/portmacro.h **** {
 820              		.loc 2 191 30 view .LVU251
 821              	.LBB113:
 193:Middlewares/Third_Party/FreeRTOS/Source/portable/GCC/ARM_CM4F/portmacro.h **** 
 822              		.loc 2 193 1 view .LVU252
 823              		.loc 2 195 2 view .LVU253
 824              		.syntax unified
 825              	@ 195 "Middlewares/Third_Party/FreeRTOS/Source/portable/GCC/ARM_CM4F/portmacro.h" 1
 826 0040 4FF05003 			mov r3, #80												
 827 0044 83F31188 		msr basepri, r3											
 828 0048 BFF36F8F 		isb														
 829 004c BFF34F8F 		dsb														
 830              	
 831              	@ 0 "" 2
 832              	.LVL73:
 833              		.thumb
 834              		.syntax unified
 835              	.L57:
 836              		.loc 2 195 2 is_stmt 0 view .LVU254
 837              	.LBE113:
 838              	.LBE112:
 318:Middlewares/Third_Party/FreeRTOS/Source/queue.c **** 
 839              		.loc 1 318 3 is_stmt 1 view .LVU255
 840 0050 FEE7     		b	.L57
ARM GAS  D:\temp\TMP\ccsMuV5a.s 			page 64


 841              	.L58:
 322:Middlewares/Third_Party/FreeRTOS/Source/queue.c **** 		configASSERT( !( ( pucQueueStorage == NULL ) && ( uxItemSize != 0 ) ) );
 842              		.loc 1 322 74 view .LVU256
 323:Middlewares/Third_Party/FreeRTOS/Source/queue.c **** 
 843              		.loc 1 323 3 view .LVU257
 844 0052 B1FA81F3 		clz	r3, r1
 845 0056 5B09     		lsrs	r3, r3, #5
 846 0058 002A     		cmp	r2, #0
 847 005a 18BF     		it	ne
 848 005c 43F00103 		orrne	r3, r3, #1
 849 0060 43B9     		cbnz	r3, .L60
 323:Middlewares/Third_Party/FreeRTOS/Source/queue.c **** 
 850              		.loc 1 323 3 discriminator 1 view .LVU258
 851              	.LBB114:
 852              	.LBI114:
 191:Middlewares/Third_Party/FreeRTOS/Source/portable/GCC/ARM_CM4F/portmacro.h **** {
 853              		.loc 2 191 30 view .LVU259
 854              	.LBB115:
 193:Middlewares/Third_Party/FreeRTOS/Source/portable/GCC/ARM_CM4F/portmacro.h **** 
 855              		.loc 2 193 1 view .LVU260
 856              		.loc 2 195 2 view .LVU261
 857              		.syntax unified
 858              	@ 195 "Middlewares/Third_Party/FreeRTOS/Source/portable/GCC/ARM_CM4F/portmacro.h" 1
 859 0062 4FF05003 			mov r3, #80												
 860 0066 83F31188 		msr basepri, r3											
 861 006a BFF36F8F 		isb														
 862 006e BFF34F8F 		dsb														
 863              	
 864              	@ 0 "" 2
 865              		.thumb
 866              		.syntax unified
 867              	.L61:
 868              	.LBE115:
 869              	.LBE114:
 323:Middlewares/Third_Party/FreeRTOS/Source/queue.c **** 
 870              		.loc 1 323 3 view .LVU262
 871 0072 FEE7     		b	.L61
 872              	.L60:
 323:Middlewares/Third_Party/FreeRTOS/Source/queue.c **** 
 873              		.loc 1 323 74 view .LVU263
 874              	.LBB116:
 330:Middlewares/Third_Party/FreeRTOS/Source/queue.c **** 			configASSERT( xSize == sizeof( Queue_t ) );
 875              		.loc 1 330 4 view .LVU264
 330:Middlewares/Third_Party/FreeRTOS/Source/queue.c **** 			configASSERT( xSize == sizeof( Queue_t ) );
 876              		.loc 1 330 20 is_stmt 0 view .LVU265
 877 0074 4823     		movs	r3, #72
 878 0076 0393     		str	r3, [sp, #12]
 331:Middlewares/Third_Party/FreeRTOS/Source/queue.c **** 			( void ) xSize; /* Keeps lint quiet when configASSERT() is not defined. */
 879              		.loc 1 331 4 is_stmt 1 view .LVU266
 880 0078 039B     		ldr	r3, [sp, #12]
 881 007a 482B     		cmp	r3, #72
 882 007c 08D0     		beq	.L62
 331:Middlewares/Third_Party/FreeRTOS/Source/queue.c **** 			( void ) xSize; /* Keeps lint quiet when configASSERT() is not defined. */
 883              		.loc 1 331 4 discriminator 1 view .LVU267
 884              	.LBB117:
 885              	.LBI117:
 191:Middlewares/Third_Party/FreeRTOS/Source/portable/GCC/ARM_CM4F/portmacro.h **** {
ARM GAS  D:\temp\TMP\ccsMuV5a.s 			page 65


 886              		.loc 2 191 30 view .LVU268
 887              	.LBB118:
 193:Middlewares/Third_Party/FreeRTOS/Source/portable/GCC/ARM_CM4F/portmacro.h **** 
 888              		.loc 2 193 1 view .LVU269
 889              		.loc 2 195 2 view .LVU270
 890              		.syntax unified
 891              	@ 195 "Middlewares/Third_Party/FreeRTOS/Source/portable/GCC/ARM_CM4F/portmacro.h" 1
 892 007e 4FF05003 			mov r3, #80												
 893 0082 83F31188 		msr basepri, r3											
 894 0086 BFF36F8F 		isb														
 895 008a BFF34F8F 		dsb														
 896              	
 897              	@ 0 "" 2
 898              		.thumb
 899              		.syntax unified
 900              	.L63:
 901              	.LBE118:
 902              	.LBE117:
 331:Middlewares/Third_Party/FreeRTOS/Source/queue.c **** 			( void ) xSize; /* Keeps lint quiet when configASSERT() is not defined. */
 903              		.loc 1 331 4 view .LVU271
 904 008e FEE7     		b	.L63
 905              	.L62:
 331:Middlewares/Third_Party/FreeRTOS/Source/queue.c **** 			( void ) xSize; /* Keeps lint quiet when configASSERT() is not defined. */
 906              		.loc 1 331 46 view .LVU272
 332:Middlewares/Third_Party/FreeRTOS/Source/queue.c **** 		}
 907              		.loc 1 332 4 view .LVU273
 908 0090 039B     		ldr	r3, [sp, #12]
 909              	.LBE116:
 339:Middlewares/Third_Party/FreeRTOS/Source/queue.c **** 
 910              		.loc 1 339 3 view .LVU274
 911              	.LVL74:
 341:Middlewares/Third_Party/FreeRTOS/Source/queue.c **** 		{
 912              		.loc 1 341 3 view .LVU275
 348:Middlewares/Third_Party/FreeRTOS/Source/queue.c **** 			}
 913              		.loc 1 348 5 view .LVU276
 348:Middlewares/Third_Party/FreeRTOS/Source/queue.c **** 			}
 914              		.loc 1 348 39 is_stmt 0 view .LVU277
 915 0092 0123     		movs	r3, #1
 916 0094 84F84630 		strb	r3, [r4, #70]
 352:Middlewares/Third_Party/FreeRTOS/Source/queue.c **** 		}
 917              		.loc 1 352 4 is_stmt 1 view .LVU278
 918 0098 0094     		str	r4, [sp]
 919 009a 9DF81830 		ldrb	r3, [sp, #24]	@ zero_extendqisi2
 920 009e 6046     		mov	r0, ip
 921              	.LVL75:
 352:Middlewares/Third_Party/FreeRTOS/Source/queue.c **** 		}
 922              		.loc 1 352 4 is_stmt 0 view .LVU279
 923 00a0 FFF7FEFF 		bl	prvInitialiseNewQueue
 924              	.LVL76:
 356:Middlewares/Third_Party/FreeRTOS/Source/queue.c **** 			mtCOVERAGE_TEST_MARKER();
 925              		.loc 1 356 43 is_stmt 1 view .LVU280
 357:Middlewares/Third_Party/FreeRTOS/Source/queue.c **** 		}
 926              		.loc 1 357 28 view .LVU281
 360:Middlewares/Third_Party/FreeRTOS/Source/queue.c **** 	}
 927              		.loc 1 360 3 view .LVU282
 361:Middlewares/Third_Party/FreeRTOS/Source/queue.c **** 
 928              		.loc 1 361 2 is_stmt 0 view .LVU283
ARM GAS  D:\temp\TMP\ccsMuV5a.s 			page 66


 929 00a4 2046     		mov	r0, r4
 930 00a6 04B0     		add	sp, sp, #16
 931              	.LCFI10:
 932              		.cfi_def_cfa_offset 8
 933              		@ sp needed
 934 00a8 10BD     		pop	{r4, pc}
 361:Middlewares/Third_Party/FreeRTOS/Source/queue.c **** 
 935              		.loc 1 361 2 view .LVU284
 936              		.cfi_endproc
 937              	.LFE6:
 939              		.section	.text.xQueueGenericCreate,"ax",%progbits
 940              		.align	1
 941              		.global	xQueueGenericCreate
 942              		.syntax unified
 943              		.thumb
 944              		.thumb_func
 946              	xQueueGenericCreate:
 947              	.LVL77:
 948              	.LFB7:
 369:Middlewares/Third_Party/FreeRTOS/Source/queue.c **** 	Queue_t *pxNewQueue;
 949              		.loc 1 369 2 is_stmt 1 view -0
 950              		.cfi_startproc
 951              		@ args = 0, pretend = 0, frame = 0
 952              		@ frame_needed = 0, uses_anonymous_args = 0
 370:Middlewares/Third_Party/FreeRTOS/Source/queue.c **** 	size_t xQueueSizeInBytes;
 953              		.loc 1 370 2 view .LVU286
 371:Middlewares/Third_Party/FreeRTOS/Source/queue.c **** 	uint8_t *pucQueueStorage;
 954              		.loc 1 371 2 view .LVU287
 372:Middlewares/Third_Party/FreeRTOS/Source/queue.c **** 
 955              		.loc 1 372 2 view .LVU288
 374:Middlewares/Third_Party/FreeRTOS/Source/queue.c **** 
 956              		.loc 1 374 3 view .LVU289
 957 0000 40B9     		cbnz	r0, .L68
 374:Middlewares/Third_Party/FreeRTOS/Source/queue.c **** 
 958              		.loc 1 374 3 discriminator 1 view .LVU290
 959              	.LBB119:
 960              	.LBI119:
 191:Middlewares/Third_Party/FreeRTOS/Source/portable/GCC/ARM_CM4F/portmacro.h **** {
 961              		.loc 2 191 30 view .LVU291
 962              	.LBB120:
 193:Middlewares/Third_Party/FreeRTOS/Source/portable/GCC/ARM_CM4F/portmacro.h **** 
 963              		.loc 2 193 1 view .LVU292
 964              		.loc 2 195 2 view .LVU293
 965              		.syntax unified
 966              	@ 195 "Middlewares/Third_Party/FreeRTOS/Source/portable/GCC/ARM_CM4F/portmacro.h" 1
 967 0002 4FF05003 			mov r3, #80												
 968 0006 83F31188 		msr basepri, r3											
 969 000a BFF36F8F 		isb														
 970 000e BFF34F8F 		dsb														
 971              	
 972              	@ 0 "" 2
 973              		.thumb
 974              		.syntax unified
 975              	.L69:
 976              	.LBE120:
 977              	.LBE119:
 374:Middlewares/Third_Party/FreeRTOS/Source/queue.c **** 
ARM GAS  D:\temp\TMP\ccsMuV5a.s 			page 67


 978              		.loc 1 374 3 view .LVU294
 979 0012 FEE7     		b	.L69
 980              	.L68:
 369:Middlewares/Third_Party/FreeRTOS/Source/queue.c **** 	Queue_t *pxNewQueue;
 981              		.loc 1 369 2 is_stmt 0 view .LVU295
 982 0014 F0B5     		push	{r4, r5, r6, r7, lr}
 983              	.LCFI11:
 984              		.cfi_def_cfa_offset 20
 985              		.cfi_offset 4, -20
 986              		.cfi_offset 5, -16
 987              		.cfi_offset 6, -12
 988              		.cfi_offset 7, -8
 989              		.cfi_offset 14, -4
 990 0016 83B0     		sub	sp, sp, #12
 991              	.LCFI12:
 992              		.cfi_def_cfa_offset 32
 993 0018 1646     		mov	r6, r2
 374:Middlewares/Third_Party/FreeRTOS/Source/queue.c **** 
 994              		.loc 1 374 52 is_stmt 1 view .LVU296
 379:Middlewares/Third_Party/FreeRTOS/Source/queue.c **** 
 995              		.loc 1 379 3 view .LVU297
 379:Middlewares/Third_Party/FreeRTOS/Source/queue.c **** 
 996              		.loc 1 379 21 is_stmt 0 view .LVU298
 997 001a 0446     		mov	r4, r0
 998 001c 0D46     		mov	r5, r1
 999 001e 01FB00F0 		mul	r0, r1, r0
 1000              	.LVL78:
 390:Middlewares/Third_Party/FreeRTOS/Source/queue.c **** 
 1001              		.loc 1 390 3 is_stmt 1 view .LVU299
 390:Middlewares/Third_Party/FreeRTOS/Source/queue.c **** 
 1002              		.loc 1 390 30 is_stmt 0 view .LVU300
 1003 0022 4830     		adds	r0, r0, #72
 1004              	.LVL79:
 390:Middlewares/Third_Party/FreeRTOS/Source/queue.c **** 
 1005              		.loc 1 390 30 view .LVU301
 1006 0024 FFF7FEFF 		bl	pvPortMalloc
 1007              	.LVL80:
 392:Middlewares/Third_Party/FreeRTOS/Source/queue.c **** 		{
 1008              		.loc 1 392 3 is_stmt 1 view .LVU302
 392:Middlewares/Third_Party/FreeRTOS/Source/queue.c **** 		{
 1009              		.loc 1 392 5 is_stmt 0 view .LVU303
 1010 0028 0246     		mov	r2, r0
 1011 002a 0746     		mov	r7, r0
 1012 002c 48B1     		cbz	r0, .L67
 396:Middlewares/Third_Party/FreeRTOS/Source/queue.c **** 			pucQueueStorage += sizeof( Queue_t ); /*lint !e9016 Pointer arithmetic allowed on char types, es
 1013              		.loc 1 396 4 is_stmt 1 view .LVU304
 1014              	.LVL81:
 397:Middlewares/Third_Party/FreeRTOS/Source/queue.c **** 
 1015              		.loc 1 397 4 view .LVU305
 404:Middlewares/Third_Party/FreeRTOS/Source/queue.c **** 			}
 1016              		.loc 1 404 5 view .LVU306
 404:Middlewares/Third_Party/FreeRTOS/Source/queue.c **** 			}
 1017              		.loc 1 404 39 is_stmt 0 view .LVU307
 1018 002e 0023     		movs	r3, #0
 1019 0030 80F84630 		strb	r3, [r0, #70]
 408:Middlewares/Third_Party/FreeRTOS/Source/queue.c **** 		}
 1020              		.loc 1 408 4 is_stmt 1 view .LVU308
ARM GAS  D:\temp\TMP\ccsMuV5a.s 			page 68


 1021 0034 0090     		str	r0, [sp]
 1022 0036 3346     		mov	r3, r6
 1023 0038 4832     		adds	r2, r2, #72
 1024              	.LVL82:
 408:Middlewares/Third_Party/FreeRTOS/Source/queue.c **** 		}
 1025              		.loc 1 408 4 is_stmt 0 view .LVU309
 1026 003a 2946     		mov	r1, r5
 1027 003c 2046     		mov	r0, r4
 1028              	.LVL83:
 408:Middlewares/Third_Party/FreeRTOS/Source/queue.c **** 		}
 1029              		.loc 1 408 4 view .LVU310
 1030 003e FFF7FEFF 		bl	prvInitialiseNewQueue
 1031              	.LVL84:
 412:Middlewares/Third_Party/FreeRTOS/Source/queue.c **** 			mtCOVERAGE_TEST_MARKER();
 1032              		.loc 1 412 43 is_stmt 1 view .LVU311
 413:Middlewares/Third_Party/FreeRTOS/Source/queue.c **** 		}
 1033              		.loc 1 413 28 view .LVU312
 416:Middlewares/Third_Party/FreeRTOS/Source/queue.c **** 	}
 1034              		.loc 1 416 3 view .LVU313
 1035              	.L67:
 417:Middlewares/Third_Party/FreeRTOS/Source/queue.c **** 
 1036              		.loc 1 417 2 is_stmt 0 view .LVU314
 1037 0042 3846     		mov	r0, r7
 1038 0044 03B0     		add	sp, sp, #12
 1039              	.LCFI13:
 1040              		.cfi_def_cfa_offset 20
 1041              		@ sp needed
 1042 0046 F0BD     		pop	{r4, r5, r6, r7, pc}
 417:Middlewares/Third_Party/FreeRTOS/Source/queue.c **** 
 1043              		.loc 1 417 2 view .LVU315
 1044              		.cfi_endproc
 1045              	.LFE7:
 1047              		.section	.text.xQueueGenericSend,"ax",%progbits
 1048              		.align	1
 1049              		.global	xQueueGenericSend
 1050              		.syntax unified
 1051              		.thumb
 1052              		.thumb_func
 1054              	xQueueGenericSend:
 1055              	.LVL85:
 1056              	.LFB12:
 741:Middlewares/Third_Party/FreeRTOS/Source/queue.c **** BaseType_t xEntryTimeSet = pdFALSE, xYieldRequired;
 1057              		.loc 1 741 1 is_stmt 1 view -0
 1058              		.cfi_startproc
 1059              		@ args = 0, pretend = 0, frame = 16
 1060              		@ frame_needed = 0, uses_anonymous_args = 0
 741:Middlewares/Third_Party/FreeRTOS/Source/queue.c **** BaseType_t xEntryTimeSet = pdFALSE, xYieldRequired;
 1061              		.loc 1 741 1 is_stmt 0 view .LVU317
 1062 0000 F0B5     		push	{r4, r5, r6, r7, lr}
 1063              	.LCFI14:
 1064              		.cfi_def_cfa_offset 20
 1065              		.cfi_offset 4, -20
 1066              		.cfi_offset 5, -16
 1067              		.cfi_offset 6, -12
 1068              		.cfi_offset 7, -8
 1069              		.cfi_offset 14, -4
 1070 0002 85B0     		sub	sp, sp, #20
ARM GAS  D:\temp\TMP\ccsMuV5a.s 			page 69


 1071              	.LCFI15:
 1072              		.cfi_def_cfa_offset 40
 1073 0004 0192     		str	r2, [sp, #4]
 742:Middlewares/Third_Party/FreeRTOS/Source/queue.c **** TimeOut_t xTimeOut;
 1074              		.loc 1 742 1 is_stmt 1 view .LVU318
 1075              	.LVL86:
 743:Middlewares/Third_Party/FreeRTOS/Source/queue.c **** Queue_t * const pxQueue = xQueue;
 1076              		.loc 1 743 1 view .LVU319
 744:Middlewares/Third_Party/FreeRTOS/Source/queue.c **** 
 1077              		.loc 1 744 1 view .LVU320
 746:Middlewares/Third_Party/FreeRTOS/Source/queue.c **** 	configASSERT( !( ( pvItemToQueue == NULL ) && ( pxQueue->uxItemSize != ( UBaseType_t ) 0U ) ) );
 1078              		.loc 1 746 2 view .LVU321
 1079 0006 88B1     		cbz	r0, .L97
 1080 0008 0F46     		mov	r7, r1
 1081 000a 1D46     		mov	r5, r3
 1082 000c 0446     		mov	r4, r0
 746:Middlewares/Third_Party/FreeRTOS/Source/queue.c **** 	configASSERT( !( ( pvItemToQueue == NULL ) && ( pxQueue->uxItemSize != ( UBaseType_t ) 0U ) ) );
 1083              		.loc 1 746 25 view .LVU322
 747:Middlewares/Third_Party/FreeRTOS/Source/queue.c **** 	configASSERT( !( ( xCopyPosition == queueOVERWRITE ) && ( pxQueue->uxLength != 1 ) ) );
 1084              		.loc 1 747 2 view .LVU323
 1085 000e B1B1     		cbz	r1, .L98
 1086              	.LVL87:
 1087              	.L76:
 747:Middlewares/Third_Party/FreeRTOS/Source/queue.c **** 	configASSERT( !( ( xCopyPosition == queueOVERWRITE ) && ( pxQueue->uxLength != 1 ) ) );
 1088              		.loc 1 747 97 view .LVU324
 748:Middlewares/Third_Party/FreeRTOS/Source/queue.c **** 	#if ( ( INCLUDE_xTaskGetSchedulerState == 1 ) || ( configUSE_TIMERS == 1 ) )
 1089              		.loc 1 748 2 view .LVU325
 1090 0010 022D     		cmp	r5, #2
 1091 0012 20D1     		bne	.L78
 748:Middlewares/Third_Party/FreeRTOS/Source/queue.c **** 	#if ( ( INCLUDE_xTaskGetSchedulerState == 1 ) || ( configUSE_TIMERS == 1 ) )
 1092              		.loc 1 748 2 is_stmt 0 discriminator 2 view .LVU326
 1093 0014 E36B     		ldr	r3, [r4, #60]
 1094 0016 012B     		cmp	r3, #1
 1095 0018 1DD0     		beq	.L78
 748:Middlewares/Third_Party/FreeRTOS/Source/queue.c **** 	#if ( ( INCLUDE_xTaskGetSchedulerState == 1 ) || ( configUSE_TIMERS == 1 ) )
 1096              		.loc 1 748 2 is_stmt 1 discriminator 7 view .LVU327
 1097              	.LBB121:
 1098              	.LBI121:
 191:Middlewares/Third_Party/FreeRTOS/Source/portable/GCC/ARM_CM4F/portmacro.h **** {
 1099              		.loc 2 191 30 view .LVU328
 1100              	.LBB122:
 193:Middlewares/Third_Party/FreeRTOS/Source/portable/GCC/ARM_CM4F/portmacro.h **** 
 1101              		.loc 2 193 1 view .LVU329
 1102              		.loc 2 195 2 view .LVU330
 1103              		.syntax unified
 1104              	@ 195 "Middlewares/Third_Party/FreeRTOS/Source/portable/GCC/ARM_CM4F/portmacro.h" 1
 1105 001a 4FF05003 			mov r3, #80												
 1106 001e 83F31188 		msr basepri, r3											
 1107 0022 BFF36F8F 		isb														
 1108 0026 BFF34F8F 		dsb														
 1109              	
 1110              	@ 0 "" 2
 1111              		.thumb
 1112              		.syntax unified
 1113              	.L79:
 1114              	.LBE122:
 1115              	.LBE121:
ARM GAS  D:\temp\TMP\ccsMuV5a.s 			page 70


 748:Middlewares/Third_Party/FreeRTOS/Source/queue.c **** 	#if ( ( INCLUDE_xTaskGetSchedulerState == 1 ) || ( configUSE_TIMERS == 1 ) )
 1116              		.loc 1 748 2 view .LVU331
 1117 002a FEE7     		b	.L79
 1118              	.LVL88:
 1119              	.L97:
 746:Middlewares/Third_Party/FreeRTOS/Source/queue.c **** 	configASSERT( !( ( pvItemToQueue == NULL ) && ( pxQueue->uxItemSize != ( UBaseType_t ) 0U ) ) );
 1120              		.loc 1 746 2 discriminator 1 view .LVU332
 1121              	.LBB123:
 1122              	.LBI123:
 191:Middlewares/Third_Party/FreeRTOS/Source/portable/GCC/ARM_CM4F/portmacro.h **** {
 1123              		.loc 2 191 30 view .LVU333
 1124              	.LBB124:
 193:Middlewares/Third_Party/FreeRTOS/Source/portable/GCC/ARM_CM4F/portmacro.h **** 
 1125              		.loc 2 193 1 view .LVU334
 1126              		.loc 2 195 2 view .LVU335
 1127              		.syntax unified
 1128              	@ 195 "Middlewares/Third_Party/FreeRTOS/Source/portable/GCC/ARM_CM4F/portmacro.h" 1
 1129 002c 4FF05003 			mov r3, #80												
 1130 0030 83F31188 		msr basepri, r3											
 1131 0034 BFF36F8F 		isb														
 1132 0038 BFF34F8F 		dsb														
 1133              	
 1134              	@ 0 "" 2
 1135              	.LVL89:
 1136              		.thumb
 1137              		.syntax unified
 1138              	.L75:
 1139              		.loc 2 195 2 is_stmt 0 view .LVU336
 1140              	.LBE124:
 1141              	.LBE123:
 746:Middlewares/Third_Party/FreeRTOS/Source/queue.c **** 	configASSERT( !( ( pvItemToQueue == NULL ) && ( pxQueue->uxItemSize != ( UBaseType_t ) 0U ) ) );
 1142              		.loc 1 746 2 is_stmt 1 view .LVU337
 1143 003c FEE7     		b	.L75
 1144              	.LVL90:
 1145              	.L98:
 747:Middlewares/Third_Party/FreeRTOS/Source/queue.c **** 	configASSERT( !( ( xCopyPosition == queueOVERWRITE ) && ( pxQueue->uxLength != 1 ) ) );
 1146              		.loc 1 747 2 is_stmt 0 discriminator 2 view .LVU338
 1147 003e 036C     		ldr	r3, [r0, #64]
 1148              	.LVL91:
 747:Middlewares/Third_Party/FreeRTOS/Source/queue.c **** 	configASSERT( !( ( xCopyPosition == queueOVERWRITE ) && ( pxQueue->uxLength != 1 ) ) );
 1149              		.loc 1 747 2 discriminator 2 view .LVU339
 1150 0040 002B     		cmp	r3, #0
 1151 0042 E5D0     		beq	.L76
 747:Middlewares/Third_Party/FreeRTOS/Source/queue.c **** 	configASSERT( !( ( xCopyPosition == queueOVERWRITE ) && ( pxQueue->uxLength != 1 ) ) );
 1152              		.loc 1 747 2 is_stmt 1 discriminator 7 view .LVU340
 1153              	.LBB125:
 1154              	.LBI125:
 191:Middlewares/Third_Party/FreeRTOS/Source/portable/GCC/ARM_CM4F/portmacro.h **** {
 1155              		.loc 2 191 30 view .LVU341
 1156              	.LBB126:
 193:Middlewares/Third_Party/FreeRTOS/Source/portable/GCC/ARM_CM4F/portmacro.h **** 
 1157              		.loc 2 193 1 view .LVU342
 1158              		.loc 2 195 2 view .LVU343
 1159              		.syntax unified
 1160              	@ 195 "Middlewares/Third_Party/FreeRTOS/Source/portable/GCC/ARM_CM4F/portmacro.h" 1
 1161 0044 4FF05003 			mov r3, #80												
 1162 0048 83F31188 		msr basepri, r3											
ARM GAS  D:\temp\TMP\ccsMuV5a.s 			page 71


 1163 004c BFF36F8F 		isb														
 1164 0050 BFF34F8F 		dsb														
 1165              	
 1166              	@ 0 "" 2
 1167              		.thumb
 1168              		.syntax unified
 1169              	.L77:
 1170              	.LBE126:
 1171              	.LBE125:
 747:Middlewares/Third_Party/FreeRTOS/Source/queue.c **** 	configASSERT( !( ( xCopyPosition == queueOVERWRITE ) && ( pxQueue->uxLength != 1 ) ) );
 1172              		.loc 1 747 2 view .LVU344
 1173 0054 FEE7     		b	.L77
 1174              	.L78:
 748:Middlewares/Third_Party/FreeRTOS/Source/queue.c **** 	#if ( ( INCLUDE_xTaskGetSchedulerState == 1 ) || ( configUSE_TIMERS == 1 ) )
 1175              		.loc 1 748 88 view .LVU345
 751:Middlewares/Third_Party/FreeRTOS/Source/queue.c **** 	}
 1176              		.loc 1 751 3 view .LVU346
 1177 0056 FFF7FEFF 		bl	xTaskGetSchedulerState
 1178              	.LVL92:
 751:Middlewares/Third_Party/FreeRTOS/Source/queue.c **** 	}
 1179              		.loc 1 751 3 is_stmt 0 discriminator 1 view .LVU347
 1180 005a 0646     		mov	r6, r0
 1181 005c 58B9     		cbnz	r0, .L95
 751:Middlewares/Third_Party/FreeRTOS/Source/queue.c **** 	}
 1182              		.loc 1 751 3 discriminator 3 view .LVU348
 1183 005e 019B     		ldr	r3, [sp, #4]
 1184 0060 002B     		cmp	r3, #0
 1185 0062 48D0     		beq	.L82
 751:Middlewares/Third_Party/FreeRTOS/Source/queue.c **** 	}
 1186              		.loc 1 751 3 is_stmt 1 discriminator 8 view .LVU349
 1187              	.LBB127:
 1188              	.LBI127:
 191:Middlewares/Third_Party/FreeRTOS/Source/portable/GCC/ARM_CM4F/portmacro.h **** {
 1189              		.loc 2 191 30 view .LVU350
 1190              	.LBB128:
 193:Middlewares/Third_Party/FreeRTOS/Source/portable/GCC/ARM_CM4F/portmacro.h **** 
 1191              		.loc 2 193 1 view .LVU351
 1192              		.loc 2 195 2 view .LVU352
 1193              		.syntax unified
 1194              	@ 195 "Middlewares/Third_Party/FreeRTOS/Source/portable/GCC/ARM_CM4F/portmacro.h" 1
 1195 0064 4FF05003 			mov r3, #80												
 1196 0068 83F31188 		msr basepri, r3											
 1197 006c BFF36F8F 		isb														
 1198 0070 BFF34F8F 		dsb														
 1199              	
 1200              	@ 0 "" 2
 1201              		.thumb
 1202              		.syntax unified
 1203              	.L81:
 1204              	.LBE128:
 1205              	.LBE127:
 751:Middlewares/Third_Party/FreeRTOS/Source/queue.c **** 	}
 1206              		.loc 1 751 3 view .LVU353
 1207 0074 FEE7     		b	.L81
 1208              	.L95:
 1209 0076 0026     		movs	r6, #0
 1210 0078 3DE0     		b	.L82
ARM GAS  D:\temp\TMP\ccsMuV5a.s 			page 72


 1211              	.LVL93:
 1212              	.L83:
 769:Middlewares/Third_Party/FreeRTOS/Source/queue.c **** 
 1213              		.loc 1 769 31 view .LVU354
 833:Middlewares/Third_Party/FreeRTOS/Source/queue.c **** 
 1214              		.loc 1 833 6 view .LVU355
 833:Middlewares/Third_Party/FreeRTOS/Source/queue.c **** 
 1215              		.loc 1 833 23 is_stmt 0 view .LVU356
 1216 007a 2A46     		mov	r2, r5
 1217 007c 3946     		mov	r1, r7
 1218 007e 2046     		mov	r0, r4
 1219 0080 FFF7FEFF 		bl	prvCopyDataToQueue
 1220              	.LVL94:
 837:Middlewares/Third_Party/FreeRTOS/Source/queue.c **** 					{
 1221              		.loc 1 837 6 is_stmt 1 view .LVU357
 837:Middlewares/Third_Party/FreeRTOS/Source/queue.c **** 					{
 1222              		.loc 1 837 10 is_stmt 0 view .LVU358
 1223 0084 636A     		ldr	r3, [r4, #36]
 837:Middlewares/Third_Party/FreeRTOS/Source/queue.c **** 					{
 1224              		.loc 1 837 8 view .LVU359
 1225 0086 7BB9     		cbnz	r3, .L99
 852:Middlewares/Third_Party/FreeRTOS/Source/queue.c **** 					{
 1226              		.loc 1 852 11 is_stmt 1 view .LVU360
 852:Middlewares/Third_Party/FreeRTOS/Source/queue.c **** 					{
 1227              		.loc 1 852 13 is_stmt 0 view .LVU361
 1228 0088 48B1     		cbz	r0, .L86
 858:Middlewares/Third_Party/FreeRTOS/Source/queue.c **** 					}
 1229              		.loc 1 858 7 is_stmt 1 view .LVU362
 1230 008a 4FF0E023 		mov	r3, #-536813568
 1231 008e 4FF08052 		mov	r2, #268435456
 1232 0092 C3F8042D 		str	r2, [r3, #3332]
 858:Middlewares/Third_Party/FreeRTOS/Source/queue.c **** 					}
 1233              		.loc 1 858 7 view .LVU363
 1234              		.syntax unified
 1235              	@ 858 "Middlewares/Third_Party/FreeRTOS/Source/queue.c" 1
 1236 0096 BFF34F8F 		dsb
 1237              	@ 0 "" 2
 858:Middlewares/Third_Party/FreeRTOS/Source/queue.c **** 					}
 1238              		.loc 1 858 7 view .LVU364
 1239              	@ 858 "Middlewares/Third_Party/FreeRTOS/Source/queue.c" 1
 1240 009a BFF36F8F 		isb
 1241              	@ 0 "" 2
 858:Middlewares/Third_Party/FreeRTOS/Source/queue.c **** 					}
 1242              		.loc 1 858 39 view .LVU365
 1243              	.LVL95:
 1244              		.thumb
 1245              		.syntax unified
 1246              	.L86:
 862:Middlewares/Third_Party/FreeRTOS/Source/queue.c **** 					}
 1247              		.loc 1 862 31 view .LVU366
 867:Middlewares/Third_Party/FreeRTOS/Source/queue.c **** 				return pdPASS;
 1248              		.loc 1 867 5 view .LVU367
 1249 009e FFF7FEFF 		bl	vPortExitCritical
 1250              	.LVL96:
 868:Middlewares/Third_Party/FreeRTOS/Source/queue.c **** 			}
 1251              		.loc 1 868 5 view .LVU368
 868:Middlewares/Third_Party/FreeRTOS/Source/queue.c **** 			}
ARM GAS  D:\temp\TMP\ccsMuV5a.s 			page 73


 1252              		.loc 1 868 12 is_stmt 0 view .LVU369
 1253 00a2 0120     		movs	r0, #1
 1254              	.LVL97:
 1255              	.L73:
 947:Middlewares/Third_Party/FreeRTOS/Source/queue.c **** /*-----------------------------------------------------------*/
 1256              		.loc 1 947 1 view .LVU370
 1257 00a4 05B0     		add	sp, sp, #20
 1258              	.LCFI16:
 1259              		.cfi_remember_state
 1260              		.cfi_def_cfa_offset 20
 1261              		@ sp needed
 1262 00a6 F0BD     		pop	{r4, r5, r6, r7, pc}
 1263              	.LVL98:
 1264              	.L99:
 1265              	.LCFI17:
 1266              		.cfi_restore_state
 839:Middlewares/Third_Party/FreeRTOS/Source/queue.c **** 						{
 1267              		.loc 1 839 7 is_stmt 1 view .LVU371
 839:Middlewares/Third_Party/FreeRTOS/Source/queue.c **** 						{
 1268              		.loc 1 839 11 is_stmt 0 view .LVU372
 1269 00a8 04F12400 		add	r0, r4, #36
 1270              	.LVL99:
 839:Middlewares/Third_Party/FreeRTOS/Source/queue.c **** 						{
 1271              		.loc 1 839 11 view .LVU373
 1272 00ac FFF7FEFF 		bl	xTaskRemoveFromEventList
 1273              	.LVL100:
 839:Middlewares/Third_Party/FreeRTOS/Source/queue.c **** 						{
 1274              		.loc 1 839 9 discriminator 1 view .LVU374
 1275 00b0 0028     		cmp	r0, #0
 1276 00b2 F4D0     		beq	.L86
 845:Middlewares/Third_Party/FreeRTOS/Source/queue.c **** 						}
 1277              		.loc 1 845 8 is_stmt 1 view .LVU375
 1278 00b4 4FF0E023 		mov	r3, #-536813568
 1279 00b8 4FF08052 		mov	r2, #268435456
 1280 00bc C3F8042D 		str	r2, [r3, #3332]
 845:Middlewares/Third_Party/FreeRTOS/Source/queue.c **** 						}
 1281              		.loc 1 845 8 view .LVU376
 1282              		.syntax unified
 1283              	@ 845 "Middlewares/Third_Party/FreeRTOS/Source/queue.c" 1
 1284 00c0 BFF34F8F 		dsb
 1285              	@ 0 "" 2
 845:Middlewares/Third_Party/FreeRTOS/Source/queue.c **** 						}
 1286              		.loc 1 845 8 view .LVU377
 1287              	@ 845 "Middlewares/Third_Party/FreeRTOS/Source/queue.c" 1
 1288 00c4 BFF36F8F 		isb
 1289              	@ 0 "" 2
 845:Middlewares/Third_Party/FreeRTOS/Source/queue.c **** 						}
 1290              		.loc 1 845 40 view .LVU378
 1291              		.thumb
 1292              		.syntax unified
 1293 00c8 E9E7     		b	.L86
 1294              	.LVL101:
 1295              	.L100:
 876:Middlewares/Third_Party/FreeRTOS/Source/queue.c **** 
 1296              		.loc 1 876 6 view .LVU379
 1297 00ca FFF7FEFF 		bl	vPortExitCritical
 1298              	.LVL102:
ARM GAS  D:\temp\TMP\ccsMuV5a.s 			page 74


 880:Middlewares/Third_Party/FreeRTOS/Source/queue.c **** 					return errQUEUE_FULL;
 1299              		.loc 1 880 39 view .LVU380
 881:Middlewares/Third_Party/FreeRTOS/Source/queue.c **** 				}
 1300              		.loc 1 881 6 view .LVU381
 881:Middlewares/Third_Party/FreeRTOS/Source/queue.c **** 				}
 1301              		.loc 1 881 13 is_stmt 0 view .LVU382
 1302 00ce 0020     		movs	r0, #0
 1303 00d0 E8E7     		b	.L73
 1304              	.L101:
 887:Middlewares/Third_Party/FreeRTOS/Source/queue.c **** 					xEntryTimeSet = pdTRUE;
 1305              		.loc 1 887 6 is_stmt 1 view .LVU383
 1306 00d2 02A8     		add	r0, sp, #8
 1307 00d4 FFF7FEFF 		bl	vTaskInternalSetTimeOutState
 1308              	.LVL103:
 888:Middlewares/Third_Party/FreeRTOS/Source/queue.c **** 				}
 1309              		.loc 1 888 6 view .LVU384
 888:Middlewares/Third_Party/FreeRTOS/Source/queue.c **** 				}
 1310              		.loc 1 888 20 is_stmt 0 view .LVU385
 1311 00d8 0126     		movs	r6, #1
 1312 00da 19E0     		b	.L89
 1313              	.LVL104:
 1314              	.L102:
 903:Middlewares/Third_Party/FreeRTOS/Source/queue.c **** 
 1315              		.loc 1 903 3 is_stmt 1 discriminator 2 view .LVU386
 1316 00dc 0023     		movs	r3, #0
 1317 00de 84F84430 		strb	r3, [r4, #68]
 1318 00e2 21E0     		b	.L90
 1319              	.L103:
 903:Middlewares/Third_Party/FreeRTOS/Source/queue.c **** 
 1320              		.loc 1 903 3 discriminator 5 view .LVU387
 1321 00e4 0023     		movs	r3, #0
 1322 00e6 84F84530 		strb	r3, [r4, #69]
 1323 00ea 23E0     		b	.L91
 1324              	.L93:
 933:Middlewares/Third_Party/FreeRTOS/Source/queue.c **** 				( void ) xTaskResumeAll();
 1325              		.loc 1 933 5 view .LVU388
 1326 00ec 2046     		mov	r0, r4
 1327 00ee FFF7FEFF 		bl	prvUnlockQueue
 1328              	.LVL105:
 934:Middlewares/Third_Party/FreeRTOS/Source/queue.c **** 			}
 1329              		.loc 1 934 5 view .LVU389
 934:Middlewares/Third_Party/FreeRTOS/Source/queue.c **** 			}
 1330              		.loc 1 934 14 is_stmt 0 view .LVU390
 1331 00f2 FFF7FEFF 		bl	xTaskResumeAll
 1332              	.LVL106:
 1333              	.L82:
 751:Middlewares/Third_Party/FreeRTOS/Source/queue.c **** 	}
 1334              		.loc 1 751 104 is_stmt 1 view .LVU391
 759:Middlewares/Third_Party/FreeRTOS/Source/queue.c **** 	{
 1335              		.loc 1 759 2 view .LVU392
 761:Middlewares/Third_Party/FreeRTOS/Source/queue.c **** 		{
 1336              		.loc 1 761 3 view .LVU393
 1337 00f6 FFF7FEFF 		bl	vPortEnterCritical
 1338              	.LVL107:
 767:Middlewares/Third_Party/FreeRTOS/Source/queue.c **** 			{
 1339              		.loc 1 767 4 view .LVU394
 767:Middlewares/Third_Party/FreeRTOS/Source/queue.c **** 			{
ARM GAS  D:\temp\TMP\ccsMuV5a.s 			page 75


 1340              		.loc 1 767 17 is_stmt 0 view .LVU395
 1341 00fa A26B     		ldr	r2, [r4, #56]
 767:Middlewares/Third_Party/FreeRTOS/Source/queue.c **** 			{
 1342              		.loc 1 767 46 view .LVU396
 1343 00fc E36B     		ldr	r3, [r4, #60]
 767:Middlewares/Third_Party/FreeRTOS/Source/queue.c **** 			{
 1344              		.loc 1 767 6 view .LVU397
 1345 00fe 9A42     		cmp	r2, r3
 1346 0100 BBD3     		bcc	.L83
 767:Middlewares/Third_Party/FreeRTOS/Source/queue.c **** 			{
 1347              		.loc 1 767 59 discriminator 1 view .LVU398
 1348 0102 022D     		cmp	r5, #2
 1349 0104 B9D0     		beq	.L83
 872:Middlewares/Third_Party/FreeRTOS/Source/queue.c **** 				{
 1350              		.loc 1 872 5 is_stmt 1 view .LVU399
 872:Middlewares/Third_Party/FreeRTOS/Source/queue.c **** 				{
 1351              		.loc 1 872 22 is_stmt 0 view .LVU400
 1352 0106 019B     		ldr	r3, [sp, #4]
 872:Middlewares/Third_Party/FreeRTOS/Source/queue.c **** 				{
 1353              		.loc 1 872 7 view .LVU401
 1354 0108 002B     		cmp	r3, #0
 1355 010a DED0     		beq	.L100
 883:Middlewares/Third_Party/FreeRTOS/Source/queue.c **** 				{
 1356              		.loc 1 883 10 is_stmt 1 view .LVU402
 883:Middlewares/Third_Party/FreeRTOS/Source/queue.c **** 				{
 1357              		.loc 1 883 12 is_stmt 0 view .LVU403
 1358 010c 002E     		cmp	r6, #0
 1359 010e E0D0     		beq	.L101
 1360              	.LVL108:
 1361              	.L89:
 893:Middlewares/Third_Party/FreeRTOS/Source/queue.c **** 				}
 1362              		.loc 1 893 30 is_stmt 1 view .LVU404
 897:Middlewares/Third_Party/FreeRTOS/Source/queue.c **** 
 1363              		.loc 1 897 3 view .LVU405
 1364 0110 FFF7FEFF 		bl	vPortExitCritical
 1365              	.LVL109:
 902:Middlewares/Third_Party/FreeRTOS/Source/queue.c **** 		prvLockQueue( pxQueue );
 1366              		.loc 1 902 3 view .LVU406
 1367 0114 FFF7FEFF 		bl	vTaskSuspendAll
 1368              	.LVL110:
 903:Middlewares/Third_Party/FreeRTOS/Source/queue.c **** 
 1369              		.loc 1 903 3 view .LVU407
 1370 0118 FFF7FEFF 		bl	vPortEnterCritical
 1371              	.LVL111:
 903:Middlewares/Third_Party/FreeRTOS/Source/queue.c **** 
 1372              		.loc 1 903 3 discriminator 1 view .LVU408
 1373 011c 94F84420 		ldrb	r2, [r4, #68]	@ zero_extendqisi2
 1374 0120 52B2     		sxtb	r2, r2
 1375 0122 B2F1FF3F 		cmp	r2, #-1
 1376 0126 D9D0     		beq	.L102
 1377              	.L90:
 903:Middlewares/Third_Party/FreeRTOS/Source/queue.c **** 
 1378              		.loc 1 903 3 discriminator 4 view .LVU409
 1379 0128 94F84520 		ldrb	r2, [r4, #69]	@ zero_extendqisi2
 1380 012c 52B2     		sxtb	r2, r2
 1381 012e B2F1FF3F 		cmp	r2, #-1
 1382 0132 D7D0     		beq	.L103
ARM GAS  D:\temp\TMP\ccsMuV5a.s 			page 76


 1383              	.L91:
 903:Middlewares/Third_Party/FreeRTOS/Source/queue.c **** 
 1384              		.loc 1 903 3 discriminator 7 view .LVU410
 1385 0134 FFF7FEFF 		bl	vPortExitCritical
 1386              	.LVL112:
 906:Middlewares/Third_Party/FreeRTOS/Source/queue.c **** 		{
 1387              		.loc 1 906 3 view .LVU411
 906:Middlewares/Third_Party/FreeRTOS/Source/queue.c **** 		{
 1388              		.loc 1 906 7 is_stmt 0 view .LVU412
 1389 0138 01A9     		add	r1, sp, #4
 1390 013a 02A8     		add	r0, sp, #8
 1391 013c FFF7FEFF 		bl	xTaskCheckForTimeOut
 1392              	.LVL113:
 906:Middlewares/Third_Party/FreeRTOS/Source/queue.c **** 		{
 1393              		.loc 1 906 5 discriminator 1 view .LVU413
 1394 0140 D8B9     		cbnz	r0, .L92
 908:Middlewares/Third_Party/FreeRTOS/Source/queue.c **** 			{
 1395              		.loc 1 908 4 is_stmt 1 view .LVU414
 908:Middlewares/Third_Party/FreeRTOS/Source/queue.c **** 			{
 1396              		.loc 1 908 8 is_stmt 0 view .LVU415
 1397 0142 2046     		mov	r0, r4
 1398 0144 FFF7FEFF 		bl	prvIsQueueFull
 1399              	.LVL114:
 908:Middlewares/Third_Party/FreeRTOS/Source/queue.c **** 			{
 1400              		.loc 1 908 6 discriminator 1 view .LVU416
 1401 0148 0028     		cmp	r0, #0
 1402 014a CFD0     		beq	.L93
 910:Middlewares/Third_Party/FreeRTOS/Source/queue.c **** 				vTaskPlaceOnEventList( &( pxQueue->xTasksWaitingToSend ), xTicksToWait );
 1403              		.loc 1 910 43 is_stmt 1 view .LVU417
 911:Middlewares/Third_Party/FreeRTOS/Source/queue.c **** 
 1404              		.loc 1 911 5 view .LVU418
 1405 014c 0199     		ldr	r1, [sp, #4]
 1406 014e 04F11000 		add	r0, r4, #16
 1407 0152 FFF7FEFF 		bl	vTaskPlaceOnEventList
 1408              	.LVL115:
 918:Middlewares/Third_Party/FreeRTOS/Source/queue.c **** 
 1409              		.loc 1 918 5 view .LVU419
 1410 0156 2046     		mov	r0, r4
 1411 0158 FFF7FEFF 		bl	prvUnlockQueue
 1412              	.LVL116:
 925:Middlewares/Third_Party/FreeRTOS/Source/queue.c **** 				{
 1413              		.loc 1 925 5 view .LVU420
 925:Middlewares/Third_Party/FreeRTOS/Source/queue.c **** 				{
 1414              		.loc 1 925 9 is_stmt 0 view .LVU421
 1415 015c FFF7FEFF 		bl	xTaskResumeAll
 1416              	.LVL117:
 925:Middlewares/Third_Party/FreeRTOS/Source/queue.c **** 				{
 1417              		.loc 1 925 7 discriminator 1 view .LVU422
 1418 0160 0028     		cmp	r0, #0
 1419 0162 C8D1     		bne	.L82
 927:Middlewares/Third_Party/FreeRTOS/Source/queue.c **** 				}
 1420              		.loc 1 927 6 is_stmt 1 view .LVU423
 1421 0164 4FF0E023 		mov	r3, #-536813568
 1422 0168 4FF08052 		mov	r2, #268435456
 1423 016c C3F8042D 		str	r2, [r3, #3332]
 927:Middlewares/Third_Party/FreeRTOS/Source/queue.c **** 				}
 1424              		.loc 1 927 6 view .LVU424
ARM GAS  D:\temp\TMP\ccsMuV5a.s 			page 77


 1425              		.syntax unified
 1426              	@ 927 "Middlewares/Third_Party/FreeRTOS/Source/queue.c" 1
 1427 0170 BFF34F8F 		dsb
 1428              	@ 0 "" 2
 927:Middlewares/Third_Party/FreeRTOS/Source/queue.c **** 				}
 1429              		.loc 1 927 6 view .LVU425
 1430              	@ 927 "Middlewares/Third_Party/FreeRTOS/Source/queue.c" 1
 1431 0174 BFF36F8F 		isb
 1432              	@ 0 "" 2
 1433              		.thumb
 1434              		.syntax unified
 1435 0178 BDE7     		b	.L82
 1436              	.L92:
 940:Middlewares/Third_Party/FreeRTOS/Source/queue.c **** 			( void ) xTaskResumeAll();
 1437              		.loc 1 940 4 view .LVU426
 1438 017a 2046     		mov	r0, r4
 1439 017c FFF7FEFF 		bl	prvUnlockQueue
 1440              	.LVL118:
 941:Middlewares/Third_Party/FreeRTOS/Source/queue.c **** 
 1441              		.loc 1 941 4 view .LVU427
 941:Middlewares/Third_Party/FreeRTOS/Source/queue.c **** 
 1442              		.loc 1 941 13 is_stmt 0 view .LVU428
 1443 0180 FFF7FEFF 		bl	xTaskResumeAll
 1444              	.LVL119:
 943:Middlewares/Third_Party/FreeRTOS/Source/queue.c **** 			return errQUEUE_FULL;
 1445              		.loc 1 943 37 is_stmt 1 view .LVU429
 944:Middlewares/Third_Party/FreeRTOS/Source/queue.c **** 		}
 1446              		.loc 1 944 4 view .LVU430
 944:Middlewares/Third_Party/FreeRTOS/Source/queue.c **** 		}
 1447              		.loc 1 944 11 is_stmt 0 view .LVU431
 1448 0184 0020     		movs	r0, #0
 1449 0186 8DE7     		b	.L73
 1450              		.cfi_endproc
 1451              	.LFE12:
 1453              		.section	.text.prvInitialiseMutex,"ax",%progbits
 1454              		.align	1
 1455              		.syntax unified
 1456              		.thumb
 1457              		.thumb_func
 1459              	prvInitialiseMutex:
 1460              	.LVL120:
 1461              	.LFB9:
 467:Middlewares/Third_Party/FreeRTOS/Source/queue.c **** 		if( pxNewQueue != NULL )
 1462              		.loc 1 467 2 is_stmt 1 view -0
 1463              		.cfi_startproc
 1464              		@ args = 0, pretend = 0, frame = 0
 1465              		@ frame_needed = 0, uses_anonymous_args = 0
 468:Middlewares/Third_Party/FreeRTOS/Source/queue.c **** 		{
 1466              		.loc 1 468 3 view .LVU433
 468:Middlewares/Third_Party/FreeRTOS/Source/queue.c **** 		{
 1467              		.loc 1 468 5 is_stmt 0 view .LVU434
 1468 0000 48B1     		cbz	r0, .L107
 467:Middlewares/Third_Party/FreeRTOS/Source/queue.c **** 		if( pxNewQueue != NULL )
 1469              		.loc 1 467 2 view .LVU435
 1470 0002 08B5     		push	{r3, lr}
 1471              	.LCFI18:
 1472              		.cfi_def_cfa_offset 8
ARM GAS  D:\temp\TMP\ccsMuV5a.s 			page 78


 1473              		.cfi_offset 3, -8
 1474              		.cfi_offset 14, -4
 474:Middlewares/Third_Party/FreeRTOS/Source/queue.c **** 			pxNewQueue->uxQueueType = queueQUEUE_IS_MUTEX;
 1475              		.loc 1 474 4 is_stmt 1 view .LVU436
 474:Middlewares/Third_Party/FreeRTOS/Source/queue.c **** 			pxNewQueue->uxQueueType = queueQUEUE_IS_MUTEX;
 1476              		.loc 1 474 42 is_stmt 0 view .LVU437
 1477 0004 0021     		movs	r1, #0
 1478 0006 8160     		str	r1, [r0, #8]
 475:Middlewares/Third_Party/FreeRTOS/Source/queue.c **** 
 1479              		.loc 1 475 4 is_stmt 1 view .LVU438
 475:Middlewares/Third_Party/FreeRTOS/Source/queue.c **** 
 1480              		.loc 1 475 28 is_stmt 0 view .LVU439
 1481 0008 0160     		str	r1, [r0]
 478:Middlewares/Third_Party/FreeRTOS/Source/queue.c **** 
 1482              		.loc 1 478 4 is_stmt 1 view .LVU440
 478:Middlewares/Third_Party/FreeRTOS/Source/queue.c **** 
 1483              		.loc 1 478 50 is_stmt 0 view .LVU441
 1484 000a C160     		str	r1, [r0, #12]
 480:Middlewares/Third_Party/FreeRTOS/Source/queue.c **** 
 1485              		.loc 1 480 35 is_stmt 1 view .LVU442
 483:Middlewares/Third_Party/FreeRTOS/Source/queue.c **** 		}
 1486              		.loc 1 483 4 view .LVU443
 483:Middlewares/Third_Party/FreeRTOS/Source/queue.c **** 		}
 1487              		.loc 1 483 13 is_stmt 0 view .LVU444
 1488 000c 0B46     		mov	r3, r1
 1489 000e 0A46     		mov	r2, r1
 1490 0010 FFF7FEFF 		bl	xQueueGenericSend
 1491              	.LVL121:
 487:Middlewares/Third_Party/FreeRTOS/Source/queue.c **** 		}
 1492              		.loc 1 487 30 is_stmt 1 view .LVU445
 489:Middlewares/Third_Party/FreeRTOS/Source/queue.c **** 
 1493              		.loc 1 489 2 is_stmt 0 view .LVU446
 1494 0014 08BD     		pop	{r3, pc}
 1495              	.LVL122:
 1496              	.L107:
 1497              	.LCFI19:
 1498              		.cfi_def_cfa_offset 0
 1499              		.cfi_restore 3
 1500              		.cfi_restore 14
 489:Middlewares/Third_Party/FreeRTOS/Source/queue.c **** 
 1501              		.loc 1 489 2 view .LVU447
 1502 0016 7047     		bx	lr
 1503              		.cfi_endproc
 1504              	.LFE9:
 1506              		.section	.text.xQueueCreateMutex,"ax",%progbits
 1507              		.align	1
 1508              		.global	xQueueCreateMutex
 1509              		.syntax unified
 1510              		.thumb
 1511              		.thumb_func
 1513              	xQueueCreateMutex:
 1514              	.LVL123:
 1515              	.LFB10:
 497:Middlewares/Third_Party/FreeRTOS/Source/queue.c **** 	QueueHandle_t xNewQueue;
 1516              		.loc 1 497 2 is_stmt 1 view -0
 1517              		.cfi_startproc
 1518              		@ args = 0, pretend = 0, frame = 0
ARM GAS  D:\temp\TMP\ccsMuV5a.s 			page 79


 1519              		@ frame_needed = 0, uses_anonymous_args = 0
 497:Middlewares/Third_Party/FreeRTOS/Source/queue.c **** 	QueueHandle_t xNewQueue;
 1520              		.loc 1 497 2 is_stmt 0 view .LVU449
 1521 0000 10B5     		push	{r4, lr}
 1522              	.LCFI20:
 1523              		.cfi_def_cfa_offset 8
 1524              		.cfi_offset 4, -8
 1525              		.cfi_offset 14, -4
 1526 0002 0246     		mov	r2, r0
 498:Middlewares/Third_Party/FreeRTOS/Source/queue.c **** 	const UBaseType_t uxMutexLength = ( UBaseType_t ) 1, uxMutexSize = ( UBaseType_t ) 0;
 1527              		.loc 1 498 2 is_stmt 1 view .LVU450
 499:Middlewares/Third_Party/FreeRTOS/Source/queue.c **** 
 1528              		.loc 1 499 2 view .LVU451
 1529              	.LVL124:
 501:Middlewares/Third_Party/FreeRTOS/Source/queue.c **** 		prvInitialiseMutex( ( Queue_t * ) xNewQueue );
 1530              		.loc 1 501 3 view .LVU452
 501:Middlewares/Third_Party/FreeRTOS/Source/queue.c **** 		prvInitialiseMutex( ( Queue_t * ) xNewQueue );
 1531              		.loc 1 501 15 is_stmt 0 view .LVU453
 1532 0004 0021     		movs	r1, #0
 1533 0006 0120     		movs	r0, #1
 1534              	.LVL125:
 501:Middlewares/Third_Party/FreeRTOS/Source/queue.c **** 		prvInitialiseMutex( ( Queue_t * ) xNewQueue );
 1535              		.loc 1 501 15 view .LVU454
 1536 0008 FFF7FEFF 		bl	xQueueGenericCreate
 1537              	.LVL126:
 501:Middlewares/Third_Party/FreeRTOS/Source/queue.c **** 		prvInitialiseMutex( ( Queue_t * ) xNewQueue );
 1538              		.loc 1 501 15 view .LVU455
 1539 000c 0446     		mov	r4, r0
 1540              	.LVL127:
 502:Middlewares/Third_Party/FreeRTOS/Source/queue.c **** 
 1541              		.loc 1 502 3 is_stmt 1 view .LVU456
 1542 000e FFF7FEFF 		bl	prvInitialiseMutex
 1543              	.LVL128:
 504:Middlewares/Third_Party/FreeRTOS/Source/queue.c **** 	}
 1544              		.loc 1 504 3 view .LVU457
 505:Middlewares/Third_Party/FreeRTOS/Source/queue.c **** 
 1545              		.loc 1 505 2 is_stmt 0 view .LVU458
 1546 0012 2046     		mov	r0, r4
 1547 0014 10BD     		pop	{r4, pc}
 505:Middlewares/Third_Party/FreeRTOS/Source/queue.c **** 
 1548              		.loc 1 505 2 view .LVU459
 1549              		.cfi_endproc
 1550              	.LFE10:
 1552              		.section	.text.xQueueCreateMutexStatic,"ax",%progbits
 1553              		.align	1
 1554              		.global	xQueueCreateMutexStatic
 1555              		.syntax unified
 1556              		.thumb
 1557              		.thumb_func
 1559              	xQueueCreateMutexStatic:
 1560              	.LVL129:
 1561              	.LFB11:
 513:Middlewares/Third_Party/FreeRTOS/Source/queue.c **** 	QueueHandle_t xNewQueue;
 1562              		.loc 1 513 2 is_stmt 1 view -0
 1563              		.cfi_startproc
 1564              		@ args = 0, pretend = 0, frame = 0
 1565              		@ frame_needed = 0, uses_anonymous_args = 0
ARM GAS  D:\temp\TMP\ccsMuV5a.s 			page 80


 513:Middlewares/Third_Party/FreeRTOS/Source/queue.c **** 	QueueHandle_t xNewQueue;
 1566              		.loc 1 513 2 is_stmt 0 view .LVU461
 1567 0000 10B5     		push	{r4, lr}
 1568              	.LCFI21:
 1569              		.cfi_def_cfa_offset 8
 1570              		.cfi_offset 4, -8
 1571              		.cfi_offset 14, -4
 1572 0002 82B0     		sub	sp, sp, #8
 1573              	.LCFI22:
 1574              		.cfi_def_cfa_offset 16
 1575 0004 0B46     		mov	r3, r1
 514:Middlewares/Third_Party/FreeRTOS/Source/queue.c **** 	const UBaseType_t uxMutexLength = ( UBaseType_t ) 1, uxMutexSize = ( UBaseType_t ) 0;
 1576              		.loc 1 514 2 is_stmt 1 view .LVU462
 515:Middlewares/Third_Party/FreeRTOS/Source/queue.c **** 
 1577              		.loc 1 515 2 view .LVU463
 1578              	.LVL130:
 519:Middlewares/Third_Party/FreeRTOS/Source/queue.c **** 
 1579              		.loc 1 519 3 view .LVU464
 521:Middlewares/Third_Party/FreeRTOS/Source/queue.c **** 		prvInitialiseMutex( ( Queue_t * ) xNewQueue );
 1580              		.loc 1 521 3 view .LVU465
 521:Middlewares/Third_Party/FreeRTOS/Source/queue.c **** 		prvInitialiseMutex( ( Queue_t * ) xNewQueue );
 1581              		.loc 1 521 15 is_stmt 0 view .LVU466
 1582 0006 0090     		str	r0, [sp]
 1583 0008 0022     		movs	r2, #0
 1584 000a 1146     		mov	r1, r2
 1585              	.LVL131:
 521:Middlewares/Third_Party/FreeRTOS/Source/queue.c **** 		prvInitialiseMutex( ( Queue_t * ) xNewQueue );
 1586              		.loc 1 521 15 view .LVU467
 1587 000c 0120     		movs	r0, #1
 1588              	.LVL132:
 521:Middlewares/Third_Party/FreeRTOS/Source/queue.c **** 		prvInitialiseMutex( ( Queue_t * ) xNewQueue );
 1589              		.loc 1 521 15 view .LVU468
 1590 000e FFF7FEFF 		bl	xQueueGenericCreateStatic
 1591              	.LVL133:
 521:Middlewares/Third_Party/FreeRTOS/Source/queue.c **** 		prvInitialiseMutex( ( Queue_t * ) xNewQueue );
 1592              		.loc 1 521 15 view .LVU469
 1593 0012 0446     		mov	r4, r0
 1594              	.LVL134:
 522:Middlewares/Third_Party/FreeRTOS/Source/queue.c **** 
 1595              		.loc 1 522 3 is_stmt 1 view .LVU470
 1596 0014 FFF7FEFF 		bl	prvInitialiseMutex
 1597              	.LVL135:
 524:Middlewares/Third_Party/FreeRTOS/Source/queue.c **** 	}
 1598              		.loc 1 524 3 view .LVU471
 525:Middlewares/Third_Party/FreeRTOS/Source/queue.c **** 
 1599              		.loc 1 525 2 is_stmt 0 view .LVU472
 1600 0018 2046     		mov	r0, r4
 1601 001a 02B0     		add	sp, sp, #8
 1602              	.LCFI23:
 1603              		.cfi_def_cfa_offset 8
 1604              		@ sp needed
 1605 001c 10BD     		pop	{r4, pc}
 525:Middlewares/Third_Party/FreeRTOS/Source/queue.c **** 
 1606              		.loc 1 525 2 view .LVU473
 1607              		.cfi_endproc
 1608              	.LFE11:
 1610              		.section	.text.xQueueGenericSendFromISR,"ax",%progbits
ARM GAS  D:\temp\TMP\ccsMuV5a.s 			page 81


 1611              		.align	1
 1612              		.global	xQueueGenericSendFromISR
 1613              		.syntax unified
 1614              		.thumb
 1615              		.thumb_func
 1617              	xQueueGenericSendFromISR:
 1618              	.LVL136:
 1619              	.LFB13:
 951:Middlewares/Third_Party/FreeRTOS/Source/queue.c **** BaseType_t xReturn;
 1620              		.loc 1 951 1 is_stmt 1 view -0
 1621              		.cfi_startproc
 1622              		@ args = 0, pretend = 0, frame = 0
 1623              		@ frame_needed = 0, uses_anonymous_args = 0
 951:Middlewares/Third_Party/FreeRTOS/Source/queue.c **** BaseType_t xReturn;
 1624              		.loc 1 951 1 is_stmt 0 view .LVU475
 1625 0000 2DE9F843 		push	{r3, r4, r5, r6, r7, r8, r9, lr}
 1626              	.LCFI24:
 1627              		.cfi_def_cfa_offset 32
 1628              		.cfi_offset 3, -32
 1629              		.cfi_offset 4, -28
 1630              		.cfi_offset 5, -24
 1631              		.cfi_offset 6, -20
 1632              		.cfi_offset 7, -16
 1633              		.cfi_offset 8, -12
 1634              		.cfi_offset 9, -8
 1635              		.cfi_offset 14, -4
 952:Middlewares/Third_Party/FreeRTOS/Source/queue.c **** UBaseType_t uxSavedInterruptStatus;
 1636              		.loc 1 952 1 is_stmt 1 view .LVU476
 953:Middlewares/Third_Party/FreeRTOS/Source/queue.c **** Queue_t * const pxQueue = xQueue;
 1637              		.loc 1 953 1 view .LVU477
 954:Middlewares/Third_Party/FreeRTOS/Source/queue.c **** 
 1638              		.loc 1 954 1 view .LVU478
 1639              	.LVL137:
 956:Middlewares/Third_Party/FreeRTOS/Source/queue.c **** 	configASSERT( !( ( pvItemToQueue == NULL ) && ( pxQueue->uxItemSize != ( UBaseType_t ) 0U ) ) );
 1640              		.loc 1 956 2 view .LVU479
 1641 0004 90B1     		cbz	r0, .L129
 1642 0006 0F46     		mov	r7, r1
 1643 0008 9046     		mov	r8, r2
 1644 000a 1E46     		mov	r6, r3
 1645 000c 0446     		mov	r4, r0
 956:Middlewares/Third_Party/FreeRTOS/Source/queue.c **** 	configASSERT( !( ( pvItemToQueue == NULL ) && ( pxQueue->uxItemSize != ( UBaseType_t ) 0U ) ) );
 1646              		.loc 1 956 25 view .LVU480
 957:Middlewares/Third_Party/FreeRTOS/Source/queue.c **** 	configASSERT( !( ( xCopyPosition == queueOVERWRITE ) && ( pxQueue->uxLength != 1 ) ) );
 1647              		.loc 1 957 2 view .LVU481
 1648 000e B1B1     		cbz	r1, .L130
 1649              	.LVL138:
 1650              	.L117:
 957:Middlewares/Third_Party/FreeRTOS/Source/queue.c **** 	configASSERT( !( ( xCopyPosition == queueOVERWRITE ) && ( pxQueue->uxLength != 1 ) ) );
 1651              		.loc 1 957 97 view .LVU482
 958:Middlewares/Third_Party/FreeRTOS/Source/queue.c **** 
 1652              		.loc 1 958 2 view .LVU483
 1653 0010 022E     		cmp	r6, #2
 1654 0012 20D1     		bne	.L119
 958:Middlewares/Third_Party/FreeRTOS/Source/queue.c **** 
 1655              		.loc 1 958 2 is_stmt 0 discriminator 2 view .LVU484
 1656 0014 E36B     		ldr	r3, [r4, #60]
 1657 0016 012B     		cmp	r3, #1
ARM GAS  D:\temp\TMP\ccsMuV5a.s 			page 82


 1658 0018 1DD0     		beq	.L119
 958:Middlewares/Third_Party/FreeRTOS/Source/queue.c **** 
 1659              		.loc 1 958 2 is_stmt 1 discriminator 7 view .LVU485
 1660              	.LBB129:
 1661              	.LBI129:
 191:Middlewares/Third_Party/FreeRTOS/Source/portable/GCC/ARM_CM4F/portmacro.h **** {
 1662              		.loc 2 191 30 view .LVU486
 1663              	.LBB130:
 193:Middlewares/Third_Party/FreeRTOS/Source/portable/GCC/ARM_CM4F/portmacro.h **** 
 1664              		.loc 2 193 1 view .LVU487
 1665              		.loc 2 195 2 view .LVU488
 1666              		.syntax unified
 1667              	@ 195 "Middlewares/Third_Party/FreeRTOS/Source/portable/GCC/ARM_CM4F/portmacro.h" 1
 1668 001a 4FF05003 			mov r3, #80												
 1669 001e 83F31188 		msr basepri, r3											
 1670 0022 BFF36F8F 		isb														
 1671 0026 BFF34F8F 		dsb														
 1672              	
 1673              	@ 0 "" 2
 1674              		.thumb
 1675              		.syntax unified
 1676              	.L120:
 1677              	.LBE130:
 1678              	.LBE129:
 958:Middlewares/Third_Party/FreeRTOS/Source/queue.c **** 
 1679              		.loc 1 958 2 view .LVU489
 1680 002a FEE7     		b	.L120
 1681              	.LVL139:
 1682              	.L129:
 956:Middlewares/Third_Party/FreeRTOS/Source/queue.c **** 	configASSERT( !( ( pvItemToQueue == NULL ) && ( pxQueue->uxItemSize != ( UBaseType_t ) 0U ) ) );
 1683              		.loc 1 956 2 discriminator 1 view .LVU490
 1684              	.LBB131:
 1685              	.LBI131:
 191:Middlewares/Third_Party/FreeRTOS/Source/portable/GCC/ARM_CM4F/portmacro.h **** {
 1686              		.loc 2 191 30 view .LVU491
 1687              	.LBB132:
 193:Middlewares/Third_Party/FreeRTOS/Source/portable/GCC/ARM_CM4F/portmacro.h **** 
 1688              		.loc 2 193 1 view .LVU492
 1689              		.loc 2 195 2 view .LVU493
 1690              		.syntax unified
 1691              	@ 195 "Middlewares/Third_Party/FreeRTOS/Source/portable/GCC/ARM_CM4F/portmacro.h" 1
 1692 002c 4FF05003 			mov r3, #80												
 1693 0030 83F31188 		msr basepri, r3											
 1694 0034 BFF36F8F 		isb														
 1695 0038 BFF34F8F 		dsb														
 1696              	
 1697              	@ 0 "" 2
 1698              	.LVL140:
 1699              		.thumb
 1700              		.syntax unified
 1701              	.L116:
 1702              		.loc 2 195 2 is_stmt 0 view .LVU494
 1703              	.LBE132:
 1704              	.LBE131:
 956:Middlewares/Third_Party/FreeRTOS/Source/queue.c **** 	configASSERT( !( ( pvItemToQueue == NULL ) && ( pxQueue->uxItemSize != ( UBaseType_t ) 0U ) ) );
 1705              		.loc 1 956 2 is_stmt 1 view .LVU495
 1706 003c FEE7     		b	.L116
ARM GAS  D:\temp\TMP\ccsMuV5a.s 			page 83


 1707              	.LVL141:
 1708              	.L130:
 957:Middlewares/Third_Party/FreeRTOS/Source/queue.c **** 	configASSERT( !( ( xCopyPosition == queueOVERWRITE ) && ( pxQueue->uxLength != 1 ) ) );
 1709              		.loc 1 957 2 is_stmt 0 discriminator 2 view .LVU496
 1710 003e 036C     		ldr	r3, [r0, #64]
 1711              	.LVL142:
 957:Middlewares/Third_Party/FreeRTOS/Source/queue.c **** 	configASSERT( !( ( xCopyPosition == queueOVERWRITE ) && ( pxQueue->uxLength != 1 ) ) );
 1712              		.loc 1 957 2 discriminator 2 view .LVU497
 1713 0040 002B     		cmp	r3, #0
 1714 0042 E5D0     		beq	.L117
 957:Middlewares/Third_Party/FreeRTOS/Source/queue.c **** 	configASSERT( !( ( xCopyPosition == queueOVERWRITE ) && ( pxQueue->uxLength != 1 ) ) );
 1715              		.loc 1 957 2 is_stmt 1 discriminator 7 view .LVU498
 1716              	.LBB133:
 1717              	.LBI133:
 191:Middlewares/Third_Party/FreeRTOS/Source/portable/GCC/ARM_CM4F/portmacro.h **** {
 1718              		.loc 2 191 30 view .LVU499
 1719              	.LBB134:
 193:Middlewares/Third_Party/FreeRTOS/Source/portable/GCC/ARM_CM4F/portmacro.h **** 
 1720              		.loc 2 193 1 view .LVU500
 1721              		.loc 2 195 2 view .LVU501
 1722              		.syntax unified
 1723              	@ 195 "Middlewares/Third_Party/FreeRTOS/Source/portable/GCC/ARM_CM4F/portmacro.h" 1
 1724 0044 4FF05003 			mov r3, #80												
 1725 0048 83F31188 		msr basepri, r3											
 1726 004c BFF36F8F 		isb														
 1727 0050 BFF34F8F 		dsb														
 1728              	
 1729              	@ 0 "" 2
 1730              		.thumb
 1731              		.syntax unified
 1732              	.L118:
 1733              	.LBE134:
 1734              	.LBE133:
 957:Middlewares/Third_Party/FreeRTOS/Source/queue.c **** 	configASSERT( !( ( xCopyPosition == queueOVERWRITE ) && ( pxQueue->uxLength != 1 ) ) );
 1735              		.loc 1 957 2 view .LVU502
 1736 0054 FEE7     		b	.L118
 1737              	.L119:
 958:Middlewares/Third_Party/FreeRTOS/Source/queue.c **** 
 1738              		.loc 1 958 88 view .LVU503
 974:Middlewares/Third_Party/FreeRTOS/Source/queue.c **** 
 1739              		.loc 1 974 2 view .LVU504
 1740 0056 FFF7FEFF 		bl	vPortValidateInterruptPriority
 1741              	.LVL143:
 981:Middlewares/Third_Party/FreeRTOS/Source/queue.c **** 	{
 1742              		.loc 1 981 2 view .LVU505
 1743              	.LBB135:
 1744              	.LBI135:
 196:Middlewares/Third_Party/FreeRTOS/Source/portable/GCC/ARM_CM4F/portmacro.h **** 	(
 197:Middlewares/Third_Party/FreeRTOS/Source/portable/GCC/ARM_CM4F/portmacro.h **** 		"	mov %0, %1												\n"	\
 198:Middlewares/Third_Party/FreeRTOS/Source/portable/GCC/ARM_CM4F/portmacro.h **** 		"	msr basepri, %0											\n" \
 199:Middlewares/Third_Party/FreeRTOS/Source/portable/GCC/ARM_CM4F/portmacro.h **** 		"	isb														\n" \
 200:Middlewares/Third_Party/FreeRTOS/Source/portable/GCC/ARM_CM4F/portmacro.h **** 		"	dsb														\n" \
 201:Middlewares/Third_Party/FreeRTOS/Source/portable/GCC/ARM_CM4F/portmacro.h **** 		:"=r" (ulNewBASEPRI) : "i" ( configMAX_SYSCALL_INTERRUPT_PRIORITY ) : "memory"
 202:Middlewares/Third_Party/FreeRTOS/Source/portable/GCC/ARM_CM4F/portmacro.h **** 	);
 203:Middlewares/Third_Party/FreeRTOS/Source/portable/GCC/ARM_CM4F/portmacro.h **** }
 204:Middlewares/Third_Party/FreeRTOS/Source/portable/GCC/ARM_CM4F/portmacro.h **** 
 205:Middlewares/Third_Party/FreeRTOS/Source/portable/GCC/ARM_CM4F/portmacro.h **** /*-----------------------------------------------------------*/
ARM GAS  D:\temp\TMP\ccsMuV5a.s 			page 84


 206:Middlewares/Third_Party/FreeRTOS/Source/portable/GCC/ARM_CM4F/portmacro.h **** 
 207:Middlewares/Third_Party/FreeRTOS/Source/portable/GCC/ARM_CM4F/portmacro.h **** portFORCE_INLINE static uint32_t ulPortRaiseBASEPRI( void )
 1745              		.loc 2 207 34 view .LVU506
 1746              	.LBB136:
 208:Middlewares/Third_Party/FreeRTOS/Source/portable/GCC/ARM_CM4F/portmacro.h **** {
 209:Middlewares/Third_Party/FreeRTOS/Source/portable/GCC/ARM_CM4F/portmacro.h **** uint32_t ulOriginalBASEPRI, ulNewBASEPRI;
 1747              		.loc 2 209 1 view .LVU507
 210:Middlewares/Third_Party/FreeRTOS/Source/portable/GCC/ARM_CM4F/portmacro.h **** 
 211:Middlewares/Third_Party/FreeRTOS/Source/portable/GCC/ARM_CM4F/portmacro.h **** 	__asm volatile
 1748              		.loc 2 211 2 view .LVU508
 1749              		.syntax unified
 1750              	@ 211 "Middlewares/Third_Party/FreeRTOS/Source/portable/GCC/ARM_CM4F/portmacro.h" 1
 1751 005a EFF31183 			mrs r3, basepri											
 1752 005e 4FF05002 		mov r2, #80												
 1753 0062 82F31188 		msr basepri, r2											
 1754 0066 BFF36F8F 		isb														
 1755 006a BFF34F8F 		dsb														
 1756              	
 1757              	@ 0 "" 2
 1758              		.thumb
 1759              		.syntax unified
 1760 006e 9946     		mov	r9, r3
 212:Middlewares/Third_Party/FreeRTOS/Source/portable/GCC/ARM_CM4F/portmacro.h **** 	(
 213:Middlewares/Third_Party/FreeRTOS/Source/portable/GCC/ARM_CM4F/portmacro.h **** 		"	mrs %0, basepri											\n" \
 214:Middlewares/Third_Party/FreeRTOS/Source/portable/GCC/ARM_CM4F/portmacro.h **** 		"	mov %1, %2												\n"	\
 215:Middlewares/Third_Party/FreeRTOS/Source/portable/GCC/ARM_CM4F/portmacro.h **** 		"	msr basepri, %1											\n" \
 216:Middlewares/Third_Party/FreeRTOS/Source/portable/GCC/ARM_CM4F/portmacro.h **** 		"	isb														\n" \
 217:Middlewares/Third_Party/FreeRTOS/Source/portable/GCC/ARM_CM4F/portmacro.h **** 		"	dsb														\n" \
 218:Middlewares/Third_Party/FreeRTOS/Source/portable/GCC/ARM_CM4F/portmacro.h **** 		:"=r" (ulOriginalBASEPRI), "=r" (ulNewBASEPRI) : "i" ( configMAX_SYSCALL_INTERRUPT_PRIORITY ) : "
 219:Middlewares/Third_Party/FreeRTOS/Source/portable/GCC/ARM_CM4F/portmacro.h **** 	);
 220:Middlewares/Third_Party/FreeRTOS/Source/portable/GCC/ARM_CM4F/portmacro.h **** 
 221:Middlewares/Third_Party/FreeRTOS/Source/portable/GCC/ARM_CM4F/portmacro.h **** 	/* This return will not be reached but is necessary to prevent compiler
 222:Middlewares/Third_Party/FreeRTOS/Source/portable/GCC/ARM_CM4F/portmacro.h **** 	warnings. */
 223:Middlewares/Third_Party/FreeRTOS/Source/portable/GCC/ARM_CM4F/portmacro.h **** 	return ulOriginalBASEPRI;
 1761              		.loc 2 223 2 view .LVU509
 1762              	.LVL144:
 1763              		.loc 2 223 2 is_stmt 0 view .LVU510
 1764              	.LBE136:
 1765              	.LBE135:
 983:Middlewares/Third_Party/FreeRTOS/Source/queue.c **** 		{
 1766              		.loc 1 983 3 is_stmt 1 view .LVU511
 983:Middlewares/Third_Party/FreeRTOS/Source/queue.c **** 		{
 1767              		.loc 1 983 16 is_stmt 0 view .LVU512
 1768 0070 A26B     		ldr	r2, [r4, #56]
 983:Middlewares/Third_Party/FreeRTOS/Source/queue.c **** 		{
 1769              		.loc 1 983 45 view .LVU513
 1770 0072 E36B     		ldr	r3, [r4, #60]
 1771              	.LVL145:
 983:Middlewares/Third_Party/FreeRTOS/Source/queue.c **** 		{
 1772              		.loc 1 983 5 view .LVU514
 1773 0074 9A42     		cmp	r2, r3
 1774 0076 06D3     		bcc	.L121
 983:Middlewares/Third_Party/FreeRTOS/Source/queue.c **** 		{
 1775              		.loc 1 983 58 discriminator 1 view .LVU515
 1776 0078 022E     		cmp	r6, #2
 1777 007a 04D0     		beq	.L121
1103:Middlewares/Third_Party/FreeRTOS/Source/queue.c **** 		}
ARM GAS  D:\temp\TMP\ccsMuV5a.s 			page 85


 1778              		.loc 1 1103 12 view .LVU516
 1779 007c 0020     		movs	r0, #0
 1780              	.L122:
 1781              	.LVL146:
1106:Middlewares/Third_Party/FreeRTOS/Source/queue.c **** 
 1782              		.loc 1 1106 2 is_stmt 1 view .LVU517
 1783              	.LBB137:
 1784              	.LBI137:
 224:Middlewares/Third_Party/FreeRTOS/Source/portable/GCC/ARM_CM4F/portmacro.h **** }
 225:Middlewares/Third_Party/FreeRTOS/Source/portable/GCC/ARM_CM4F/portmacro.h **** /*-----------------------------------------------------------*/
 226:Middlewares/Third_Party/FreeRTOS/Source/portable/GCC/ARM_CM4F/portmacro.h **** 
 227:Middlewares/Third_Party/FreeRTOS/Source/portable/GCC/ARM_CM4F/portmacro.h **** portFORCE_INLINE static void vPortSetBASEPRI( uint32_t ulNewMaskValue )
 1785              		.loc 2 227 30 view .LVU518
 1786              	.LBB138:
 228:Middlewares/Third_Party/FreeRTOS/Source/portable/GCC/ARM_CM4F/portmacro.h **** {
 229:Middlewares/Third_Party/FreeRTOS/Source/portable/GCC/ARM_CM4F/portmacro.h **** 	__asm volatile
 1787              		.loc 2 229 2 view .LVU519
 1788              		.syntax unified
 1789              	@ 229 "Middlewares/Third_Party/FreeRTOS/Source/portable/GCC/ARM_CM4F/portmacro.h" 1
 1790 007e 89F31188 			msr basepri, r9	
 1791              	@ 0 "" 2
 1792              		.thumb
 1793              		.syntax unified
 1794              	.LBE138:
 1795              	.LBE137:
1108:Middlewares/Third_Party/FreeRTOS/Source/queue.c **** }
 1796              		.loc 1 1108 2 view .LVU520
1109:Middlewares/Third_Party/FreeRTOS/Source/queue.c **** /*-----------------------------------------------------------*/
 1797              		.loc 1 1109 1 is_stmt 0 view .LVU521
 1798 0082 BDE8F883 		pop	{r3, r4, r5, r6, r7, r8, r9, pc}
 1799              	.LVL147:
 1800              	.L121:
 1801              	.LBB139:
 985:Middlewares/Third_Party/FreeRTOS/Source/queue.c **** 			const UBaseType_t uxPreviousMessagesWaiting = pxQueue->uxMessagesWaiting;
 1802              		.loc 1 985 4 is_stmt 1 view .LVU522
 985:Middlewares/Third_Party/FreeRTOS/Source/queue.c **** 			const UBaseType_t uxPreviousMessagesWaiting = pxQueue->uxMessagesWaiting;
 1803              		.loc 1 985 17 is_stmt 0 view .LVU523
 1804 0086 94F84530 		ldrb	r3, [r4, #69]	@ zero_extendqisi2
 1805 008a 5DB2     		sxtb	r5, r3
 1806              	.LVL148:
 986:Middlewares/Third_Party/FreeRTOS/Source/queue.c **** 
 1807              		.loc 1 986 4 is_stmt 1 view .LVU524
 986:Middlewares/Third_Party/FreeRTOS/Source/queue.c **** 
 1808              		.loc 1 986 22 is_stmt 0 view .LVU525
 1809 008c A36B     		ldr	r3, [r4, #56]
 988:Middlewares/Third_Party/FreeRTOS/Source/queue.c **** 
 1810              		.loc 1 988 39 is_stmt 1 view .LVU526
 995:Middlewares/Third_Party/FreeRTOS/Source/queue.c **** 
 1811              		.loc 1 995 4 view .LVU527
 995:Middlewares/Third_Party/FreeRTOS/Source/queue.c **** 
 1812              		.loc 1 995 13 is_stmt 0 view .LVU528
 1813 008e 3246     		mov	r2, r6
 1814 0090 3946     		mov	r1, r7
 1815 0092 2046     		mov	r0, r4
 1816 0094 FFF7FEFF 		bl	prvCopyDataToQueue
 1817              	.LVL149:
 999:Middlewares/Third_Party/FreeRTOS/Source/queue.c **** 			{
ARM GAS  D:\temp\TMP\ccsMuV5a.s 			page 86


 1818              		.loc 1 999 4 is_stmt 1 view .LVU529
 999:Middlewares/Third_Party/FreeRTOS/Source/queue.c **** 			{
 1819              		.loc 1 999 6 is_stmt 0 view .LVU530
 1820 0098 B5F1FF3F 		cmp	r5, #-1
 1821 009c 06D0     		beq	.L131
1095:Middlewares/Third_Party/FreeRTOS/Source/queue.c **** 			}
 1822              		.loc 1 1095 5 is_stmt 1 view .LVU531
1095:Middlewares/Third_Party/FreeRTOS/Source/queue.c **** 			}
 1823              		.loc 1 1095 45 is_stmt 0 view .LVU532
 1824 009e 2B46     		mov	r3, r5
 1825 00a0 0133     		adds	r3, r3, #1
1095:Middlewares/Third_Party/FreeRTOS/Source/queue.c **** 			}
 1826              		.loc 1 1095 24 view .LVU533
 1827 00a2 5BB2     		sxtb	r3, r3
1095:Middlewares/Third_Party/FreeRTOS/Source/queue.c **** 			}
 1828              		.loc 1 1095 22 view .LVU534
 1829 00a4 84F84530 		strb	r3, [r4, #69]
1098:Middlewares/Third_Party/FreeRTOS/Source/queue.c **** 		}
 1830              		.loc 1 1098 12 view .LVU535
 1831 00a8 0120     		movs	r0, #1
 1832 00aa E8E7     		b	.L122
 1833              	.L131:
1061:Middlewares/Third_Party/FreeRTOS/Source/queue.c **** 					{
 1834              		.loc 1 1061 6 is_stmt 1 view .LVU536
1061:Middlewares/Third_Party/FreeRTOS/Source/queue.c **** 					{
 1835              		.loc 1 1061 10 is_stmt 0 view .LVU537
 1836 00ac 636A     		ldr	r3, [r4, #36]
1061:Middlewares/Third_Party/FreeRTOS/Source/queue.c **** 					{
 1837              		.loc 1 1061 8 view .LVU538
 1838 00ae 0BB9     		cbnz	r3, .L132
1098:Middlewares/Third_Party/FreeRTOS/Source/queue.c **** 		}
 1839              		.loc 1 1098 12 view .LVU539
 1840 00b0 0120     		movs	r0, #1
 1841 00b2 E4E7     		b	.L122
 1842              	.L132:
1063:Middlewares/Third_Party/FreeRTOS/Source/queue.c **** 						{
 1843              		.loc 1 1063 7 is_stmt 1 view .LVU540
1063:Middlewares/Third_Party/FreeRTOS/Source/queue.c **** 						{
 1844              		.loc 1 1063 11 is_stmt 0 view .LVU541
 1845 00b4 04F12400 		add	r0, r4, #36
 1846 00b8 FFF7FEFF 		bl	xTaskRemoveFromEventList
 1847              	.LVL150:
1063:Middlewares/Third_Party/FreeRTOS/Source/queue.c **** 						{
 1848              		.loc 1 1063 9 discriminator 1 view .LVU542
 1849 00bc 28B1     		cbz	r0, .L126
1067:Middlewares/Third_Party/FreeRTOS/Source/queue.c **** 							{
 1850              		.loc 1 1067 8 is_stmt 1 view .LVU543
1067:Middlewares/Third_Party/FreeRTOS/Source/queue.c **** 							{
 1851              		.loc 1 1067 10 is_stmt 0 view .LVU544
 1852 00be 4346     		mov	r3, r8
 1853 00c0 2BB1     		cbz	r3, .L127
 1854              	.LVL151:
1069:Middlewares/Third_Party/FreeRTOS/Source/queue.c **** 							}
 1855              		.loc 1 1069 9 is_stmt 1 view .LVU545
1069:Middlewares/Third_Party/FreeRTOS/Source/queue.c **** 							}
 1856              		.loc 1 1069 36 is_stmt 0 view .LVU546
 1857 00c2 0120     		movs	r0, #1
ARM GAS  D:\temp\TMP\ccsMuV5a.s 			page 87


 1858 00c4 C8F80000 		str	r0, [r8]
 1859 00c8 D9E7     		b	.L122
 1860              	.LVL152:
 1861              	.L126:
1098:Middlewares/Third_Party/FreeRTOS/Source/queue.c **** 		}
 1862              		.loc 1 1098 12 view .LVU547
 1863 00ca 0120     		movs	r0, #1
 1864 00cc D7E7     		b	.L122
 1865              	.LVL153:
 1866              	.L127:
1098:Middlewares/Third_Party/FreeRTOS/Source/queue.c **** 		}
 1867              		.loc 1 1098 12 view .LVU548
 1868 00ce 0120     		movs	r0, #1
 1869 00d0 D5E7     		b	.L122
 1870              	.LBE139:
 1871              		.cfi_endproc
 1872              	.LFE13:
 1874              		.section	.text.xQueueGiveFromISR,"ax",%progbits
 1875              		.align	1
 1876              		.global	xQueueGiveFromISR
 1877              		.syntax unified
 1878              		.thumb
 1879              		.thumb_func
 1881              	xQueueGiveFromISR:
 1882              	.LVL154:
 1883              	.LFB14:
1113:Middlewares/Third_Party/FreeRTOS/Source/queue.c **** BaseType_t xReturn;
 1884              		.loc 1 1113 1 is_stmt 1 view -0
 1885              		.cfi_startproc
 1886              		@ args = 0, pretend = 0, frame = 0
 1887              		@ frame_needed = 0, uses_anonymous_args = 0
1114:Middlewares/Third_Party/FreeRTOS/Source/queue.c **** UBaseType_t uxSavedInterruptStatus;
 1888              		.loc 1 1114 1 view .LVU550
1115:Middlewares/Third_Party/FreeRTOS/Source/queue.c **** Queue_t * const pxQueue = xQueue;
 1889              		.loc 1 1115 1 view .LVU551
1116:Middlewares/Third_Party/FreeRTOS/Source/queue.c **** 
 1890              		.loc 1 1116 1 view .LVU552
1124:Middlewares/Third_Party/FreeRTOS/Source/queue.c **** 
 1891              		.loc 1 1124 2 view .LVU553
 1892 0000 68B1     		cbz	r0, .L148
1113:Middlewares/Third_Party/FreeRTOS/Source/queue.c **** BaseType_t xReturn;
 1893              		.loc 1 1113 1 is_stmt 0 view .LVU554
 1894 0002 70B5     		push	{r4, r5, r6, lr}
 1895              	.LCFI25:
 1896              		.cfi_def_cfa_offset 16
 1897              		.cfi_offset 4, -16
 1898              		.cfi_offset 5, -12
 1899              		.cfi_offset 6, -8
 1900              		.cfi_offset 14, -4
 1901 0004 0D46     		mov	r5, r1
 1902 0006 0446     		mov	r4, r0
1124:Middlewares/Third_Party/FreeRTOS/Source/queue.c **** 
 1903              		.loc 1 1124 25 is_stmt 1 view .LVU555
1128:Middlewares/Third_Party/FreeRTOS/Source/queue.c **** 
 1904              		.loc 1 1128 2 view .LVU556
 1905 0008 036C     		ldr	r3, [r0, #64]
 1906 000a 8BB1     		cbz	r3, .L136
ARM GAS  D:\temp\TMP\ccsMuV5a.s 			page 88


1128:Middlewares/Third_Party/FreeRTOS/Source/queue.c **** 
 1907              		.loc 1 1128 2 discriminator 1 view .LVU557
 1908              	.LBB140:
 1909              	.LBI140:
 191:Middlewares/Third_Party/FreeRTOS/Source/portable/GCC/ARM_CM4F/portmacro.h **** {
 1910              		.loc 2 191 30 view .LVU558
 1911              	.LBB141:
 193:Middlewares/Third_Party/FreeRTOS/Source/portable/GCC/ARM_CM4F/portmacro.h **** 
 1912              		.loc 2 193 1 view .LVU559
 195:Middlewares/Third_Party/FreeRTOS/Source/portable/GCC/ARM_CM4F/portmacro.h **** 	(
 1913              		.loc 2 195 2 view .LVU560
 1914              		.syntax unified
 1915              	@ 195 "Middlewares/Third_Party/FreeRTOS/Source/portable/GCC/ARM_CM4F/portmacro.h" 1
 1916 000c 4FF05003 			mov r3, #80												
 1917 0010 83F31188 		msr basepri, r3											
 1918 0014 BFF36F8F 		isb														
 1919 0018 BFF34F8F 		dsb														
 1920              	
 1921              	@ 0 "" 2
 1922              		.thumb
 1923              		.syntax unified
 1924              	.L137:
 1925              	.LBE141:
 1926              	.LBE140:
1128:Middlewares/Third_Party/FreeRTOS/Source/queue.c **** 
 1927              		.loc 1 1128 2 view .LVU561
 1928 001c FEE7     		b	.L137
 1929              	.L148:
 1930              	.LCFI26:
 1931              		.cfi_def_cfa_offset 0
 1932              		.cfi_restore 4
 1933              		.cfi_restore 5
 1934              		.cfi_restore 6
 1935              		.cfi_restore 14
1124:Middlewares/Third_Party/FreeRTOS/Source/queue.c **** 
 1936              		.loc 1 1124 2 discriminator 1 view .LVU562
 1937              	.LBB142:
 1938              	.LBI142:
 191:Middlewares/Third_Party/FreeRTOS/Source/portable/GCC/ARM_CM4F/portmacro.h **** {
 1939              		.loc 2 191 30 view .LVU563
 1940              	.LBB143:
 193:Middlewares/Third_Party/FreeRTOS/Source/portable/GCC/ARM_CM4F/portmacro.h **** 
 1941              		.loc 2 193 1 view .LVU564
 195:Middlewares/Third_Party/FreeRTOS/Source/portable/GCC/ARM_CM4F/portmacro.h **** 	(
 1942              		.loc 2 195 2 view .LVU565
 1943              		.syntax unified
 1944              	@ 195 "Middlewares/Third_Party/FreeRTOS/Source/portable/GCC/ARM_CM4F/portmacro.h" 1
 1945 001e 4FF05003 			mov r3, #80												
 1946 0022 83F31188 		msr basepri, r3											
 1947 0026 BFF36F8F 		isb														
 1948 002a BFF34F8F 		dsb														
 1949              	
 1950              	@ 0 "" 2
 1951              		.thumb
 1952              		.syntax unified
 1953              	.L135:
 1954              	.LBE143:
ARM GAS  D:\temp\TMP\ccsMuV5a.s 			page 89


 1955              	.LBE142:
1124:Middlewares/Third_Party/FreeRTOS/Source/queue.c **** 
 1956              		.loc 1 1124 2 view .LVU566
 1957 002e FEE7     		b	.L135
 1958              	.L136:
 1959              	.LCFI27:
 1960              		.cfi_def_cfa_offset 16
 1961              		.cfi_offset 4, -16
 1962              		.cfi_offset 5, -12
 1963              		.cfi_offset 6, -8
 1964              		.cfi_offset 14, -4
1128:Middlewares/Third_Party/FreeRTOS/Source/queue.c **** 
 1965              		.loc 1 1128 42 view .LVU567
1133:Middlewares/Third_Party/FreeRTOS/Source/queue.c **** 
 1966              		.loc 1 1133 2 view .LVU568
 1967 0030 0368     		ldr	r3, [r0]
 1968 0032 F3B1     		cbz	r3, .L149
 1969              	.L138:
1133:Middlewares/Third_Party/FreeRTOS/Source/queue.c **** 
 1970              		.loc 1 1133 120 view .LVU569
1149:Middlewares/Third_Party/FreeRTOS/Source/queue.c **** 
 1971              		.loc 1 1149 2 view .LVU570
 1972 0034 FFF7FEFF 		bl	vPortValidateInterruptPriority
 1973              	.LVL155:
1151:Middlewares/Third_Party/FreeRTOS/Source/queue.c **** 	{
 1974              		.loc 1 1151 2 view .LVU571
 1975              	.LBB144:
 1976              	.LBI144:
 207:Middlewares/Third_Party/FreeRTOS/Source/portable/GCC/ARM_CM4F/portmacro.h **** {
 1977              		.loc 2 207 34 view .LVU572
 1978              	.LBB145:
 209:Middlewares/Third_Party/FreeRTOS/Source/portable/GCC/ARM_CM4F/portmacro.h **** 
 1979              		.loc 2 209 1 view .LVU573
 211:Middlewares/Third_Party/FreeRTOS/Source/portable/GCC/ARM_CM4F/portmacro.h **** 	(
 1980              		.loc 2 211 2 view .LVU574
 1981              		.syntax unified
 1982              	@ 211 "Middlewares/Third_Party/FreeRTOS/Source/portable/GCC/ARM_CM4F/portmacro.h" 1
 1983 0038 EFF31183 			mrs r3, basepri											
 1984 003c 4FF05002 		mov r2, #80												
 1985 0040 82F31188 		msr basepri, r2											
 1986 0044 BFF36F8F 		isb														
 1987 0048 BFF34F8F 		dsb														
 1988              	
 1989              	@ 0 "" 2
 1990              		.thumb
 1991              		.syntax unified
 1992 004c 1E46     		mov	r6, r3
 223:Middlewares/Third_Party/FreeRTOS/Source/portable/GCC/ARM_CM4F/portmacro.h **** }
 1993              		.loc 2 223 2 view .LVU575
 1994              	.LVL156:
 223:Middlewares/Third_Party/FreeRTOS/Source/portable/GCC/ARM_CM4F/portmacro.h **** }
 1995              		.loc 2 223 2 is_stmt 0 view .LVU576
 1996              	.LBE145:
 1997              	.LBE144:
 1998              	.LBB146:
1153:Middlewares/Third_Party/FreeRTOS/Source/queue.c **** 
 1999              		.loc 1 1153 3 is_stmt 1 view .LVU577
ARM GAS  D:\temp\TMP\ccsMuV5a.s 			page 90


1153:Middlewares/Third_Party/FreeRTOS/Source/queue.c **** 
 2000              		.loc 1 1153 21 is_stmt 0 view .LVU578
 2001 004e A26B     		ldr	r2, [r4, #56]
 2002              	.LVL157:
1158:Middlewares/Third_Party/FreeRTOS/Source/queue.c **** 		{
 2003              		.loc 1 1158 3 is_stmt 1 view .LVU579
1158:Middlewares/Third_Party/FreeRTOS/Source/queue.c **** 		{
 2004              		.loc 1 1158 34 is_stmt 0 view .LVU580
 2005 0050 E36B     		ldr	r3, [r4, #60]
 2006              	.LVL158:
1158:Middlewares/Third_Party/FreeRTOS/Source/queue.c **** 		{
 2007              		.loc 1 1158 5 view .LVU581
 2008 0052 9342     		cmp	r3, r2
 2009 0054 26D9     		bls	.L142
 2010              	.LBB147:
1160:Middlewares/Third_Party/FreeRTOS/Source/queue.c **** 
 2011              		.loc 1 1160 4 is_stmt 1 view .LVU582
1160:Middlewares/Third_Party/FreeRTOS/Source/queue.c **** 
 2012              		.loc 1 1160 17 is_stmt 0 view .LVU583
 2013 0056 94F84530 		ldrb	r3, [r4, #69]	@ zero_extendqisi2
 2014 005a 5BB2     		sxtb	r3, r3
 2015              	.LVL159:
1162:Middlewares/Third_Party/FreeRTOS/Source/queue.c **** 
 2016              		.loc 1 1162 39 is_stmt 1 view .LVU584
1170:Middlewares/Third_Party/FreeRTOS/Source/queue.c **** 
 2017              		.loc 1 1170 4 view .LVU585
1170:Middlewares/Third_Party/FreeRTOS/Source/queue.c **** 
 2018              		.loc 1 1170 51 is_stmt 0 view .LVU586
 2019 005c 0132     		adds	r2, r2, #1
 2020              	.LVL160:
1170:Middlewares/Third_Party/FreeRTOS/Source/queue.c **** 
 2021              		.loc 1 1170 31 view .LVU587
 2022 005e A263     		str	r2, [r4, #56]
1174:Middlewares/Third_Party/FreeRTOS/Source/queue.c **** 			{
 2023              		.loc 1 1174 4 is_stmt 1 view .LVU588
1174:Middlewares/Third_Party/FreeRTOS/Source/queue.c **** 			{
 2024              		.loc 1 1174 6 is_stmt 0 view .LVU589
 2025 0060 B3F1FF3F 		cmp	r3, #-1
 2026 0064 11D0     		beq	.L150
1260:Middlewares/Third_Party/FreeRTOS/Source/queue.c **** 			}
 2027              		.loc 1 1260 5 is_stmt 1 view .LVU590
1260:Middlewares/Third_Party/FreeRTOS/Source/queue.c **** 			}
 2028              		.loc 1 1260 45 is_stmt 0 view .LVU591
 2029 0066 0133     		adds	r3, r3, #1
 2030              	.LVL161:
1260:Middlewares/Third_Party/FreeRTOS/Source/queue.c **** 			}
 2031              		.loc 1 1260 24 view .LVU592
 2032 0068 5BB2     		sxtb	r3, r3
 2033              	.LVL162:
1260:Middlewares/Third_Party/FreeRTOS/Source/queue.c **** 			}
 2034              		.loc 1 1260 22 view .LVU593
 2035 006a 84F84530 		strb	r3, [r4, #69]
1263:Middlewares/Third_Party/FreeRTOS/Source/queue.c **** 		}
 2036              		.loc 1 1263 12 view .LVU594
 2037 006e 0120     		movs	r0, #1
 2038 0070 19E0     		b	.L140
 2039              	.LVL163:
ARM GAS  D:\temp\TMP\ccsMuV5a.s 			page 91


 2040              	.L149:
1263:Middlewares/Third_Party/FreeRTOS/Source/queue.c **** 		}
 2041              		.loc 1 1263 12 view .LVU595
 2042              	.LBE147:
 2043              	.LBE146:
1133:Middlewares/Third_Party/FreeRTOS/Source/queue.c **** 
 2044              		.loc 1 1133 2 discriminator 2 view .LVU596
 2045 0072 8368     		ldr	r3, [r0, #8]
 2046 0074 002B     		cmp	r3, #0
 2047 0076 DDD0     		beq	.L138
1133:Middlewares/Third_Party/FreeRTOS/Source/queue.c **** 
 2048              		.loc 1 1133 2 is_stmt 1 discriminator 7 view .LVU597
 2049              	.LBB150:
 2050              	.LBI150:
 191:Middlewares/Third_Party/FreeRTOS/Source/portable/GCC/ARM_CM4F/portmacro.h **** {
 2051              		.loc 2 191 30 view .LVU598
 2052              	.LBB151:
 193:Middlewares/Third_Party/FreeRTOS/Source/portable/GCC/ARM_CM4F/portmacro.h **** 
 2053              		.loc 2 193 1 view .LVU599
 195:Middlewares/Third_Party/FreeRTOS/Source/portable/GCC/ARM_CM4F/portmacro.h **** 	(
 2054              		.loc 2 195 2 view .LVU600
 2055              		.syntax unified
 2056              	@ 195 "Middlewares/Third_Party/FreeRTOS/Source/portable/GCC/ARM_CM4F/portmacro.h" 1
 2057 0078 4FF05003 			mov r3, #80												
 2058 007c 83F31188 		msr basepri, r3											
 2059 0080 BFF36F8F 		isb														
 2060 0084 BFF34F8F 		dsb														
 2061              	
 2062              	@ 0 "" 2
 2063              		.thumb
 2064              		.syntax unified
 2065              	.L139:
 2066              	.LBE151:
 2067              	.LBE150:
1133:Middlewares/Third_Party/FreeRTOS/Source/queue.c **** 
 2068              		.loc 1 1133 2 view .LVU601
 2069 0088 FEE7     		b	.L139
 2070              	.LVL164:
 2071              	.L150:
 2072              	.LBB152:
 2073              	.LBB148:
1229:Middlewares/Third_Party/FreeRTOS/Source/queue.c **** 					{
 2074              		.loc 1 1229 6 view .LVU602
1229:Middlewares/Third_Party/FreeRTOS/Source/queue.c **** 					{
 2075              		.loc 1 1229 10 is_stmt 0 view .LVU603
 2076 008a 636A     		ldr	r3, [r4, #36]
 2077              	.LVL165:
1229:Middlewares/Third_Party/FreeRTOS/Source/queue.c **** 					{
 2078              		.loc 1 1229 8 view .LVU604
 2079 008c 0BB9     		cbnz	r3, .L151
1263:Middlewares/Third_Party/FreeRTOS/Source/queue.c **** 		}
 2080              		.loc 1 1263 12 view .LVU605
 2081 008e 0120     		movs	r0, #1
 2082 0090 09E0     		b	.L140
 2083              	.L151:
1231:Middlewares/Third_Party/FreeRTOS/Source/queue.c **** 						{
 2084              		.loc 1 1231 7 is_stmt 1 view .LVU606
ARM GAS  D:\temp\TMP\ccsMuV5a.s 			page 92


1231:Middlewares/Third_Party/FreeRTOS/Source/queue.c **** 						{
 2085              		.loc 1 1231 11 is_stmt 0 view .LVU607
 2086 0092 04F12400 		add	r0, r4, #36
 2087 0096 FFF7FEFF 		bl	xTaskRemoveFromEventList
 2088              	.LVL166:
1231:Middlewares/Third_Party/FreeRTOS/Source/queue.c **** 						{
 2089              		.loc 1 1231 9 discriminator 1 view .LVU608
 2090 009a 38B1     		cbz	r0, .L144
1235:Middlewares/Third_Party/FreeRTOS/Source/queue.c **** 							{
 2091              		.loc 1 1235 8 is_stmt 1 view .LVU609
1235:Middlewares/Third_Party/FreeRTOS/Source/queue.c **** 							{
 2092              		.loc 1 1235 10 is_stmt 0 view .LVU610
 2093 009c 45B1     		cbz	r5, .L145
1237:Middlewares/Third_Party/FreeRTOS/Source/queue.c **** 							}
 2094              		.loc 1 1237 9 is_stmt 1 view .LVU611
1237:Middlewares/Third_Party/FreeRTOS/Source/queue.c **** 							}
 2095              		.loc 1 1237 36 is_stmt 0 view .LVU612
 2096 009e 0120     		movs	r0, #1
 2097 00a0 2860     		str	r0, [r5]
 2098 00a2 00E0     		b	.L140
 2099              	.LVL167:
 2100              	.L142:
1237:Middlewares/Third_Party/FreeRTOS/Source/queue.c **** 							}
 2101              		.loc 1 1237 36 view .LVU613
 2102              	.LBE148:
1268:Middlewares/Third_Party/FreeRTOS/Source/queue.c **** 		}
 2103              		.loc 1 1268 12 view .LVU614
 2104 00a4 0020     		movs	r0, #0
 2105              	.LVL168:
 2106              	.L140:
1268:Middlewares/Third_Party/FreeRTOS/Source/queue.c **** 		}
 2107              		.loc 1 1268 12 view .LVU615
 2108              	.LBE152:
1271:Middlewares/Third_Party/FreeRTOS/Source/queue.c **** 
 2109              		.loc 1 1271 2 is_stmt 1 view .LVU616
 2110              	.LBB153:
 2111              	.LBI153:
 227:Middlewares/Third_Party/FreeRTOS/Source/portable/GCC/ARM_CM4F/portmacro.h **** {
 2112              		.loc 2 227 30 view .LVU617
 2113              	.LBB154:
 2114              		.loc 2 229 2 view .LVU618
 2115              		.syntax unified
 2116              	@ 229 "Middlewares/Third_Party/FreeRTOS/Source/portable/GCC/ARM_CM4F/portmacro.h" 1
 2117 00a6 86F31188 			msr basepri, r6	
 2118              	@ 0 "" 2
 2119              		.thumb
 2120              		.syntax unified
 2121              	.LBE154:
 2122              	.LBE153:
1273:Middlewares/Third_Party/FreeRTOS/Source/queue.c **** }
 2123              		.loc 1 1273 2 view .LVU619
1274:Middlewares/Third_Party/FreeRTOS/Source/queue.c **** /*-----------------------------------------------------------*/
 2124              		.loc 1 1274 1 is_stmt 0 view .LVU620
 2125 00aa 70BD     		pop	{r4, r5, r6, pc}
 2126              	.LVL169:
 2127              	.L144:
 2128              	.LBB155:
ARM GAS  D:\temp\TMP\ccsMuV5a.s 			page 93


 2129              	.LBB149:
1263:Middlewares/Third_Party/FreeRTOS/Source/queue.c **** 		}
 2130              		.loc 1 1263 12 view .LVU621
 2131 00ac 0120     		movs	r0, #1
 2132 00ae FAE7     		b	.L140
 2133              	.L145:
 2134 00b0 0120     		movs	r0, #1
 2135 00b2 F8E7     		b	.L140
 2136              	.LBE149:
 2137              	.LBE155:
 2138              		.cfi_endproc
 2139              	.LFE14:
 2141              		.section	.text.xQueueReceive,"ax",%progbits
 2142              		.align	1
 2143              		.global	xQueueReceive
 2144              		.syntax unified
 2145              		.thumb
 2146              		.thumb_func
 2148              	xQueueReceive:
 2149              	.LVL170:
 2150              	.LFB15:
1278:Middlewares/Third_Party/FreeRTOS/Source/queue.c **** BaseType_t xEntryTimeSet = pdFALSE;
 2151              		.loc 1 1278 1 is_stmt 1 view -0
 2152              		.cfi_startproc
 2153              		@ args = 0, pretend = 0, frame = 16
 2154              		@ frame_needed = 0, uses_anonymous_args = 0
1278:Middlewares/Third_Party/FreeRTOS/Source/queue.c **** BaseType_t xEntryTimeSet = pdFALSE;
 2155              		.loc 1 1278 1 is_stmt 0 view .LVU623
 2156 0000 F0B5     		push	{r4, r5, r6, r7, lr}
 2157              	.LCFI28:
 2158              		.cfi_def_cfa_offset 20
 2159              		.cfi_offset 4, -20
 2160              		.cfi_offset 5, -16
 2161              		.cfi_offset 6, -12
 2162              		.cfi_offset 7, -8
 2163              		.cfi_offset 14, -4
 2164 0002 85B0     		sub	sp, sp, #20
 2165              	.LCFI29:
 2166              		.cfi_def_cfa_offset 40
 2167 0004 0192     		str	r2, [sp, #4]
1279:Middlewares/Third_Party/FreeRTOS/Source/queue.c **** TimeOut_t xTimeOut;
 2168              		.loc 1 1279 1 is_stmt 1 view .LVU624
 2169              	.LVL171:
1280:Middlewares/Third_Party/FreeRTOS/Source/queue.c **** Queue_t * const pxQueue = xQueue;
 2170              		.loc 1 1280 1 view .LVU625
1281:Middlewares/Third_Party/FreeRTOS/Source/queue.c **** 
 2171              		.loc 1 1281 1 view .LVU626
1284:Middlewares/Third_Party/FreeRTOS/Source/queue.c **** 
 2172              		.loc 1 1284 2 view .LVU627
 2173 0006 90B1     		cbz	r0, .L172
 2174 0008 0F46     		mov	r7, r1
 2175 000a 0446     		mov	r4, r0
1284:Middlewares/Third_Party/FreeRTOS/Source/queue.c **** 
 2176              		.loc 1 1284 29 view .LVU628
1288:Middlewares/Third_Party/FreeRTOS/Source/queue.c **** 
 2177              		.loc 1 1288 2 view .LVU629
 2178 000c C1B1     		cbz	r1, .L173
ARM GAS  D:\temp\TMP\ccsMuV5a.s 			page 94


 2179              	.L155:
1288:Middlewares/Third_Party/FreeRTOS/Source/queue.c **** 
 2180              		.loc 1 1288 100 view .LVU630
1293:Middlewares/Third_Party/FreeRTOS/Source/queue.c **** 	}
 2181              		.loc 1 1293 3 view .LVU631
 2182 000e FFF7FEFF 		bl	xTaskGetSchedulerState
 2183              	.LVL172:
1293:Middlewares/Third_Party/FreeRTOS/Source/queue.c **** 	}
 2184              		.loc 1 1293 3 is_stmt 0 discriminator 1 view .LVU632
 2185 0012 0646     		mov	r6, r0
 2186 0014 00BB     		cbnz	r0, .L170
1293:Middlewares/Third_Party/FreeRTOS/Source/queue.c **** 	}
 2187              		.loc 1 1293 3 discriminator 3 view .LVU633
 2188 0016 019B     		ldr	r3, [sp, #4]
 2189 0018 002B     		cmp	r3, #0
 2190 001a 5ED0     		beq	.L159
1293:Middlewares/Third_Party/FreeRTOS/Source/queue.c **** 	}
 2191              		.loc 1 1293 3 is_stmt 1 discriminator 8 view .LVU634
 2192              	.LBB156:
 2193              	.LBI156:
 191:Middlewares/Third_Party/FreeRTOS/Source/portable/GCC/ARM_CM4F/portmacro.h **** {
 2194              		.loc 2 191 30 view .LVU635
 2195              	.LBB157:
 193:Middlewares/Third_Party/FreeRTOS/Source/portable/GCC/ARM_CM4F/portmacro.h **** 
 2196              		.loc 2 193 1 view .LVU636
 195:Middlewares/Third_Party/FreeRTOS/Source/portable/GCC/ARM_CM4F/portmacro.h **** 	(
 2197              		.loc 2 195 2 view .LVU637
 2198              		.syntax unified
 2199              	@ 195 "Middlewares/Third_Party/FreeRTOS/Source/portable/GCC/ARM_CM4F/portmacro.h" 1
 2200 001c 4FF05003 			mov r3, #80												
 2201 0020 83F31188 		msr basepri, r3											
 2202 0024 BFF36F8F 		isb														
 2203 0028 BFF34F8F 		dsb														
 2204              	
 2205              	@ 0 "" 2
 2206              		.thumb
 2207              		.syntax unified
 2208              	.L158:
 2209              	.LBE157:
 2210              	.LBE156:
1293:Middlewares/Third_Party/FreeRTOS/Source/queue.c **** 	}
 2211              		.loc 1 1293 3 view .LVU638
 2212 002c FEE7     		b	.L158
 2213              	.LVL173:
 2214              	.L172:
1284:Middlewares/Third_Party/FreeRTOS/Source/queue.c **** 
 2215              		.loc 1 1284 2 discriminator 1 view .LVU639
 2216              	.LBB158:
 2217              	.LBI158:
 191:Middlewares/Third_Party/FreeRTOS/Source/portable/GCC/ARM_CM4F/portmacro.h **** {
 2218              		.loc 2 191 30 view .LVU640
 2219              	.LBB159:
 193:Middlewares/Third_Party/FreeRTOS/Source/portable/GCC/ARM_CM4F/portmacro.h **** 
 2220              		.loc 2 193 1 view .LVU641
 195:Middlewares/Third_Party/FreeRTOS/Source/portable/GCC/ARM_CM4F/portmacro.h **** 	(
 2221              		.loc 2 195 2 view .LVU642
 2222              		.syntax unified
ARM GAS  D:\temp\TMP\ccsMuV5a.s 			page 95


 2223              	@ 195 "Middlewares/Third_Party/FreeRTOS/Source/portable/GCC/ARM_CM4F/portmacro.h" 1
 2224 002e 4FF05003 			mov r3, #80												
 2225 0032 83F31188 		msr basepri, r3											
 2226 0036 BFF36F8F 		isb														
 2227 003a BFF34F8F 		dsb														
 2228              	
 2229              	@ 0 "" 2
 2230              		.thumb
 2231              		.syntax unified
 2232              	.L154:
 2233              	.LBE159:
 2234              	.LBE158:
1284:Middlewares/Third_Party/FreeRTOS/Source/queue.c **** 
 2235              		.loc 1 1284 2 view .LVU643
 2236 003e FEE7     		b	.L154
 2237              	.L173:
1288:Middlewares/Third_Party/FreeRTOS/Source/queue.c **** 
 2238              		.loc 1 1288 2 is_stmt 0 discriminator 2 view .LVU644
 2239 0040 036C     		ldr	r3, [r0, #64]
 2240 0042 002B     		cmp	r3, #0
 2241 0044 E3D0     		beq	.L155
1288:Middlewares/Third_Party/FreeRTOS/Source/queue.c **** 
 2242              		.loc 1 1288 2 is_stmt 1 discriminator 7 view .LVU645
 2243              	.LBB160:
 2244              	.LBI160:
 191:Middlewares/Third_Party/FreeRTOS/Source/portable/GCC/ARM_CM4F/portmacro.h **** {
 2245              		.loc 2 191 30 view .LVU646
 2246              	.LBB161:
 193:Middlewares/Third_Party/FreeRTOS/Source/portable/GCC/ARM_CM4F/portmacro.h **** 
 2247              		.loc 2 193 1 view .LVU647
 195:Middlewares/Third_Party/FreeRTOS/Source/portable/GCC/ARM_CM4F/portmacro.h **** 	(
 2248              		.loc 2 195 2 view .LVU648
 2249              		.syntax unified
 2250              	@ 195 "Middlewares/Third_Party/FreeRTOS/Source/portable/GCC/ARM_CM4F/portmacro.h" 1
 2251 0046 4FF05003 			mov r3, #80												
 2252 004a 83F31188 		msr basepri, r3											
 2253 004e BFF36F8F 		isb														
 2254 0052 BFF34F8F 		dsb														
 2255              	
 2256              	@ 0 "" 2
 2257              		.thumb
 2258              		.syntax unified
 2259              	.L156:
 2260              	.LBE161:
 2261              	.LBE160:
1288:Middlewares/Third_Party/FreeRTOS/Source/queue.c **** 
 2262              		.loc 1 1288 2 view .LVU649
 2263 0056 FEE7     		b	.L156
 2264              	.LVL174:
 2265              	.L170:
1288:Middlewares/Third_Party/FreeRTOS/Source/queue.c **** 
 2266              		.loc 1 1288 2 is_stmt 0 view .LVU650
 2267 0058 0026     		movs	r6, #0
 2268 005a 3EE0     		b	.L159
 2269              	.LVL175:
 2270              	.L176:
 2271              	.LBB162:
ARM GAS  D:\temp\TMP\ccsMuV5a.s 			page 96


1312:Middlewares/Third_Party/FreeRTOS/Source/queue.c **** 				traceQUEUE_RECEIVE( pxQueue );
 2272              		.loc 1 1312 5 is_stmt 1 view .LVU651
 2273 005c 3946     		mov	r1, r7
 2274 005e 2046     		mov	r0, r4
 2275 0060 FFF7FEFF 		bl	prvCopyDataFromQueue
 2276              	.LVL176:
1313:Middlewares/Third_Party/FreeRTOS/Source/queue.c **** 				pxQueue->uxMessagesWaiting = uxMessagesWaiting - ( UBaseType_t ) 1;
 2277              		.loc 1 1313 34 view .LVU652
1314:Middlewares/Third_Party/FreeRTOS/Source/queue.c **** 
 2278              		.loc 1 1314 5 view .LVU653
1314:Middlewares/Third_Party/FreeRTOS/Source/queue.c **** 
 2279              		.loc 1 1314 52 is_stmt 0 view .LVU654
 2280 0064 013D     		subs	r5, r5, #1
 2281              	.LVL177:
1314:Middlewares/Third_Party/FreeRTOS/Source/queue.c **** 
 2282              		.loc 1 1314 32 view .LVU655
 2283 0066 A563     		str	r5, [r4, #56]
1319:Middlewares/Third_Party/FreeRTOS/Source/queue.c **** 				{
 2284              		.loc 1 1319 5 is_stmt 1 view .LVU656
1319:Middlewares/Third_Party/FreeRTOS/Source/queue.c **** 				{
 2285              		.loc 1 1319 9 is_stmt 0 view .LVU657
 2286 0068 2369     		ldr	r3, [r4, #16]
1319:Middlewares/Third_Party/FreeRTOS/Source/queue.c **** 				{
 2287              		.loc 1 1319 7 view .LVU658
 2288 006a 23B9     		cbnz	r3, .L174
 2289              	.L161:
1332:Middlewares/Third_Party/FreeRTOS/Source/queue.c **** 				}
 2290              		.loc 1 1332 30 is_stmt 1 view .LVU659
1335:Middlewares/Third_Party/FreeRTOS/Source/queue.c **** 				return pdPASS;
 2291              		.loc 1 1335 5 view .LVU660
 2292 006c FFF7FEFF 		bl	vPortExitCritical
 2293              	.LVL178:
1336:Middlewares/Third_Party/FreeRTOS/Source/queue.c **** 			}
 2294              		.loc 1 1336 5 view .LVU661
1336:Middlewares/Third_Party/FreeRTOS/Source/queue.c **** 			}
 2295              		.loc 1 1336 12 is_stmt 0 view .LVU662
 2296 0070 0120     		movs	r0, #1
 2297              	.LVL179:
 2298              	.L152:
1336:Middlewares/Third_Party/FreeRTOS/Source/queue.c **** 			}
 2299              		.loc 1 1336 12 view .LVU663
 2300              	.LBE162:
1415:Middlewares/Third_Party/FreeRTOS/Source/queue.c **** /*-----------------------------------------------------------*/
 2301              		.loc 1 1415 1 view .LVU664
 2302 0072 05B0     		add	sp, sp, #20
 2303              	.LCFI30:
 2304              		.cfi_remember_state
 2305              		.cfi_def_cfa_offset 20
 2306              		@ sp needed
 2307 0074 F0BD     		pop	{r4, r5, r6, r7, pc}
 2308              	.LVL180:
 2309              	.L174:
 2310              	.LCFI31:
 2311              		.cfi_restore_state
 2312              	.LBB163:
1321:Middlewares/Third_Party/FreeRTOS/Source/queue.c **** 					{
 2313              		.loc 1 1321 6 is_stmt 1 view .LVU665
ARM GAS  D:\temp\TMP\ccsMuV5a.s 			page 97


1321:Middlewares/Third_Party/FreeRTOS/Source/queue.c **** 					{
 2314              		.loc 1 1321 10 is_stmt 0 view .LVU666
 2315 0076 04F11000 		add	r0, r4, #16
 2316 007a FFF7FEFF 		bl	xTaskRemoveFromEventList
 2317              	.LVL181:
1321:Middlewares/Third_Party/FreeRTOS/Source/queue.c **** 					{
 2318              		.loc 1 1321 8 discriminator 1 view .LVU667
 2319 007e 0028     		cmp	r0, #0
 2320 0080 F4D0     		beq	.L161
1323:Middlewares/Third_Party/FreeRTOS/Source/queue.c **** 					}
 2321              		.loc 1 1323 7 is_stmt 1 view .LVU668
 2322 0082 4FF0E023 		mov	r3, #-536813568
 2323 0086 4FF08052 		mov	r2, #268435456
 2324 008a C3F8042D 		str	r2, [r3, #3332]
1323:Middlewares/Third_Party/FreeRTOS/Source/queue.c **** 					}
 2325              		.loc 1 1323 7 view .LVU669
 2326              		.syntax unified
 2327              	@ 1323 "Middlewares/Third_Party/FreeRTOS/Source/queue.c" 1
 2328 008e BFF34F8F 		dsb
 2329              	@ 0 "" 2
1323:Middlewares/Third_Party/FreeRTOS/Source/queue.c **** 					}
 2330              		.loc 1 1323 7 view .LVU670
 2331              	@ 1323 "Middlewares/Third_Party/FreeRTOS/Source/queue.c" 1
 2332 0092 BFF36F8F 		isb
 2333              	@ 0 "" 2
1323:Middlewares/Third_Party/FreeRTOS/Source/queue.c **** 					}
 2334              		.loc 1 1323 39 view .LVU671
 2335              		.thumb
 2336              		.syntax unified
 2337 0096 E9E7     		b	.L161
 2338              	.LVL182:
 2339              	.L177:
1344:Middlewares/Third_Party/FreeRTOS/Source/queue.c **** 					traceQUEUE_RECEIVE_FAILED( pxQueue );
 2340              		.loc 1 1344 6 view .LVU672
 2341 0098 FFF7FEFF 		bl	vPortExitCritical
 2342              	.LVL183:
1345:Middlewares/Third_Party/FreeRTOS/Source/queue.c **** 					return errQUEUE_EMPTY;
 2343              		.loc 1 1345 42 view .LVU673
1346:Middlewares/Third_Party/FreeRTOS/Source/queue.c **** 				}
 2344              		.loc 1 1346 6 view .LVU674
1346:Middlewares/Third_Party/FreeRTOS/Source/queue.c **** 				}
 2345              		.loc 1 1346 13 is_stmt 0 view .LVU675
 2346 009c 2846     		mov	r0, r5
 2347 009e E8E7     		b	.L152
 2348              	.L178:
1352:Middlewares/Third_Party/FreeRTOS/Source/queue.c **** 					xEntryTimeSet = pdTRUE;
 2349              		.loc 1 1352 6 is_stmt 1 view .LVU676
 2350 00a0 02A8     		add	r0, sp, #8
 2351 00a2 FFF7FEFF 		bl	vTaskInternalSetTimeOutState
 2352              	.LVL184:
1353:Middlewares/Third_Party/FreeRTOS/Source/queue.c **** 				}
 2353              		.loc 1 1353 6 view .LVU677
1353:Middlewares/Third_Party/FreeRTOS/Source/queue.c **** 				}
 2354              		.loc 1 1353 20 is_stmt 0 view .LVU678
 2355 00a6 0126     		movs	r6, #1
 2356 00a8 21E0     		b	.L164
 2357              	.LVL185:
ARM GAS  D:\temp\TMP\ccsMuV5a.s 			page 98


 2358              	.L179:
1353:Middlewares/Third_Party/FreeRTOS/Source/queue.c **** 				}
 2359              		.loc 1 1353 20 view .LVU679
 2360              	.LBE163:
1368:Middlewares/Third_Party/FreeRTOS/Source/queue.c **** 
 2361              		.loc 1 1368 3 is_stmt 1 discriminator 2 view .LVU680
 2362 00aa 0023     		movs	r3, #0
 2363 00ac 84F84430 		strb	r3, [r4, #68]
 2364 00b0 29E0     		b	.L165
 2365              	.L180:
1368:Middlewares/Third_Party/FreeRTOS/Source/queue.c **** 
 2366              		.loc 1 1368 3 discriminator 5 view .LVU681
 2367 00b2 0023     		movs	r3, #0
 2368 00b4 84F84530 		strb	r3, [r4, #69]
 2369 00b8 2BE0     		b	.L166
 2370              	.L168:
1393:Middlewares/Third_Party/FreeRTOS/Source/queue.c **** 				( void ) xTaskResumeAll();
 2371              		.loc 1 1393 5 view .LVU682
 2372 00ba 2046     		mov	r0, r4
 2373 00bc FFF7FEFF 		bl	prvUnlockQueue
 2374              	.LVL186:
1394:Middlewares/Third_Party/FreeRTOS/Source/queue.c **** 			}
 2375              		.loc 1 1394 5 view .LVU683
1394:Middlewares/Third_Party/FreeRTOS/Source/queue.c **** 			}
 2376              		.loc 1 1394 14 is_stmt 0 view .LVU684
 2377 00c0 FFF7FEFF 		bl	xTaskResumeAll
 2378              	.LVL187:
 2379 00c4 09E0     		b	.L159
 2380              	.L167:
1401:Middlewares/Third_Party/FreeRTOS/Source/queue.c **** 			( void ) xTaskResumeAll();
 2381              		.loc 1 1401 4 is_stmt 1 view .LVU685
 2382 00c6 2046     		mov	r0, r4
 2383 00c8 FFF7FEFF 		bl	prvUnlockQueue
 2384              	.LVL188:
1402:Middlewares/Third_Party/FreeRTOS/Source/queue.c **** 
 2385              		.loc 1 1402 4 view .LVU686
1402:Middlewares/Third_Party/FreeRTOS/Source/queue.c **** 
 2386              		.loc 1 1402 13 is_stmt 0 view .LVU687
 2387 00cc FFF7FEFF 		bl	xTaskResumeAll
 2388              	.LVL189:
1404:Middlewares/Third_Party/FreeRTOS/Source/queue.c **** 			{
 2389              		.loc 1 1404 4 is_stmt 1 view .LVU688
1404:Middlewares/Third_Party/FreeRTOS/Source/queue.c **** 			{
 2390              		.loc 1 1404 8 is_stmt 0 view .LVU689
 2391 00d0 2046     		mov	r0, r4
 2392 00d2 FFF7FEFF 		bl	prvIsQueueEmpty
 2393              	.LVL190:
1404:Middlewares/Third_Party/FreeRTOS/Source/queue.c **** 			{
 2394              		.loc 1 1404 6 discriminator 1 view .LVU690
 2395 00d6 0028     		cmp	r0, #0
 2396 00d8 3FD1     		bne	.L175
 2397              	.LVL191:
 2398              	.L159:
1293:Middlewares/Third_Party/FreeRTOS/Source/queue.c **** 	}
 2399              		.loc 1 1293 104 is_stmt 1 view .LVU691
1301:Middlewares/Third_Party/FreeRTOS/Source/queue.c **** 	{
 2400              		.loc 1 1301 2 view .LVU692
ARM GAS  D:\temp\TMP\ccsMuV5a.s 			page 99


1303:Middlewares/Third_Party/FreeRTOS/Source/queue.c **** 		{
 2401              		.loc 1 1303 3 view .LVU693
 2402 00da FFF7FEFF 		bl	vPortEnterCritical
 2403              	.LVL192:
 2404              	.LBB164:
1305:Middlewares/Third_Party/FreeRTOS/Source/queue.c **** 
 2405              		.loc 1 1305 4 view .LVU694
1305:Middlewares/Third_Party/FreeRTOS/Source/queue.c **** 
 2406              		.loc 1 1305 22 is_stmt 0 view .LVU695
 2407 00de A56B     		ldr	r5, [r4, #56]
 2408              	.LVL193:
1309:Middlewares/Third_Party/FreeRTOS/Source/queue.c **** 			{
 2409              		.loc 1 1309 4 is_stmt 1 view .LVU696
1309:Middlewares/Third_Party/FreeRTOS/Source/queue.c **** 			{
 2410              		.loc 1 1309 6 is_stmt 0 view .LVU697
 2411 00e0 002D     		cmp	r5, #0
 2412 00e2 BBD1     		bne	.L176
1340:Middlewares/Third_Party/FreeRTOS/Source/queue.c **** 				{
 2413              		.loc 1 1340 5 is_stmt 1 view .LVU698
1340:Middlewares/Third_Party/FreeRTOS/Source/queue.c **** 				{
 2414              		.loc 1 1340 22 is_stmt 0 view .LVU699
 2415 00e4 019B     		ldr	r3, [sp, #4]
1340:Middlewares/Third_Party/FreeRTOS/Source/queue.c **** 				{
 2416              		.loc 1 1340 7 view .LVU700
 2417 00e6 002B     		cmp	r3, #0
 2418 00e8 D6D0     		beq	.L177
1348:Middlewares/Third_Party/FreeRTOS/Source/queue.c **** 				{
 2419              		.loc 1 1348 10 is_stmt 1 view .LVU701
1348:Middlewares/Third_Party/FreeRTOS/Source/queue.c **** 				{
 2420              		.loc 1 1348 12 is_stmt 0 view .LVU702
 2421 00ea 002E     		cmp	r6, #0
 2422 00ec D8D0     		beq	.L178
 2423              	.LVL194:
 2424              	.L164:
1358:Middlewares/Third_Party/FreeRTOS/Source/queue.c **** 				}
 2425              		.loc 1 1358 30 is_stmt 1 view .LVU703
 2426              	.LBE164:
1362:Middlewares/Third_Party/FreeRTOS/Source/queue.c **** 
 2427              		.loc 1 1362 3 view .LVU704
 2428 00ee FFF7FEFF 		bl	vPortExitCritical
 2429              	.LVL195:
1367:Middlewares/Third_Party/FreeRTOS/Source/queue.c **** 		prvLockQueue( pxQueue );
 2430              		.loc 1 1367 3 view .LVU705
 2431 00f2 FFF7FEFF 		bl	vTaskSuspendAll
 2432              	.LVL196:
1368:Middlewares/Third_Party/FreeRTOS/Source/queue.c **** 
 2433              		.loc 1 1368 3 view .LVU706
 2434 00f6 FFF7FEFF 		bl	vPortEnterCritical
 2435              	.LVL197:
1368:Middlewares/Third_Party/FreeRTOS/Source/queue.c **** 
 2436              		.loc 1 1368 3 discriminator 1 view .LVU707
 2437 00fa 94F84430 		ldrb	r3, [r4, #68]	@ zero_extendqisi2
 2438 00fe 5BB2     		sxtb	r3, r3
 2439 0100 B3F1FF3F 		cmp	r3, #-1
 2440 0104 D1D0     		beq	.L179
 2441              	.L165:
1368:Middlewares/Third_Party/FreeRTOS/Source/queue.c **** 
ARM GAS  D:\temp\TMP\ccsMuV5a.s 			page 100


 2442              		.loc 1 1368 3 discriminator 4 view .LVU708
 2443 0106 94F84530 		ldrb	r3, [r4, #69]	@ zero_extendqisi2
 2444 010a 5BB2     		sxtb	r3, r3
 2445 010c B3F1FF3F 		cmp	r3, #-1
 2446 0110 CFD0     		beq	.L180
 2447              	.L166:
1368:Middlewares/Third_Party/FreeRTOS/Source/queue.c **** 
 2448              		.loc 1 1368 3 discriminator 7 view .LVU709
 2449 0112 FFF7FEFF 		bl	vPortExitCritical
 2450              	.LVL198:
1371:Middlewares/Third_Party/FreeRTOS/Source/queue.c **** 		{
 2451              		.loc 1 1371 3 view .LVU710
1371:Middlewares/Third_Party/FreeRTOS/Source/queue.c **** 		{
 2452              		.loc 1 1371 7 is_stmt 0 view .LVU711
 2453 0116 01A9     		add	r1, sp, #4
 2454 0118 02A8     		add	r0, sp, #8
 2455 011a FFF7FEFF 		bl	xTaskCheckForTimeOut
 2456              	.LVL199:
1371:Middlewares/Third_Party/FreeRTOS/Source/queue.c **** 		{
 2457              		.loc 1 1371 5 discriminator 1 view .LVU712
 2458 011e 0028     		cmp	r0, #0
 2459 0120 D1D1     		bne	.L167
1375:Middlewares/Third_Party/FreeRTOS/Source/queue.c **** 			{
 2460              		.loc 1 1375 4 is_stmt 1 view .LVU713
1375:Middlewares/Third_Party/FreeRTOS/Source/queue.c **** 			{
 2461              		.loc 1 1375 8 is_stmt 0 view .LVU714
 2462 0122 2046     		mov	r0, r4
 2463 0124 FFF7FEFF 		bl	prvIsQueueEmpty
 2464              	.LVL200:
1375:Middlewares/Third_Party/FreeRTOS/Source/queue.c **** 			{
 2465              		.loc 1 1375 6 discriminator 1 view .LVU715
 2466 0128 0028     		cmp	r0, #0
 2467 012a C6D0     		beq	.L168
1377:Middlewares/Third_Party/FreeRTOS/Source/queue.c **** 				vTaskPlaceOnEventList( &( pxQueue->xTasksWaitingToReceive ), xTicksToWait );
 2468              		.loc 1 1377 46 is_stmt 1 view .LVU716
1378:Middlewares/Third_Party/FreeRTOS/Source/queue.c **** 				prvUnlockQueue( pxQueue );
 2469              		.loc 1 1378 5 view .LVU717
 2470 012c 0199     		ldr	r1, [sp, #4]
 2471 012e 04F12400 		add	r0, r4, #36
 2472 0132 FFF7FEFF 		bl	vTaskPlaceOnEventList
 2473              	.LVL201:
1379:Middlewares/Third_Party/FreeRTOS/Source/queue.c **** 				if( xTaskResumeAll() == pdFALSE )
 2474              		.loc 1 1379 5 view .LVU718
 2475 0136 2046     		mov	r0, r4
 2476 0138 FFF7FEFF 		bl	prvUnlockQueue
 2477              	.LVL202:
1380:Middlewares/Third_Party/FreeRTOS/Source/queue.c **** 				{
 2478              		.loc 1 1380 5 view .LVU719
1380:Middlewares/Third_Party/FreeRTOS/Source/queue.c **** 				{
 2479              		.loc 1 1380 9 is_stmt 0 view .LVU720
 2480 013c FFF7FEFF 		bl	xTaskResumeAll
 2481              	.LVL203:
1380:Middlewares/Third_Party/FreeRTOS/Source/queue.c **** 				{
 2482              		.loc 1 1380 7 discriminator 1 view .LVU721
 2483 0140 0028     		cmp	r0, #0
 2484 0142 CAD1     		bne	.L159
1382:Middlewares/Third_Party/FreeRTOS/Source/queue.c **** 				}
ARM GAS  D:\temp\TMP\ccsMuV5a.s 			page 101


 2485              		.loc 1 1382 6 is_stmt 1 view .LVU722
 2486 0144 4FF0E023 		mov	r3, #-536813568
 2487 0148 4FF08052 		mov	r2, #268435456
 2488 014c C3F8042D 		str	r2, [r3, #3332]
1382:Middlewares/Third_Party/FreeRTOS/Source/queue.c **** 				}
 2489              		.loc 1 1382 6 view .LVU723
 2490              		.syntax unified
 2491              	@ 1382 "Middlewares/Third_Party/FreeRTOS/Source/queue.c" 1
 2492 0150 BFF34F8F 		dsb
 2493              	@ 0 "" 2
1382:Middlewares/Third_Party/FreeRTOS/Source/queue.c **** 				}
 2494              		.loc 1 1382 6 view .LVU724
 2495              	@ 1382 "Middlewares/Third_Party/FreeRTOS/Source/queue.c" 1
 2496 0154 BFF36F8F 		isb
 2497              	@ 0 "" 2
1382:Middlewares/Third_Party/FreeRTOS/Source/queue.c **** 				}
 2498              		.loc 1 1382 28 view .LVU725
 2499              		.thumb
 2500              		.syntax unified
 2501 0158 BFE7     		b	.L159
 2502              	.L175:
1407:Middlewares/Third_Party/FreeRTOS/Source/queue.c **** 			}
 2503              		.loc 1 1407 12 is_stmt 0 view .LVU726
 2504 015a 0020     		movs	r0, #0
 2505 015c 89E7     		b	.L152
 2506              		.cfi_endproc
 2507              	.LFE15:
 2509              		.section	.text.xQueueSemaphoreTake,"ax",%progbits
 2510              		.align	1
 2511              		.global	xQueueSemaphoreTake
 2512              		.syntax unified
 2513              		.thumb
 2514              		.thumb_func
 2516              	xQueueSemaphoreTake:
 2517              	.LVL204:
 2518              	.LFB16:
1419:Middlewares/Third_Party/FreeRTOS/Source/queue.c **** BaseType_t xEntryTimeSet = pdFALSE;
 2519              		.loc 1 1419 1 is_stmt 1 view -0
 2520              		.cfi_startproc
 2521              		@ args = 0, pretend = 0, frame = 16
 2522              		@ frame_needed = 0, uses_anonymous_args = 0
1419:Middlewares/Third_Party/FreeRTOS/Source/queue.c **** BaseType_t xEntryTimeSet = pdFALSE;
 2523              		.loc 1 1419 1 is_stmt 0 view .LVU728
 2524 0000 70B5     		push	{r4, r5, r6, lr}
 2525              	.LCFI32:
 2526              		.cfi_def_cfa_offset 16
 2527              		.cfi_offset 4, -16
 2528              		.cfi_offset 5, -12
 2529              		.cfi_offset 6, -8
 2530              		.cfi_offset 14, -4
 2531 0002 84B0     		sub	sp, sp, #16
 2532              	.LCFI33:
 2533              		.cfi_def_cfa_offset 32
 2534 0004 0191     		str	r1, [sp, #4]
1420:Middlewares/Third_Party/FreeRTOS/Source/queue.c **** TimeOut_t xTimeOut;
 2535              		.loc 1 1420 1 is_stmt 1 view .LVU729
 2536              	.LVL205:
ARM GAS  D:\temp\TMP\ccsMuV5a.s 			page 102


1421:Middlewares/Third_Party/FreeRTOS/Source/queue.c **** Queue_t * const pxQueue = xQueue;
 2537              		.loc 1 1421 1 view .LVU730
1422:Middlewares/Third_Party/FreeRTOS/Source/queue.c **** 
 2538              		.loc 1 1422 1 view .LVU731
1425:Middlewares/Third_Party/FreeRTOS/Source/queue.c **** #endif
 2539              		.loc 1 1425 2 view .LVU732
1429:Middlewares/Third_Party/FreeRTOS/Source/queue.c **** 
 2540              		.loc 1 1429 2 view .LVU733
 2541 0006 58B1     		cbz	r0, .L207
 2542 0008 0446     		mov	r4, r0
1429:Middlewares/Third_Party/FreeRTOS/Source/queue.c **** 
 2543              		.loc 1 1429 29 view .LVU734
1433:Middlewares/Third_Party/FreeRTOS/Source/queue.c **** 
 2544              		.loc 1 1433 2 view .LVU735
 2545 000a 036C     		ldr	r3, [r0, #64]
 2546 000c 8BB1     		cbz	r3, .L184
1433:Middlewares/Third_Party/FreeRTOS/Source/queue.c **** 
 2547              		.loc 1 1433 2 discriminator 1 view .LVU736
 2548              	.LBB165:
 2549              	.LBI165:
 191:Middlewares/Third_Party/FreeRTOS/Source/portable/GCC/ARM_CM4F/portmacro.h **** {
 2550              		.loc 2 191 30 view .LVU737
 2551              	.LBB166:
 193:Middlewares/Third_Party/FreeRTOS/Source/portable/GCC/ARM_CM4F/portmacro.h **** 
 2552              		.loc 2 193 1 view .LVU738
 195:Middlewares/Third_Party/FreeRTOS/Source/portable/GCC/ARM_CM4F/portmacro.h **** 	(
 2553              		.loc 2 195 2 view .LVU739
 2554              		.syntax unified
 2555              	@ 195 "Middlewares/Third_Party/FreeRTOS/Source/portable/GCC/ARM_CM4F/portmacro.h" 1
 2556 000e 4FF05003 			mov r3, #80												
 2557 0012 83F31188 		msr basepri, r3											
 2558 0016 BFF36F8F 		isb														
 2559 001a BFF34F8F 		dsb														
 2560              	
 2561              	@ 0 "" 2
 2562              		.thumb
 2563              		.syntax unified
 2564              	.L185:
 2565              	.LBE166:
 2566              	.LBE165:
1433:Middlewares/Third_Party/FreeRTOS/Source/queue.c **** 
 2567              		.loc 1 1433 2 view .LVU740
 2568 001e FEE7     		b	.L185
 2569              	.L207:
1429:Middlewares/Third_Party/FreeRTOS/Source/queue.c **** 
 2570              		.loc 1 1429 2 discriminator 1 view .LVU741
 2571              	.LBB167:
 2572              	.LBI167:
 191:Middlewares/Third_Party/FreeRTOS/Source/portable/GCC/ARM_CM4F/portmacro.h **** {
 2573              		.loc 2 191 30 view .LVU742
 2574              	.LBB168:
 193:Middlewares/Third_Party/FreeRTOS/Source/portable/GCC/ARM_CM4F/portmacro.h **** 
 2575              		.loc 2 193 1 view .LVU743
 195:Middlewares/Third_Party/FreeRTOS/Source/portable/GCC/ARM_CM4F/portmacro.h **** 	(
 2576              		.loc 2 195 2 view .LVU744
 2577              		.syntax unified
 2578              	@ 195 "Middlewares/Third_Party/FreeRTOS/Source/portable/GCC/ARM_CM4F/portmacro.h" 1
ARM GAS  D:\temp\TMP\ccsMuV5a.s 			page 103


 2579 0020 4FF05003 			mov r3, #80												
 2580 0024 83F31188 		msr basepri, r3											
 2581 0028 BFF36F8F 		isb														
 2582 002c BFF34F8F 		dsb														
 2583              	
 2584              	@ 0 "" 2
 2585              		.thumb
 2586              		.syntax unified
 2587              	.L183:
 2588              	.LBE168:
 2589              	.LBE167:
1429:Middlewares/Third_Party/FreeRTOS/Source/queue.c **** 
 2590              		.loc 1 1429 2 view .LVU745
 2591 0030 FEE7     		b	.L183
 2592              	.L184:
1433:Middlewares/Third_Party/FreeRTOS/Source/queue.c **** 
 2593              		.loc 1 1433 42 view .LVU746
1438:Middlewares/Third_Party/FreeRTOS/Source/queue.c **** 	}
 2594              		.loc 1 1438 3 view .LVU747
 2595 0032 FFF7FEFF 		bl	xTaskGetSchedulerState
 2596              	.LVL206:
1438:Middlewares/Third_Party/FreeRTOS/Source/queue.c **** 	}
 2597              		.loc 1 1438 3 is_stmt 0 discriminator 1 view .LVU748
 2598 0036 0546     		mov	r5, r0
 2599 0038 50B9     		cbnz	r0, .L204
1438:Middlewares/Third_Party/FreeRTOS/Source/queue.c **** 	}
 2600              		.loc 1 1438 3 discriminator 3 view .LVU749
 2601 003a 019B     		ldr	r3, [sp, #4]
 2602 003c 63B1     		cbz	r3, .L205
1438:Middlewares/Third_Party/FreeRTOS/Source/queue.c **** 	}
 2603              		.loc 1 1438 3 is_stmt 1 discriminator 8 view .LVU750
 2604              	.LBB169:
 2605              	.LBI169:
 191:Middlewares/Third_Party/FreeRTOS/Source/portable/GCC/ARM_CM4F/portmacro.h **** {
 2606              		.loc 2 191 30 view .LVU751
 2607              	.LBB170:
 193:Middlewares/Third_Party/FreeRTOS/Source/portable/GCC/ARM_CM4F/portmacro.h **** 
 2608              		.loc 2 193 1 view .LVU752
 195:Middlewares/Third_Party/FreeRTOS/Source/portable/GCC/ARM_CM4F/portmacro.h **** 	(
 2609              		.loc 2 195 2 view .LVU753
 2610              		.syntax unified
 2611              	@ 195 "Middlewares/Third_Party/FreeRTOS/Source/portable/GCC/ARM_CM4F/portmacro.h" 1
 2612 003e 4FF05003 			mov r3, #80												
 2613 0042 83F31188 		msr basepri, r3											
 2614 0046 BFF36F8F 		isb														
 2615 004a BFF34F8F 		dsb														
 2616              	
 2617              	@ 0 "" 2
 2618              		.thumb
 2619              		.syntax unified
 2620              	.L187:
 2621              	.LBE170:
 2622              	.LBE169:
1438:Middlewares/Third_Party/FreeRTOS/Source/queue.c **** 	}
 2623              		.loc 1 1438 3 view .LVU754
 2624 004e FEE7     		b	.L187
 2625              	.L204:
ARM GAS  D:\temp\TMP\ccsMuV5a.s 			page 104


 2626 0050 0023     		movs	r3, #0
 2627 0052 1E46     		mov	r6, r3
 2628 0054 1D46     		mov	r5, r3
 2629 0056 56E0     		b	.L188
 2630              	.L205:
 2631 0058 0646     		mov	r6, r0
 2632 005a 54E0     		b	.L188
 2633              	.LVL207:
 2634              	.L211:
 2635              	.LBB171:
1458:Middlewares/Third_Party/FreeRTOS/Source/queue.c **** 
 2636              		.loc 1 1458 34 view .LVU755
1462:Middlewares/Third_Party/FreeRTOS/Source/queue.c **** 
 2637              		.loc 1 1462 5 view .LVU756
1462:Middlewares/Third_Party/FreeRTOS/Source/queue.c **** 
 2638              		.loc 1 1462 51 is_stmt 0 view .LVU757
 2639 005c 013B     		subs	r3, r3, #1
 2640              	.LVL208:
1462:Middlewares/Third_Party/FreeRTOS/Source/queue.c **** 
 2641              		.loc 1 1462 32 view .LVU758
 2642 005e A363     		str	r3, [r4, #56]
1466:Middlewares/Third_Party/FreeRTOS/Source/queue.c **** 					{
 2643              		.loc 1 1466 6 is_stmt 1 view .LVU759
1466:Middlewares/Third_Party/FreeRTOS/Source/queue.c **** 					{
 2644              		.loc 1 1466 17 is_stmt 0 view .LVU760
 2645 0060 2368     		ldr	r3, [r4]
 2646              	.LVL209:
1466:Middlewares/Third_Party/FreeRTOS/Source/queue.c **** 					{
 2647              		.loc 1 1466 8 view .LVU761
 2648 0062 43B1     		cbz	r3, .L208
 2649              	.LVL210:
 2650              	.L190:
1474:Middlewares/Third_Party/FreeRTOS/Source/queue.c **** 					}
 2651              		.loc 1 1474 31 is_stmt 1 view .LVU762
1481:Middlewares/Third_Party/FreeRTOS/Source/queue.c **** 				{
 2652              		.loc 1 1481 5 view .LVU763
1481:Middlewares/Third_Party/FreeRTOS/Source/queue.c **** 				{
 2653              		.loc 1 1481 9 is_stmt 0 view .LVU764
 2654 0064 2369     		ldr	r3, [r4, #16]
1481:Middlewares/Third_Party/FreeRTOS/Source/queue.c **** 				{
 2655              		.loc 1 1481 7 view .LVU765
 2656 0066 53B9     		cbnz	r3, .L209
 2657              	.L191:
1494:Middlewares/Third_Party/FreeRTOS/Source/queue.c **** 				}
 2658              		.loc 1 1494 30 is_stmt 1 view .LVU766
1497:Middlewares/Third_Party/FreeRTOS/Source/queue.c **** 				return pdPASS;
 2659              		.loc 1 1497 5 view .LVU767
 2660 0068 FFF7FEFF 		bl	vPortExitCritical
 2661              	.LVL211:
1498:Middlewares/Third_Party/FreeRTOS/Source/queue.c **** 			}
 2662              		.loc 1 1498 5 view .LVU768
1498:Middlewares/Third_Party/FreeRTOS/Source/queue.c **** 			}
 2663              		.loc 1 1498 12 is_stmt 0 view .LVU769
 2664 006c 0123     		movs	r3, #1
 2665 006e 1E46     		mov	r6, r3
 2666              	.LVL212:
 2667              	.L181:
ARM GAS  D:\temp\TMP\ccsMuV5a.s 			page 105


1498:Middlewares/Third_Party/FreeRTOS/Source/queue.c **** 			}
 2668              		.loc 1 1498 12 view .LVU770
 2669              	.LBE171:
1633:Middlewares/Third_Party/FreeRTOS/Source/queue.c **** /*-----------------------------------------------------------*/
 2670              		.loc 1 1633 1 view .LVU771
 2671 0070 3046     		mov	r0, r6
 2672 0072 04B0     		add	sp, sp, #16
 2673              	.LCFI34:
 2674              		.cfi_remember_state
 2675              		.cfi_def_cfa_offset 16
 2676              		@ sp needed
 2677 0074 70BD     		pop	{r4, r5, r6, pc}
 2678              	.LVL213:
 2679              	.L208:
 2680              	.LCFI35:
 2681              		.cfi_restore_state
 2682              	.LBB174:
1470:Middlewares/Third_Party/FreeRTOS/Source/queue.c **** 					}
 2683              		.loc 1 1470 7 is_stmt 1 view .LVU772
1470:Middlewares/Third_Party/FreeRTOS/Source/queue.c **** 					}
 2684              		.loc 1 1470 44 is_stmt 0 view .LVU773
 2685 0076 FFF7FEFF 		bl	pvTaskIncrementMutexHeldCount
 2686              	.LVL214:
1470:Middlewares/Third_Party/FreeRTOS/Source/queue.c **** 					}
 2687              		.loc 1 1470 42 discriminator 1 view .LVU774
 2688 007a A060     		str	r0, [r4, #8]
 2689 007c F2E7     		b	.L190
 2690              	.L209:
1483:Middlewares/Third_Party/FreeRTOS/Source/queue.c **** 					{
 2691              		.loc 1 1483 6 is_stmt 1 view .LVU775
1483:Middlewares/Third_Party/FreeRTOS/Source/queue.c **** 					{
 2692              		.loc 1 1483 10 is_stmt 0 view .LVU776
 2693 007e 04F11000 		add	r0, r4, #16
 2694 0082 FFF7FEFF 		bl	xTaskRemoveFromEventList
 2695              	.LVL215:
1483:Middlewares/Third_Party/FreeRTOS/Source/queue.c **** 					{
 2696              		.loc 1 1483 8 discriminator 1 view .LVU777
 2697 0086 0028     		cmp	r0, #0
 2698 0088 EED0     		beq	.L191
1485:Middlewares/Third_Party/FreeRTOS/Source/queue.c **** 					}
 2699              		.loc 1 1485 7 is_stmt 1 view .LVU778
 2700 008a 4FF0E023 		mov	r3, #-536813568
 2701 008e 4FF08052 		mov	r2, #268435456
 2702 0092 C3F8042D 		str	r2, [r3, #3332]
1485:Middlewares/Third_Party/FreeRTOS/Source/queue.c **** 					}
 2703              		.loc 1 1485 7 view .LVU779
 2704              		.syntax unified
 2705              	@ 1485 "Middlewares/Third_Party/FreeRTOS/Source/queue.c" 1
 2706 0096 BFF34F8F 		dsb
 2707              	@ 0 "" 2
1485:Middlewares/Third_Party/FreeRTOS/Source/queue.c **** 					}
 2708              		.loc 1 1485 7 view .LVU780
 2709              	@ 1485 "Middlewares/Third_Party/FreeRTOS/Source/queue.c" 1
 2710 009a BFF36F8F 		isb
 2711              	@ 0 "" 2
1485:Middlewares/Third_Party/FreeRTOS/Source/queue.c **** 					}
 2712              		.loc 1 1485 39 view .LVU781
ARM GAS  D:\temp\TMP\ccsMuV5a.s 			page 106


 2713              		.thumb
 2714              		.syntax unified
 2715 009e E3E7     		b	.L191
 2716              	.L212:
1509:Middlewares/Third_Party/FreeRTOS/Source/queue.c **** 					}
 2717              		.loc 1 1509 7 view .LVU782
 2718 00a0 46B1     		cbz	r6, .L194
1509:Middlewares/Third_Party/FreeRTOS/Source/queue.c **** 					}
 2719              		.loc 1 1509 7 discriminator 1 view .LVU783
 2720              	.LBB172:
 2721              	.LBI172:
 191:Middlewares/Third_Party/FreeRTOS/Source/portable/GCC/ARM_CM4F/portmacro.h **** {
 2722              		.loc 2 191 30 view .LVU784
 2723              	.LBB173:
 193:Middlewares/Third_Party/FreeRTOS/Source/portable/GCC/ARM_CM4F/portmacro.h **** 
 2724              		.loc 2 193 1 view .LVU785
 195:Middlewares/Third_Party/FreeRTOS/Source/portable/GCC/ARM_CM4F/portmacro.h **** 	(
 2725              		.loc 2 195 2 view .LVU786
 2726              		.syntax unified
 2727              	@ 195 "Middlewares/Third_Party/FreeRTOS/Source/portable/GCC/ARM_CM4F/portmacro.h" 1
 2728 00a2 4FF05003 			mov r3, #80												
 2729 00a6 83F31188 		msr basepri, r3											
 2730 00aa BFF36F8F 		isb														
 2731 00ae BFF34F8F 		dsb														
 2732              	
 2733              	@ 0 "" 2
 2734              		.thumb
 2735              		.syntax unified
 2736              	.L195:
 2737              	.LBE173:
 2738              	.LBE172:
1509:Middlewares/Third_Party/FreeRTOS/Source/queue.c **** 					}
 2739              		.loc 1 1509 7 view .LVU787
 2740 00b2 FEE7     		b	.L195
 2741              	.L194:
1509:Middlewares/Third_Party/FreeRTOS/Source/queue.c **** 					}
 2742              		.loc 1 1509 54 view .LVU788
1515:Middlewares/Third_Party/FreeRTOS/Source/queue.c **** 					traceQUEUE_RECEIVE_FAILED( pxQueue );
 2743              		.loc 1 1515 6 view .LVU789
 2744 00b4 FFF7FEFF 		bl	vPortExitCritical
 2745              	.LVL216:
1516:Middlewares/Third_Party/FreeRTOS/Source/queue.c **** 					return errQUEUE_EMPTY;
 2746              		.loc 1 1516 42 view .LVU790
1517:Middlewares/Third_Party/FreeRTOS/Source/queue.c **** 				}
 2747              		.loc 1 1517 6 view .LVU791
1517:Middlewares/Third_Party/FreeRTOS/Source/queue.c **** 				}
 2748              		.loc 1 1517 13 is_stmt 0 view .LVU792
 2749 00b8 DAE7     		b	.L181
 2750              	.L213:
1523:Middlewares/Third_Party/FreeRTOS/Source/queue.c **** 					xEntryTimeSet = pdTRUE;
 2751              		.loc 1 1523 6 is_stmt 1 view .LVU793
 2752 00ba 02A8     		add	r0, sp, #8
 2753 00bc FFF7FEFF 		bl	vTaskInternalSetTimeOutState
 2754              	.LVL217:
1524:Middlewares/Third_Party/FreeRTOS/Source/queue.c **** 				}
 2755              		.loc 1 1524 6 view .LVU794
1524:Middlewares/Third_Party/FreeRTOS/Source/queue.c **** 				}
ARM GAS  D:\temp\TMP\ccsMuV5a.s 			page 107


 2756              		.loc 1 1524 20 is_stmt 0 view .LVU795
 2757 00c0 0125     		movs	r5, #1
 2758 00c2 2AE0     		b	.L196
 2759              	.LVL218:
 2760              	.L214:
1524:Middlewares/Third_Party/FreeRTOS/Source/queue.c **** 				}
 2761              		.loc 1 1524 20 view .LVU796
 2762              	.LBE174:
1539:Middlewares/Third_Party/FreeRTOS/Source/queue.c **** 
 2763              		.loc 1 1539 3 is_stmt 1 discriminator 2 view .LVU797
 2764 00c4 0023     		movs	r3, #0
 2765 00c6 84F84430 		strb	r3, [r4, #68]
 2766 00ca 32E0     		b	.L197
 2767              	.L215:
1539:Middlewares/Third_Party/FreeRTOS/Source/queue.c **** 
 2768              		.loc 1 1539 3 discriminator 5 view .LVU798
 2769 00cc 0023     		movs	r3, #0
 2770 00ce 84F84530 		strb	r3, [r4, #69]
 2771 00d2 34E0     		b	.L198
 2772              	.L216:
1556:Middlewares/Third_Party/FreeRTOS/Source/queue.c **** 						{
 2773              		.loc 1 1556 7 view .LVU799
 2774 00d4 FFF7FEFF 		bl	vPortEnterCritical
 2775              	.LVL219:
1558:Middlewares/Third_Party/FreeRTOS/Source/queue.c **** 						}
 2776              		.loc 1 1558 8 view .LVU800
1558:Middlewares/Third_Party/FreeRTOS/Source/queue.c **** 						}
 2777              		.loc 1 1558 31 is_stmt 0 view .LVU801
 2778 00d8 A068     		ldr	r0, [r4, #8]
 2779 00da FFF7FEFF 		bl	xTaskPriorityInherit
 2780              	.LVL220:
 2781 00de 0646     		mov	r6, r0
 2782              	.LVL221:
1560:Middlewares/Third_Party/FreeRTOS/Source/queue.c **** 					}
 2783              		.loc 1 1560 7 is_stmt 1 view .LVU802
 2784 00e0 FFF7FEFF 		bl	vPortExitCritical
 2785              	.LVL222:
1560:Middlewares/Third_Party/FreeRTOS/Source/queue.c **** 					}
 2786              		.loc 1 1560 7 is_stmt 0 view .LVU803
 2787 00e4 3BE0     		b	.L201
 2788              	.L200:
1584:Middlewares/Third_Party/FreeRTOS/Source/queue.c **** 				( void ) xTaskResumeAll();
 2789              		.loc 1 1584 5 is_stmt 1 view .LVU804
 2790 00e6 2046     		mov	r0, r4
 2791 00e8 FFF7FEFF 		bl	prvUnlockQueue
 2792              	.LVL223:
1585:Middlewares/Third_Party/FreeRTOS/Source/queue.c **** 			}
 2793              		.loc 1 1585 5 view .LVU805
1585:Middlewares/Third_Party/FreeRTOS/Source/queue.c **** 			}
 2794              		.loc 1 1585 14 is_stmt 0 view .LVU806
 2795 00ec FFF7FEFF 		bl	xTaskResumeAll
 2796              	.LVL224:
 2797 00f0 09E0     		b	.L188
 2798              	.L199:
1591:Middlewares/Third_Party/FreeRTOS/Source/queue.c **** 			( void ) xTaskResumeAll();
 2799              		.loc 1 1591 4 is_stmt 1 view .LVU807
 2800 00f2 2046     		mov	r0, r4
ARM GAS  D:\temp\TMP\ccsMuV5a.s 			page 108


 2801 00f4 FFF7FEFF 		bl	prvUnlockQueue
 2802              	.LVL225:
1592:Middlewares/Third_Party/FreeRTOS/Source/queue.c **** 
 2803              		.loc 1 1592 4 view .LVU808
1592:Middlewares/Third_Party/FreeRTOS/Source/queue.c **** 
 2804              		.loc 1 1592 13 is_stmt 0 view .LVU809
 2805 00f8 FFF7FEFF 		bl	xTaskResumeAll
 2806              	.LVL226:
1598:Middlewares/Third_Party/FreeRTOS/Source/queue.c **** 			{
 2807              		.loc 1 1598 4 is_stmt 1 view .LVU810
1598:Middlewares/Third_Party/FreeRTOS/Source/queue.c **** 			{
 2808              		.loc 1 1598 8 is_stmt 0 view .LVU811
 2809 00fc 2046     		mov	r0, r4
 2810 00fe FFF7FEFF 		bl	prvIsQueueEmpty
 2811              	.LVL227:
1598:Middlewares/Third_Party/FreeRTOS/Source/queue.c **** 			{
 2812              		.loc 1 1598 6 discriminator 1 view .LVU812
 2813 0102 0028     		cmp	r0, #0
 2814 0104 42D1     		bne	.L210
 2815              	.LVL228:
 2816              	.L188:
1438:Middlewares/Third_Party/FreeRTOS/Source/queue.c **** 	}
 2817              		.loc 1 1438 104 is_stmt 1 view .LVU813
1446:Middlewares/Third_Party/FreeRTOS/Source/queue.c **** 	{
 2818              		.loc 1 1446 2 view .LVU814
1448:Middlewares/Third_Party/FreeRTOS/Source/queue.c **** 		{
 2819              		.loc 1 1448 3 view .LVU815
 2820 0106 FFF7FEFF 		bl	vPortEnterCritical
 2821              	.LVL229:
 2822              	.LBB175:
1452:Middlewares/Third_Party/FreeRTOS/Source/queue.c **** 
 2823              		.loc 1 1452 4 view .LVU816
1452:Middlewares/Third_Party/FreeRTOS/Source/queue.c **** 
 2824              		.loc 1 1452 22 is_stmt 0 view .LVU817
 2825 010a A36B     		ldr	r3, [r4, #56]
 2826              	.LVL230:
1456:Middlewares/Third_Party/FreeRTOS/Source/queue.c **** 			{
 2827              		.loc 1 1456 4 is_stmt 1 view .LVU818
1456:Middlewares/Third_Party/FreeRTOS/Source/queue.c **** 			{
 2828              		.loc 1 1456 6 is_stmt 0 view .LVU819
 2829 010c 002B     		cmp	r3, #0
 2830 010e A5D1     		bne	.L211
1502:Middlewares/Third_Party/FreeRTOS/Source/queue.c **** 				{
 2831              		.loc 1 1502 5 is_stmt 1 view .LVU820
1502:Middlewares/Third_Party/FreeRTOS/Source/queue.c **** 				{
 2832              		.loc 1 1502 22 is_stmt 0 view .LVU821
 2833 0110 019B     		ldr	r3, [sp, #4]
 2834              	.LVL231:
1502:Middlewares/Third_Party/FreeRTOS/Source/queue.c **** 				{
 2835              		.loc 1 1502 7 view .LVU822
 2836 0112 002B     		cmp	r3, #0
 2837 0114 C4D0     		beq	.L212
1519:Middlewares/Third_Party/FreeRTOS/Source/queue.c **** 				{
 2838              		.loc 1 1519 10 is_stmt 1 view .LVU823
1519:Middlewares/Third_Party/FreeRTOS/Source/queue.c **** 				{
 2839              		.loc 1 1519 12 is_stmt 0 view .LVU824
 2840 0116 002D     		cmp	r5, #0
ARM GAS  D:\temp\TMP\ccsMuV5a.s 			page 109


 2841 0118 CFD0     		beq	.L213
 2842              	.LVL232:
 2843              	.L196:
1529:Middlewares/Third_Party/FreeRTOS/Source/queue.c **** 				}
 2844              		.loc 1 1529 30 is_stmt 1 view .LVU825
 2845              	.LBE175:
1533:Middlewares/Third_Party/FreeRTOS/Source/queue.c **** 
 2846              		.loc 1 1533 3 view .LVU826
 2847 011a FFF7FEFF 		bl	vPortExitCritical
 2848              	.LVL233:
1538:Middlewares/Third_Party/FreeRTOS/Source/queue.c **** 		prvLockQueue( pxQueue );
 2849              		.loc 1 1538 3 view .LVU827
 2850 011e FFF7FEFF 		bl	vTaskSuspendAll
 2851              	.LVL234:
1539:Middlewares/Third_Party/FreeRTOS/Source/queue.c **** 
 2852              		.loc 1 1539 3 view .LVU828
 2853 0122 FFF7FEFF 		bl	vPortEnterCritical
 2854              	.LVL235:
1539:Middlewares/Third_Party/FreeRTOS/Source/queue.c **** 
 2855              		.loc 1 1539 3 discriminator 1 view .LVU829
 2856 0126 94F84430 		ldrb	r3, [r4, #68]	@ zero_extendqisi2
 2857 012a 5BB2     		sxtb	r3, r3
 2858 012c B3F1FF3F 		cmp	r3, #-1
 2859 0130 C8D0     		beq	.L214
 2860              	.L197:
1539:Middlewares/Third_Party/FreeRTOS/Source/queue.c **** 
 2861              		.loc 1 1539 3 discriminator 4 view .LVU830
 2862 0132 94F84530 		ldrb	r3, [r4, #69]	@ zero_extendqisi2
 2863 0136 5BB2     		sxtb	r3, r3
 2864 0138 B3F1FF3F 		cmp	r3, #-1
 2865 013c C6D0     		beq	.L215
 2866              	.L198:
1539:Middlewares/Third_Party/FreeRTOS/Source/queue.c **** 
 2867              		.loc 1 1539 3 discriminator 7 view .LVU831
 2868 013e FFF7FEFF 		bl	vPortExitCritical
 2869              	.LVL236:
1542:Middlewares/Third_Party/FreeRTOS/Source/queue.c **** 		{
 2870              		.loc 1 1542 3 view .LVU832
1542:Middlewares/Third_Party/FreeRTOS/Source/queue.c **** 		{
 2871              		.loc 1 1542 7 is_stmt 0 view .LVU833
 2872 0142 01A9     		add	r1, sp, #4
 2873 0144 02A8     		add	r0, sp, #8
 2874 0146 FFF7FEFF 		bl	xTaskCheckForTimeOut
 2875              	.LVL237:
1542:Middlewares/Third_Party/FreeRTOS/Source/queue.c **** 		{
 2876              		.loc 1 1542 5 discriminator 1 view .LVU834
 2877 014a 0028     		cmp	r0, #0
 2878 014c D1D1     		bne	.L199
1548:Middlewares/Third_Party/FreeRTOS/Source/queue.c **** 			{
 2879              		.loc 1 1548 4 is_stmt 1 view .LVU835
1548:Middlewares/Third_Party/FreeRTOS/Source/queue.c **** 			{
 2880              		.loc 1 1548 8 is_stmt 0 view .LVU836
 2881 014e 2046     		mov	r0, r4
 2882 0150 FFF7FEFF 		bl	prvIsQueueEmpty
 2883              	.LVL238:
1548:Middlewares/Third_Party/FreeRTOS/Source/queue.c **** 			{
 2884              		.loc 1 1548 6 discriminator 1 view .LVU837
ARM GAS  D:\temp\TMP\ccsMuV5a.s 			page 110


 2885 0154 0028     		cmp	r0, #0
 2886 0156 C6D0     		beq	.L200
1550:Middlewares/Third_Party/FreeRTOS/Source/queue.c **** 
 2887              		.loc 1 1550 46 is_stmt 1 view .LVU838
1554:Middlewares/Third_Party/FreeRTOS/Source/queue.c **** 					{
 2888              		.loc 1 1554 6 view .LVU839
1554:Middlewares/Third_Party/FreeRTOS/Source/queue.c **** 					{
 2889              		.loc 1 1554 17 is_stmt 0 view .LVU840
 2890 0158 2368     		ldr	r3, [r4]
1554:Middlewares/Third_Party/FreeRTOS/Source/queue.c **** 					{
 2891              		.loc 1 1554 8 view .LVU841
 2892 015a 002B     		cmp	r3, #0
 2893 015c BAD0     		beq	.L216
 2894              	.L201:
1564:Middlewares/Third_Party/FreeRTOS/Source/queue.c **** 					}
 2895              		.loc 1 1564 31 is_stmt 1 view .LVU842
1569:Middlewares/Third_Party/FreeRTOS/Source/queue.c **** 				prvUnlockQueue( pxQueue );
 2896              		.loc 1 1569 5 view .LVU843
 2897 015e 0199     		ldr	r1, [sp, #4]
 2898 0160 04F12400 		add	r0, r4, #36
 2899 0164 FFF7FEFF 		bl	vTaskPlaceOnEventList
 2900              	.LVL239:
1570:Middlewares/Third_Party/FreeRTOS/Source/queue.c **** 				if( xTaskResumeAll() == pdFALSE )
 2901              		.loc 1 1570 5 view .LVU844
 2902 0168 2046     		mov	r0, r4
 2903 016a FFF7FEFF 		bl	prvUnlockQueue
 2904              	.LVL240:
1571:Middlewares/Third_Party/FreeRTOS/Source/queue.c **** 				{
 2905              		.loc 1 1571 5 view .LVU845
1571:Middlewares/Third_Party/FreeRTOS/Source/queue.c **** 				{
 2906              		.loc 1 1571 9 is_stmt 0 view .LVU846
 2907 016e FFF7FEFF 		bl	xTaskResumeAll
 2908              	.LVL241:
1571:Middlewares/Third_Party/FreeRTOS/Source/queue.c **** 				{
 2909              		.loc 1 1571 7 discriminator 1 view .LVU847
 2910 0172 0028     		cmp	r0, #0
 2911 0174 C7D1     		bne	.L188
1573:Middlewares/Third_Party/FreeRTOS/Source/queue.c **** 				}
 2912              		.loc 1 1573 6 is_stmt 1 view .LVU848
 2913 0176 4FF0E023 		mov	r3, #-536813568
 2914 017a 4FF08052 		mov	r2, #268435456
 2915 017e C3F8042D 		str	r2, [r3, #3332]
1573:Middlewares/Third_Party/FreeRTOS/Source/queue.c **** 				}
 2916              		.loc 1 1573 6 view .LVU849
 2917              		.syntax unified
 2918              	@ 1573 "Middlewares/Third_Party/FreeRTOS/Source/queue.c" 1
 2919 0182 BFF34F8F 		dsb
 2920              	@ 0 "" 2
1573:Middlewares/Third_Party/FreeRTOS/Source/queue.c **** 				}
 2921              		.loc 1 1573 6 view .LVU850
 2922              	@ 1573 "Middlewares/Third_Party/FreeRTOS/Source/queue.c" 1
 2923 0186 BFF36F8F 		isb
 2924              	@ 0 "" 2
1573:Middlewares/Third_Party/FreeRTOS/Source/queue.c **** 				}
 2925              		.loc 1 1573 28 view .LVU851
 2926              		.thumb
 2927              		.syntax unified
ARM GAS  D:\temp\TMP\ccsMuV5a.s 			page 111


 2928 018a BCE7     		b	.L188
 2929              	.L210:
1605:Middlewares/Third_Party/FreeRTOS/Source/queue.c **** 					{
 2930              		.loc 1 1605 6 view .LVU852
1605:Middlewares/Third_Party/FreeRTOS/Source/queue.c **** 					{
 2931              		.loc 1 1605 8 is_stmt 0 view .LVU853
 2932 018c 16B9     		cbnz	r6, .L217
 2933              	.L203:
1624:Middlewares/Third_Party/FreeRTOS/Source/queue.c **** 				return errQUEUE_EMPTY;
 2934              		.loc 1 1624 41 is_stmt 1 view .LVU854
1625:Middlewares/Third_Party/FreeRTOS/Source/queue.c **** 			}
 2935              		.loc 1 1625 5 view .LVU855
1625:Middlewares/Third_Party/FreeRTOS/Source/queue.c **** 			}
 2936              		.loc 1 1625 12 is_stmt 0 view .LVU856
 2937 018e 0023     		movs	r3, #0
 2938 0190 1E46     		mov	r6, r3
 2939              	.LVL242:
1625:Middlewares/Third_Party/FreeRTOS/Source/queue.c **** 			}
 2940              		.loc 1 1625 12 view .LVU857
 2941 0192 6DE7     		b	.L181
 2942              	.LVL243:
 2943              	.L217:
1607:Middlewares/Third_Party/FreeRTOS/Source/queue.c **** 						{
 2944              		.loc 1 1607 7 is_stmt 1 view .LVU858
 2945 0194 FFF7FEFF 		bl	vPortEnterCritical
 2946              	.LVL244:
 2947              	.LBB176:
1609:Middlewares/Third_Party/FreeRTOS/Source/queue.c **** 
 2948              		.loc 1 1609 8 view .LVU859
1616:Middlewares/Third_Party/FreeRTOS/Source/queue.c **** 							vTaskPriorityDisinheritAfterTimeout( pxQueue->u.xSemaphore.xMutexHolder, uxHighestWaitingPri
 2949              		.loc 1 1616 8 view .LVU860
1616:Middlewares/Third_Party/FreeRTOS/Source/queue.c **** 							vTaskPriorityDisinheritAfterTimeout( pxQueue->u.xSemaphore.xMutexHolder, uxHighestWaitingPri
 2950              		.loc 1 1616 35 is_stmt 0 view .LVU861
 2951 0198 2046     		mov	r0, r4
 2952 019a FFF7FEFF 		bl	prvGetDisinheritPriorityAfterTimeout
 2953              	.LVL245:
 2954 019e 0146     		mov	r1, r0
 2955              	.LVL246:
1617:Middlewares/Third_Party/FreeRTOS/Source/queue.c **** 						}
 2956              		.loc 1 1617 8 is_stmt 1 view .LVU862
 2957 01a0 A068     		ldr	r0, [r4, #8]
 2958              	.LVL247:
1617:Middlewares/Third_Party/FreeRTOS/Source/queue.c **** 						}
 2959              		.loc 1 1617 8 is_stmt 0 view .LVU863
 2960 01a2 FFF7FEFF 		bl	vTaskPriorityDisinheritAfterTimeout
 2961              	.LVL248:
1617:Middlewares/Third_Party/FreeRTOS/Source/queue.c **** 						}
 2962              		.loc 1 1617 8 view .LVU864
 2963              	.LBE176:
1619:Middlewares/Third_Party/FreeRTOS/Source/queue.c **** 					}
 2964              		.loc 1 1619 7 is_stmt 1 view .LVU865
 2965 01a6 FFF7FEFF 		bl	vPortExitCritical
 2966              	.LVL249:
 2967 01aa F0E7     		b	.L203
 2968              		.cfi_endproc
 2969              	.LFE16:
 2971              		.section	.text.xQueuePeek,"ax",%progbits
ARM GAS  D:\temp\TMP\ccsMuV5a.s 			page 112


 2972              		.align	1
 2973              		.global	xQueuePeek
 2974              		.syntax unified
 2975              		.thumb
 2976              		.thumb_func
 2978              	xQueuePeek:
 2979              	.LVL250:
 2980              	.LFB17:
1637:Middlewares/Third_Party/FreeRTOS/Source/queue.c **** BaseType_t xEntryTimeSet = pdFALSE;
 2981              		.loc 1 1637 1 view -0
 2982              		.cfi_startproc
 2983              		@ args = 0, pretend = 0, frame = 16
 2984              		@ frame_needed = 0, uses_anonymous_args = 0
1637:Middlewares/Third_Party/FreeRTOS/Source/queue.c **** BaseType_t xEntryTimeSet = pdFALSE;
 2985              		.loc 1 1637 1 is_stmt 0 view .LVU867
 2986 0000 70B5     		push	{r4, r5, r6, lr}
 2987              	.LCFI36:
 2988              		.cfi_def_cfa_offset 16
 2989              		.cfi_offset 4, -16
 2990              		.cfi_offset 5, -12
 2991              		.cfi_offset 6, -8
 2992              		.cfi_offset 14, -4
 2993 0002 84B0     		sub	sp, sp, #16
 2994              	.LCFI37:
 2995              		.cfi_def_cfa_offset 32
 2996 0004 0192     		str	r2, [sp, #4]
1638:Middlewares/Third_Party/FreeRTOS/Source/queue.c **** TimeOut_t xTimeOut;
 2997              		.loc 1 1638 1 is_stmt 1 view .LVU868
 2998              	.LVL251:
1639:Middlewares/Third_Party/FreeRTOS/Source/queue.c **** int8_t *pcOriginalReadPosition;
 2999              		.loc 1 1639 1 view .LVU869
1640:Middlewares/Third_Party/FreeRTOS/Source/queue.c **** Queue_t * const pxQueue = xQueue;
 3000              		.loc 1 1640 1 view .LVU870
1641:Middlewares/Third_Party/FreeRTOS/Source/queue.c **** 
 3001              		.loc 1 1641 1 view .LVU871
1644:Middlewares/Third_Party/FreeRTOS/Source/queue.c **** 
 3002              		.loc 1 1644 2 view .LVU872
 3003 0006 90B1     		cbz	r0, .L238
 3004 0008 0E46     		mov	r6, r1
 3005 000a 0446     		mov	r4, r0
1644:Middlewares/Third_Party/FreeRTOS/Source/queue.c **** 
 3006              		.loc 1 1644 29 view .LVU873
1648:Middlewares/Third_Party/FreeRTOS/Source/queue.c **** 
 3007              		.loc 1 1648 2 view .LVU874
 3008 000c C1B1     		cbz	r1, .L239
 3009              	.L221:
1648:Middlewares/Third_Party/FreeRTOS/Source/queue.c **** 
 3010              		.loc 1 1648 100 view .LVU875
1653:Middlewares/Third_Party/FreeRTOS/Source/queue.c **** 	}
 3011              		.loc 1 1653 3 view .LVU876
 3012 000e FFF7FEFF 		bl	xTaskGetSchedulerState
 3013              	.LVL252:
1653:Middlewares/Third_Party/FreeRTOS/Source/queue.c **** 	}
 3014              		.loc 1 1653 3 is_stmt 0 discriminator 1 view .LVU877
 3015 0012 0546     		mov	r5, r0
 3016 0014 00BB     		cbnz	r0, .L236
1653:Middlewares/Third_Party/FreeRTOS/Source/queue.c **** 	}
ARM GAS  D:\temp\TMP\ccsMuV5a.s 			page 113


 3017              		.loc 1 1653 3 discriminator 3 view .LVU878
 3018 0016 019B     		ldr	r3, [sp, #4]
 3019 0018 002B     		cmp	r3, #0
 3020 001a 5ED0     		beq	.L225
1653:Middlewares/Third_Party/FreeRTOS/Source/queue.c **** 	}
 3021              		.loc 1 1653 3 is_stmt 1 discriminator 8 view .LVU879
 3022              	.LBB177:
 3023              	.LBI177:
 191:Middlewares/Third_Party/FreeRTOS/Source/portable/GCC/ARM_CM4F/portmacro.h **** {
 3024              		.loc 2 191 30 view .LVU880
 3025              	.LBB178:
 193:Middlewares/Third_Party/FreeRTOS/Source/portable/GCC/ARM_CM4F/portmacro.h **** 
 3026              		.loc 2 193 1 view .LVU881
 195:Middlewares/Third_Party/FreeRTOS/Source/portable/GCC/ARM_CM4F/portmacro.h **** 	(
 3027              		.loc 2 195 2 view .LVU882
 3028              		.syntax unified
 3029              	@ 195 "Middlewares/Third_Party/FreeRTOS/Source/portable/GCC/ARM_CM4F/portmacro.h" 1
 3030 001c 4FF05003 			mov r3, #80												
 3031 0020 83F31188 		msr basepri, r3											
 3032 0024 BFF36F8F 		isb														
 3033 0028 BFF34F8F 		dsb														
 3034              	
 3035              	@ 0 "" 2
 3036              		.thumb
 3037              		.syntax unified
 3038              	.L224:
 3039              	.LBE178:
 3040              	.LBE177:
1653:Middlewares/Third_Party/FreeRTOS/Source/queue.c **** 	}
 3041              		.loc 1 1653 3 view .LVU883
 3042 002c FEE7     		b	.L224
 3043              	.LVL253:
 3044              	.L238:
1644:Middlewares/Third_Party/FreeRTOS/Source/queue.c **** 
 3045              		.loc 1 1644 2 discriminator 1 view .LVU884
 3046              	.LBB179:
 3047              	.LBI179:
 191:Middlewares/Third_Party/FreeRTOS/Source/portable/GCC/ARM_CM4F/portmacro.h **** {
 3048              		.loc 2 191 30 view .LVU885
 3049              	.LBB180:
 193:Middlewares/Third_Party/FreeRTOS/Source/portable/GCC/ARM_CM4F/portmacro.h **** 
 3050              		.loc 2 193 1 view .LVU886
 195:Middlewares/Third_Party/FreeRTOS/Source/portable/GCC/ARM_CM4F/portmacro.h **** 	(
 3051              		.loc 2 195 2 view .LVU887
 3052              		.syntax unified
 3053              	@ 195 "Middlewares/Third_Party/FreeRTOS/Source/portable/GCC/ARM_CM4F/portmacro.h" 1
 3054 002e 4FF05003 			mov r3, #80												
 3055 0032 83F31188 		msr basepri, r3											
 3056 0036 BFF36F8F 		isb														
 3057 003a BFF34F8F 		dsb														
 3058              	
 3059              	@ 0 "" 2
 3060              		.thumb
 3061              		.syntax unified
 3062              	.L220:
 3063              	.LBE180:
 3064              	.LBE179:
ARM GAS  D:\temp\TMP\ccsMuV5a.s 			page 114


1644:Middlewares/Third_Party/FreeRTOS/Source/queue.c **** 
 3065              		.loc 1 1644 2 view .LVU888
 3066 003e FEE7     		b	.L220
 3067              	.L239:
1648:Middlewares/Third_Party/FreeRTOS/Source/queue.c **** 
 3068              		.loc 1 1648 2 is_stmt 0 discriminator 2 view .LVU889
 3069 0040 036C     		ldr	r3, [r0, #64]
 3070 0042 002B     		cmp	r3, #0
 3071 0044 E3D0     		beq	.L221
1648:Middlewares/Third_Party/FreeRTOS/Source/queue.c **** 
 3072              		.loc 1 1648 2 is_stmt 1 discriminator 7 view .LVU890
 3073              	.LBB181:
 3074              	.LBI181:
 191:Middlewares/Third_Party/FreeRTOS/Source/portable/GCC/ARM_CM4F/portmacro.h **** {
 3075              		.loc 2 191 30 view .LVU891
 3076              	.LBB182:
 193:Middlewares/Third_Party/FreeRTOS/Source/portable/GCC/ARM_CM4F/portmacro.h **** 
 3077              		.loc 2 193 1 view .LVU892
 195:Middlewares/Third_Party/FreeRTOS/Source/portable/GCC/ARM_CM4F/portmacro.h **** 	(
 3078              		.loc 2 195 2 view .LVU893
 3079              		.syntax unified
 3080              	@ 195 "Middlewares/Third_Party/FreeRTOS/Source/portable/GCC/ARM_CM4F/portmacro.h" 1
 3081 0046 4FF05003 			mov r3, #80												
 3082 004a 83F31188 		msr basepri, r3											
 3083 004e BFF36F8F 		isb														
 3084 0052 BFF34F8F 		dsb														
 3085              	
 3086              	@ 0 "" 2
 3087              		.thumb
 3088              		.syntax unified
 3089              	.L222:
 3090              	.LBE182:
 3091              	.LBE181:
1648:Middlewares/Third_Party/FreeRTOS/Source/queue.c **** 
 3092              		.loc 1 1648 2 view .LVU894
 3093 0056 FEE7     		b	.L222
 3094              	.LVL254:
 3095              	.L236:
1648:Middlewares/Third_Party/FreeRTOS/Source/queue.c **** 
 3096              		.loc 1 1648 2 is_stmt 0 view .LVU895
 3097 0058 0025     		movs	r5, #0
 3098 005a 3EE0     		b	.L225
 3099              	.LVL255:
 3100              	.L242:
 3101              	.LBB183:
1674:Middlewares/Third_Party/FreeRTOS/Source/queue.c **** 
 3102              		.loc 1 1674 5 is_stmt 1 view .LVU896
1674:Middlewares/Third_Party/FreeRTOS/Source/queue.c **** 
 3103              		.loc 1 1674 28 is_stmt 0 view .LVU897
 3104 005c E568     		ldr	r5, [r4, #12]
 3105              	.LVL256:
1676:Middlewares/Third_Party/FreeRTOS/Source/queue.c **** 				traceQUEUE_PEEK( pxQueue );
 3106              		.loc 1 1676 5 is_stmt 1 view .LVU898
 3107 005e 3146     		mov	r1, r6
 3108 0060 2046     		mov	r0, r4
 3109 0062 FFF7FEFF 		bl	prvCopyDataFromQueue
 3110              	.LVL257:
ARM GAS  D:\temp\TMP\ccsMuV5a.s 			page 115


1677:Middlewares/Third_Party/FreeRTOS/Source/queue.c **** 
 3111              		.loc 1 1677 31 view .LVU899
1680:Middlewares/Third_Party/FreeRTOS/Source/queue.c **** 
 3112              		.loc 1 1680 5 view .LVU900
1680:Middlewares/Third_Party/FreeRTOS/Source/queue.c **** 
 3113              		.loc 1 1680 34 is_stmt 0 view .LVU901
 3114 0066 E560     		str	r5, [r4, #12]
1684:Middlewares/Third_Party/FreeRTOS/Source/queue.c **** 				{
 3115              		.loc 1 1684 5 is_stmt 1 view .LVU902
1684:Middlewares/Third_Party/FreeRTOS/Source/queue.c **** 				{
 3116              		.loc 1 1684 9 is_stmt 0 view .LVU903
 3117 0068 636A     		ldr	r3, [r4, #36]
1684:Middlewares/Third_Party/FreeRTOS/Source/queue.c **** 				{
 3118              		.loc 1 1684 7 view .LVU904
 3119 006a 23B9     		cbnz	r3, .L240
 3120              	.L227:
1698:Middlewares/Third_Party/FreeRTOS/Source/queue.c **** 				}
 3121              		.loc 1 1698 30 is_stmt 1 view .LVU905
1701:Middlewares/Third_Party/FreeRTOS/Source/queue.c **** 				return pdPASS;
 3122              		.loc 1 1701 5 view .LVU906
 3123 006c FFF7FEFF 		bl	vPortExitCritical
 3124              	.LVL258:
1702:Middlewares/Third_Party/FreeRTOS/Source/queue.c **** 			}
 3125              		.loc 1 1702 5 view .LVU907
1702:Middlewares/Third_Party/FreeRTOS/Source/queue.c **** 			}
 3126              		.loc 1 1702 12 is_stmt 0 view .LVU908
 3127 0070 0120     		movs	r0, #1
 3128              	.LVL259:
 3129              	.L218:
1702:Middlewares/Third_Party/FreeRTOS/Source/queue.c **** 			}
 3130              		.loc 1 1702 12 view .LVU909
 3131              	.LBE183:
1782:Middlewares/Third_Party/FreeRTOS/Source/queue.c **** /*-----------------------------------------------------------*/
 3132              		.loc 1 1782 1 view .LVU910
 3133 0072 04B0     		add	sp, sp, #16
 3134              	.LCFI38:
 3135              		.cfi_remember_state
 3136              		.cfi_def_cfa_offset 16
 3137              		@ sp needed
 3138 0074 70BD     		pop	{r4, r5, r6, pc}
 3139              	.LVL260:
 3140              	.L240:
 3141              	.LCFI39:
 3142              		.cfi_restore_state
 3143              	.LBB184:
1686:Middlewares/Third_Party/FreeRTOS/Source/queue.c **** 					{
 3144              		.loc 1 1686 6 is_stmt 1 view .LVU911
1686:Middlewares/Third_Party/FreeRTOS/Source/queue.c **** 					{
 3145              		.loc 1 1686 10 is_stmt 0 view .LVU912
 3146 0076 04F12400 		add	r0, r4, #36
 3147 007a FFF7FEFF 		bl	xTaskRemoveFromEventList
 3148              	.LVL261:
1686:Middlewares/Third_Party/FreeRTOS/Source/queue.c **** 					{
 3149              		.loc 1 1686 8 discriminator 1 view .LVU913
 3150 007e 0028     		cmp	r0, #0
 3151 0080 F4D0     		beq	.L227
1689:Middlewares/Third_Party/FreeRTOS/Source/queue.c **** 					}
ARM GAS  D:\temp\TMP\ccsMuV5a.s 			page 116


 3152              		.loc 1 1689 7 is_stmt 1 view .LVU914
 3153 0082 4FF0E023 		mov	r3, #-536813568
 3154 0086 4FF08052 		mov	r2, #268435456
 3155 008a C3F8042D 		str	r2, [r3, #3332]
1689:Middlewares/Third_Party/FreeRTOS/Source/queue.c **** 					}
 3156              		.loc 1 1689 7 view .LVU915
 3157              		.syntax unified
 3158              	@ 1689 "Middlewares/Third_Party/FreeRTOS/Source/queue.c" 1
 3159 008e BFF34F8F 		dsb
 3160              	@ 0 "" 2
1689:Middlewares/Third_Party/FreeRTOS/Source/queue.c **** 					}
 3161              		.loc 1 1689 7 view .LVU916
 3162              	@ 1689 "Middlewares/Third_Party/FreeRTOS/Source/queue.c" 1
 3163 0092 BFF36F8F 		isb
 3164              	@ 0 "" 2
1689:Middlewares/Third_Party/FreeRTOS/Source/queue.c **** 					}
 3165              		.loc 1 1689 39 view .LVU917
 3166              		.thumb
 3167              		.syntax unified
 3168 0096 E9E7     		b	.L227
 3169              	.LVL262:
 3170              	.L243:
1710:Middlewares/Third_Party/FreeRTOS/Source/queue.c **** 					traceQUEUE_PEEK_FAILED( pxQueue );
 3171              		.loc 1 1710 6 view .LVU918
 3172 0098 FFF7FEFF 		bl	vPortExitCritical
 3173              	.LVL263:
1711:Middlewares/Third_Party/FreeRTOS/Source/queue.c **** 					return errQUEUE_EMPTY;
 3174              		.loc 1 1711 39 view .LVU919
1712:Middlewares/Third_Party/FreeRTOS/Source/queue.c **** 				}
 3175              		.loc 1 1712 6 view .LVU920
1712:Middlewares/Third_Party/FreeRTOS/Source/queue.c **** 				}
 3176              		.loc 1 1712 13 is_stmt 0 view .LVU921
 3177 009c 0020     		movs	r0, #0
 3178 009e E8E7     		b	.L218
 3179              	.L244:
1719:Middlewares/Third_Party/FreeRTOS/Source/queue.c **** 					xEntryTimeSet = pdTRUE;
 3180              		.loc 1 1719 6 is_stmt 1 view .LVU922
 3181 00a0 02A8     		add	r0, sp, #8
 3182 00a2 FFF7FEFF 		bl	vTaskInternalSetTimeOutState
 3183              	.LVL264:
1720:Middlewares/Third_Party/FreeRTOS/Source/queue.c **** 				}
 3184              		.loc 1 1720 6 view .LVU923
1720:Middlewares/Third_Party/FreeRTOS/Source/queue.c **** 				}
 3185              		.loc 1 1720 20 is_stmt 0 view .LVU924
 3186 00a6 0125     		movs	r5, #1
 3187 00a8 21E0     		b	.L230
 3188              	.LVL265:
 3189              	.L245:
1720:Middlewares/Third_Party/FreeRTOS/Source/queue.c **** 				}
 3190              		.loc 1 1720 20 view .LVU925
 3191              	.LBE184:
1735:Middlewares/Third_Party/FreeRTOS/Source/queue.c **** 
 3192              		.loc 1 1735 3 is_stmt 1 discriminator 2 view .LVU926
 3193 00aa 0023     		movs	r3, #0
 3194 00ac 84F84430 		strb	r3, [r4, #68]
 3195 00b0 29E0     		b	.L231
 3196              	.L246:
ARM GAS  D:\temp\TMP\ccsMuV5a.s 			page 117


1735:Middlewares/Third_Party/FreeRTOS/Source/queue.c **** 
 3197              		.loc 1 1735 3 discriminator 5 view .LVU927
 3198 00b2 0023     		movs	r3, #0
 3199 00b4 84F84530 		strb	r3, [r4, #69]
 3200 00b8 2BE0     		b	.L232
 3201              	.L234:
1760:Middlewares/Third_Party/FreeRTOS/Source/queue.c **** 				( void ) xTaskResumeAll();
 3202              		.loc 1 1760 5 view .LVU928
 3203 00ba 2046     		mov	r0, r4
 3204 00bc FFF7FEFF 		bl	prvUnlockQueue
 3205              	.LVL266:
1761:Middlewares/Third_Party/FreeRTOS/Source/queue.c **** 			}
 3206              		.loc 1 1761 5 view .LVU929
1761:Middlewares/Third_Party/FreeRTOS/Source/queue.c **** 			}
 3207              		.loc 1 1761 14 is_stmt 0 view .LVU930
 3208 00c0 FFF7FEFF 		bl	xTaskResumeAll
 3209              	.LVL267:
 3210 00c4 09E0     		b	.L225
 3211              	.L233:
1768:Middlewares/Third_Party/FreeRTOS/Source/queue.c **** 			( void ) xTaskResumeAll();
 3212              		.loc 1 1768 4 is_stmt 1 view .LVU931
 3213 00c6 2046     		mov	r0, r4
 3214 00c8 FFF7FEFF 		bl	prvUnlockQueue
 3215              	.LVL268:
1769:Middlewares/Third_Party/FreeRTOS/Source/queue.c **** 
 3216              		.loc 1 1769 4 view .LVU932
1769:Middlewares/Third_Party/FreeRTOS/Source/queue.c **** 
 3217              		.loc 1 1769 13 is_stmt 0 view .LVU933
 3218 00cc FFF7FEFF 		bl	xTaskResumeAll
 3219              	.LVL269:
1771:Middlewares/Third_Party/FreeRTOS/Source/queue.c **** 			{
 3220              		.loc 1 1771 4 is_stmt 1 view .LVU934
1771:Middlewares/Third_Party/FreeRTOS/Source/queue.c **** 			{
 3221              		.loc 1 1771 8 is_stmt 0 view .LVU935
 3222 00d0 2046     		mov	r0, r4
 3223 00d2 FFF7FEFF 		bl	prvIsQueueEmpty
 3224              	.LVL270:
1771:Middlewares/Third_Party/FreeRTOS/Source/queue.c **** 			{
 3225              		.loc 1 1771 6 discriminator 1 view .LVU936
 3226 00d6 0028     		cmp	r0, #0
 3227 00d8 3FD1     		bne	.L241
 3228              	.LVL271:
 3229              	.L225:
1653:Middlewares/Third_Party/FreeRTOS/Source/queue.c **** 	}
 3230              		.loc 1 1653 104 is_stmt 1 view .LVU937
1661:Middlewares/Third_Party/FreeRTOS/Source/queue.c **** 	{
 3231              		.loc 1 1661 2 view .LVU938
1663:Middlewares/Third_Party/FreeRTOS/Source/queue.c **** 		{
 3232              		.loc 1 1663 3 view .LVU939
 3233 00da FFF7FEFF 		bl	vPortEnterCritical
 3234              	.LVL272:
 3235              	.LBB185:
1665:Middlewares/Third_Party/FreeRTOS/Source/queue.c **** 
 3236              		.loc 1 1665 4 view .LVU940
1665:Middlewares/Third_Party/FreeRTOS/Source/queue.c **** 
 3237              		.loc 1 1665 22 is_stmt 0 view .LVU941
 3238 00de A36B     		ldr	r3, [r4, #56]
ARM GAS  D:\temp\TMP\ccsMuV5a.s 			page 118


 3239              	.LVL273:
1669:Middlewares/Third_Party/FreeRTOS/Source/queue.c **** 			{
 3240              		.loc 1 1669 4 is_stmt 1 view .LVU942
1669:Middlewares/Third_Party/FreeRTOS/Source/queue.c **** 			{
 3241              		.loc 1 1669 6 is_stmt 0 view .LVU943
 3242 00e0 002B     		cmp	r3, #0
 3243 00e2 BBD1     		bne	.L242
1706:Middlewares/Third_Party/FreeRTOS/Source/queue.c **** 				{
 3244              		.loc 1 1706 5 is_stmt 1 view .LVU944
1706:Middlewares/Third_Party/FreeRTOS/Source/queue.c **** 				{
 3245              		.loc 1 1706 22 is_stmt 0 view .LVU945
 3246 00e4 019B     		ldr	r3, [sp, #4]
 3247              	.LVL274:
1706:Middlewares/Third_Party/FreeRTOS/Source/queue.c **** 				{
 3248              		.loc 1 1706 7 view .LVU946
 3249 00e6 002B     		cmp	r3, #0
 3250 00e8 D6D0     		beq	.L243
1714:Middlewares/Third_Party/FreeRTOS/Source/queue.c **** 				{
 3251              		.loc 1 1714 10 is_stmt 1 view .LVU947
1714:Middlewares/Third_Party/FreeRTOS/Source/queue.c **** 				{
 3252              		.loc 1 1714 12 is_stmt 0 view .LVU948
 3253 00ea 002D     		cmp	r5, #0
 3254 00ec D8D0     		beq	.L244
 3255              	.LVL275:
 3256              	.L230:
1725:Middlewares/Third_Party/FreeRTOS/Source/queue.c **** 				}
 3257              		.loc 1 1725 30 is_stmt 1 view .LVU949
 3258              	.LBE185:
1729:Middlewares/Third_Party/FreeRTOS/Source/queue.c **** 
 3259              		.loc 1 1729 3 view .LVU950
 3260 00ee FFF7FEFF 		bl	vPortExitCritical
 3261              	.LVL276:
1734:Middlewares/Third_Party/FreeRTOS/Source/queue.c **** 		prvLockQueue( pxQueue );
 3262              		.loc 1 1734 3 view .LVU951
 3263 00f2 FFF7FEFF 		bl	vTaskSuspendAll
 3264              	.LVL277:
1735:Middlewares/Third_Party/FreeRTOS/Source/queue.c **** 
 3265              		.loc 1 1735 3 view .LVU952
 3266 00f6 FFF7FEFF 		bl	vPortEnterCritical
 3267              	.LVL278:
1735:Middlewares/Third_Party/FreeRTOS/Source/queue.c **** 
 3268              		.loc 1 1735 3 discriminator 1 view .LVU953
 3269 00fa 94F84430 		ldrb	r3, [r4, #68]	@ zero_extendqisi2
 3270 00fe 5BB2     		sxtb	r3, r3
 3271 0100 B3F1FF3F 		cmp	r3, #-1
 3272 0104 D1D0     		beq	.L245
 3273              	.L231:
1735:Middlewares/Third_Party/FreeRTOS/Source/queue.c **** 
 3274              		.loc 1 1735 3 discriminator 4 view .LVU954
 3275 0106 94F84530 		ldrb	r3, [r4, #69]	@ zero_extendqisi2
 3276 010a 5BB2     		sxtb	r3, r3
 3277 010c B3F1FF3F 		cmp	r3, #-1
 3278 0110 CFD0     		beq	.L246
 3279              	.L232:
1735:Middlewares/Third_Party/FreeRTOS/Source/queue.c **** 
 3280              		.loc 1 1735 3 discriminator 7 view .LVU955
 3281 0112 FFF7FEFF 		bl	vPortExitCritical
ARM GAS  D:\temp\TMP\ccsMuV5a.s 			page 119


 3282              	.LVL279:
1738:Middlewares/Third_Party/FreeRTOS/Source/queue.c **** 		{
 3283              		.loc 1 1738 3 view .LVU956
1738:Middlewares/Third_Party/FreeRTOS/Source/queue.c **** 		{
 3284              		.loc 1 1738 7 is_stmt 0 view .LVU957
 3285 0116 01A9     		add	r1, sp, #4
 3286 0118 02A8     		add	r0, sp, #8
 3287 011a FFF7FEFF 		bl	xTaskCheckForTimeOut
 3288              	.LVL280:
1738:Middlewares/Third_Party/FreeRTOS/Source/queue.c **** 		{
 3289              		.loc 1 1738 5 discriminator 1 view .LVU958
 3290 011e 0028     		cmp	r0, #0
 3291 0120 D1D1     		bne	.L233
1742:Middlewares/Third_Party/FreeRTOS/Source/queue.c **** 			{
 3292              		.loc 1 1742 4 is_stmt 1 view .LVU959
1742:Middlewares/Third_Party/FreeRTOS/Source/queue.c **** 			{
 3293              		.loc 1 1742 8 is_stmt 0 view .LVU960
 3294 0122 2046     		mov	r0, r4
 3295 0124 FFF7FEFF 		bl	prvIsQueueEmpty
 3296              	.LVL281:
1742:Middlewares/Third_Party/FreeRTOS/Source/queue.c **** 			{
 3297              		.loc 1 1742 6 discriminator 1 view .LVU961
 3298 0128 0028     		cmp	r0, #0
 3299 012a C6D0     		beq	.L234
1744:Middlewares/Third_Party/FreeRTOS/Source/queue.c **** 				vTaskPlaceOnEventList( &( pxQueue->xTasksWaitingToReceive ), xTicksToWait );
 3300              		.loc 1 1744 43 is_stmt 1 view .LVU962
1745:Middlewares/Third_Party/FreeRTOS/Source/queue.c **** 				prvUnlockQueue( pxQueue );
 3301              		.loc 1 1745 5 view .LVU963
 3302 012c 0199     		ldr	r1, [sp, #4]
 3303 012e 04F12400 		add	r0, r4, #36
 3304 0132 FFF7FEFF 		bl	vTaskPlaceOnEventList
 3305              	.LVL282:
1746:Middlewares/Third_Party/FreeRTOS/Source/queue.c **** 				if( xTaskResumeAll() == pdFALSE )
 3306              		.loc 1 1746 5 view .LVU964
 3307 0136 2046     		mov	r0, r4
 3308 0138 FFF7FEFF 		bl	prvUnlockQueue
 3309              	.LVL283:
1747:Middlewares/Third_Party/FreeRTOS/Source/queue.c **** 				{
 3310              		.loc 1 1747 5 view .LVU965
1747:Middlewares/Third_Party/FreeRTOS/Source/queue.c **** 				{
 3311              		.loc 1 1747 9 is_stmt 0 view .LVU966
 3312 013c FFF7FEFF 		bl	xTaskResumeAll
 3313              	.LVL284:
1747:Middlewares/Third_Party/FreeRTOS/Source/queue.c **** 				{
 3314              		.loc 1 1747 7 discriminator 1 view .LVU967
 3315 0140 0028     		cmp	r0, #0
 3316 0142 CAD1     		bne	.L225
1749:Middlewares/Third_Party/FreeRTOS/Source/queue.c **** 				}
 3317              		.loc 1 1749 6 is_stmt 1 view .LVU968
 3318 0144 4FF0E023 		mov	r3, #-536813568
 3319 0148 4FF08052 		mov	r2, #268435456
 3320 014c C3F8042D 		str	r2, [r3, #3332]
1749:Middlewares/Third_Party/FreeRTOS/Source/queue.c **** 				}
 3321              		.loc 1 1749 6 view .LVU969
 3322              		.syntax unified
 3323              	@ 1749 "Middlewares/Third_Party/FreeRTOS/Source/queue.c" 1
 3324 0150 BFF34F8F 		dsb
ARM GAS  D:\temp\TMP\ccsMuV5a.s 			page 120


 3325              	@ 0 "" 2
1749:Middlewares/Third_Party/FreeRTOS/Source/queue.c **** 				}
 3326              		.loc 1 1749 6 view .LVU970
 3327              	@ 1749 "Middlewares/Third_Party/FreeRTOS/Source/queue.c" 1
 3328 0154 BFF36F8F 		isb
 3329              	@ 0 "" 2
1749:Middlewares/Third_Party/FreeRTOS/Source/queue.c **** 				}
 3330              		.loc 1 1749 28 view .LVU971
 3331              		.thumb
 3332              		.syntax unified
 3333 0158 BFE7     		b	.L225
 3334              	.L241:
1774:Middlewares/Third_Party/FreeRTOS/Source/queue.c **** 			}
 3335              		.loc 1 1774 12 is_stmt 0 view .LVU972
 3336 015a 0020     		movs	r0, #0
 3337 015c 89E7     		b	.L218
 3338              		.cfi_endproc
 3339              	.LFE17:
 3341              		.section	.text.xQueueReceiveFromISR,"ax",%progbits
 3342              		.align	1
 3343              		.global	xQueueReceiveFromISR
 3344              		.syntax unified
 3345              		.thumb
 3346              		.thumb_func
 3348              	xQueueReceiveFromISR:
 3349              	.LVL285:
 3350              	.LFB18:
1786:Middlewares/Third_Party/FreeRTOS/Source/queue.c **** BaseType_t xReturn;
 3351              		.loc 1 1786 1 is_stmt 1 view -0
 3352              		.cfi_startproc
 3353              		@ args = 0, pretend = 0, frame = 0
 3354              		@ frame_needed = 0, uses_anonymous_args = 0
1786:Middlewares/Third_Party/FreeRTOS/Source/queue.c **** BaseType_t xReturn;
 3355              		.loc 1 1786 1 is_stmt 0 view .LVU974
 3356 0000 2DE9F843 		push	{r3, r4, r5, r6, r7, r8, r9, lr}
 3357              	.LCFI40:
 3358              		.cfi_def_cfa_offset 32
 3359              		.cfi_offset 3, -32
 3360              		.cfi_offset 4, -28
 3361              		.cfi_offset 5, -24
 3362              		.cfi_offset 6, -20
 3363              		.cfi_offset 7, -16
 3364              		.cfi_offset 8, -12
 3365              		.cfi_offset 9, -8
 3366              		.cfi_offset 14, -4
1787:Middlewares/Third_Party/FreeRTOS/Source/queue.c **** UBaseType_t uxSavedInterruptStatus;
 3367              		.loc 1 1787 1 is_stmt 1 view .LVU975
1788:Middlewares/Third_Party/FreeRTOS/Source/queue.c **** Queue_t * const pxQueue = xQueue;
 3368              		.loc 1 1788 1 view .LVU976
1789:Middlewares/Third_Party/FreeRTOS/Source/queue.c **** 
 3369              		.loc 1 1789 1 view .LVU977
 3370              	.LVL286:
1791:Middlewares/Third_Party/FreeRTOS/Source/queue.c **** 	configASSERT( !( ( pvBuffer == NULL ) && ( pxQueue->uxItemSize != ( UBaseType_t ) 0U ) ) );
 3371              		.loc 1 1791 2 view .LVU978
 3372 0004 C0B1     		cbz	r0, .L259
 3373 0006 0E46     		mov	r6, r1
 3374 0008 9046     		mov	r8, r2
ARM GAS  D:\temp\TMP\ccsMuV5a.s 			page 121


 3375 000a 0446     		mov	r4, r0
1791:Middlewares/Third_Party/FreeRTOS/Source/queue.c **** 	configASSERT( !( ( pvBuffer == NULL ) && ( pxQueue->uxItemSize != ( UBaseType_t ) 0U ) ) );
 3376              		.loc 1 1791 25 view .LVU979
1792:Middlewares/Third_Party/FreeRTOS/Source/queue.c **** 
 3377              		.loc 1 1792 2 view .LVU980
 3378 000c E9B1     		cbz	r1, .L260
 3379              	.L250:
1792:Middlewares/Third_Party/FreeRTOS/Source/queue.c **** 
 3380              		.loc 1 1792 92 view .LVU981
1808:Middlewares/Third_Party/FreeRTOS/Source/queue.c **** 
 3381              		.loc 1 1808 2 view .LVU982
 3382 000e FFF7FEFF 		bl	vPortValidateInterruptPriority
 3383              	.LVL287:
1810:Middlewares/Third_Party/FreeRTOS/Source/queue.c **** 	{
 3384              		.loc 1 1810 2 view .LVU983
 3385              	.LBB186:
 3386              	.LBI186:
 207:Middlewares/Third_Party/FreeRTOS/Source/portable/GCC/ARM_CM4F/portmacro.h **** {
 3387              		.loc 2 207 34 view .LVU984
 3388              	.LBB187:
 209:Middlewares/Third_Party/FreeRTOS/Source/portable/GCC/ARM_CM4F/portmacro.h **** 
 3389              		.loc 2 209 1 view .LVU985
 211:Middlewares/Third_Party/FreeRTOS/Source/portable/GCC/ARM_CM4F/portmacro.h **** 	(
 3390              		.loc 2 211 2 view .LVU986
 3391              		.syntax unified
 3392              	@ 211 "Middlewares/Third_Party/FreeRTOS/Source/portable/GCC/ARM_CM4F/portmacro.h" 1
 3393 0012 EFF31183 			mrs r3, basepri											
 3394 0016 4FF05002 		mov r2, #80												
 3395 001a 82F31188 		msr basepri, r2											
 3396 001e BFF36F8F 		isb														
 3397 0022 BFF34F8F 		dsb														
 3398              	
 3399              	@ 0 "" 2
 3400              		.thumb
 3401              		.syntax unified
 3402 0026 1F46     		mov	r7, r3
 223:Middlewares/Third_Party/FreeRTOS/Source/portable/GCC/ARM_CM4F/portmacro.h **** }
 3403              		.loc 2 223 2 view .LVU987
 3404              	.LVL288:
 223:Middlewares/Third_Party/FreeRTOS/Source/portable/GCC/ARM_CM4F/portmacro.h **** }
 3405              		.loc 2 223 2 is_stmt 0 view .LVU988
 3406              	.LBE187:
 3407              	.LBE186:
 3408              	.LBB188:
1812:Middlewares/Third_Party/FreeRTOS/Source/queue.c **** 
 3409              		.loc 1 1812 3 is_stmt 1 view .LVU989
1812:Middlewares/Third_Party/FreeRTOS/Source/queue.c **** 
 3410              		.loc 1 1812 21 is_stmt 0 view .LVU990
 3411 0028 A36B     		ldr	r3, [r4, #56]
 3412              	.LVL289:
1812:Middlewares/Third_Party/FreeRTOS/Source/queue.c **** 
 3413              		.loc 1 1812 21 view .LVU991
 3414 002a 9946     		mov	r9, r3
 3415              	.LVL290:
1815:Middlewares/Third_Party/FreeRTOS/Source/queue.c **** 		{
 3416              		.loc 1 1815 3 is_stmt 1 view .LVU992
1815:Middlewares/Third_Party/FreeRTOS/Source/queue.c **** 		{
ARM GAS  D:\temp\TMP\ccsMuV5a.s 			page 122


 3417              		.loc 1 1815 5 is_stmt 0 view .LVU993
 3418 002c CBB9     		cbnz	r3, .L261
1866:Middlewares/Third_Party/FreeRTOS/Source/queue.c **** 			traceQUEUE_RECEIVE_FROM_ISR_FAILED( pxQueue );
 3419              		.loc 1 1866 12 view .LVU994
 3420 002e 1846     		mov	r0, r3
 3421              	.LVL291:
 3422              	.L252:
1867:Middlewares/Third_Party/FreeRTOS/Source/queue.c **** 		}
 3423              		.loc 1 1867 49 is_stmt 1 view .LVU995
 3424              	.LBE188:
1870:Middlewares/Third_Party/FreeRTOS/Source/queue.c **** 
 3425              		.loc 1 1870 2 view .LVU996
 3426              	.LBB190:
 3427              	.LBI190:
 227:Middlewares/Third_Party/FreeRTOS/Source/portable/GCC/ARM_CM4F/portmacro.h **** {
 3428              		.loc 2 227 30 view .LVU997
 3429              	.LBB191:
 3430              		.loc 2 229 2 view .LVU998
 3431              		.syntax unified
 3432              	@ 229 "Middlewares/Third_Party/FreeRTOS/Source/portable/GCC/ARM_CM4F/portmacro.h" 1
 3433 0030 87F31188 			msr basepri, r7	
 3434              	@ 0 "" 2
 3435              		.thumb
 3436              		.syntax unified
 3437              	.LBE191:
 3438              	.LBE190:
1872:Middlewares/Third_Party/FreeRTOS/Source/queue.c **** }
 3439              		.loc 1 1872 2 view .LVU999
1873:Middlewares/Third_Party/FreeRTOS/Source/queue.c **** /*-----------------------------------------------------------*/
 3440              		.loc 1 1873 1 is_stmt 0 view .LVU1000
 3441 0034 BDE8F883 		pop	{r3, r4, r5, r6, r7, r8, r9, pc}
 3442              	.LVL292:
 3443              	.L259:
1791:Middlewares/Third_Party/FreeRTOS/Source/queue.c **** 	configASSERT( !( ( pvBuffer == NULL ) && ( pxQueue->uxItemSize != ( UBaseType_t ) 0U ) ) );
 3444              		.loc 1 1791 2 is_stmt 1 discriminator 1 view .LVU1001
 3445              	.LBB192:
 3446              	.LBI192:
 191:Middlewares/Third_Party/FreeRTOS/Source/portable/GCC/ARM_CM4F/portmacro.h **** {
 3447              		.loc 2 191 30 view .LVU1002
 3448              	.LBB193:
 193:Middlewares/Third_Party/FreeRTOS/Source/portable/GCC/ARM_CM4F/portmacro.h **** 
 3449              		.loc 2 193 1 view .LVU1003
 195:Middlewares/Third_Party/FreeRTOS/Source/portable/GCC/ARM_CM4F/portmacro.h **** 	(
 3450              		.loc 2 195 2 view .LVU1004
 3451              		.syntax unified
 3452              	@ 195 "Middlewares/Third_Party/FreeRTOS/Source/portable/GCC/ARM_CM4F/portmacro.h" 1
 3453 0038 4FF05003 			mov r3, #80												
 3454 003c 83F31188 		msr basepri, r3											
 3455 0040 BFF36F8F 		isb														
 3456 0044 BFF34F8F 		dsb														
 3457              	
 3458              	@ 0 "" 2
 3459              		.thumb
 3460              		.syntax unified
 3461              	.L249:
 3462              	.LBE193:
 3463              	.LBE192:
ARM GAS  D:\temp\TMP\ccsMuV5a.s 			page 123


1791:Middlewares/Third_Party/FreeRTOS/Source/queue.c **** 	configASSERT( !( ( pvBuffer == NULL ) && ( pxQueue->uxItemSize != ( UBaseType_t ) 0U ) ) );
 3464              		.loc 1 1791 2 view .LVU1005
 3465 0048 FEE7     		b	.L249
 3466              	.L260:
1792:Middlewares/Third_Party/FreeRTOS/Source/queue.c **** 
 3467              		.loc 1 1792 2 is_stmt 0 discriminator 2 view .LVU1006
 3468 004a 036C     		ldr	r3, [r0, #64]
 3469 004c 002B     		cmp	r3, #0
 3470 004e DED0     		beq	.L250
1792:Middlewares/Third_Party/FreeRTOS/Source/queue.c **** 
 3471              		.loc 1 1792 2 is_stmt 1 discriminator 7 view .LVU1007
 3472              	.LBB194:
 3473              	.LBI194:
 191:Middlewares/Third_Party/FreeRTOS/Source/portable/GCC/ARM_CM4F/portmacro.h **** {
 3474              		.loc 2 191 30 view .LVU1008
 3475              	.LBB195:
 193:Middlewares/Third_Party/FreeRTOS/Source/portable/GCC/ARM_CM4F/portmacro.h **** 
 3476              		.loc 2 193 1 view .LVU1009
 195:Middlewares/Third_Party/FreeRTOS/Source/portable/GCC/ARM_CM4F/portmacro.h **** 	(
 3477              		.loc 2 195 2 view .LVU1010
 3478              		.syntax unified
 3479              	@ 195 "Middlewares/Third_Party/FreeRTOS/Source/portable/GCC/ARM_CM4F/portmacro.h" 1
 3480 0050 4FF05003 			mov r3, #80												
 3481 0054 83F31188 		msr basepri, r3											
 3482 0058 BFF36F8F 		isb														
 3483 005c BFF34F8F 		dsb														
 3484              	
 3485              	@ 0 "" 2
 3486              		.thumb
 3487              		.syntax unified
 3488              	.L251:
 3489              	.LBE195:
 3490              	.LBE194:
1792:Middlewares/Third_Party/FreeRTOS/Source/queue.c **** 
 3491              		.loc 1 1792 2 view .LVU1011
 3492 0060 FEE7     		b	.L251
 3493              	.LVL293:
 3494              	.L261:
 3495              	.LBB196:
 3496              	.LBB189:
1817:Middlewares/Third_Party/FreeRTOS/Source/queue.c **** 
 3497              		.loc 1 1817 4 view .LVU1012
1817:Middlewares/Third_Party/FreeRTOS/Source/queue.c **** 
 3498              		.loc 1 1817 17 is_stmt 0 view .LVU1013
 3499 0062 94F84430 		ldrb	r3, [r4, #68]	@ zero_extendqisi2
 3500              	.LVL294:
1817:Middlewares/Third_Party/FreeRTOS/Source/queue.c **** 
 3501              		.loc 1 1817 17 view .LVU1014
 3502 0066 5DB2     		sxtb	r5, r3
 3503              	.LVL295:
1819:Middlewares/Third_Party/FreeRTOS/Source/queue.c **** 
 3504              		.loc 1 1819 42 is_stmt 1 view .LVU1015
1821:Middlewares/Third_Party/FreeRTOS/Source/queue.c **** 			pxQueue->uxMessagesWaiting = uxMessagesWaiting - ( UBaseType_t ) 1;
 3505              		.loc 1 1821 4 view .LVU1016
 3506 0068 3146     		mov	r1, r6
 3507 006a 2046     		mov	r0, r4
 3508 006c FFF7FEFF 		bl	prvCopyDataFromQueue
ARM GAS  D:\temp\TMP\ccsMuV5a.s 			page 124


 3509              	.LVL296:
1822:Middlewares/Third_Party/FreeRTOS/Source/queue.c **** 
 3510              		.loc 1 1822 4 view .LVU1017
1822:Middlewares/Third_Party/FreeRTOS/Source/queue.c **** 
 3511              		.loc 1 1822 51 is_stmt 0 view .LVU1018
 3512 0070 09F1FF33 		add	r3, r9, #-1
1822:Middlewares/Third_Party/FreeRTOS/Source/queue.c **** 
 3513              		.loc 1 1822 31 view .LVU1019
 3514 0074 A363     		str	r3, [r4, #56]
1828:Middlewares/Third_Party/FreeRTOS/Source/queue.c **** 			{
 3515              		.loc 1 1828 4 is_stmt 1 view .LVU1020
1828:Middlewares/Third_Party/FreeRTOS/Source/queue.c **** 			{
 3516              		.loc 1 1828 6 is_stmt 0 view .LVU1021
 3517 0076 B5F1FF3F 		cmp	r5, #-1
 3518 007a 06D0     		beq	.L262
1859:Middlewares/Third_Party/FreeRTOS/Source/queue.c **** 			}
 3519              		.loc 1 1859 5 is_stmt 1 view .LVU1022
1859:Middlewares/Third_Party/FreeRTOS/Source/queue.c **** 			}
 3520              		.loc 1 1859 45 is_stmt 0 view .LVU1023
 3521 007c 2B46     		mov	r3, r5
 3522 007e 0133     		adds	r3, r3, #1
1859:Middlewares/Third_Party/FreeRTOS/Source/queue.c **** 			}
 3523              		.loc 1 1859 24 view .LVU1024
 3524 0080 5BB2     		sxtb	r3, r3
1859:Middlewares/Third_Party/FreeRTOS/Source/queue.c **** 			}
 3525              		.loc 1 1859 22 view .LVU1025
 3526 0082 84F84430 		strb	r3, [r4, #68]
1862:Middlewares/Third_Party/FreeRTOS/Source/queue.c **** 		}
 3527              		.loc 1 1862 12 view .LVU1026
 3528 0086 0120     		movs	r0, #1
 3529 0088 D2E7     		b	.L252
 3530              	.L262:
1830:Middlewares/Third_Party/FreeRTOS/Source/queue.c **** 				{
 3531              		.loc 1 1830 5 is_stmt 1 view .LVU1027
1830:Middlewares/Third_Party/FreeRTOS/Source/queue.c **** 				{
 3532              		.loc 1 1830 9 is_stmt 0 view .LVU1028
 3533 008a 2369     		ldr	r3, [r4, #16]
1830:Middlewares/Third_Party/FreeRTOS/Source/queue.c **** 				{
 3534              		.loc 1 1830 7 view .LVU1029
 3535 008c 0BB9     		cbnz	r3, .L263
1862:Middlewares/Third_Party/FreeRTOS/Source/queue.c **** 		}
 3536              		.loc 1 1862 12 view .LVU1030
 3537 008e 0120     		movs	r0, #1
 3538 0090 CEE7     		b	.L252
 3539              	.L263:
1832:Middlewares/Third_Party/FreeRTOS/Source/queue.c **** 					{
 3540              		.loc 1 1832 6 is_stmt 1 view .LVU1031
1832:Middlewares/Third_Party/FreeRTOS/Source/queue.c **** 					{
 3541              		.loc 1 1832 10 is_stmt 0 view .LVU1032
 3542 0092 04F11000 		add	r0, r4, #16
 3543 0096 FFF7FEFF 		bl	xTaskRemoveFromEventList
 3544              	.LVL297:
1832:Middlewares/Third_Party/FreeRTOS/Source/queue.c **** 					{
 3545              		.loc 1 1832 8 discriminator 1 view .LVU1033
 3546 009a 28B1     		cbz	r0, .L256
1836:Middlewares/Third_Party/FreeRTOS/Source/queue.c **** 						{
 3547              		.loc 1 1836 7 is_stmt 1 view .LVU1034
ARM GAS  D:\temp\TMP\ccsMuV5a.s 			page 125


1836:Middlewares/Third_Party/FreeRTOS/Source/queue.c **** 						{
 3548              		.loc 1 1836 9 is_stmt 0 view .LVU1035
 3549 009c 4346     		mov	r3, r8
 3550 009e 2BB1     		cbz	r3, .L257
 3551              	.LVL298:
1838:Middlewares/Third_Party/FreeRTOS/Source/queue.c **** 						}
 3552              		.loc 1 1838 8 is_stmt 1 view .LVU1036
1838:Middlewares/Third_Party/FreeRTOS/Source/queue.c **** 						}
 3553              		.loc 1 1838 35 is_stmt 0 view .LVU1037
 3554 00a0 0120     		movs	r0, #1
 3555 00a2 C8F80000 		str	r0, [r8]
 3556 00a6 C3E7     		b	.L252
 3557              	.LVL299:
 3558              	.L256:
1862:Middlewares/Third_Party/FreeRTOS/Source/queue.c **** 		}
 3559              		.loc 1 1862 12 view .LVU1038
 3560 00a8 0120     		movs	r0, #1
 3561 00aa C1E7     		b	.L252
 3562              	.LVL300:
 3563              	.L257:
1862:Middlewares/Third_Party/FreeRTOS/Source/queue.c **** 		}
 3564              		.loc 1 1862 12 view .LVU1039
 3565 00ac 0120     		movs	r0, #1
 3566 00ae BFE7     		b	.L252
 3567              	.LBE189:
 3568              	.LBE196:
 3569              		.cfi_endproc
 3570              	.LFE18:
 3572              		.section	.text.xQueuePeekFromISR,"ax",%progbits
 3573              		.align	1
 3574              		.global	xQueuePeekFromISR
 3575              		.syntax unified
 3576              		.thumb
 3577              		.thumb_func
 3579              	xQueuePeekFromISR:
 3580              	.LVL301:
 3581              	.LFB19:
1877:Middlewares/Third_Party/FreeRTOS/Source/queue.c **** BaseType_t xReturn;
 3582              		.loc 1 1877 1 is_stmt 1 view -0
 3583              		.cfi_startproc
 3584              		@ args = 0, pretend = 0, frame = 0
 3585              		@ frame_needed = 0, uses_anonymous_args = 0
1877:Middlewares/Third_Party/FreeRTOS/Source/queue.c **** BaseType_t xReturn;
 3586              		.loc 1 1877 1 is_stmt 0 view .LVU1041
 3587 0000 F8B5     		push	{r3, r4, r5, r6, r7, lr}
 3588              	.LCFI41:
 3589              		.cfi_def_cfa_offset 24
 3590              		.cfi_offset 3, -24
 3591              		.cfi_offset 4, -20
 3592              		.cfi_offset 5, -16
 3593              		.cfi_offset 6, -12
 3594              		.cfi_offset 7, -8
 3595              		.cfi_offset 14, -4
1878:Middlewares/Third_Party/FreeRTOS/Source/queue.c **** UBaseType_t uxSavedInterruptStatus;
 3596              		.loc 1 1878 1 is_stmt 1 view .LVU1042
1879:Middlewares/Third_Party/FreeRTOS/Source/queue.c **** int8_t *pcOriginalReadPosition;
 3597              		.loc 1 1879 1 view .LVU1043
ARM GAS  D:\temp\TMP\ccsMuV5a.s 			page 126


1880:Middlewares/Third_Party/FreeRTOS/Source/queue.c **** Queue_t * const pxQueue = xQueue;
 3598              		.loc 1 1880 1 view .LVU1044
1881:Middlewares/Third_Party/FreeRTOS/Source/queue.c **** 
 3599              		.loc 1 1881 1 view .LVU1045
 3600              	.LVL302:
1883:Middlewares/Third_Party/FreeRTOS/Source/queue.c **** 	configASSERT( !( ( pvBuffer == NULL ) && ( pxQueue->uxItemSize != ( UBaseType_t ) 0U ) ) );
 3601              		.loc 1 1883 2 view .LVU1046
 3602 0002 68B1     		cbz	r0, .L274
 3603 0004 0E46     		mov	r6, r1
 3604 0006 0446     		mov	r4, r0
1883:Middlewares/Third_Party/FreeRTOS/Source/queue.c **** 	configASSERT( !( ( pvBuffer == NULL ) && ( pxQueue->uxItemSize != ( UBaseType_t ) 0U ) ) );
 3605              		.loc 1 1883 25 view .LVU1047
1884:Middlewares/Third_Party/FreeRTOS/Source/queue.c **** 	configASSERT( pxQueue->uxItemSize != 0 ); /* Can't peek a semaphore. */
 3606              		.loc 1 1884 2 view .LVU1048
 3607 0008 99B1     		cbz	r1, .L275
 3608              	.L267:
1884:Middlewares/Third_Party/FreeRTOS/Source/queue.c **** 	configASSERT( pxQueue->uxItemSize != 0 ); /* Can't peek a semaphore. */
 3609              		.loc 1 1884 92 view .LVU1049
1885:Middlewares/Third_Party/FreeRTOS/Source/queue.c **** 
 3610              		.loc 1 1885 2 view .LVU1050
 3611 000a 236C     		ldr	r3, [r4, #64]
 3612 000c EBB9     		cbnz	r3, .L269
1885:Middlewares/Third_Party/FreeRTOS/Source/queue.c **** 
 3613              		.loc 1 1885 2 discriminator 1 view .LVU1051
 3614              	.LBB197:
 3615              	.LBI197:
 191:Middlewares/Third_Party/FreeRTOS/Source/portable/GCC/ARM_CM4F/portmacro.h **** {
 3616              		.loc 2 191 30 view .LVU1052
 3617              	.LBB198:
 193:Middlewares/Third_Party/FreeRTOS/Source/portable/GCC/ARM_CM4F/portmacro.h **** 
 3618              		.loc 2 193 1 view .LVU1053
 195:Middlewares/Third_Party/FreeRTOS/Source/portable/GCC/ARM_CM4F/portmacro.h **** 	(
 3619              		.loc 2 195 2 view .LVU1054
 3620              		.syntax unified
 3621              	@ 195 "Middlewares/Third_Party/FreeRTOS/Source/portable/GCC/ARM_CM4F/portmacro.h" 1
 3622 000e 4FF05003 			mov r3, #80												
 3623 0012 83F31188 		msr basepri, r3											
 3624 0016 BFF36F8F 		isb														
 3625 001a BFF34F8F 		dsb														
 3626              	
 3627              	@ 0 "" 2
 3628              		.thumb
 3629              		.syntax unified
 3630              	.L270:
 3631              	.LBE198:
 3632              	.LBE197:
1885:Middlewares/Third_Party/FreeRTOS/Source/queue.c **** 
 3633              		.loc 1 1885 2 view .LVU1055
 3634 001e FEE7     		b	.L270
 3635              	.L274:
1883:Middlewares/Third_Party/FreeRTOS/Source/queue.c **** 	configASSERT( !( ( pvBuffer == NULL ) && ( pxQueue->uxItemSize != ( UBaseType_t ) 0U ) ) );
 3636              		.loc 1 1883 2 discriminator 1 view .LVU1056
 3637              	.LBB199:
 3638              	.LBI199:
 191:Middlewares/Third_Party/FreeRTOS/Source/portable/GCC/ARM_CM4F/portmacro.h **** {
 3639              		.loc 2 191 30 view .LVU1057
 3640              	.LBB200:
ARM GAS  D:\temp\TMP\ccsMuV5a.s 			page 127


 193:Middlewares/Third_Party/FreeRTOS/Source/portable/GCC/ARM_CM4F/portmacro.h **** 
 3641              		.loc 2 193 1 view .LVU1058
 195:Middlewares/Third_Party/FreeRTOS/Source/portable/GCC/ARM_CM4F/portmacro.h **** 	(
 3642              		.loc 2 195 2 view .LVU1059
 3643              		.syntax unified
 3644              	@ 195 "Middlewares/Third_Party/FreeRTOS/Source/portable/GCC/ARM_CM4F/portmacro.h" 1
 3645 0020 4FF05003 			mov r3, #80												
 3646 0024 83F31188 		msr basepri, r3											
 3647 0028 BFF36F8F 		isb														
 3648 002c BFF34F8F 		dsb														
 3649              	
 3650              	@ 0 "" 2
 3651              		.thumb
 3652              		.syntax unified
 3653              	.L266:
 3654              	.LBE200:
 3655              	.LBE199:
1883:Middlewares/Third_Party/FreeRTOS/Source/queue.c **** 	configASSERT( !( ( pvBuffer == NULL ) && ( pxQueue->uxItemSize != ( UBaseType_t ) 0U ) ) );
 3656              		.loc 1 1883 2 view .LVU1060
 3657 0030 FEE7     		b	.L266
 3658              	.L275:
1884:Middlewares/Third_Party/FreeRTOS/Source/queue.c **** 	configASSERT( pxQueue->uxItemSize != 0 ); /* Can't peek a semaphore. */
 3659              		.loc 1 1884 2 is_stmt 0 discriminator 2 view .LVU1061
 3660 0032 036C     		ldr	r3, [r0, #64]
 3661 0034 002B     		cmp	r3, #0
 3662 0036 E8D0     		beq	.L267
1884:Middlewares/Third_Party/FreeRTOS/Source/queue.c **** 	configASSERT( pxQueue->uxItemSize != 0 ); /* Can't peek a semaphore. */
 3663              		.loc 1 1884 2 is_stmt 1 discriminator 7 view .LVU1062
 3664              	.LBB201:
 3665              	.LBI201:
 191:Middlewares/Third_Party/FreeRTOS/Source/portable/GCC/ARM_CM4F/portmacro.h **** {
 3666              		.loc 2 191 30 view .LVU1063
 3667              	.LBB202:
 193:Middlewares/Third_Party/FreeRTOS/Source/portable/GCC/ARM_CM4F/portmacro.h **** 
 3668              		.loc 2 193 1 view .LVU1064
 195:Middlewares/Third_Party/FreeRTOS/Source/portable/GCC/ARM_CM4F/portmacro.h **** 	(
 3669              		.loc 2 195 2 view .LVU1065
 3670              		.syntax unified
 3671              	@ 195 "Middlewares/Third_Party/FreeRTOS/Source/portable/GCC/ARM_CM4F/portmacro.h" 1
 3672 0038 4FF05003 			mov r3, #80												
 3673 003c 83F31188 		msr basepri, r3											
 3674 0040 BFF36F8F 		isb														
 3675 0044 BFF34F8F 		dsb														
 3676              	
 3677              	@ 0 "" 2
 3678              		.thumb
 3679              		.syntax unified
 3680              	.L268:
 3681              	.LBE202:
 3682              	.LBE201:
1884:Middlewares/Third_Party/FreeRTOS/Source/queue.c **** 	configASSERT( pxQueue->uxItemSize != 0 ); /* Can't peek a semaphore. */
 3683              		.loc 1 1884 2 view .LVU1066
 3684 0048 FEE7     		b	.L268
 3685              	.L269:
1885:Middlewares/Third_Party/FreeRTOS/Source/queue.c **** 
 3686              		.loc 1 1885 42 view .LVU1067
1901:Middlewares/Third_Party/FreeRTOS/Source/queue.c **** 
ARM GAS  D:\temp\TMP\ccsMuV5a.s 			page 128


 3687              		.loc 1 1901 2 view .LVU1068
 3688 004a FFF7FEFF 		bl	vPortValidateInterruptPriority
 3689              	.LVL303:
1903:Middlewares/Third_Party/FreeRTOS/Source/queue.c **** 	{
 3690              		.loc 1 1903 2 view .LVU1069
 3691              	.LBB203:
 3692              	.LBI203:
 207:Middlewares/Third_Party/FreeRTOS/Source/portable/GCC/ARM_CM4F/portmacro.h **** {
 3693              		.loc 2 207 34 view .LVU1070
 3694              	.LBB204:
 209:Middlewares/Third_Party/FreeRTOS/Source/portable/GCC/ARM_CM4F/portmacro.h **** 
 3695              		.loc 2 209 1 view .LVU1071
 211:Middlewares/Third_Party/FreeRTOS/Source/portable/GCC/ARM_CM4F/portmacro.h **** 	(
 3696              		.loc 2 211 2 view .LVU1072
 3697              		.syntax unified
 3698              	@ 211 "Middlewares/Third_Party/FreeRTOS/Source/portable/GCC/ARM_CM4F/portmacro.h" 1
 3699 004e EFF31183 			mrs r3, basepri											
 3700 0052 4FF05002 		mov r2, #80												
 3701 0056 82F31188 		msr basepri, r2											
 3702 005a BFF36F8F 		isb														
 3703 005e BFF34F8F 		dsb														
 3704              	
 3705              	@ 0 "" 2
 3706              		.thumb
 3707              		.syntax unified
 3708 0062 1F46     		mov	r7, r3
 223:Middlewares/Third_Party/FreeRTOS/Source/portable/GCC/ARM_CM4F/portmacro.h **** }
 3709              		.loc 2 223 2 view .LVU1073
 3710              	.LVL304:
 223:Middlewares/Third_Party/FreeRTOS/Source/portable/GCC/ARM_CM4F/portmacro.h **** }
 3711              		.loc 2 223 2 is_stmt 0 view .LVU1074
 3712              	.LBE204:
 3713              	.LBE203:
1906:Middlewares/Third_Party/FreeRTOS/Source/queue.c **** 		{
 3714              		.loc 1 1906 3 is_stmt 1 view .LVU1075
1906:Middlewares/Third_Party/FreeRTOS/Source/queue.c **** 		{
 3715              		.loc 1 1906 14 is_stmt 0 view .LVU1076
 3716 0064 A36B     		ldr	r3, [r4, #56]
 3717              	.LVL305:
1906:Middlewares/Third_Party/FreeRTOS/Source/queue.c **** 		{
 3718              		.loc 1 1906 5 view .LVU1077
 3719 0066 1BB9     		cbnz	r3, .L276
1920:Middlewares/Third_Party/FreeRTOS/Source/queue.c **** 			traceQUEUE_PEEK_FROM_ISR_FAILED( pxQueue );
 3720              		.loc 1 1920 12 view .LVU1078
 3721 0068 1846     		mov	r0, r3
 3722              	.L271:
 3723              	.LVL306:
1921:Middlewares/Third_Party/FreeRTOS/Source/queue.c **** 		}
 3724              		.loc 1 1921 46 is_stmt 1 view .LVU1079
1924:Middlewares/Third_Party/FreeRTOS/Source/queue.c **** 
 3725              		.loc 1 1924 2 view .LVU1080
 3726              	.LBB205:
 3727              	.LBI205:
 227:Middlewares/Third_Party/FreeRTOS/Source/portable/GCC/ARM_CM4F/portmacro.h **** {
 3728              		.loc 2 227 30 view .LVU1081
 3729              	.LBB206:
 3730              		.loc 2 229 2 view .LVU1082
ARM GAS  D:\temp\TMP\ccsMuV5a.s 			page 129


 3731              		.syntax unified
 3732              	@ 229 "Middlewares/Third_Party/FreeRTOS/Source/portable/GCC/ARM_CM4F/portmacro.h" 1
 3733 006a 87F31188 			msr basepri, r7	
 3734              	@ 0 "" 2
 3735              		.thumb
 3736              		.syntax unified
 3737              	.LBE206:
 3738              	.LBE205:
1926:Middlewares/Third_Party/FreeRTOS/Source/queue.c **** }
 3739              		.loc 1 1926 2 view .LVU1083
1927:Middlewares/Third_Party/FreeRTOS/Source/queue.c **** /*-----------------------------------------------------------*/
 3740              		.loc 1 1927 1 is_stmt 0 view .LVU1084
 3741 006e F8BD     		pop	{r3, r4, r5, r6, r7, pc}
 3742              	.LVL307:
 3743              	.L276:
1908:Middlewares/Third_Party/FreeRTOS/Source/queue.c **** 
 3744              		.loc 1 1908 39 is_stmt 1 view .LVU1085
1912:Middlewares/Third_Party/FreeRTOS/Source/queue.c **** 			prvCopyDataFromQueue( pxQueue, pvBuffer );
 3745              		.loc 1 1912 4 view .LVU1086
1912:Middlewares/Third_Party/FreeRTOS/Source/queue.c **** 			prvCopyDataFromQueue( pxQueue, pvBuffer );
 3746              		.loc 1 1912 27 is_stmt 0 view .LVU1087
 3747 0070 E368     		ldr	r3, [r4, #12]
 3748 0072 1D46     		mov	r5, r3
 3749              	.LVL308:
1913:Middlewares/Third_Party/FreeRTOS/Source/queue.c **** 			pxQueue->u.xQueue.pcReadFrom = pcOriginalReadPosition;
 3750              		.loc 1 1913 4 is_stmt 1 view .LVU1088
 3751 0074 3146     		mov	r1, r6
 3752 0076 2046     		mov	r0, r4
 3753 0078 FFF7FEFF 		bl	prvCopyDataFromQueue
 3754              	.LVL309:
1914:Middlewares/Third_Party/FreeRTOS/Source/queue.c **** 
 3755              		.loc 1 1914 4 view .LVU1089
1914:Middlewares/Third_Party/FreeRTOS/Source/queue.c **** 
 3756              		.loc 1 1914 33 is_stmt 0 view .LVU1090
 3757 007c E560     		str	r5, [r4, #12]
1916:Middlewares/Third_Party/FreeRTOS/Source/queue.c **** 		}
 3758              		.loc 1 1916 4 is_stmt 1 view .LVU1091
 3759              	.LVL310:
1916:Middlewares/Third_Party/FreeRTOS/Source/queue.c **** 		}
 3760              		.loc 1 1916 12 is_stmt 0 view .LVU1092
 3761 007e 0120     		movs	r0, #1
 3762 0080 F3E7     		b	.L271
 3763              		.cfi_endproc
 3764              	.LFE19:
 3766              		.section	.text.uxQueueMessagesWaiting,"ax",%progbits
 3767              		.align	1
 3768              		.global	uxQueueMessagesWaiting
 3769              		.syntax unified
 3770              		.thumb
 3771              		.thumb_func
 3773              	uxQueueMessagesWaiting:
 3774              	.LVL311:
 3775              	.LFB20:
1931:Middlewares/Third_Party/FreeRTOS/Source/queue.c **** UBaseType_t uxReturn;
 3776              		.loc 1 1931 1 is_stmt 1 view -0
 3777              		.cfi_startproc
 3778              		@ args = 0, pretend = 0, frame = 0
ARM GAS  D:\temp\TMP\ccsMuV5a.s 			page 130


 3779              		@ frame_needed = 0, uses_anonymous_args = 0
1932:Middlewares/Third_Party/FreeRTOS/Source/queue.c **** 
 3780              		.loc 1 1932 1 view .LVU1094
1934:Middlewares/Third_Party/FreeRTOS/Source/queue.c **** 
 3781              		.loc 1 1934 2 view .LVU1095
 3782 0000 48B1     		cbz	r0, .L282
1931:Middlewares/Third_Party/FreeRTOS/Source/queue.c **** UBaseType_t uxReturn;
 3783              		.loc 1 1931 1 is_stmt 0 view .LVU1096
 3784 0002 10B5     		push	{r4, lr}
 3785              	.LCFI42:
 3786              		.cfi_def_cfa_offset 8
 3787              		.cfi_offset 4, -8
 3788              		.cfi_offset 14, -4
 3789 0004 0446     		mov	r4, r0
1934:Middlewares/Third_Party/FreeRTOS/Source/queue.c **** 
 3790              		.loc 1 1934 24 is_stmt 1 view .LVU1097
1936:Middlewares/Third_Party/FreeRTOS/Source/queue.c **** 	{
 3791              		.loc 1 1936 2 view .LVU1098
 3792 0006 FFF7FEFF 		bl	vPortEnterCritical
 3793              	.LVL312:
1938:Middlewares/Third_Party/FreeRTOS/Source/queue.c **** 	}
 3794              		.loc 1 1938 3 view .LVU1099
1938:Middlewares/Third_Party/FreeRTOS/Source/queue.c **** 	}
 3795              		.loc 1 1938 12 is_stmt 0 view .LVU1100
 3796 000a A36B     		ldr	r3, [r4, #56]
 3797 000c 1C46     		mov	r4, r3
 3798              	.LVL313:
1940:Middlewares/Third_Party/FreeRTOS/Source/queue.c **** 
 3799              		.loc 1 1940 2 is_stmt 1 view .LVU1101
 3800 000e FFF7FEFF 		bl	vPortExitCritical
 3801              	.LVL314:
1942:Middlewares/Third_Party/FreeRTOS/Source/queue.c **** } /*lint !e818 Pointer cannot be declared const as xQueue is a typedef not pointer. */
 3802              		.loc 1 1942 2 view .LVU1102
1943:Middlewares/Third_Party/FreeRTOS/Source/queue.c **** /*-----------------------------------------------------------*/
 3803              		.loc 1 1943 1 is_stmt 0 view .LVU1103
 3804 0012 2046     		mov	r0, r4
 3805 0014 10BD     		pop	{r4, pc}
 3806              	.LVL315:
 3807              	.L282:
 3808              	.LCFI43:
 3809              		.cfi_def_cfa_offset 0
 3810              		.cfi_restore 4
 3811              		.cfi_restore 14
1934:Middlewares/Third_Party/FreeRTOS/Source/queue.c **** 
 3812              		.loc 1 1934 2 is_stmt 1 discriminator 1 view .LVU1104
 3813              	.LBB207:
 3814              	.LBI207:
 191:Middlewares/Third_Party/FreeRTOS/Source/portable/GCC/ARM_CM4F/portmacro.h **** {
 3815              		.loc 2 191 30 view .LVU1105
 3816              	.LBB208:
 193:Middlewares/Third_Party/FreeRTOS/Source/portable/GCC/ARM_CM4F/portmacro.h **** 
 3817              		.loc 2 193 1 view .LVU1106
 195:Middlewares/Third_Party/FreeRTOS/Source/portable/GCC/ARM_CM4F/portmacro.h **** 	(
 3818              		.loc 2 195 2 view .LVU1107
 3819              		.syntax unified
 3820              	@ 195 "Middlewares/Third_Party/FreeRTOS/Source/portable/GCC/ARM_CM4F/portmacro.h" 1
 3821 0016 4FF05003 			mov r3, #80												
ARM GAS  D:\temp\TMP\ccsMuV5a.s 			page 131


 3822 001a 83F31188 		msr basepri, r3											
 3823 001e BFF36F8F 		isb														
 3824 0022 BFF34F8F 		dsb														
 3825              	
 3826              	@ 0 "" 2
 3827              		.thumb
 3828              		.syntax unified
 3829              	.L279:
 3830              	.LBE208:
 3831              	.LBE207:
1934:Middlewares/Third_Party/FreeRTOS/Source/queue.c **** 
 3832              		.loc 1 1934 2 view .LVU1108
 3833 0026 FEE7     		b	.L279
 3834              		.cfi_endproc
 3835              	.LFE20:
 3837              		.section	.text.uxQueueSpacesAvailable,"ax",%progbits
 3838              		.align	1
 3839              		.global	uxQueueSpacesAvailable
 3840              		.syntax unified
 3841              		.thumb
 3842              		.thumb_func
 3844              	uxQueueSpacesAvailable:
 3845              	.LVL316:
 3846              	.LFB21:
1947:Middlewares/Third_Party/FreeRTOS/Source/queue.c **** UBaseType_t uxReturn;
 3847              		.loc 1 1947 1 view -0
 3848              		.cfi_startproc
 3849              		@ args = 0, pretend = 0, frame = 0
 3850              		@ frame_needed = 0, uses_anonymous_args = 0
1948:Middlewares/Third_Party/FreeRTOS/Source/queue.c **** Queue_t * const pxQueue = xQueue;
 3851              		.loc 1 1948 1 view .LVU1110
1949:Middlewares/Third_Party/FreeRTOS/Source/queue.c **** 
 3852              		.loc 1 1949 1 view .LVU1111
1951:Middlewares/Third_Party/FreeRTOS/Source/queue.c **** 
 3853              		.loc 1 1951 2 view .LVU1112
 3854 0000 58B1     		cbz	r0, .L288
1947:Middlewares/Third_Party/FreeRTOS/Source/queue.c **** UBaseType_t uxReturn;
 3855              		.loc 1 1947 1 is_stmt 0 view .LVU1113
 3856 0002 10B5     		push	{r4, lr}
 3857              	.LCFI44:
 3858              		.cfi_def_cfa_offset 8
 3859              		.cfi_offset 4, -8
 3860              		.cfi_offset 14, -4
 3861 0004 0446     		mov	r4, r0
1951:Middlewares/Third_Party/FreeRTOS/Source/queue.c **** 
 3862              		.loc 1 1951 25 is_stmt 1 view .LVU1114
1953:Middlewares/Third_Party/FreeRTOS/Source/queue.c **** 	{
 3863              		.loc 1 1953 2 view .LVU1115
 3864 0006 FFF7FEFF 		bl	vPortEnterCritical
 3865              	.LVL317:
1955:Middlewares/Third_Party/FreeRTOS/Source/queue.c **** 	}
 3866              		.loc 1 1955 3 view .LVU1116
1955:Middlewares/Third_Party/FreeRTOS/Source/queue.c **** 	}
 3867              		.loc 1 1955 21 is_stmt 0 view .LVU1117
 3868 000a E36B     		ldr	r3, [r4, #60]
1955:Middlewares/Third_Party/FreeRTOS/Source/queue.c **** 	}
 3869              		.loc 1 1955 41 view .LVU1118
ARM GAS  D:\temp\TMP\ccsMuV5a.s 			page 132


 3870 000c A26B     		ldr	r2, [r4, #56]
1955:Middlewares/Third_Party/FreeRTOS/Source/queue.c **** 	}
 3871              		.loc 1 1955 12 view .LVU1119
 3872 000e 9B1A     		subs	r3, r3, r2
 3873 0010 1C46     		mov	r4, r3
 3874              	.LVL318:
1957:Middlewares/Third_Party/FreeRTOS/Source/queue.c **** 
 3875              		.loc 1 1957 2 is_stmt 1 view .LVU1120
 3876 0012 FFF7FEFF 		bl	vPortExitCritical
 3877              	.LVL319:
1959:Middlewares/Third_Party/FreeRTOS/Source/queue.c **** } /*lint !e818 Pointer cannot be declared const as xQueue is a typedef not pointer. */
 3878              		.loc 1 1959 2 view .LVU1121
1960:Middlewares/Third_Party/FreeRTOS/Source/queue.c **** /*-----------------------------------------------------------*/
 3879              		.loc 1 1960 1 is_stmt 0 view .LVU1122
 3880 0016 2046     		mov	r0, r4
 3881 0018 10BD     		pop	{r4, pc}
 3882              	.LVL320:
 3883              	.L288:
 3884              	.LCFI45:
 3885              		.cfi_def_cfa_offset 0
 3886              		.cfi_restore 4
 3887              		.cfi_restore 14
1951:Middlewares/Third_Party/FreeRTOS/Source/queue.c **** 
 3888              		.loc 1 1951 2 is_stmt 1 discriminator 1 view .LVU1123
 3889              	.LBB209:
 3890              	.LBI209:
 191:Middlewares/Third_Party/FreeRTOS/Source/portable/GCC/ARM_CM4F/portmacro.h **** {
 3891              		.loc 2 191 30 view .LVU1124
 3892              	.LBB210:
 193:Middlewares/Third_Party/FreeRTOS/Source/portable/GCC/ARM_CM4F/portmacro.h **** 
 3893              		.loc 2 193 1 view .LVU1125
 195:Middlewares/Third_Party/FreeRTOS/Source/portable/GCC/ARM_CM4F/portmacro.h **** 	(
 3894              		.loc 2 195 2 view .LVU1126
 3895              		.syntax unified
 3896              	@ 195 "Middlewares/Third_Party/FreeRTOS/Source/portable/GCC/ARM_CM4F/portmacro.h" 1
 3897 001a 4FF05003 			mov r3, #80												
 3898 001e 83F31188 		msr basepri, r3											
 3899 0022 BFF36F8F 		isb														
 3900 0026 BFF34F8F 		dsb														
 3901              	
 3902              	@ 0 "" 2
 3903              		.thumb
 3904              		.syntax unified
 3905              	.L285:
 3906              	.LBE210:
 3907              	.LBE209:
1951:Middlewares/Third_Party/FreeRTOS/Source/queue.c **** 
 3908              		.loc 1 1951 2 view .LVU1127
 3909 002a FEE7     		b	.L285
 3910              		.cfi_endproc
 3911              	.LFE21:
 3913              		.section	.text.uxQueueMessagesWaitingFromISR,"ax",%progbits
 3914              		.align	1
 3915              		.global	uxQueueMessagesWaitingFromISR
 3916              		.syntax unified
 3917              		.thumb
 3918              		.thumb_func
ARM GAS  D:\temp\TMP\ccsMuV5a.s 			page 133


 3920              	uxQueueMessagesWaitingFromISR:
 3921              	.LVL321:
 3922              	.LFB22:
1964:Middlewares/Third_Party/FreeRTOS/Source/queue.c **** UBaseType_t uxReturn;
 3923              		.loc 1 1964 1 view -0
 3924              		.cfi_startproc
 3925              		@ args = 0, pretend = 0, frame = 0
 3926              		@ frame_needed = 0, uses_anonymous_args = 0
 3927              		@ link register save eliminated.
1965:Middlewares/Third_Party/FreeRTOS/Source/queue.c **** Queue_t * const pxQueue = xQueue;
 3928              		.loc 1 1965 1 view .LVU1129
1966:Middlewares/Third_Party/FreeRTOS/Source/queue.c **** 
 3929              		.loc 1 1966 1 view .LVU1130
1968:Middlewares/Third_Party/FreeRTOS/Source/queue.c **** 	uxReturn = pxQueue->uxMessagesWaiting;
 3930              		.loc 1 1968 2 view .LVU1131
 3931 0000 08B1     		cbz	r0, .L292
1968:Middlewares/Third_Party/FreeRTOS/Source/queue.c **** 	uxReturn = pxQueue->uxMessagesWaiting;
 3932              		.loc 1 1968 25 view .LVU1132
1969:Middlewares/Third_Party/FreeRTOS/Source/queue.c **** 
 3933              		.loc 1 1969 2 view .LVU1133
1969:Middlewares/Third_Party/FreeRTOS/Source/queue.c **** 
 3934              		.loc 1 1969 11 is_stmt 0 view .LVU1134
 3935 0002 806B     		ldr	r0, [r0, #56]
 3936              	.LVL322:
1971:Middlewares/Third_Party/FreeRTOS/Source/queue.c **** } /*lint !e818 Pointer cannot be declared const as xQueue is a typedef not pointer. */
 3937              		.loc 1 1971 2 is_stmt 1 view .LVU1135
1972:Middlewares/Third_Party/FreeRTOS/Source/queue.c **** /*-----------------------------------------------------------*/
 3938              		.loc 1 1972 1 is_stmt 0 view .LVU1136
 3939 0004 7047     		bx	lr
 3940              	.LVL323:
 3941              	.L292:
1968:Middlewares/Third_Party/FreeRTOS/Source/queue.c **** 	uxReturn = pxQueue->uxMessagesWaiting;
 3942              		.loc 1 1968 2 is_stmt 1 discriminator 1 view .LVU1137
 3943              	.LBB211:
 3944              	.LBI211:
 191:Middlewares/Third_Party/FreeRTOS/Source/portable/GCC/ARM_CM4F/portmacro.h **** {
 3945              		.loc 2 191 30 view .LVU1138
 3946              	.LBB212:
 193:Middlewares/Third_Party/FreeRTOS/Source/portable/GCC/ARM_CM4F/portmacro.h **** 
 3947              		.loc 2 193 1 view .LVU1139
 195:Middlewares/Third_Party/FreeRTOS/Source/portable/GCC/ARM_CM4F/portmacro.h **** 	(
 3948              		.loc 2 195 2 view .LVU1140
 3949              		.syntax unified
 3950              	@ 195 "Middlewares/Third_Party/FreeRTOS/Source/portable/GCC/ARM_CM4F/portmacro.h" 1
 3951 0006 4FF05003 			mov r3, #80												
 3952 000a 83F31188 		msr basepri, r3											
 3953 000e BFF36F8F 		isb														
 3954 0012 BFF34F8F 		dsb														
 3955              	
 3956              	@ 0 "" 2
 3957              		.thumb
 3958              		.syntax unified
 3959              	.L291:
 3960              	.LBE212:
 3961              	.LBE211:
1968:Middlewares/Third_Party/FreeRTOS/Source/queue.c **** 	uxReturn = pxQueue->uxMessagesWaiting;
 3962              		.loc 1 1968 2 view .LVU1141
ARM GAS  D:\temp\TMP\ccsMuV5a.s 			page 134


 3963 0016 FEE7     		b	.L291
 3964              		.cfi_endproc
 3965              	.LFE22:
 3967              		.section	.text.xQueueIsQueueEmptyFromISR,"ax",%progbits
 3968              		.align	1
 3969              		.global	xQueueIsQueueEmptyFromISR
 3970              		.syntax unified
 3971              		.thumb
 3972              		.thumb_func
 3974              	xQueueIsQueueEmptyFromISR:
 3975              	.LVL324:
 3976              	.LFB29:
2313:Middlewares/Third_Party/FreeRTOS/Source/queue.c **** BaseType_t xReturn;
 3977              		.loc 1 2313 1 view -0
 3978              		.cfi_startproc
 3979              		@ args = 0, pretend = 0, frame = 0
 3980              		@ frame_needed = 0, uses_anonymous_args = 0
 3981              		@ link register save eliminated.
2314:Middlewares/Third_Party/FreeRTOS/Source/queue.c **** Queue_t * const pxQueue = xQueue;
 3982              		.loc 1 2314 1 view .LVU1143
2315:Middlewares/Third_Party/FreeRTOS/Source/queue.c **** 
 3983              		.loc 1 2315 1 view .LVU1144
2317:Middlewares/Third_Party/FreeRTOS/Source/queue.c **** 	if( pxQueue->uxMessagesWaiting == ( UBaseType_t ) 0 )
 3984              		.loc 1 2317 2 view .LVU1145
 3985 0000 18B1     		cbz	r0, .L298
2317:Middlewares/Third_Party/FreeRTOS/Source/queue.c **** 	if( pxQueue->uxMessagesWaiting == ( UBaseType_t ) 0 )
 3986              		.loc 1 2317 25 view .LVU1146
2318:Middlewares/Third_Party/FreeRTOS/Source/queue.c **** 	{
 3987              		.loc 1 2318 2 view .LVU1147
2318:Middlewares/Third_Party/FreeRTOS/Source/queue.c **** 	{
 3988              		.loc 1 2318 13 is_stmt 0 view .LVU1148
 3989 0002 836B     		ldr	r3, [r0, #56]
2318:Middlewares/Third_Party/FreeRTOS/Source/queue.c **** 	{
 3990              		.loc 1 2318 4 view .LVU1149
 3991 0004 53B9     		cbnz	r3, .L297
2320:Middlewares/Third_Party/FreeRTOS/Source/queue.c **** 	}
 3992              		.loc 1 2320 11 view .LVU1150
 3993 0006 0120     		movs	r0, #1
 3994              	.LVL325:
2320:Middlewares/Third_Party/FreeRTOS/Source/queue.c **** 	}
 3995              		.loc 1 2320 11 view .LVU1151
 3996 0008 7047     		bx	lr
 3997              	.LVL326:
 3998              	.L298:
2317:Middlewares/Third_Party/FreeRTOS/Source/queue.c **** 	if( pxQueue->uxMessagesWaiting == ( UBaseType_t ) 0 )
 3999              		.loc 1 2317 2 is_stmt 1 discriminator 1 view .LVU1152
 4000              	.LBB213:
 4001              	.LBI213:
 191:Middlewares/Third_Party/FreeRTOS/Source/portable/GCC/ARM_CM4F/portmacro.h **** {
 4002              		.loc 2 191 30 view .LVU1153
 4003              	.LBB214:
 193:Middlewares/Third_Party/FreeRTOS/Source/portable/GCC/ARM_CM4F/portmacro.h **** 
 4004              		.loc 2 193 1 view .LVU1154
 195:Middlewares/Third_Party/FreeRTOS/Source/portable/GCC/ARM_CM4F/portmacro.h **** 	(
 4005              		.loc 2 195 2 view .LVU1155
 4006              		.syntax unified
 4007              	@ 195 "Middlewares/Third_Party/FreeRTOS/Source/portable/GCC/ARM_CM4F/portmacro.h" 1
ARM GAS  D:\temp\TMP\ccsMuV5a.s 			page 135


 4008 000a 4FF05003 			mov r3, #80												
 4009 000e 83F31188 		msr basepri, r3											
 4010 0012 BFF36F8F 		isb														
 4011 0016 BFF34F8F 		dsb														
 4012              	
 4013              	@ 0 "" 2
 4014              		.thumb
 4015              		.syntax unified
 4016              	.L295:
 4017              	.LBE214:
 4018              	.LBE213:
2317:Middlewares/Third_Party/FreeRTOS/Source/queue.c **** 	if( pxQueue->uxMessagesWaiting == ( UBaseType_t ) 0 )
 4019              		.loc 1 2317 2 view .LVU1156
 4020 001a FEE7     		b	.L295
 4021              	.L297:
2324:Middlewares/Third_Party/FreeRTOS/Source/queue.c **** 	}
 4022              		.loc 1 2324 11 is_stmt 0 view .LVU1157
 4023 001c 0020     		movs	r0, #0
 4024              	.LVL327:
2327:Middlewares/Third_Party/FreeRTOS/Source/queue.c **** } /*lint !e818 xQueue could not be pointer to const because it is a typedef. */
 4025              		.loc 1 2327 2 is_stmt 1 view .LVU1158
2328:Middlewares/Third_Party/FreeRTOS/Source/queue.c **** /*-----------------------------------------------------------*/
 4026              		.loc 1 2328 1 is_stmt 0 view .LVU1159
 4027 001e 7047     		bx	lr
 4028              		.cfi_endproc
 4029              	.LFE29:
 4031              		.section	.text.xQueueIsQueueFullFromISR,"ax",%progbits
 4032              		.align	1
 4033              		.global	xQueueIsQueueFullFromISR
 4034              		.syntax unified
 4035              		.thumb
 4036              		.thumb_func
 4038              	xQueueIsQueueFullFromISR:
 4039              	.LVL328:
 4040              	.LFB31:
2350:Middlewares/Third_Party/FreeRTOS/Source/queue.c **** /*-----------------------------------------------------------*/
2351:Middlewares/Third_Party/FreeRTOS/Source/queue.c **** 
2352:Middlewares/Third_Party/FreeRTOS/Source/queue.c **** BaseType_t xQueueIsQueueFullFromISR( const QueueHandle_t xQueue )
2353:Middlewares/Third_Party/FreeRTOS/Source/queue.c **** {
 4041              		.loc 1 2353 1 is_stmt 1 view -0
 4042              		.cfi_startproc
 4043              		@ args = 0, pretend = 0, frame = 0
 4044              		@ frame_needed = 0, uses_anonymous_args = 0
 4045              		@ link register save eliminated.
2354:Middlewares/Third_Party/FreeRTOS/Source/queue.c **** BaseType_t xReturn;
 4046              		.loc 1 2354 1 view .LVU1161
2355:Middlewares/Third_Party/FreeRTOS/Source/queue.c **** Queue_t * const pxQueue = xQueue;
 4047              		.loc 1 2355 1 view .LVU1162
2356:Middlewares/Third_Party/FreeRTOS/Source/queue.c **** 
2357:Middlewares/Third_Party/FreeRTOS/Source/queue.c **** 	configASSERT( pxQueue );
 4048              		.loc 1 2357 2 view .LVU1163
 4049 0000 28B1     		cbz	r0, .L304
 4050              		.loc 1 2357 25 view .LVU1164
2358:Middlewares/Third_Party/FreeRTOS/Source/queue.c **** 	if( pxQueue->uxMessagesWaiting == pxQueue->uxLength )
 4051              		.loc 1 2358 2 view .LVU1165
 4052              		.loc 1 2358 13 is_stmt 0 view .LVU1166
 4053 0002 826B     		ldr	r2, [r0, #56]
ARM GAS  D:\temp\TMP\ccsMuV5a.s 			page 136


 4054              		.loc 1 2358 43 view .LVU1167
 4055 0004 C36B     		ldr	r3, [r0, #60]
 4056              		.loc 1 2358 4 view .LVU1168
 4057 0006 9A42     		cmp	r2, r3
 4058 0008 0AD0     		beq	.L305
2359:Middlewares/Third_Party/FreeRTOS/Source/queue.c **** 	{
2360:Middlewares/Third_Party/FreeRTOS/Source/queue.c **** 		xReturn = pdTRUE;
2361:Middlewares/Third_Party/FreeRTOS/Source/queue.c **** 	}
2362:Middlewares/Third_Party/FreeRTOS/Source/queue.c **** 	else
2363:Middlewares/Third_Party/FreeRTOS/Source/queue.c **** 	{
2364:Middlewares/Third_Party/FreeRTOS/Source/queue.c **** 		xReturn = pdFALSE;
 4059              		.loc 1 2364 11 view .LVU1169
 4060 000a 0020     		movs	r0, #0
 4061              	.LVL329:
2365:Middlewares/Third_Party/FreeRTOS/Source/queue.c **** 	}
2366:Middlewares/Third_Party/FreeRTOS/Source/queue.c **** 
2367:Middlewares/Third_Party/FreeRTOS/Source/queue.c **** 	return xReturn;
 4062              		.loc 1 2367 2 is_stmt 1 view .LVU1170
2368:Middlewares/Third_Party/FreeRTOS/Source/queue.c **** } /*lint !e818 xQueue could not be pointer to const because it is a typedef. */
 4063              		.loc 1 2368 1 is_stmt 0 view .LVU1171
 4064 000c 7047     		bx	lr
 4065              	.LVL330:
 4066              	.L304:
2357:Middlewares/Third_Party/FreeRTOS/Source/queue.c **** 	if( pxQueue->uxMessagesWaiting == pxQueue->uxLength )
 4067              		.loc 1 2357 2 is_stmt 1 discriminator 1 view .LVU1172
 4068              	.LBB215:
 4069              	.LBI215:
 191:Middlewares/Third_Party/FreeRTOS/Source/portable/GCC/ARM_CM4F/portmacro.h **** {
 4070              		.loc 2 191 30 view .LVU1173
 4071              	.LBB216:
 193:Middlewares/Third_Party/FreeRTOS/Source/portable/GCC/ARM_CM4F/portmacro.h **** 
 4072              		.loc 2 193 1 view .LVU1174
 195:Middlewares/Third_Party/FreeRTOS/Source/portable/GCC/ARM_CM4F/portmacro.h **** 	(
 4073              		.loc 2 195 2 view .LVU1175
 4074              		.syntax unified
 4075              	@ 195 "Middlewares/Third_Party/FreeRTOS/Source/portable/GCC/ARM_CM4F/portmacro.h" 1
 4076 000e 4FF05003 			mov r3, #80												
 4077 0012 83F31188 		msr basepri, r3											
 4078 0016 BFF36F8F 		isb														
 4079 001a BFF34F8F 		dsb														
 4080              	
 4081              	@ 0 "" 2
 4082              		.thumb
 4083              		.syntax unified
 4084              	.L301:
 4085              	.LBE216:
 4086              	.LBE215:
2357:Middlewares/Third_Party/FreeRTOS/Source/queue.c **** 	if( pxQueue->uxMessagesWaiting == pxQueue->uxLength )
 4087              		.loc 1 2357 2 view .LVU1176
 4088 001e FEE7     		b	.L301
 4089              	.L305:
2360:Middlewares/Third_Party/FreeRTOS/Source/queue.c **** 	}
 4090              		.loc 1 2360 11 is_stmt 0 view .LVU1177
 4091 0020 0120     		movs	r0, #1
 4092              	.LVL331:
2360:Middlewares/Third_Party/FreeRTOS/Source/queue.c **** 	}
 4093              		.loc 1 2360 11 view .LVU1178
ARM GAS  D:\temp\TMP\ccsMuV5a.s 			page 137


 4094 0022 7047     		bx	lr
 4095              		.cfi_endproc
 4096              	.LFE31:
 4098              		.section	.text.vQueueAddToRegistry,"ax",%progbits
 4099              		.align	1
 4100              		.global	vQueueAddToRegistry
 4101              		.syntax unified
 4102              		.thumb
 4103              		.thumb_func
 4105              	vQueueAddToRegistry:
 4106              	.LVL332:
 4107              	.LFB32:
2369:Middlewares/Third_Party/FreeRTOS/Source/queue.c **** /*-----------------------------------------------------------*/
2370:Middlewares/Third_Party/FreeRTOS/Source/queue.c **** 
2371:Middlewares/Third_Party/FreeRTOS/Source/queue.c **** #if ( configUSE_CO_ROUTINES == 1 )
2372:Middlewares/Third_Party/FreeRTOS/Source/queue.c **** 
2373:Middlewares/Third_Party/FreeRTOS/Source/queue.c **** 	BaseType_t xQueueCRSend( QueueHandle_t xQueue, const void *pvItemToQueue, TickType_t xTicksToWait 
2374:Middlewares/Third_Party/FreeRTOS/Source/queue.c **** 	{
2375:Middlewares/Third_Party/FreeRTOS/Source/queue.c **** 	BaseType_t xReturn;
2376:Middlewares/Third_Party/FreeRTOS/Source/queue.c **** 	Queue_t * const pxQueue = xQueue;
2377:Middlewares/Third_Party/FreeRTOS/Source/queue.c **** 
2378:Middlewares/Third_Party/FreeRTOS/Source/queue.c **** 		/* If the queue is already full we may have to block.  A critical section
2379:Middlewares/Third_Party/FreeRTOS/Source/queue.c **** 		is required to prevent an interrupt removing something from the queue
2380:Middlewares/Third_Party/FreeRTOS/Source/queue.c **** 		between the check to see if the queue is full and blocking on the queue. */
2381:Middlewares/Third_Party/FreeRTOS/Source/queue.c **** 		portDISABLE_INTERRUPTS();
2382:Middlewares/Third_Party/FreeRTOS/Source/queue.c **** 		{
2383:Middlewares/Third_Party/FreeRTOS/Source/queue.c **** 			if( prvIsQueueFull( pxQueue ) != pdFALSE )
2384:Middlewares/Third_Party/FreeRTOS/Source/queue.c **** 			{
2385:Middlewares/Third_Party/FreeRTOS/Source/queue.c **** 				/* The queue is full - do we want to block or just leave without
2386:Middlewares/Third_Party/FreeRTOS/Source/queue.c **** 				posting? */
2387:Middlewares/Third_Party/FreeRTOS/Source/queue.c **** 				if( xTicksToWait > ( TickType_t ) 0 )
2388:Middlewares/Third_Party/FreeRTOS/Source/queue.c **** 				{
2389:Middlewares/Third_Party/FreeRTOS/Source/queue.c **** 					/* As this is called from a coroutine we cannot block directly, but
2390:Middlewares/Third_Party/FreeRTOS/Source/queue.c **** 					return indicating that we need to block. */
2391:Middlewares/Third_Party/FreeRTOS/Source/queue.c **** 					vCoRoutineAddToDelayedList( xTicksToWait, &( pxQueue->xTasksWaitingToSend ) );
2392:Middlewares/Third_Party/FreeRTOS/Source/queue.c **** 					portENABLE_INTERRUPTS();
2393:Middlewares/Third_Party/FreeRTOS/Source/queue.c **** 					return errQUEUE_BLOCKED;
2394:Middlewares/Third_Party/FreeRTOS/Source/queue.c **** 				}
2395:Middlewares/Third_Party/FreeRTOS/Source/queue.c **** 				else
2396:Middlewares/Third_Party/FreeRTOS/Source/queue.c **** 				{
2397:Middlewares/Third_Party/FreeRTOS/Source/queue.c **** 					portENABLE_INTERRUPTS();
2398:Middlewares/Third_Party/FreeRTOS/Source/queue.c **** 					return errQUEUE_FULL;
2399:Middlewares/Third_Party/FreeRTOS/Source/queue.c **** 				}
2400:Middlewares/Third_Party/FreeRTOS/Source/queue.c **** 			}
2401:Middlewares/Third_Party/FreeRTOS/Source/queue.c **** 		}
2402:Middlewares/Third_Party/FreeRTOS/Source/queue.c **** 		portENABLE_INTERRUPTS();
2403:Middlewares/Third_Party/FreeRTOS/Source/queue.c **** 
2404:Middlewares/Third_Party/FreeRTOS/Source/queue.c **** 		portDISABLE_INTERRUPTS();
2405:Middlewares/Third_Party/FreeRTOS/Source/queue.c **** 		{
2406:Middlewares/Third_Party/FreeRTOS/Source/queue.c **** 			if( pxQueue->uxMessagesWaiting < pxQueue->uxLength )
2407:Middlewares/Third_Party/FreeRTOS/Source/queue.c **** 			{
2408:Middlewares/Third_Party/FreeRTOS/Source/queue.c **** 				/* There is room in the queue, copy the data into the queue. */
2409:Middlewares/Third_Party/FreeRTOS/Source/queue.c **** 				prvCopyDataToQueue( pxQueue, pvItemToQueue, queueSEND_TO_BACK );
2410:Middlewares/Third_Party/FreeRTOS/Source/queue.c **** 				xReturn = pdPASS;
2411:Middlewares/Third_Party/FreeRTOS/Source/queue.c **** 
2412:Middlewares/Third_Party/FreeRTOS/Source/queue.c **** 				/* Were any co-routines waiting for data to become available? */
2413:Middlewares/Third_Party/FreeRTOS/Source/queue.c **** 				if( listLIST_IS_EMPTY( &( pxQueue->xTasksWaitingToReceive ) ) == pdFALSE )
ARM GAS  D:\temp\TMP\ccsMuV5a.s 			page 138


2414:Middlewares/Third_Party/FreeRTOS/Source/queue.c **** 				{
2415:Middlewares/Third_Party/FreeRTOS/Source/queue.c **** 					/* In this instance the co-routine could be placed directly
2416:Middlewares/Third_Party/FreeRTOS/Source/queue.c **** 					into the ready list as we are within a critical section.
2417:Middlewares/Third_Party/FreeRTOS/Source/queue.c **** 					Instead the same pending ready list mechanism is used as if
2418:Middlewares/Third_Party/FreeRTOS/Source/queue.c **** 					the event were caused from within an interrupt. */
2419:Middlewares/Third_Party/FreeRTOS/Source/queue.c **** 					if( xCoRoutineRemoveFromEventList( &( pxQueue->xTasksWaitingToReceive ) ) != pdFALSE )
2420:Middlewares/Third_Party/FreeRTOS/Source/queue.c **** 					{
2421:Middlewares/Third_Party/FreeRTOS/Source/queue.c **** 						/* The co-routine waiting has a higher priority so record
2422:Middlewares/Third_Party/FreeRTOS/Source/queue.c **** 						that a yield might be appropriate. */
2423:Middlewares/Third_Party/FreeRTOS/Source/queue.c **** 						xReturn = errQUEUE_YIELD;
2424:Middlewares/Third_Party/FreeRTOS/Source/queue.c **** 					}
2425:Middlewares/Third_Party/FreeRTOS/Source/queue.c **** 					else
2426:Middlewares/Third_Party/FreeRTOS/Source/queue.c **** 					{
2427:Middlewares/Third_Party/FreeRTOS/Source/queue.c **** 						mtCOVERAGE_TEST_MARKER();
2428:Middlewares/Third_Party/FreeRTOS/Source/queue.c **** 					}
2429:Middlewares/Third_Party/FreeRTOS/Source/queue.c **** 				}
2430:Middlewares/Third_Party/FreeRTOS/Source/queue.c **** 				else
2431:Middlewares/Third_Party/FreeRTOS/Source/queue.c **** 				{
2432:Middlewares/Third_Party/FreeRTOS/Source/queue.c **** 					mtCOVERAGE_TEST_MARKER();
2433:Middlewares/Third_Party/FreeRTOS/Source/queue.c **** 				}
2434:Middlewares/Third_Party/FreeRTOS/Source/queue.c **** 			}
2435:Middlewares/Third_Party/FreeRTOS/Source/queue.c **** 			else
2436:Middlewares/Third_Party/FreeRTOS/Source/queue.c **** 			{
2437:Middlewares/Third_Party/FreeRTOS/Source/queue.c **** 				xReturn = errQUEUE_FULL;
2438:Middlewares/Third_Party/FreeRTOS/Source/queue.c **** 			}
2439:Middlewares/Third_Party/FreeRTOS/Source/queue.c **** 		}
2440:Middlewares/Third_Party/FreeRTOS/Source/queue.c **** 		portENABLE_INTERRUPTS();
2441:Middlewares/Third_Party/FreeRTOS/Source/queue.c **** 
2442:Middlewares/Third_Party/FreeRTOS/Source/queue.c **** 		return xReturn;
2443:Middlewares/Third_Party/FreeRTOS/Source/queue.c **** 	}
2444:Middlewares/Third_Party/FreeRTOS/Source/queue.c **** 
2445:Middlewares/Third_Party/FreeRTOS/Source/queue.c **** #endif /* configUSE_CO_ROUTINES */
2446:Middlewares/Third_Party/FreeRTOS/Source/queue.c **** /*-----------------------------------------------------------*/
2447:Middlewares/Third_Party/FreeRTOS/Source/queue.c **** 
2448:Middlewares/Third_Party/FreeRTOS/Source/queue.c **** #if ( configUSE_CO_ROUTINES == 1 )
2449:Middlewares/Third_Party/FreeRTOS/Source/queue.c **** 
2450:Middlewares/Third_Party/FreeRTOS/Source/queue.c **** 	BaseType_t xQueueCRReceive( QueueHandle_t xQueue, void *pvBuffer, TickType_t xTicksToWait )
2451:Middlewares/Third_Party/FreeRTOS/Source/queue.c **** 	{
2452:Middlewares/Third_Party/FreeRTOS/Source/queue.c **** 	BaseType_t xReturn;
2453:Middlewares/Third_Party/FreeRTOS/Source/queue.c **** 	Queue_t * const pxQueue = xQueue;
2454:Middlewares/Third_Party/FreeRTOS/Source/queue.c **** 
2455:Middlewares/Third_Party/FreeRTOS/Source/queue.c **** 		/* If the queue is already empty we may have to block.  A critical section
2456:Middlewares/Third_Party/FreeRTOS/Source/queue.c **** 		is required to prevent an interrupt adding something to the queue
2457:Middlewares/Third_Party/FreeRTOS/Source/queue.c **** 		between the check to see if the queue is empty and blocking on the queue. */
2458:Middlewares/Third_Party/FreeRTOS/Source/queue.c **** 		portDISABLE_INTERRUPTS();
2459:Middlewares/Third_Party/FreeRTOS/Source/queue.c **** 		{
2460:Middlewares/Third_Party/FreeRTOS/Source/queue.c **** 			if( pxQueue->uxMessagesWaiting == ( UBaseType_t ) 0 )
2461:Middlewares/Third_Party/FreeRTOS/Source/queue.c **** 			{
2462:Middlewares/Third_Party/FreeRTOS/Source/queue.c **** 				/* There are no messages in the queue, do we want to block or just
2463:Middlewares/Third_Party/FreeRTOS/Source/queue.c **** 				leave with nothing? */
2464:Middlewares/Third_Party/FreeRTOS/Source/queue.c **** 				if( xTicksToWait > ( TickType_t ) 0 )
2465:Middlewares/Third_Party/FreeRTOS/Source/queue.c **** 				{
2466:Middlewares/Third_Party/FreeRTOS/Source/queue.c **** 					/* As this is a co-routine we cannot block directly, but return
2467:Middlewares/Third_Party/FreeRTOS/Source/queue.c **** 					indicating that we need to block. */
2468:Middlewares/Third_Party/FreeRTOS/Source/queue.c **** 					vCoRoutineAddToDelayedList( xTicksToWait, &( pxQueue->xTasksWaitingToReceive ) );
2469:Middlewares/Third_Party/FreeRTOS/Source/queue.c **** 					portENABLE_INTERRUPTS();
2470:Middlewares/Third_Party/FreeRTOS/Source/queue.c **** 					return errQUEUE_BLOCKED;
ARM GAS  D:\temp\TMP\ccsMuV5a.s 			page 139


2471:Middlewares/Third_Party/FreeRTOS/Source/queue.c **** 				}
2472:Middlewares/Third_Party/FreeRTOS/Source/queue.c **** 				else
2473:Middlewares/Third_Party/FreeRTOS/Source/queue.c **** 				{
2474:Middlewares/Third_Party/FreeRTOS/Source/queue.c **** 					portENABLE_INTERRUPTS();
2475:Middlewares/Third_Party/FreeRTOS/Source/queue.c **** 					return errQUEUE_FULL;
2476:Middlewares/Third_Party/FreeRTOS/Source/queue.c **** 				}
2477:Middlewares/Third_Party/FreeRTOS/Source/queue.c **** 			}
2478:Middlewares/Third_Party/FreeRTOS/Source/queue.c **** 			else
2479:Middlewares/Third_Party/FreeRTOS/Source/queue.c **** 			{
2480:Middlewares/Third_Party/FreeRTOS/Source/queue.c **** 				mtCOVERAGE_TEST_MARKER();
2481:Middlewares/Third_Party/FreeRTOS/Source/queue.c **** 			}
2482:Middlewares/Third_Party/FreeRTOS/Source/queue.c **** 		}
2483:Middlewares/Third_Party/FreeRTOS/Source/queue.c **** 		portENABLE_INTERRUPTS();
2484:Middlewares/Third_Party/FreeRTOS/Source/queue.c **** 
2485:Middlewares/Third_Party/FreeRTOS/Source/queue.c **** 		portDISABLE_INTERRUPTS();
2486:Middlewares/Third_Party/FreeRTOS/Source/queue.c **** 		{
2487:Middlewares/Third_Party/FreeRTOS/Source/queue.c **** 			if( pxQueue->uxMessagesWaiting > ( UBaseType_t ) 0 )
2488:Middlewares/Third_Party/FreeRTOS/Source/queue.c **** 			{
2489:Middlewares/Third_Party/FreeRTOS/Source/queue.c **** 				/* Data is available from the queue. */
2490:Middlewares/Third_Party/FreeRTOS/Source/queue.c **** 				pxQueue->u.xQueue.pcReadFrom += pxQueue->uxItemSize;
2491:Middlewares/Third_Party/FreeRTOS/Source/queue.c **** 				if( pxQueue->u.xQueue.pcReadFrom >= pxQueue->u.xQueue.pcTail )
2492:Middlewares/Third_Party/FreeRTOS/Source/queue.c **** 				{
2493:Middlewares/Third_Party/FreeRTOS/Source/queue.c **** 					pxQueue->u.xQueue.pcReadFrom = pxQueue->pcHead;
2494:Middlewares/Third_Party/FreeRTOS/Source/queue.c **** 				}
2495:Middlewares/Third_Party/FreeRTOS/Source/queue.c **** 				else
2496:Middlewares/Third_Party/FreeRTOS/Source/queue.c **** 				{
2497:Middlewares/Third_Party/FreeRTOS/Source/queue.c **** 					mtCOVERAGE_TEST_MARKER();
2498:Middlewares/Third_Party/FreeRTOS/Source/queue.c **** 				}
2499:Middlewares/Third_Party/FreeRTOS/Source/queue.c **** 				--( pxQueue->uxMessagesWaiting );
2500:Middlewares/Third_Party/FreeRTOS/Source/queue.c **** 				( void ) memcpy( ( void * ) pvBuffer, ( void * ) pxQueue->u.xQueue.pcReadFrom, ( unsigned ) pxQ
2501:Middlewares/Third_Party/FreeRTOS/Source/queue.c **** 
2502:Middlewares/Third_Party/FreeRTOS/Source/queue.c **** 				xReturn = pdPASS;
2503:Middlewares/Third_Party/FreeRTOS/Source/queue.c **** 
2504:Middlewares/Third_Party/FreeRTOS/Source/queue.c **** 				/* Were any co-routines waiting for space to become available? */
2505:Middlewares/Third_Party/FreeRTOS/Source/queue.c **** 				if( listLIST_IS_EMPTY( &( pxQueue->xTasksWaitingToSend ) ) == pdFALSE )
2506:Middlewares/Third_Party/FreeRTOS/Source/queue.c **** 				{
2507:Middlewares/Third_Party/FreeRTOS/Source/queue.c **** 					/* In this instance the co-routine could be placed directly
2508:Middlewares/Third_Party/FreeRTOS/Source/queue.c **** 					into the ready list as we are within a critical section.
2509:Middlewares/Third_Party/FreeRTOS/Source/queue.c **** 					Instead the same pending ready list mechanism is used as if
2510:Middlewares/Third_Party/FreeRTOS/Source/queue.c **** 					the event were caused from within an interrupt. */
2511:Middlewares/Third_Party/FreeRTOS/Source/queue.c **** 					if( xCoRoutineRemoveFromEventList( &( pxQueue->xTasksWaitingToSend ) ) != pdFALSE )
2512:Middlewares/Third_Party/FreeRTOS/Source/queue.c **** 					{
2513:Middlewares/Third_Party/FreeRTOS/Source/queue.c **** 						xReturn = errQUEUE_YIELD;
2514:Middlewares/Third_Party/FreeRTOS/Source/queue.c **** 					}
2515:Middlewares/Third_Party/FreeRTOS/Source/queue.c **** 					else
2516:Middlewares/Third_Party/FreeRTOS/Source/queue.c **** 					{
2517:Middlewares/Third_Party/FreeRTOS/Source/queue.c **** 						mtCOVERAGE_TEST_MARKER();
2518:Middlewares/Third_Party/FreeRTOS/Source/queue.c **** 					}
2519:Middlewares/Third_Party/FreeRTOS/Source/queue.c **** 				}
2520:Middlewares/Third_Party/FreeRTOS/Source/queue.c **** 				else
2521:Middlewares/Third_Party/FreeRTOS/Source/queue.c **** 				{
2522:Middlewares/Third_Party/FreeRTOS/Source/queue.c **** 					mtCOVERAGE_TEST_MARKER();
2523:Middlewares/Third_Party/FreeRTOS/Source/queue.c **** 				}
2524:Middlewares/Third_Party/FreeRTOS/Source/queue.c **** 			}
2525:Middlewares/Third_Party/FreeRTOS/Source/queue.c **** 			else
2526:Middlewares/Third_Party/FreeRTOS/Source/queue.c **** 			{
2527:Middlewares/Third_Party/FreeRTOS/Source/queue.c **** 				xReturn = pdFAIL;
ARM GAS  D:\temp\TMP\ccsMuV5a.s 			page 140


2528:Middlewares/Third_Party/FreeRTOS/Source/queue.c **** 			}
2529:Middlewares/Third_Party/FreeRTOS/Source/queue.c **** 		}
2530:Middlewares/Third_Party/FreeRTOS/Source/queue.c **** 		portENABLE_INTERRUPTS();
2531:Middlewares/Third_Party/FreeRTOS/Source/queue.c **** 
2532:Middlewares/Third_Party/FreeRTOS/Source/queue.c **** 		return xReturn;
2533:Middlewares/Third_Party/FreeRTOS/Source/queue.c **** 	}
2534:Middlewares/Third_Party/FreeRTOS/Source/queue.c **** 
2535:Middlewares/Third_Party/FreeRTOS/Source/queue.c **** #endif /* configUSE_CO_ROUTINES */
2536:Middlewares/Third_Party/FreeRTOS/Source/queue.c **** /*-----------------------------------------------------------*/
2537:Middlewares/Third_Party/FreeRTOS/Source/queue.c **** 
2538:Middlewares/Third_Party/FreeRTOS/Source/queue.c **** #if ( configUSE_CO_ROUTINES == 1 )
2539:Middlewares/Third_Party/FreeRTOS/Source/queue.c **** 
2540:Middlewares/Third_Party/FreeRTOS/Source/queue.c **** 	BaseType_t xQueueCRSendFromISR( QueueHandle_t xQueue, const void *pvItemToQueue, BaseType_t xCoRou
2541:Middlewares/Third_Party/FreeRTOS/Source/queue.c **** 	{
2542:Middlewares/Third_Party/FreeRTOS/Source/queue.c **** 	Queue_t * const pxQueue = xQueue;
2543:Middlewares/Third_Party/FreeRTOS/Source/queue.c **** 
2544:Middlewares/Third_Party/FreeRTOS/Source/queue.c **** 		/* Cannot block within an ISR so if there is no space on the queue then
2545:Middlewares/Third_Party/FreeRTOS/Source/queue.c **** 		exit without doing anything. */
2546:Middlewares/Third_Party/FreeRTOS/Source/queue.c **** 		if( pxQueue->uxMessagesWaiting < pxQueue->uxLength )
2547:Middlewares/Third_Party/FreeRTOS/Source/queue.c **** 		{
2548:Middlewares/Third_Party/FreeRTOS/Source/queue.c **** 			prvCopyDataToQueue( pxQueue, pvItemToQueue, queueSEND_TO_BACK );
2549:Middlewares/Third_Party/FreeRTOS/Source/queue.c **** 
2550:Middlewares/Third_Party/FreeRTOS/Source/queue.c **** 			/* We only want to wake one co-routine per ISR, so check that a
2551:Middlewares/Third_Party/FreeRTOS/Source/queue.c **** 			co-routine has not already been woken. */
2552:Middlewares/Third_Party/FreeRTOS/Source/queue.c **** 			if( xCoRoutinePreviouslyWoken == pdFALSE )
2553:Middlewares/Third_Party/FreeRTOS/Source/queue.c **** 			{
2554:Middlewares/Third_Party/FreeRTOS/Source/queue.c **** 				if( listLIST_IS_EMPTY( &( pxQueue->xTasksWaitingToReceive ) ) == pdFALSE )
2555:Middlewares/Third_Party/FreeRTOS/Source/queue.c **** 				{
2556:Middlewares/Third_Party/FreeRTOS/Source/queue.c **** 					if( xCoRoutineRemoveFromEventList( &( pxQueue->xTasksWaitingToReceive ) ) != pdFALSE )
2557:Middlewares/Third_Party/FreeRTOS/Source/queue.c **** 					{
2558:Middlewares/Third_Party/FreeRTOS/Source/queue.c **** 						return pdTRUE;
2559:Middlewares/Third_Party/FreeRTOS/Source/queue.c **** 					}
2560:Middlewares/Third_Party/FreeRTOS/Source/queue.c **** 					else
2561:Middlewares/Third_Party/FreeRTOS/Source/queue.c **** 					{
2562:Middlewares/Third_Party/FreeRTOS/Source/queue.c **** 						mtCOVERAGE_TEST_MARKER();
2563:Middlewares/Third_Party/FreeRTOS/Source/queue.c **** 					}
2564:Middlewares/Third_Party/FreeRTOS/Source/queue.c **** 				}
2565:Middlewares/Third_Party/FreeRTOS/Source/queue.c **** 				else
2566:Middlewares/Third_Party/FreeRTOS/Source/queue.c **** 				{
2567:Middlewares/Third_Party/FreeRTOS/Source/queue.c **** 					mtCOVERAGE_TEST_MARKER();
2568:Middlewares/Third_Party/FreeRTOS/Source/queue.c **** 				}
2569:Middlewares/Third_Party/FreeRTOS/Source/queue.c **** 			}
2570:Middlewares/Third_Party/FreeRTOS/Source/queue.c **** 			else
2571:Middlewares/Third_Party/FreeRTOS/Source/queue.c **** 			{
2572:Middlewares/Third_Party/FreeRTOS/Source/queue.c **** 				mtCOVERAGE_TEST_MARKER();
2573:Middlewares/Third_Party/FreeRTOS/Source/queue.c **** 			}
2574:Middlewares/Third_Party/FreeRTOS/Source/queue.c **** 		}
2575:Middlewares/Third_Party/FreeRTOS/Source/queue.c **** 		else
2576:Middlewares/Third_Party/FreeRTOS/Source/queue.c **** 		{
2577:Middlewares/Third_Party/FreeRTOS/Source/queue.c **** 			mtCOVERAGE_TEST_MARKER();
2578:Middlewares/Third_Party/FreeRTOS/Source/queue.c **** 		}
2579:Middlewares/Third_Party/FreeRTOS/Source/queue.c **** 
2580:Middlewares/Third_Party/FreeRTOS/Source/queue.c **** 		return xCoRoutinePreviouslyWoken;
2581:Middlewares/Third_Party/FreeRTOS/Source/queue.c **** 	}
2582:Middlewares/Third_Party/FreeRTOS/Source/queue.c **** 
2583:Middlewares/Third_Party/FreeRTOS/Source/queue.c **** #endif /* configUSE_CO_ROUTINES */
2584:Middlewares/Third_Party/FreeRTOS/Source/queue.c **** /*-----------------------------------------------------------*/
ARM GAS  D:\temp\TMP\ccsMuV5a.s 			page 141


2585:Middlewares/Third_Party/FreeRTOS/Source/queue.c **** 
2586:Middlewares/Third_Party/FreeRTOS/Source/queue.c **** #if ( configUSE_CO_ROUTINES == 1 )
2587:Middlewares/Third_Party/FreeRTOS/Source/queue.c **** 
2588:Middlewares/Third_Party/FreeRTOS/Source/queue.c **** 	BaseType_t xQueueCRReceiveFromISR( QueueHandle_t xQueue, void *pvBuffer, BaseType_t *pxCoRoutineWo
2589:Middlewares/Third_Party/FreeRTOS/Source/queue.c **** 	{
2590:Middlewares/Third_Party/FreeRTOS/Source/queue.c **** 	BaseType_t xReturn;
2591:Middlewares/Third_Party/FreeRTOS/Source/queue.c **** 	Queue_t * const pxQueue = xQueue;
2592:Middlewares/Third_Party/FreeRTOS/Source/queue.c **** 
2593:Middlewares/Third_Party/FreeRTOS/Source/queue.c **** 		/* We cannot block from an ISR, so check there is data available. If
2594:Middlewares/Third_Party/FreeRTOS/Source/queue.c **** 		not then just leave without doing anything. */
2595:Middlewares/Third_Party/FreeRTOS/Source/queue.c **** 		if( pxQueue->uxMessagesWaiting > ( UBaseType_t ) 0 )
2596:Middlewares/Third_Party/FreeRTOS/Source/queue.c **** 		{
2597:Middlewares/Third_Party/FreeRTOS/Source/queue.c **** 			/* Copy the data from the queue. */
2598:Middlewares/Third_Party/FreeRTOS/Source/queue.c **** 			pxQueue->u.xQueue.pcReadFrom += pxQueue->uxItemSize;
2599:Middlewares/Third_Party/FreeRTOS/Source/queue.c **** 			if( pxQueue->u.xQueue.pcReadFrom >= pxQueue->u.xQueue.pcTail )
2600:Middlewares/Third_Party/FreeRTOS/Source/queue.c **** 			{
2601:Middlewares/Third_Party/FreeRTOS/Source/queue.c **** 				pxQueue->u.xQueue.pcReadFrom = pxQueue->pcHead;
2602:Middlewares/Third_Party/FreeRTOS/Source/queue.c **** 			}
2603:Middlewares/Third_Party/FreeRTOS/Source/queue.c **** 			else
2604:Middlewares/Third_Party/FreeRTOS/Source/queue.c **** 			{
2605:Middlewares/Third_Party/FreeRTOS/Source/queue.c **** 				mtCOVERAGE_TEST_MARKER();
2606:Middlewares/Third_Party/FreeRTOS/Source/queue.c **** 			}
2607:Middlewares/Third_Party/FreeRTOS/Source/queue.c **** 			--( pxQueue->uxMessagesWaiting );
2608:Middlewares/Third_Party/FreeRTOS/Source/queue.c **** 			( void ) memcpy( ( void * ) pvBuffer, ( void * ) pxQueue->u.xQueue.pcReadFrom, ( unsigned ) pxQu
2609:Middlewares/Third_Party/FreeRTOS/Source/queue.c **** 
2610:Middlewares/Third_Party/FreeRTOS/Source/queue.c **** 			if( ( *pxCoRoutineWoken ) == pdFALSE )
2611:Middlewares/Third_Party/FreeRTOS/Source/queue.c **** 			{
2612:Middlewares/Third_Party/FreeRTOS/Source/queue.c **** 				if( listLIST_IS_EMPTY( &( pxQueue->xTasksWaitingToSend ) ) == pdFALSE )
2613:Middlewares/Third_Party/FreeRTOS/Source/queue.c **** 				{
2614:Middlewares/Third_Party/FreeRTOS/Source/queue.c **** 					if( xCoRoutineRemoveFromEventList( &( pxQueue->xTasksWaitingToSend ) ) != pdFALSE )
2615:Middlewares/Third_Party/FreeRTOS/Source/queue.c **** 					{
2616:Middlewares/Third_Party/FreeRTOS/Source/queue.c **** 						*pxCoRoutineWoken = pdTRUE;
2617:Middlewares/Third_Party/FreeRTOS/Source/queue.c **** 					}
2618:Middlewares/Third_Party/FreeRTOS/Source/queue.c **** 					else
2619:Middlewares/Third_Party/FreeRTOS/Source/queue.c **** 					{
2620:Middlewares/Third_Party/FreeRTOS/Source/queue.c **** 						mtCOVERAGE_TEST_MARKER();
2621:Middlewares/Third_Party/FreeRTOS/Source/queue.c **** 					}
2622:Middlewares/Third_Party/FreeRTOS/Source/queue.c **** 				}
2623:Middlewares/Third_Party/FreeRTOS/Source/queue.c **** 				else
2624:Middlewares/Third_Party/FreeRTOS/Source/queue.c **** 				{
2625:Middlewares/Third_Party/FreeRTOS/Source/queue.c **** 					mtCOVERAGE_TEST_MARKER();
2626:Middlewares/Third_Party/FreeRTOS/Source/queue.c **** 				}
2627:Middlewares/Third_Party/FreeRTOS/Source/queue.c **** 			}
2628:Middlewares/Third_Party/FreeRTOS/Source/queue.c **** 			else
2629:Middlewares/Third_Party/FreeRTOS/Source/queue.c **** 			{
2630:Middlewares/Third_Party/FreeRTOS/Source/queue.c **** 				mtCOVERAGE_TEST_MARKER();
2631:Middlewares/Third_Party/FreeRTOS/Source/queue.c **** 			}
2632:Middlewares/Third_Party/FreeRTOS/Source/queue.c **** 
2633:Middlewares/Third_Party/FreeRTOS/Source/queue.c **** 			xReturn = pdPASS;
2634:Middlewares/Third_Party/FreeRTOS/Source/queue.c **** 		}
2635:Middlewares/Third_Party/FreeRTOS/Source/queue.c **** 		else
2636:Middlewares/Third_Party/FreeRTOS/Source/queue.c **** 		{
2637:Middlewares/Third_Party/FreeRTOS/Source/queue.c **** 			xReturn = pdFAIL;
2638:Middlewares/Third_Party/FreeRTOS/Source/queue.c **** 		}
2639:Middlewares/Third_Party/FreeRTOS/Source/queue.c **** 
2640:Middlewares/Third_Party/FreeRTOS/Source/queue.c **** 		return xReturn;
2641:Middlewares/Third_Party/FreeRTOS/Source/queue.c **** 	}
ARM GAS  D:\temp\TMP\ccsMuV5a.s 			page 142


2642:Middlewares/Third_Party/FreeRTOS/Source/queue.c **** 
2643:Middlewares/Third_Party/FreeRTOS/Source/queue.c **** #endif /* configUSE_CO_ROUTINES */
2644:Middlewares/Third_Party/FreeRTOS/Source/queue.c **** /*-----------------------------------------------------------*/
2645:Middlewares/Third_Party/FreeRTOS/Source/queue.c **** 
2646:Middlewares/Third_Party/FreeRTOS/Source/queue.c **** #if ( configQUEUE_REGISTRY_SIZE > 0 )
2647:Middlewares/Third_Party/FreeRTOS/Source/queue.c **** 
2648:Middlewares/Third_Party/FreeRTOS/Source/queue.c **** 	void vQueueAddToRegistry( QueueHandle_t xQueue, const char *pcQueueName ) /*lint !e971 Unqualified
2649:Middlewares/Third_Party/FreeRTOS/Source/queue.c **** 	{
 4108              		.loc 1 2649 2 is_stmt 1 view -0
 4109              		.cfi_startproc
 4110              		@ args = 0, pretend = 0, frame = 0
 4111              		@ frame_needed = 0, uses_anonymous_args = 0
 4112              		@ link register save eliminated.
2650:Middlewares/Third_Party/FreeRTOS/Source/queue.c **** 	UBaseType_t ux;
 4113              		.loc 1 2650 2 view .LVU1180
2651:Middlewares/Third_Party/FreeRTOS/Source/queue.c **** 
2652:Middlewares/Third_Party/FreeRTOS/Source/queue.c **** 		/* See if there is an empty space in the registry.  A NULL name denotes
2653:Middlewares/Third_Party/FreeRTOS/Source/queue.c **** 		a free slot. */
2654:Middlewares/Third_Party/FreeRTOS/Source/queue.c **** 		for( ux = ( UBaseType_t ) 0U; ux < ( UBaseType_t ) configQUEUE_REGISTRY_SIZE; ux++ )
 4114              		.loc 1 2654 3 view .LVU1181
 4115              		.loc 1 2654 11 is_stmt 0 view .LVU1182
 4116 0000 0023     		movs	r3, #0
 4117              	.LVL333:
 4118              	.L307:
 4119              		.loc 1 2654 36 is_stmt 1 discriminator 1 view .LVU1183
 4120 0002 072B     		cmp	r3, #7
 4121 0004 0CD8     		bhi	.L311
2655:Middlewares/Third_Party/FreeRTOS/Source/queue.c **** 		{
2656:Middlewares/Third_Party/FreeRTOS/Source/queue.c **** 			if( xQueueRegistry[ ux ].pcQueueName == NULL )
 4122              		.loc 1 2656 4 view .LVU1184
 4123              		.loc 1 2656 28 is_stmt 0 view .LVU1185
 4124 0006 074A     		ldr	r2, .L313
 4125 0008 52F83320 		ldr	r2, [r2, r3, lsl #3]
 4126              		.loc 1 2656 6 view .LVU1186
 4127 000c 0AB1     		cbz	r2, .L312
2657:Middlewares/Third_Party/FreeRTOS/Source/queue.c **** 			{
2658:Middlewares/Third_Party/FreeRTOS/Source/queue.c **** 				/* Store the information on this queue. */
2659:Middlewares/Third_Party/FreeRTOS/Source/queue.c **** 				xQueueRegistry[ ux ].pcQueueName = pcQueueName;
2660:Middlewares/Third_Party/FreeRTOS/Source/queue.c **** 				xQueueRegistry[ ux ].xHandle = xQueue;
2661:Middlewares/Third_Party/FreeRTOS/Source/queue.c **** 
2662:Middlewares/Third_Party/FreeRTOS/Source/queue.c **** 				traceQUEUE_REGISTRY_ADD( xQueue, pcQueueName );
2663:Middlewares/Third_Party/FreeRTOS/Source/queue.c **** 				break;
2664:Middlewares/Third_Party/FreeRTOS/Source/queue.c **** 			}
2665:Middlewares/Third_Party/FreeRTOS/Source/queue.c **** 			else
2666:Middlewares/Third_Party/FreeRTOS/Source/queue.c **** 			{
2667:Middlewares/Third_Party/FreeRTOS/Source/queue.c **** 				mtCOVERAGE_TEST_MARKER();
 4128              		.loc 1 2667 29 is_stmt 1 view .LVU1187
2654:Middlewares/Third_Party/FreeRTOS/Source/queue.c **** 		{
 4129              		.loc 1 2654 83 discriminator 2 view .LVU1188
 4130 000e 0133     		adds	r3, r3, #1
 4131              	.LVL334:
2654:Middlewares/Third_Party/FreeRTOS/Source/queue.c **** 		{
 4132              		.loc 1 2654 83 is_stmt 0 discriminator 2 view .LVU1189
 4133 0010 F7E7     		b	.L307
 4134              	.LVL335:
 4135              	.L312:
2659:Middlewares/Third_Party/FreeRTOS/Source/queue.c **** 				xQueueRegistry[ ux ].xHandle = xQueue;
ARM GAS  D:\temp\TMP\ccsMuV5a.s 			page 143


 4136              		.loc 1 2659 5 is_stmt 1 view .LVU1190
2659:Middlewares/Third_Party/FreeRTOS/Source/queue.c **** 				xQueueRegistry[ ux ].xHandle = xQueue;
 4137              		.loc 1 2659 38 is_stmt 0 view .LVU1191
 4138 0012 044A     		ldr	r2, .L313
 4139 0014 42F83310 		str	r1, [r2, r3, lsl #3]
2660:Middlewares/Third_Party/FreeRTOS/Source/queue.c **** 
 4140              		.loc 1 2660 5 is_stmt 1 view .LVU1192
2660:Middlewares/Third_Party/FreeRTOS/Source/queue.c **** 
 4141              		.loc 1 2660 34 is_stmt 0 view .LVU1193
 4142 0018 02EBC302 		add	r2, r2, r3, lsl #3
 4143 001c 5060     		str	r0, [r2, #4]
2662:Middlewares/Third_Party/FreeRTOS/Source/queue.c **** 				break;
 4144              		.loc 1 2662 51 is_stmt 1 view .LVU1194
2663:Middlewares/Third_Party/FreeRTOS/Source/queue.c **** 			}
 4145              		.loc 1 2663 5 view .LVU1195
 4146 001e 7047     		bx	lr
 4147              	.L311:
2668:Middlewares/Third_Party/FreeRTOS/Source/queue.c **** 			}
2669:Middlewares/Third_Party/FreeRTOS/Source/queue.c **** 		}
2670:Middlewares/Third_Party/FreeRTOS/Source/queue.c **** 	}
 4148              		.loc 1 2670 2 is_stmt 0 view .LVU1196
 4149 0020 7047     		bx	lr
 4150              	.L314:
 4151 0022 00BF     		.align	2
 4152              	.L313:
 4153 0024 00000000 		.word	xQueueRegistry
 4154              		.cfi_endproc
 4155              	.LFE32:
 4157              		.section	.text.pcQueueGetName,"ax",%progbits
 4158              		.align	1
 4159              		.global	pcQueueGetName
 4160              		.syntax unified
 4161              		.thumb
 4162              		.thumb_func
 4164              	pcQueueGetName:
 4165              	.LVL336:
 4166              	.LFB33:
2671:Middlewares/Third_Party/FreeRTOS/Source/queue.c **** 
2672:Middlewares/Third_Party/FreeRTOS/Source/queue.c **** #endif /* configQUEUE_REGISTRY_SIZE */
2673:Middlewares/Third_Party/FreeRTOS/Source/queue.c **** /*-----------------------------------------------------------*/
2674:Middlewares/Third_Party/FreeRTOS/Source/queue.c **** 
2675:Middlewares/Third_Party/FreeRTOS/Source/queue.c **** #if ( configQUEUE_REGISTRY_SIZE > 0 )
2676:Middlewares/Third_Party/FreeRTOS/Source/queue.c **** 
2677:Middlewares/Third_Party/FreeRTOS/Source/queue.c **** 	const char *pcQueueGetName( QueueHandle_t xQueue ) /*lint !e971 Unqualified char types are allowed
2678:Middlewares/Third_Party/FreeRTOS/Source/queue.c **** 	{
 4167              		.loc 1 2678 2 is_stmt 1 view -0
 4168              		.cfi_startproc
 4169              		@ args = 0, pretend = 0, frame = 0
 4170              		@ frame_needed = 0, uses_anonymous_args = 0
 4171              		@ link register save eliminated.
2679:Middlewares/Third_Party/FreeRTOS/Source/queue.c **** 	UBaseType_t ux;
 4172              		.loc 1 2679 2 view .LVU1198
2680:Middlewares/Third_Party/FreeRTOS/Source/queue.c **** 	const char *pcReturn = NULL; /*lint !e971 Unqualified char types are allowed for strings and singl
 4173              		.loc 1 2680 2 view .LVU1199
2681:Middlewares/Third_Party/FreeRTOS/Source/queue.c **** 
2682:Middlewares/Third_Party/FreeRTOS/Source/queue.c **** 		/* Note there is nothing here to protect against another task adding or
2683:Middlewares/Third_Party/FreeRTOS/Source/queue.c **** 		removing entries from the registry while it is being searched. */
ARM GAS  D:\temp\TMP\ccsMuV5a.s 			page 144


2684:Middlewares/Third_Party/FreeRTOS/Source/queue.c **** 		for( ux = ( UBaseType_t ) 0U; ux < ( UBaseType_t ) configQUEUE_REGISTRY_SIZE; ux++ )
 4174              		.loc 1 2684 3 view .LVU1200
 4175              		.loc 1 2684 11 is_stmt 0 view .LVU1201
 4176 0000 0023     		movs	r3, #0
 4177              	.LVL337:
 4178              	.L316:
 4179              		.loc 1 2684 36 is_stmt 1 discriminator 1 view .LVU1202
 4180 0002 072B     		cmp	r3, #7
 4181 0004 0BD8     		bhi	.L320
2685:Middlewares/Third_Party/FreeRTOS/Source/queue.c **** 		{
2686:Middlewares/Third_Party/FreeRTOS/Source/queue.c **** 			if( xQueueRegistry[ ux ].xHandle == xQueue )
 4182              		.loc 1 2686 4 view .LVU1203
 4183              		.loc 1 2686 28 is_stmt 0 view .LVU1204
 4184 0006 074A     		ldr	r2, .L322
 4185 0008 02EBC302 		add	r2, r2, r3, lsl #3
 4186 000c 5268     		ldr	r2, [r2, #4]
 4187              		.loc 1 2686 6 view .LVU1205
 4188 000e 8242     		cmp	r2, r0
 4189 0010 01D0     		beq	.L321
2687:Middlewares/Third_Party/FreeRTOS/Source/queue.c **** 			{
2688:Middlewares/Third_Party/FreeRTOS/Source/queue.c **** 				pcReturn = xQueueRegistry[ ux ].pcQueueName;
2689:Middlewares/Third_Party/FreeRTOS/Source/queue.c **** 				break;
2690:Middlewares/Third_Party/FreeRTOS/Source/queue.c **** 			}
2691:Middlewares/Third_Party/FreeRTOS/Source/queue.c **** 			else
2692:Middlewares/Third_Party/FreeRTOS/Source/queue.c **** 			{
2693:Middlewares/Third_Party/FreeRTOS/Source/queue.c **** 				mtCOVERAGE_TEST_MARKER();
 4190              		.loc 1 2693 29 is_stmt 1 view .LVU1206
2684:Middlewares/Third_Party/FreeRTOS/Source/queue.c **** 		{
 4191              		.loc 1 2684 83 discriminator 2 view .LVU1207
 4192 0012 0133     		adds	r3, r3, #1
 4193              	.LVL338:
2684:Middlewares/Third_Party/FreeRTOS/Source/queue.c **** 		{
 4194              		.loc 1 2684 83 is_stmt 0 discriminator 2 view .LVU1208
 4195 0014 F5E7     		b	.L316
 4196              	.LVL339:
 4197              	.L321:
2688:Middlewares/Third_Party/FreeRTOS/Source/queue.c **** 				break;
 4198              		.loc 1 2688 5 is_stmt 1 view .LVU1209
2688:Middlewares/Third_Party/FreeRTOS/Source/queue.c **** 				break;
 4199              		.loc 1 2688 14 is_stmt 0 view .LVU1210
 4200 0016 034A     		ldr	r2, .L322
 4201 0018 52F83300 		ldr	r0, [r2, r3, lsl #3]
 4202              	.LVL340:
2689:Middlewares/Third_Party/FreeRTOS/Source/queue.c **** 			}
 4203              		.loc 1 2689 5 is_stmt 1 view .LVU1211
 4204 001c 7047     		bx	lr
 4205              	.LVL341:
 4206              	.L320:
2680:Middlewares/Third_Party/FreeRTOS/Source/queue.c **** 
 4207              		.loc 1 2680 14 is_stmt 0 view .LVU1212
 4208 001e 0020     		movs	r0, #0
 4209              	.LVL342:
2694:Middlewares/Third_Party/FreeRTOS/Source/queue.c **** 			}
2695:Middlewares/Third_Party/FreeRTOS/Source/queue.c **** 		}
2696:Middlewares/Third_Party/FreeRTOS/Source/queue.c **** 
2697:Middlewares/Third_Party/FreeRTOS/Source/queue.c **** 		return pcReturn;
 4210              		.loc 1 2697 3 is_stmt 1 view .LVU1213
ARM GAS  D:\temp\TMP\ccsMuV5a.s 			page 145


2698:Middlewares/Third_Party/FreeRTOS/Source/queue.c **** 	} /*lint !e818 xQueue cannot be a pointer to const because it is a typedef. */
 4211              		.loc 1 2698 2 is_stmt 0 view .LVU1214
 4212 0020 7047     		bx	lr
 4213              	.L323:
 4214 0022 00BF     		.align	2
 4215              	.L322:
 4216 0024 00000000 		.word	xQueueRegistry
 4217              		.cfi_endproc
 4218              	.LFE33:
 4220              		.section	.text.vQueueUnregisterQueue,"ax",%progbits
 4221              		.align	1
 4222              		.global	vQueueUnregisterQueue
 4223              		.syntax unified
 4224              		.thumb
 4225              		.thumb_func
 4227              	vQueueUnregisterQueue:
 4228              	.LVL343:
 4229              	.LFB34:
2699:Middlewares/Third_Party/FreeRTOS/Source/queue.c **** 
2700:Middlewares/Third_Party/FreeRTOS/Source/queue.c **** #endif /* configQUEUE_REGISTRY_SIZE */
2701:Middlewares/Third_Party/FreeRTOS/Source/queue.c **** /*-----------------------------------------------------------*/
2702:Middlewares/Third_Party/FreeRTOS/Source/queue.c **** 
2703:Middlewares/Third_Party/FreeRTOS/Source/queue.c **** #if ( configQUEUE_REGISTRY_SIZE > 0 )
2704:Middlewares/Third_Party/FreeRTOS/Source/queue.c **** 
2705:Middlewares/Third_Party/FreeRTOS/Source/queue.c **** 	void vQueueUnregisterQueue( QueueHandle_t xQueue )
2706:Middlewares/Third_Party/FreeRTOS/Source/queue.c **** 	{
 4230              		.loc 1 2706 2 is_stmt 1 view -0
 4231              		.cfi_startproc
 4232              		@ args = 0, pretend = 0, frame = 0
 4233              		@ frame_needed = 0, uses_anonymous_args = 0
 4234              		@ link register save eliminated.
2707:Middlewares/Third_Party/FreeRTOS/Source/queue.c **** 	UBaseType_t ux;
 4235              		.loc 1 2707 2 view .LVU1216
2708:Middlewares/Third_Party/FreeRTOS/Source/queue.c **** 
2709:Middlewares/Third_Party/FreeRTOS/Source/queue.c **** 		/* See if the handle of the queue being unregistered in actually in the
2710:Middlewares/Third_Party/FreeRTOS/Source/queue.c **** 		registry. */
2711:Middlewares/Third_Party/FreeRTOS/Source/queue.c **** 		for( ux = ( UBaseType_t ) 0U; ux < ( UBaseType_t ) configQUEUE_REGISTRY_SIZE; ux++ )
 4236              		.loc 1 2711 3 view .LVU1217
 4237              		.loc 1 2711 11 is_stmt 0 view .LVU1218
 4238 0000 0023     		movs	r3, #0
 4239              	.LVL344:
 4240              	.L325:
 4241              		.loc 1 2711 36 is_stmt 1 discriminator 1 view .LVU1219
 4242 0002 072B     		cmp	r3, #7
 4243 0004 0FD8     		bhi	.L329
2712:Middlewares/Third_Party/FreeRTOS/Source/queue.c **** 		{
2713:Middlewares/Third_Party/FreeRTOS/Source/queue.c **** 			if( xQueueRegistry[ ux ].xHandle == xQueue )
 4244              		.loc 1 2713 4 view .LVU1220
 4245              		.loc 1 2713 28 is_stmt 0 view .LVU1221
 4246 0006 084A     		ldr	r2, .L331
 4247 0008 02EBC302 		add	r2, r2, r3, lsl #3
 4248 000c 5268     		ldr	r2, [r2, #4]
 4249              		.loc 1 2713 6 view .LVU1222
 4250 000e 8242     		cmp	r2, r0
 4251 0010 01D0     		beq	.L330
2714:Middlewares/Third_Party/FreeRTOS/Source/queue.c **** 			{
2715:Middlewares/Third_Party/FreeRTOS/Source/queue.c **** 				/* Set the name to NULL to show that this slot if free again. */
ARM GAS  D:\temp\TMP\ccsMuV5a.s 			page 146


2716:Middlewares/Third_Party/FreeRTOS/Source/queue.c **** 				xQueueRegistry[ ux ].pcQueueName = NULL;
2717:Middlewares/Third_Party/FreeRTOS/Source/queue.c **** 
2718:Middlewares/Third_Party/FreeRTOS/Source/queue.c **** 				/* Set the handle to NULL to ensure the same queue handle cannot
2719:Middlewares/Third_Party/FreeRTOS/Source/queue.c **** 				appear in the registry twice if it is added, removed, then
2720:Middlewares/Third_Party/FreeRTOS/Source/queue.c **** 				added again. */
2721:Middlewares/Third_Party/FreeRTOS/Source/queue.c **** 				xQueueRegistry[ ux ].xHandle = ( QueueHandle_t ) 0;
2722:Middlewares/Third_Party/FreeRTOS/Source/queue.c **** 				break;
2723:Middlewares/Third_Party/FreeRTOS/Source/queue.c **** 			}
2724:Middlewares/Third_Party/FreeRTOS/Source/queue.c **** 			else
2725:Middlewares/Third_Party/FreeRTOS/Source/queue.c **** 			{
2726:Middlewares/Third_Party/FreeRTOS/Source/queue.c **** 				mtCOVERAGE_TEST_MARKER();
 4252              		.loc 1 2726 29 is_stmt 1 view .LVU1223
2711:Middlewares/Third_Party/FreeRTOS/Source/queue.c **** 		{
 4253              		.loc 1 2711 83 discriminator 2 view .LVU1224
 4254 0012 0133     		adds	r3, r3, #1
 4255              	.LVL345:
2711:Middlewares/Third_Party/FreeRTOS/Source/queue.c **** 		{
 4256              		.loc 1 2711 83 is_stmt 0 discriminator 2 view .LVU1225
 4257 0014 F5E7     		b	.L325
 4258              	.LVL346:
 4259              	.L330:
2716:Middlewares/Third_Party/FreeRTOS/Source/queue.c **** 
 4260              		.loc 1 2716 5 is_stmt 1 view .LVU1226
2716:Middlewares/Third_Party/FreeRTOS/Source/queue.c **** 
 4261              		.loc 1 2716 38 is_stmt 0 view .LVU1227
 4262 0016 044A     		ldr	r2, .L331
 4263 0018 0021     		movs	r1, #0
 4264 001a 42F83310 		str	r1, [r2, r3, lsl #3]
2721:Middlewares/Third_Party/FreeRTOS/Source/queue.c **** 				break;
 4265              		.loc 1 2721 5 is_stmt 1 view .LVU1228
2721:Middlewares/Third_Party/FreeRTOS/Source/queue.c **** 				break;
 4266              		.loc 1 2721 34 is_stmt 0 view .LVU1229
 4267 001e 02EBC302 		add	r2, r2, r3, lsl #3
 4268 0022 5160     		str	r1, [r2, #4]
2722:Middlewares/Third_Party/FreeRTOS/Source/queue.c **** 			}
 4269              		.loc 1 2722 5 is_stmt 1 view .LVU1230
 4270 0024 7047     		bx	lr
 4271              	.L329:
2727:Middlewares/Third_Party/FreeRTOS/Source/queue.c **** 			}
2728:Middlewares/Third_Party/FreeRTOS/Source/queue.c **** 		}
2729:Middlewares/Third_Party/FreeRTOS/Source/queue.c **** 
2730:Middlewares/Third_Party/FreeRTOS/Source/queue.c **** 	} /*lint !e818 xQueue could not be pointer to const because it is a typedef. */
 4272              		.loc 1 2730 2 is_stmt 0 view .LVU1231
 4273 0026 7047     		bx	lr
 4274              	.L332:
 4275              		.align	2
 4276              	.L331:
 4277 0028 00000000 		.word	xQueueRegistry
 4278              		.cfi_endproc
 4279              	.LFE34:
 4281              		.section	.text.vQueueDelete,"ax",%progbits
 4282              		.align	1
 4283              		.global	vQueueDelete
 4284              		.syntax unified
 4285              		.thumb
 4286              		.thumb_func
 4288              	vQueueDelete:
ARM GAS  D:\temp\TMP\ccsMuV5a.s 			page 147


 4289              	.LVL347:
 4290              	.LFB23:
1976:Middlewares/Third_Party/FreeRTOS/Source/queue.c **** Queue_t * const pxQueue = xQueue;
 4291              		.loc 1 1976 1 is_stmt 1 view -0
 4292              		.cfi_startproc
 4293              		@ args = 0, pretend = 0, frame = 0
 4294              		@ frame_needed = 0, uses_anonymous_args = 0
1977:Middlewares/Third_Party/FreeRTOS/Source/queue.c **** 
 4295              		.loc 1 1977 1 view .LVU1233
1979:Middlewares/Third_Party/FreeRTOS/Source/queue.c **** 	traceQUEUE_DELETE( pxQueue );
 4296              		.loc 1 1979 2 view .LVU1234
 4297 0000 38B1     		cbz	r0, .L339
1976:Middlewares/Third_Party/FreeRTOS/Source/queue.c **** Queue_t * const pxQueue = xQueue;
 4298              		.loc 1 1976 1 is_stmt 0 view .LVU1235
 4299 0002 10B5     		push	{r4, lr}
 4300              	.LCFI46:
 4301              		.cfi_def_cfa_offset 8
 4302              		.cfi_offset 4, -8
 4303              		.cfi_offset 14, -4
 4304 0004 0446     		mov	r4, r0
1979:Middlewares/Third_Party/FreeRTOS/Source/queue.c **** 	traceQUEUE_DELETE( pxQueue );
 4305              		.loc 1 1979 25 is_stmt 1 view .LVU1236
1980:Middlewares/Third_Party/FreeRTOS/Source/queue.c **** 
 4306              		.loc 1 1980 30 view .LVU1237
1984:Middlewares/Third_Party/FreeRTOS/Source/queue.c **** 	}
 4307              		.loc 1 1984 3 view .LVU1238
 4308 0006 FFF7FEFF 		bl	vQueueUnregisterQueue
 4309              	.LVL348:
1998:Middlewares/Third_Party/FreeRTOS/Source/queue.c **** 		{
 4310              		.loc 1 1998 3 view .LVU1239
1998:Middlewares/Third_Party/FreeRTOS/Source/queue.c **** 		{
 4311              		.loc 1 1998 14 is_stmt 0 view .LVU1240
 4312 000a 94F84630 		ldrb	r3, [r4, #70]	@ zero_extendqisi2
1998:Middlewares/Third_Party/FreeRTOS/Source/queue.c **** 		{
 4313              		.loc 1 1998 5 view .LVU1241
 4314 000e 4BB1     		cbz	r3, .L340
 4315              	.L333:
2014:Middlewares/Third_Party/FreeRTOS/Source/queue.c **** /*-----------------------------------------------------------*/
 4316              		.loc 1 2014 1 view .LVU1242
 4317 0010 10BD     		pop	{r4, pc}
 4318              	.LVL349:
 4319              	.L339:
 4320              	.LCFI47:
 4321              		.cfi_def_cfa_offset 0
 4322              		.cfi_restore 4
 4323              		.cfi_restore 14
1979:Middlewares/Third_Party/FreeRTOS/Source/queue.c **** 	traceQUEUE_DELETE( pxQueue );
 4324              		.loc 1 1979 2 is_stmt 1 discriminator 1 view .LVU1243
 4325              	.LBB217:
 4326              	.LBI217:
 191:Middlewares/Third_Party/FreeRTOS/Source/portable/GCC/ARM_CM4F/portmacro.h **** {
 4327              		.loc 2 191 30 view .LVU1244
 4328              	.LBB218:
 193:Middlewares/Third_Party/FreeRTOS/Source/portable/GCC/ARM_CM4F/portmacro.h **** 
 4329              		.loc 2 193 1 view .LVU1245
 195:Middlewares/Third_Party/FreeRTOS/Source/portable/GCC/ARM_CM4F/portmacro.h **** 	(
 4330              		.loc 2 195 2 view .LVU1246
ARM GAS  D:\temp\TMP\ccsMuV5a.s 			page 148


 4331              		.syntax unified
 4332              	@ 195 "Middlewares/Third_Party/FreeRTOS/Source/portable/GCC/ARM_CM4F/portmacro.h" 1
 4333 0012 4FF05003 			mov r3, #80												
 4334 0016 83F31188 		msr basepri, r3											
 4335 001a BFF36F8F 		isb														
 4336 001e BFF34F8F 		dsb														
 4337              	
 4338              	@ 0 "" 2
 4339              		.thumb
 4340              		.syntax unified
 4341              	.L335:
 4342              	.LBE218:
 4343              	.LBE217:
1979:Middlewares/Third_Party/FreeRTOS/Source/queue.c **** 	traceQUEUE_DELETE( pxQueue );
 4344              		.loc 1 1979 2 view .LVU1247
 4345 0022 FEE7     		b	.L335
 4346              	.LVL350:
 4347              	.L340:
 4348              	.LCFI48:
 4349              		.cfi_def_cfa_offset 8
 4350              		.cfi_offset 4, -8
 4351              		.cfi_offset 14, -4
2000:Middlewares/Third_Party/FreeRTOS/Source/queue.c **** 		}
 4352              		.loc 1 2000 4 view .LVU1248
 4353 0024 2046     		mov	r0, r4
 4354 0026 FFF7FEFF 		bl	vPortFree
 4355              	.LVL351:
2004:Middlewares/Third_Party/FreeRTOS/Source/queue.c **** 		}
 4356              		.loc 1 2004 28 view .LVU1249
2014:Middlewares/Third_Party/FreeRTOS/Source/queue.c **** /*-----------------------------------------------------------*/
 4357              		.loc 1 2014 1 is_stmt 0 view .LVU1250
 4358 002a F1E7     		b	.L333
 4359              		.cfi_endproc
 4360              	.LFE23:
 4362              		.global	xQueueRegistry
 4363              		.section	.bss.xQueueRegistry,"aw",%nobits
 4364              		.align	2
 4367              	xQueueRegistry:
 4368 0000 00000000 		.space	64
 4368      00000000 
 4368      00000000 
 4368      00000000 
 4368      00000000 
 4369              		.text
 4370              	.Letext0:
 4371              		.file 3 "D:/VS_STM32/gcc-arm-15.2/lib/gcc/arm-none-eabi/15.2.1/include/stddef.h"
 4372              		.file 4 "D:/VS_STM32/gcc-arm-15.2/arm-none-eabi/include/machine/_default_types.h"
 4373              		.file 5 "D:/VS_STM32/gcc-arm-15.2/arm-none-eabi/include/sys/_stdint.h"
 4374              		.file 6 "Middlewares/Third_Party/FreeRTOS/Source/include/FreeRTOS.h"
 4375              		.file 7 "Middlewares/Third_Party/FreeRTOS/Source/include/list.h"
 4376              		.file 8 "Middlewares/Third_Party/FreeRTOS/Source/include/task.h"
 4377              		.file 9 "Middlewares/Third_Party/FreeRTOS/Source/include/queue.h"
 4378              		.file 10 "Middlewares/Third_Party/FreeRTOS/Source/include/portable.h"
 4379              		.file 11 "D:/VS_STM32/gcc-arm-15.2/arm-none-eabi/include/string.h"
 4380              		.file 12 "<built-in>"
ARM GAS  D:\temp\TMP\ccsMuV5a.s 			page 149


DEFINED SYMBOLS
                            *ABS*:00000000 queue.c
D:\temp\TMP\ccsMuV5a.s:20     .text.prvGetDisinheritPriorityAfterTimeout:00000000 $t
D:\temp\TMP\ccsMuV5a.s:25     .text.prvGetDisinheritPriorityAfterTimeout:00000000 prvGetDisinheritPriorityAfterTimeout
D:\temp\TMP\ccsMuV5a.s:59     .text.prvIsQueueFull:00000000 $t
D:\temp\TMP\ccsMuV5a.s:64     .text.prvIsQueueFull:00000000 prvIsQueueFull
D:\temp\TMP\ccsMuV5a.s:112    .text.prvIsQueueEmpty:00000000 $t
D:\temp\TMP\ccsMuV5a.s:117    .text.prvIsQueueEmpty:00000000 prvIsQueueEmpty
D:\temp\TMP\ccsMuV5a.s:164    .text.prvCopyDataToQueue:00000000 $t
D:\temp\TMP\ccsMuV5a.s:169    .text.prvCopyDataToQueue:00000000 prvCopyDataToQueue
D:\temp\TMP\ccsMuV5a.s:328    .text.prvCopyDataFromQueue:00000000 $t
D:\temp\TMP\ccsMuV5a.s:333    .text.prvCopyDataFromQueue:00000000 prvCopyDataFromQueue
D:\temp\TMP\ccsMuV5a.s:393    .text.prvUnlockQueue:00000000 $t
D:\temp\TMP\ccsMuV5a.s:398    .text.prvUnlockQueue:00000000 prvUnlockQueue
D:\temp\TMP\ccsMuV5a.s:523    .text.xQueueGenericReset:00000000 $t
D:\temp\TMP\ccsMuV5a.s:529    .text.xQueueGenericReset:00000000 xQueueGenericReset
D:\temp\TMP\ccsMuV5a.s:668    .text.prvInitialiseNewQueue:00000000 $t
D:\temp\TMP\ccsMuV5a.s:673    .text.prvInitialiseNewQueue:00000000 prvInitialiseNewQueue
D:\temp\TMP\ccsMuV5a.s:726    .text.xQueueGenericCreateStatic:00000000 $t
D:\temp\TMP\ccsMuV5a.s:732    .text.xQueueGenericCreateStatic:00000000 xQueueGenericCreateStatic
D:\temp\TMP\ccsMuV5a.s:940    .text.xQueueGenericCreate:00000000 $t
D:\temp\TMP\ccsMuV5a.s:946    .text.xQueueGenericCreate:00000000 xQueueGenericCreate
D:\temp\TMP\ccsMuV5a.s:1048   .text.xQueueGenericSend:00000000 $t
D:\temp\TMP\ccsMuV5a.s:1054   .text.xQueueGenericSend:00000000 xQueueGenericSend
D:\temp\TMP\ccsMuV5a.s:1454   .text.prvInitialiseMutex:00000000 $t
D:\temp\TMP\ccsMuV5a.s:1459   .text.prvInitialiseMutex:00000000 prvInitialiseMutex
D:\temp\TMP\ccsMuV5a.s:1507   .text.xQueueCreateMutex:00000000 $t
D:\temp\TMP\ccsMuV5a.s:1513   .text.xQueueCreateMutex:00000000 xQueueCreateMutex
D:\temp\TMP\ccsMuV5a.s:1553   .text.xQueueCreateMutexStatic:00000000 $t
D:\temp\TMP\ccsMuV5a.s:1559   .text.xQueueCreateMutexStatic:00000000 xQueueCreateMutexStatic
D:\temp\TMP\ccsMuV5a.s:1611   .text.xQueueGenericSendFromISR:00000000 $t
D:\temp\TMP\ccsMuV5a.s:1617   .text.xQueueGenericSendFromISR:00000000 xQueueGenericSendFromISR
D:\temp\TMP\ccsMuV5a.s:1875   .text.xQueueGiveFromISR:00000000 $t
D:\temp\TMP\ccsMuV5a.s:1881   .text.xQueueGiveFromISR:00000000 xQueueGiveFromISR
D:\temp\TMP\ccsMuV5a.s:2142   .text.xQueueReceive:00000000 $t
D:\temp\TMP\ccsMuV5a.s:2148   .text.xQueueReceive:00000000 xQueueReceive
D:\temp\TMP\ccsMuV5a.s:2510   .text.xQueueSemaphoreTake:00000000 $t
D:\temp\TMP\ccsMuV5a.s:2516   .text.xQueueSemaphoreTake:00000000 xQueueSemaphoreTake
D:\temp\TMP\ccsMuV5a.s:2972   .text.xQueuePeek:00000000 $t
D:\temp\TMP\ccsMuV5a.s:2978   .text.xQueuePeek:00000000 xQueuePeek
D:\temp\TMP\ccsMuV5a.s:3342   .text.xQueueReceiveFromISR:00000000 $t
D:\temp\TMP\ccsMuV5a.s:3348   .text.xQueueReceiveFromISR:00000000 xQueueReceiveFromISR
D:\temp\TMP\ccsMuV5a.s:3573   .text.xQueuePeekFromISR:00000000 $t
D:\temp\TMP\ccsMuV5a.s:3579   .text.xQueuePeekFromISR:00000000 xQueuePeekFromISR
D:\temp\TMP\ccsMuV5a.s:3767   .text.uxQueueMessagesWaiting:00000000 $t
D:\temp\TMP\ccsMuV5a.s:3773   .text.uxQueueMessagesWaiting:00000000 uxQueueMessagesWaiting
D:\temp\TMP\ccsMuV5a.s:3838   .text.uxQueueSpacesAvailable:00000000 $t
D:\temp\TMP\ccsMuV5a.s:3844   .text.uxQueueSpacesAvailable:00000000 uxQueueSpacesAvailable
D:\temp\TMP\ccsMuV5a.s:3914   .text.uxQueueMessagesWaitingFromISR:00000000 $t
D:\temp\TMP\ccsMuV5a.s:3920   .text.uxQueueMessagesWaitingFromISR:00000000 uxQueueMessagesWaitingFromISR
D:\temp\TMP\ccsMuV5a.s:3968   .text.xQueueIsQueueEmptyFromISR:00000000 $t
D:\temp\TMP\ccsMuV5a.s:3974   .text.xQueueIsQueueEmptyFromISR:00000000 xQueueIsQueueEmptyFromISR
D:\temp\TMP\ccsMuV5a.s:4032   .text.xQueueIsQueueFullFromISR:00000000 $t
D:\temp\TMP\ccsMuV5a.s:4038   .text.xQueueIsQueueFullFromISR:00000000 xQueueIsQueueFullFromISR
D:\temp\TMP\ccsMuV5a.s:4099   .text.vQueueAddToRegistry:00000000 $t
D:\temp\TMP\ccsMuV5a.s:4105   .text.vQueueAddToRegistry:00000000 vQueueAddToRegistry
D:\temp\TMP\ccsMuV5a.s:4153   .text.vQueueAddToRegistry:00000024 $d
ARM GAS  D:\temp\TMP\ccsMuV5a.s 			page 150


D:\temp\TMP\ccsMuV5a.s:4367   .bss.xQueueRegistry:00000000 xQueueRegistry
D:\temp\TMP\ccsMuV5a.s:4158   .text.pcQueueGetName:00000000 $t
D:\temp\TMP\ccsMuV5a.s:4164   .text.pcQueueGetName:00000000 pcQueueGetName
D:\temp\TMP\ccsMuV5a.s:4216   .text.pcQueueGetName:00000024 $d
D:\temp\TMP\ccsMuV5a.s:4221   .text.vQueueUnregisterQueue:00000000 $t
D:\temp\TMP\ccsMuV5a.s:4227   .text.vQueueUnregisterQueue:00000000 vQueueUnregisterQueue
D:\temp\TMP\ccsMuV5a.s:4277   .text.vQueueUnregisterQueue:00000028 $d
D:\temp\TMP\ccsMuV5a.s:4282   .text.vQueueDelete:00000000 $t
D:\temp\TMP\ccsMuV5a.s:4288   .text.vQueueDelete:00000000 vQueueDelete
D:\temp\TMP\ccsMuV5a.s:4364   .bss.xQueueRegistry:00000000 $d

UNDEFINED SYMBOLS
vPortEnterCritical
vPortExitCritical
xTaskPriorityDisinherit
memcpy
xTaskRemoveFromEventList
vTaskMissedYield
vListInitialise
pvPortMalloc
xTaskGetSchedulerState
vTaskInternalSetTimeOutState
xTaskResumeAll
vTaskSuspendAll
xTaskCheckForTimeOut
vTaskPlaceOnEventList
vPortValidateInterruptPriority
pvTaskIncrementMutexHeldCount
xTaskPriorityInherit
vTaskPriorityDisinheritAfterTimeout
vPortFree
