ARM GAS  D:\temp\TMP\ccub9rRr.s 			page 1


   1              		.cpu cortex-m7
   2              		.arch armv7e-m
   3              		.fpu fpv5-d16
   4              		.eabi_attribute 28, 1
   5              		.eabi_attribute 20, 1
   6              		.eabi_attribute 21, 1
   7              		.eabi_attribute 23, 3
   8              		.eabi_attribute 24, 1
   9              		.eabi_attribute 25, 1
  10              		.eabi_attribute 26, 1
  11              		.eabi_attribute 30, 1
  12              		.eabi_attribute 34, 1
  13              		.eabi_attribute 18, 4
  14              		.file	"stream_buffer.c"
  15              		.text
  16              	.Ltext0:
  17              		.cfi_sections	.debug_frame
  18              		.file 1 "Middlewares/Third_Party/FreeRTOS/Source/stream_buffer.c"
  19              		.section	.text.prvBytesInBuffer,"ax",%progbits
  20              		.align	1
  21              		.syntax unified
  22              		.thumb
  23              		.thumb_func
  25              	prvBytesInBuffer:
  26              	.LVL0:
  27              	.LFB25:
   1:Middlewares/Third_Party/FreeRTOS/Source/stream_buffer.c **** /*
   2:Middlewares/Third_Party/FreeRTOS/Source/stream_buffer.c ****  * FreeRTOS Kernel V10.3.1
   3:Middlewares/Third_Party/FreeRTOS/Source/stream_buffer.c ****  * Copyright (C) 2020 Amazon.com, Inc. or its affiliates.  All Rights Reserved.
   4:Middlewares/Third_Party/FreeRTOS/Source/stream_buffer.c ****  *
   5:Middlewares/Third_Party/FreeRTOS/Source/stream_buffer.c ****  * Permission is hereby granted, free of charge, to any person obtaining a copy of
   6:Middlewares/Third_Party/FreeRTOS/Source/stream_buffer.c ****  * this software and associated documentation files (the "Software"), to deal in
   7:Middlewares/Third_Party/FreeRTOS/Source/stream_buffer.c ****  * the Software without restriction, including without limitation the rights to
   8:Middlewares/Third_Party/FreeRTOS/Source/stream_buffer.c ****  * use, copy, modify, merge, publish, distribute, sublicense, and/or sell copies of
   9:Middlewares/Third_Party/FreeRTOS/Source/stream_buffer.c ****  * the Software, and to permit persons to whom the Software is furnished to do so,
  10:Middlewares/Third_Party/FreeRTOS/Source/stream_buffer.c ****  * subject to the following conditions:
  11:Middlewares/Third_Party/FreeRTOS/Source/stream_buffer.c ****  *
  12:Middlewares/Third_Party/FreeRTOS/Source/stream_buffer.c ****  * The above copyright notice and this permission notice shall be included in all
  13:Middlewares/Third_Party/FreeRTOS/Source/stream_buffer.c ****  * copies or substantial portions of the Software.
  14:Middlewares/Third_Party/FreeRTOS/Source/stream_buffer.c ****  *
  15:Middlewares/Third_Party/FreeRTOS/Source/stream_buffer.c ****  * THE SOFTWARE IS PROVIDED "AS IS", WITHOUT WARRANTY OF ANY KIND, EXPRESS OR
  16:Middlewares/Third_Party/FreeRTOS/Source/stream_buffer.c ****  * IMPLIED, INCLUDING BUT NOT LIMITED TO THE WARRANTIES OF MERCHANTABILITY, FITNESS
  17:Middlewares/Third_Party/FreeRTOS/Source/stream_buffer.c ****  * FOR A PARTICULAR PURPOSE AND NONINFRINGEMENT. IN NO EVENT SHALL THE AUTHORS OR
  18:Middlewares/Third_Party/FreeRTOS/Source/stream_buffer.c ****  * COPYRIGHT HOLDERS BE LIABLE FOR ANY CLAIM, DAMAGES OR OTHER LIABILITY, WHETHER
  19:Middlewares/Third_Party/FreeRTOS/Source/stream_buffer.c ****  * IN AN ACTION OF CONTRACT, TORT OR OTHERWISE, ARISING FROM, OUT OF OR IN
  20:Middlewares/Third_Party/FreeRTOS/Source/stream_buffer.c ****  * CONNECTION WITH THE SOFTWARE OR THE USE OR OTHER DEALINGS IN THE SOFTWARE.
  21:Middlewares/Third_Party/FreeRTOS/Source/stream_buffer.c ****  *
  22:Middlewares/Third_Party/FreeRTOS/Source/stream_buffer.c ****  * http://www.FreeRTOS.org
  23:Middlewares/Third_Party/FreeRTOS/Source/stream_buffer.c ****  * http://aws.amazon.com/freertos
  24:Middlewares/Third_Party/FreeRTOS/Source/stream_buffer.c ****  *
  25:Middlewares/Third_Party/FreeRTOS/Source/stream_buffer.c ****  * 1 tab == 4 spaces!
  26:Middlewares/Third_Party/FreeRTOS/Source/stream_buffer.c ****  */
  27:Middlewares/Third_Party/FreeRTOS/Source/stream_buffer.c **** 
  28:Middlewares/Third_Party/FreeRTOS/Source/stream_buffer.c **** /* Standard includes. */
  29:Middlewares/Third_Party/FreeRTOS/Source/stream_buffer.c **** #include <stdint.h>
  30:Middlewares/Third_Party/FreeRTOS/Source/stream_buffer.c **** #include <string.h>
  31:Middlewares/Third_Party/FreeRTOS/Source/stream_buffer.c **** 
ARM GAS  D:\temp\TMP\ccub9rRr.s 			page 2


  32:Middlewares/Third_Party/FreeRTOS/Source/stream_buffer.c **** /* Defining MPU_WRAPPERS_INCLUDED_FROM_API_FILE prevents task.h from redefining
  33:Middlewares/Third_Party/FreeRTOS/Source/stream_buffer.c **** all the API functions to use the MPU wrappers.  That should only be done when
  34:Middlewares/Third_Party/FreeRTOS/Source/stream_buffer.c **** task.h is included from an application file. */
  35:Middlewares/Third_Party/FreeRTOS/Source/stream_buffer.c **** #define MPU_WRAPPERS_INCLUDED_FROM_API_FILE
  36:Middlewares/Third_Party/FreeRTOS/Source/stream_buffer.c **** 
  37:Middlewares/Third_Party/FreeRTOS/Source/stream_buffer.c **** /* FreeRTOS includes. */
  38:Middlewares/Third_Party/FreeRTOS/Source/stream_buffer.c **** #include "FreeRTOS.h"
  39:Middlewares/Third_Party/FreeRTOS/Source/stream_buffer.c **** #include "task.h"
  40:Middlewares/Third_Party/FreeRTOS/Source/stream_buffer.c **** #include "stream_buffer.h"
  41:Middlewares/Third_Party/FreeRTOS/Source/stream_buffer.c **** 
  42:Middlewares/Third_Party/FreeRTOS/Source/stream_buffer.c **** #if( configUSE_TASK_NOTIFICATIONS != 1 )
  43:Middlewares/Third_Party/FreeRTOS/Source/stream_buffer.c **** 	#error configUSE_TASK_NOTIFICATIONS must be set to 1 to build stream_buffer.c
  44:Middlewares/Third_Party/FreeRTOS/Source/stream_buffer.c **** #endif
  45:Middlewares/Third_Party/FreeRTOS/Source/stream_buffer.c **** 
  46:Middlewares/Third_Party/FreeRTOS/Source/stream_buffer.c **** /* Lint e961, e9021 and e750 are suppressed as a MISRA exception justified
  47:Middlewares/Third_Party/FreeRTOS/Source/stream_buffer.c **** because the MPU ports require MPU_WRAPPERS_INCLUDED_FROM_API_FILE to be defined
  48:Middlewares/Third_Party/FreeRTOS/Source/stream_buffer.c **** for the header files above, but not in this file, in order to generate the
  49:Middlewares/Third_Party/FreeRTOS/Source/stream_buffer.c **** correct privileged Vs unprivileged linkage and placement. */
  50:Middlewares/Third_Party/FreeRTOS/Source/stream_buffer.c **** #undef MPU_WRAPPERS_INCLUDED_FROM_API_FILE /*lint !e961 !e750 !e9021. */
  51:Middlewares/Third_Party/FreeRTOS/Source/stream_buffer.c **** 
  52:Middlewares/Third_Party/FreeRTOS/Source/stream_buffer.c **** /* If the user has not provided application specific Rx notification macros,
  53:Middlewares/Third_Party/FreeRTOS/Source/stream_buffer.c **** or #defined the notification macros away, them provide default implementations
  54:Middlewares/Third_Party/FreeRTOS/Source/stream_buffer.c **** that uses task notifications. */
  55:Middlewares/Third_Party/FreeRTOS/Source/stream_buffer.c **** /*lint -save -e9026 Function like macros allowed and needed here so they can be overidden. */
  56:Middlewares/Third_Party/FreeRTOS/Source/stream_buffer.c **** #ifndef sbRECEIVE_COMPLETED
  57:Middlewares/Third_Party/FreeRTOS/Source/stream_buffer.c **** 	#define sbRECEIVE_COMPLETED( pxStreamBuffer )										\
  58:Middlewares/Third_Party/FreeRTOS/Source/stream_buffer.c **** 		vTaskSuspendAll();																\
  59:Middlewares/Third_Party/FreeRTOS/Source/stream_buffer.c **** 		{																				\
  60:Middlewares/Third_Party/FreeRTOS/Source/stream_buffer.c **** 			if( ( pxStreamBuffer )->xTaskWaitingToSend != NULL )						\
  61:Middlewares/Third_Party/FreeRTOS/Source/stream_buffer.c **** 			{																			\
  62:Middlewares/Third_Party/FreeRTOS/Source/stream_buffer.c **** 				( void ) xTaskNotify( ( pxStreamBuffer )->xTaskWaitingToSend,			\
  63:Middlewares/Third_Party/FreeRTOS/Source/stream_buffer.c **** 									  ( uint32_t ) 0,									\
  64:Middlewares/Third_Party/FreeRTOS/Source/stream_buffer.c **** 									  eNoAction );										\
  65:Middlewares/Third_Party/FreeRTOS/Source/stream_buffer.c **** 				( pxStreamBuffer )->xTaskWaitingToSend = NULL;							\
  66:Middlewares/Third_Party/FreeRTOS/Source/stream_buffer.c **** 			}																			\
  67:Middlewares/Third_Party/FreeRTOS/Source/stream_buffer.c **** 		}																				\
  68:Middlewares/Third_Party/FreeRTOS/Source/stream_buffer.c **** 		( void ) xTaskResumeAll();
  69:Middlewares/Third_Party/FreeRTOS/Source/stream_buffer.c **** #endif /* sbRECEIVE_COMPLETED */
  70:Middlewares/Third_Party/FreeRTOS/Source/stream_buffer.c **** 
  71:Middlewares/Third_Party/FreeRTOS/Source/stream_buffer.c **** #ifndef sbRECEIVE_COMPLETED_FROM_ISR
  72:Middlewares/Third_Party/FreeRTOS/Source/stream_buffer.c **** 	#define sbRECEIVE_COMPLETED_FROM_ISR( pxStreamBuffer,								\
  73:Middlewares/Third_Party/FreeRTOS/Source/stream_buffer.c **** 										  pxHigherPriorityTaskWoken )					\
  74:Middlewares/Third_Party/FreeRTOS/Source/stream_buffer.c **** 	{																					\
  75:Middlewares/Third_Party/FreeRTOS/Source/stream_buffer.c **** 	UBaseType_t uxSavedInterruptStatus;													\
  76:Middlewares/Third_Party/FreeRTOS/Source/stream_buffer.c **** 																						\
  77:Middlewares/Third_Party/FreeRTOS/Source/stream_buffer.c **** 		uxSavedInterruptStatus = ( UBaseType_t ) portSET_INTERRUPT_MASK_FROM_ISR();		\
  78:Middlewares/Third_Party/FreeRTOS/Source/stream_buffer.c **** 		{																				\
  79:Middlewares/Third_Party/FreeRTOS/Source/stream_buffer.c **** 			if( ( pxStreamBuffer )->xTaskWaitingToSend != NULL )						\
  80:Middlewares/Third_Party/FreeRTOS/Source/stream_buffer.c **** 			{																			\
  81:Middlewares/Third_Party/FreeRTOS/Source/stream_buffer.c **** 				( void ) xTaskNotifyFromISR( ( pxStreamBuffer )->xTaskWaitingToSend,	\
  82:Middlewares/Third_Party/FreeRTOS/Source/stream_buffer.c **** 											 ( uint32_t ) 0,							\
  83:Middlewares/Third_Party/FreeRTOS/Source/stream_buffer.c **** 											 eNoAction,									\
  84:Middlewares/Third_Party/FreeRTOS/Source/stream_buffer.c **** 											 pxHigherPriorityTaskWoken );				\
  85:Middlewares/Third_Party/FreeRTOS/Source/stream_buffer.c **** 				( pxStreamBuffer )->xTaskWaitingToSend = NULL;							\
  86:Middlewares/Third_Party/FreeRTOS/Source/stream_buffer.c **** 			}																			\
  87:Middlewares/Third_Party/FreeRTOS/Source/stream_buffer.c **** 		}																				\
  88:Middlewares/Third_Party/FreeRTOS/Source/stream_buffer.c **** 		portCLEAR_INTERRUPT_MASK_FROM_ISR( uxSavedInterruptStatus );					\
ARM GAS  D:\temp\TMP\ccub9rRr.s 			page 3


  89:Middlewares/Third_Party/FreeRTOS/Source/stream_buffer.c **** 	}
  90:Middlewares/Third_Party/FreeRTOS/Source/stream_buffer.c **** #endif /* sbRECEIVE_COMPLETED_FROM_ISR */
  91:Middlewares/Third_Party/FreeRTOS/Source/stream_buffer.c **** 
  92:Middlewares/Third_Party/FreeRTOS/Source/stream_buffer.c **** /* If the user has not provided an application specific Tx notification macro,
  93:Middlewares/Third_Party/FreeRTOS/Source/stream_buffer.c **** or #defined the notification macro away, them provide a default implementation
  94:Middlewares/Third_Party/FreeRTOS/Source/stream_buffer.c **** that uses task notifications. */
  95:Middlewares/Third_Party/FreeRTOS/Source/stream_buffer.c **** #ifndef sbSEND_COMPLETED
  96:Middlewares/Third_Party/FreeRTOS/Source/stream_buffer.c **** 	#define sbSEND_COMPLETED( pxStreamBuffer )											\
  97:Middlewares/Third_Party/FreeRTOS/Source/stream_buffer.c **** 		vTaskSuspendAll();																\
  98:Middlewares/Third_Party/FreeRTOS/Source/stream_buffer.c **** 		{																				\
  99:Middlewares/Third_Party/FreeRTOS/Source/stream_buffer.c **** 			if( ( pxStreamBuffer )->xTaskWaitingToReceive != NULL )						\
 100:Middlewares/Third_Party/FreeRTOS/Source/stream_buffer.c **** 			{																			\
 101:Middlewares/Third_Party/FreeRTOS/Source/stream_buffer.c **** 				( void ) xTaskNotify( ( pxStreamBuffer )->xTaskWaitingToReceive,		\
 102:Middlewares/Third_Party/FreeRTOS/Source/stream_buffer.c **** 									  ( uint32_t ) 0,									\
 103:Middlewares/Third_Party/FreeRTOS/Source/stream_buffer.c **** 									  eNoAction );										\
 104:Middlewares/Third_Party/FreeRTOS/Source/stream_buffer.c **** 				( pxStreamBuffer )->xTaskWaitingToReceive = NULL;						\
 105:Middlewares/Third_Party/FreeRTOS/Source/stream_buffer.c **** 			}																			\
 106:Middlewares/Third_Party/FreeRTOS/Source/stream_buffer.c **** 		}																				\
 107:Middlewares/Third_Party/FreeRTOS/Source/stream_buffer.c **** 		( void ) xTaskResumeAll();
 108:Middlewares/Third_Party/FreeRTOS/Source/stream_buffer.c **** #endif /* sbSEND_COMPLETED */
 109:Middlewares/Third_Party/FreeRTOS/Source/stream_buffer.c **** 
 110:Middlewares/Third_Party/FreeRTOS/Source/stream_buffer.c **** #ifndef sbSEND_COMPLETE_FROM_ISR
 111:Middlewares/Third_Party/FreeRTOS/Source/stream_buffer.c **** 	#define sbSEND_COMPLETE_FROM_ISR( pxStreamBuffer, pxHigherPriorityTaskWoken )		\
 112:Middlewares/Third_Party/FreeRTOS/Source/stream_buffer.c **** 	{																					\
 113:Middlewares/Third_Party/FreeRTOS/Source/stream_buffer.c **** 	UBaseType_t uxSavedInterruptStatus;													\
 114:Middlewares/Third_Party/FreeRTOS/Source/stream_buffer.c **** 																						\
 115:Middlewares/Third_Party/FreeRTOS/Source/stream_buffer.c **** 		uxSavedInterruptStatus = ( UBaseType_t ) portSET_INTERRUPT_MASK_FROM_ISR();		\
 116:Middlewares/Third_Party/FreeRTOS/Source/stream_buffer.c **** 		{																				\
 117:Middlewares/Third_Party/FreeRTOS/Source/stream_buffer.c **** 			if( ( pxStreamBuffer )->xTaskWaitingToReceive != NULL )						\
 118:Middlewares/Third_Party/FreeRTOS/Source/stream_buffer.c **** 			{																			\
 119:Middlewares/Third_Party/FreeRTOS/Source/stream_buffer.c **** 				( void ) xTaskNotifyFromISR( ( pxStreamBuffer )->xTaskWaitingToReceive,	\
 120:Middlewares/Third_Party/FreeRTOS/Source/stream_buffer.c **** 											 ( uint32_t ) 0,							\
 121:Middlewares/Third_Party/FreeRTOS/Source/stream_buffer.c **** 											 eNoAction,									\
 122:Middlewares/Third_Party/FreeRTOS/Source/stream_buffer.c **** 											 pxHigherPriorityTaskWoken );				\
 123:Middlewares/Third_Party/FreeRTOS/Source/stream_buffer.c **** 				( pxStreamBuffer )->xTaskWaitingToReceive = NULL;						\
 124:Middlewares/Third_Party/FreeRTOS/Source/stream_buffer.c **** 			}																			\
 125:Middlewares/Third_Party/FreeRTOS/Source/stream_buffer.c **** 		}																				\
 126:Middlewares/Third_Party/FreeRTOS/Source/stream_buffer.c **** 		portCLEAR_INTERRUPT_MASK_FROM_ISR( uxSavedInterruptStatus );					\
 127:Middlewares/Third_Party/FreeRTOS/Source/stream_buffer.c **** 	}
 128:Middlewares/Third_Party/FreeRTOS/Source/stream_buffer.c **** #endif /* sbSEND_COMPLETE_FROM_ISR */
 129:Middlewares/Third_Party/FreeRTOS/Source/stream_buffer.c **** /*lint -restore (9026) */
 130:Middlewares/Third_Party/FreeRTOS/Source/stream_buffer.c **** 
 131:Middlewares/Third_Party/FreeRTOS/Source/stream_buffer.c **** /* The number of bytes used to hold the length of a message in the buffer. */
 132:Middlewares/Third_Party/FreeRTOS/Source/stream_buffer.c **** #define sbBYTES_TO_STORE_MESSAGE_LENGTH ( sizeof( configMESSAGE_BUFFER_LENGTH_TYPE ) )
 133:Middlewares/Third_Party/FreeRTOS/Source/stream_buffer.c **** 
 134:Middlewares/Third_Party/FreeRTOS/Source/stream_buffer.c **** /* Bits stored in the ucFlags field of the stream buffer. */
 135:Middlewares/Third_Party/FreeRTOS/Source/stream_buffer.c **** #define sbFLAGS_IS_MESSAGE_BUFFER		( ( uint8_t ) 1 ) /* Set if the stream buffer was created as a m
 136:Middlewares/Third_Party/FreeRTOS/Source/stream_buffer.c **** #define sbFLAGS_IS_STATICALLY_ALLOCATED ( ( uint8_t ) 2 ) /* Set if the stream buffer was created u
 137:Middlewares/Third_Party/FreeRTOS/Source/stream_buffer.c **** 
 138:Middlewares/Third_Party/FreeRTOS/Source/stream_buffer.c **** /*-----------------------------------------------------------*/
 139:Middlewares/Third_Party/FreeRTOS/Source/stream_buffer.c **** 
 140:Middlewares/Third_Party/FreeRTOS/Source/stream_buffer.c **** /* Structure that hold state information on the buffer. */
 141:Middlewares/Third_Party/FreeRTOS/Source/stream_buffer.c **** typedef struct StreamBufferDef_t /*lint !e9058 Style convention uses tag. */
 142:Middlewares/Third_Party/FreeRTOS/Source/stream_buffer.c **** {
 143:Middlewares/Third_Party/FreeRTOS/Source/stream_buffer.c **** 	volatile size_t xTail;				/* Index to the next item to read within the buffer. */
 144:Middlewares/Third_Party/FreeRTOS/Source/stream_buffer.c **** 	volatile size_t xHead;				/* Index to the next item to write within the buffer. */
 145:Middlewares/Third_Party/FreeRTOS/Source/stream_buffer.c **** 	size_t xLength;						/* The length of the buffer pointed to by pucBuffer. */
ARM GAS  D:\temp\TMP\ccub9rRr.s 			page 4


 146:Middlewares/Third_Party/FreeRTOS/Source/stream_buffer.c **** 	size_t xTriggerLevelBytes;			/* The number of bytes that must be in the stream buffer before a tas
 147:Middlewares/Third_Party/FreeRTOS/Source/stream_buffer.c **** 	volatile TaskHandle_t xTaskWaitingToReceive; /* Holds the handle of a task waiting for data, or NU
 148:Middlewares/Third_Party/FreeRTOS/Source/stream_buffer.c **** 	volatile TaskHandle_t xTaskWaitingToSend;	/* Holds the handle of a task waiting to send data to a 
 149:Middlewares/Third_Party/FreeRTOS/Source/stream_buffer.c **** 	uint8_t *pucBuffer;					/* Points to the buffer itself - that is - the RAM that stores the data pa
 150:Middlewares/Third_Party/FreeRTOS/Source/stream_buffer.c **** 	uint8_t ucFlags;
 151:Middlewares/Third_Party/FreeRTOS/Source/stream_buffer.c **** 
 152:Middlewares/Third_Party/FreeRTOS/Source/stream_buffer.c **** 	#if ( configUSE_TRACE_FACILITY == 1 )
 153:Middlewares/Third_Party/FreeRTOS/Source/stream_buffer.c **** 		UBaseType_t uxStreamBufferNumber;		/* Used for tracing purposes. */
 154:Middlewares/Third_Party/FreeRTOS/Source/stream_buffer.c **** 	#endif
 155:Middlewares/Third_Party/FreeRTOS/Source/stream_buffer.c **** } StreamBuffer_t;
 156:Middlewares/Third_Party/FreeRTOS/Source/stream_buffer.c **** 
 157:Middlewares/Third_Party/FreeRTOS/Source/stream_buffer.c **** /*
 158:Middlewares/Third_Party/FreeRTOS/Source/stream_buffer.c ****  * The number of bytes available to be read from the buffer.
 159:Middlewares/Third_Party/FreeRTOS/Source/stream_buffer.c ****  */
 160:Middlewares/Third_Party/FreeRTOS/Source/stream_buffer.c **** static size_t prvBytesInBuffer( const StreamBuffer_t * const pxStreamBuffer ) PRIVILEGED_FUNCTION;
 161:Middlewares/Third_Party/FreeRTOS/Source/stream_buffer.c **** 
 162:Middlewares/Third_Party/FreeRTOS/Source/stream_buffer.c **** /*
 163:Middlewares/Third_Party/FreeRTOS/Source/stream_buffer.c ****  * Add xCount bytes from pucData into the pxStreamBuffer message buffer.
 164:Middlewares/Third_Party/FreeRTOS/Source/stream_buffer.c ****  * Returns the number of bytes written, which will either equal xCount in the
 165:Middlewares/Third_Party/FreeRTOS/Source/stream_buffer.c ****  * success case, or 0 if there was not enough space in the buffer (in which case
 166:Middlewares/Third_Party/FreeRTOS/Source/stream_buffer.c ****  * no data is written into the buffer).
 167:Middlewares/Third_Party/FreeRTOS/Source/stream_buffer.c ****  */
 168:Middlewares/Third_Party/FreeRTOS/Source/stream_buffer.c **** static size_t prvWriteBytesToBuffer( StreamBuffer_t * const pxStreamBuffer, const uint8_t *pucData,
 169:Middlewares/Third_Party/FreeRTOS/Source/stream_buffer.c **** 
 170:Middlewares/Third_Party/FreeRTOS/Source/stream_buffer.c **** /*
 171:Middlewares/Third_Party/FreeRTOS/Source/stream_buffer.c ****  * If the stream buffer is being used as a message buffer, then reads an entire
 172:Middlewares/Third_Party/FreeRTOS/Source/stream_buffer.c ****  * message out of the buffer.  If the stream buffer is being used as a stream
 173:Middlewares/Third_Party/FreeRTOS/Source/stream_buffer.c ****  * buffer then read as many bytes as possible from the buffer.
 174:Middlewares/Third_Party/FreeRTOS/Source/stream_buffer.c ****  * prvReadBytesFromBuffer() is called to actually extract the bytes from the
 175:Middlewares/Third_Party/FreeRTOS/Source/stream_buffer.c ****  * buffer's data storage area.
 176:Middlewares/Third_Party/FreeRTOS/Source/stream_buffer.c ****  */
 177:Middlewares/Third_Party/FreeRTOS/Source/stream_buffer.c **** static size_t prvReadMessageFromBuffer( StreamBuffer_t *pxStreamBuffer,
 178:Middlewares/Third_Party/FreeRTOS/Source/stream_buffer.c **** 										void *pvRxData,
 179:Middlewares/Third_Party/FreeRTOS/Source/stream_buffer.c **** 										size_t xBufferLengthBytes,
 180:Middlewares/Third_Party/FreeRTOS/Source/stream_buffer.c **** 										size_t xBytesAvailable,
 181:Middlewares/Third_Party/FreeRTOS/Source/stream_buffer.c **** 										size_t xBytesToStoreMessageLength ) PRIVILEGED_FUNCTION;
 182:Middlewares/Third_Party/FreeRTOS/Source/stream_buffer.c **** 
 183:Middlewares/Third_Party/FreeRTOS/Source/stream_buffer.c **** /*
 184:Middlewares/Third_Party/FreeRTOS/Source/stream_buffer.c ****  * If the stream buffer is being used as a message buffer, then writes an entire
 185:Middlewares/Third_Party/FreeRTOS/Source/stream_buffer.c ****  * message to the buffer.  If the stream buffer is being used as a stream
 186:Middlewares/Third_Party/FreeRTOS/Source/stream_buffer.c ****  * buffer then write as many bytes as possible to the buffer.
 187:Middlewares/Third_Party/FreeRTOS/Source/stream_buffer.c ****  * prvWriteBytestoBuffer() is called to actually send the bytes to the buffer's
 188:Middlewares/Third_Party/FreeRTOS/Source/stream_buffer.c ****  * data storage area.
 189:Middlewares/Third_Party/FreeRTOS/Source/stream_buffer.c ****  */
 190:Middlewares/Third_Party/FreeRTOS/Source/stream_buffer.c **** static size_t prvWriteMessageToBuffer(  StreamBuffer_t * const pxStreamBuffer,
 191:Middlewares/Third_Party/FreeRTOS/Source/stream_buffer.c **** 										const void * pvTxData,
 192:Middlewares/Third_Party/FreeRTOS/Source/stream_buffer.c **** 										size_t xDataLengthBytes,
 193:Middlewares/Third_Party/FreeRTOS/Source/stream_buffer.c **** 										size_t xSpace,
 194:Middlewares/Third_Party/FreeRTOS/Source/stream_buffer.c **** 										size_t xRequiredSpace ) PRIVILEGED_FUNCTION;
 195:Middlewares/Third_Party/FreeRTOS/Source/stream_buffer.c **** 
 196:Middlewares/Third_Party/FreeRTOS/Source/stream_buffer.c **** /*
 197:Middlewares/Third_Party/FreeRTOS/Source/stream_buffer.c ****  * Read xMaxCount bytes from the pxStreamBuffer message buffer and write them
 198:Middlewares/Third_Party/FreeRTOS/Source/stream_buffer.c ****  * to pucData.
 199:Middlewares/Third_Party/FreeRTOS/Source/stream_buffer.c ****  */
 200:Middlewares/Third_Party/FreeRTOS/Source/stream_buffer.c **** static size_t prvReadBytesFromBuffer( StreamBuffer_t *pxStreamBuffer,
 201:Middlewares/Third_Party/FreeRTOS/Source/stream_buffer.c **** 									  uint8_t *pucData,
 202:Middlewares/Third_Party/FreeRTOS/Source/stream_buffer.c **** 									  size_t xMaxCount,
ARM GAS  D:\temp\TMP\ccub9rRr.s 			page 5


 203:Middlewares/Third_Party/FreeRTOS/Source/stream_buffer.c **** 									  size_t xBytesAvailable ) PRIVILEGED_FUNCTION;
 204:Middlewares/Third_Party/FreeRTOS/Source/stream_buffer.c **** 
 205:Middlewares/Third_Party/FreeRTOS/Source/stream_buffer.c **** /*
 206:Middlewares/Third_Party/FreeRTOS/Source/stream_buffer.c ****  * Called by both pxStreamBufferCreate() and pxStreamBufferCreateStatic() to
 207:Middlewares/Third_Party/FreeRTOS/Source/stream_buffer.c ****  * initialise the members of the newly created stream buffer structure.
 208:Middlewares/Third_Party/FreeRTOS/Source/stream_buffer.c ****  */
 209:Middlewares/Third_Party/FreeRTOS/Source/stream_buffer.c **** static void prvInitialiseNewStreamBuffer( StreamBuffer_t * const pxStreamBuffer,
 210:Middlewares/Third_Party/FreeRTOS/Source/stream_buffer.c **** 										  uint8_t * const pucBuffer,
 211:Middlewares/Third_Party/FreeRTOS/Source/stream_buffer.c **** 										  size_t xBufferSizeBytes,
 212:Middlewares/Third_Party/FreeRTOS/Source/stream_buffer.c **** 										  size_t xTriggerLevelBytes,
 213:Middlewares/Third_Party/FreeRTOS/Source/stream_buffer.c **** 										  uint8_t ucFlags ) PRIVILEGED_FUNCTION;
 214:Middlewares/Third_Party/FreeRTOS/Source/stream_buffer.c **** 
 215:Middlewares/Third_Party/FreeRTOS/Source/stream_buffer.c **** /*-----------------------------------------------------------*/
 216:Middlewares/Third_Party/FreeRTOS/Source/stream_buffer.c **** 
 217:Middlewares/Third_Party/FreeRTOS/Source/stream_buffer.c **** #if( configSUPPORT_DYNAMIC_ALLOCATION == 1 )
 218:Middlewares/Third_Party/FreeRTOS/Source/stream_buffer.c **** 
 219:Middlewares/Third_Party/FreeRTOS/Source/stream_buffer.c **** 	StreamBufferHandle_t xStreamBufferGenericCreate( size_t xBufferSizeBytes, size_t xTriggerLevelByte
 220:Middlewares/Third_Party/FreeRTOS/Source/stream_buffer.c **** 	{
 221:Middlewares/Third_Party/FreeRTOS/Source/stream_buffer.c **** 	uint8_t *pucAllocatedMemory;
 222:Middlewares/Third_Party/FreeRTOS/Source/stream_buffer.c **** 	uint8_t ucFlags;
 223:Middlewares/Third_Party/FreeRTOS/Source/stream_buffer.c **** 
 224:Middlewares/Third_Party/FreeRTOS/Source/stream_buffer.c **** 		/* In case the stream buffer is going to be used as a message buffer
 225:Middlewares/Third_Party/FreeRTOS/Source/stream_buffer.c **** 		(that is, it will hold discrete messages with a little meta data that
 226:Middlewares/Third_Party/FreeRTOS/Source/stream_buffer.c **** 		says how big the next message is) check the buffer will be large enough
 227:Middlewares/Third_Party/FreeRTOS/Source/stream_buffer.c **** 		to hold at least one message. */
 228:Middlewares/Third_Party/FreeRTOS/Source/stream_buffer.c **** 		if( xIsMessageBuffer == pdTRUE )
 229:Middlewares/Third_Party/FreeRTOS/Source/stream_buffer.c **** 		{
 230:Middlewares/Third_Party/FreeRTOS/Source/stream_buffer.c **** 			/* Is a message buffer but not statically allocated. */
 231:Middlewares/Third_Party/FreeRTOS/Source/stream_buffer.c **** 			ucFlags = sbFLAGS_IS_MESSAGE_BUFFER;
 232:Middlewares/Third_Party/FreeRTOS/Source/stream_buffer.c **** 			configASSERT( xBufferSizeBytes > sbBYTES_TO_STORE_MESSAGE_LENGTH );
 233:Middlewares/Third_Party/FreeRTOS/Source/stream_buffer.c **** 		}
 234:Middlewares/Third_Party/FreeRTOS/Source/stream_buffer.c **** 		else
 235:Middlewares/Third_Party/FreeRTOS/Source/stream_buffer.c **** 		{
 236:Middlewares/Third_Party/FreeRTOS/Source/stream_buffer.c **** 			/* Not a message buffer and not statically allocated. */
 237:Middlewares/Third_Party/FreeRTOS/Source/stream_buffer.c **** 			ucFlags = 0;
 238:Middlewares/Third_Party/FreeRTOS/Source/stream_buffer.c **** 			configASSERT( xBufferSizeBytes > 0 );
 239:Middlewares/Third_Party/FreeRTOS/Source/stream_buffer.c **** 		}
 240:Middlewares/Third_Party/FreeRTOS/Source/stream_buffer.c **** 		configASSERT( xTriggerLevelBytes <= xBufferSizeBytes );
 241:Middlewares/Third_Party/FreeRTOS/Source/stream_buffer.c **** 
 242:Middlewares/Third_Party/FreeRTOS/Source/stream_buffer.c **** 		/* A trigger level of 0 would cause a waiting task to unblock even when
 243:Middlewares/Third_Party/FreeRTOS/Source/stream_buffer.c **** 		the buffer was empty. */
 244:Middlewares/Third_Party/FreeRTOS/Source/stream_buffer.c **** 		if( xTriggerLevelBytes == ( size_t ) 0 )
 245:Middlewares/Third_Party/FreeRTOS/Source/stream_buffer.c **** 		{
 246:Middlewares/Third_Party/FreeRTOS/Source/stream_buffer.c **** 			xTriggerLevelBytes = ( size_t ) 1;
 247:Middlewares/Third_Party/FreeRTOS/Source/stream_buffer.c **** 		}
 248:Middlewares/Third_Party/FreeRTOS/Source/stream_buffer.c **** 
 249:Middlewares/Third_Party/FreeRTOS/Source/stream_buffer.c **** 		/* A stream buffer requires a StreamBuffer_t structure and a buffer.
 250:Middlewares/Third_Party/FreeRTOS/Source/stream_buffer.c **** 		Both are allocated in a single call to pvPortMalloc().  The
 251:Middlewares/Third_Party/FreeRTOS/Source/stream_buffer.c **** 		StreamBuffer_t structure is placed at the start of the allocated memory
 252:Middlewares/Third_Party/FreeRTOS/Source/stream_buffer.c **** 		and the buffer follows immediately after.  The requested size is
 253:Middlewares/Third_Party/FreeRTOS/Source/stream_buffer.c **** 		incremented so the free space is returned as the user would expect -
 254:Middlewares/Third_Party/FreeRTOS/Source/stream_buffer.c **** 		this is a quirk of the implementation that means otherwise the free
 255:Middlewares/Third_Party/FreeRTOS/Source/stream_buffer.c **** 		space would be reported as one byte smaller than would be logically
 256:Middlewares/Third_Party/FreeRTOS/Source/stream_buffer.c **** 		expected. */
 257:Middlewares/Third_Party/FreeRTOS/Source/stream_buffer.c **** 		xBufferSizeBytes++;
 258:Middlewares/Third_Party/FreeRTOS/Source/stream_buffer.c **** 		pucAllocatedMemory = ( uint8_t * ) pvPortMalloc( xBufferSizeBytes + sizeof( StreamBuffer_t ) ); /
 259:Middlewares/Third_Party/FreeRTOS/Source/stream_buffer.c **** 
ARM GAS  D:\temp\TMP\ccub9rRr.s 			page 6


 260:Middlewares/Third_Party/FreeRTOS/Source/stream_buffer.c **** 		if( pucAllocatedMemory != NULL )
 261:Middlewares/Third_Party/FreeRTOS/Source/stream_buffer.c **** 		{
 262:Middlewares/Third_Party/FreeRTOS/Source/stream_buffer.c **** 			prvInitialiseNewStreamBuffer( ( StreamBuffer_t * ) pucAllocatedMemory, /* Structure at the start
 263:Middlewares/Third_Party/FreeRTOS/Source/stream_buffer.c **** 										   pucAllocatedMemory + sizeof( StreamBuffer_t ),  /* Storage area follows. */ /*lint !e9
 264:Middlewares/Third_Party/FreeRTOS/Source/stream_buffer.c **** 										   xBufferSizeBytes,
 265:Middlewares/Third_Party/FreeRTOS/Source/stream_buffer.c **** 										   xTriggerLevelBytes,
 266:Middlewares/Third_Party/FreeRTOS/Source/stream_buffer.c **** 										   ucFlags );
 267:Middlewares/Third_Party/FreeRTOS/Source/stream_buffer.c **** 
 268:Middlewares/Third_Party/FreeRTOS/Source/stream_buffer.c **** 			traceSTREAM_BUFFER_CREATE( ( ( StreamBuffer_t * ) pucAllocatedMemory ), xIsMessageBuffer );
 269:Middlewares/Third_Party/FreeRTOS/Source/stream_buffer.c **** 		}
 270:Middlewares/Third_Party/FreeRTOS/Source/stream_buffer.c **** 		else
 271:Middlewares/Third_Party/FreeRTOS/Source/stream_buffer.c **** 		{
 272:Middlewares/Third_Party/FreeRTOS/Source/stream_buffer.c **** 			traceSTREAM_BUFFER_CREATE_FAILED( xIsMessageBuffer );
 273:Middlewares/Third_Party/FreeRTOS/Source/stream_buffer.c **** 		}
 274:Middlewares/Third_Party/FreeRTOS/Source/stream_buffer.c **** 
 275:Middlewares/Third_Party/FreeRTOS/Source/stream_buffer.c **** 		return ( StreamBufferHandle_t ) pucAllocatedMemory; /*lint !e9087 !e826 Safe cast as allocated me
 276:Middlewares/Third_Party/FreeRTOS/Source/stream_buffer.c **** 	}
 277:Middlewares/Third_Party/FreeRTOS/Source/stream_buffer.c **** 
 278:Middlewares/Third_Party/FreeRTOS/Source/stream_buffer.c **** #endif /* configSUPPORT_DYNAMIC_ALLOCATION */
 279:Middlewares/Third_Party/FreeRTOS/Source/stream_buffer.c **** /*-----------------------------------------------------------*/
 280:Middlewares/Third_Party/FreeRTOS/Source/stream_buffer.c **** 
 281:Middlewares/Third_Party/FreeRTOS/Source/stream_buffer.c **** #if( configSUPPORT_STATIC_ALLOCATION == 1 )
 282:Middlewares/Third_Party/FreeRTOS/Source/stream_buffer.c **** 
 283:Middlewares/Third_Party/FreeRTOS/Source/stream_buffer.c **** 	StreamBufferHandle_t xStreamBufferGenericCreateStatic( size_t xBufferSizeBytes,
 284:Middlewares/Third_Party/FreeRTOS/Source/stream_buffer.c **** 														   size_t xTriggerLevelBytes,
 285:Middlewares/Third_Party/FreeRTOS/Source/stream_buffer.c **** 														   BaseType_t xIsMessageBuffer,
 286:Middlewares/Third_Party/FreeRTOS/Source/stream_buffer.c **** 														   uint8_t * const pucStreamBufferStorageArea,
 287:Middlewares/Third_Party/FreeRTOS/Source/stream_buffer.c **** 														   StaticStreamBuffer_t * const pxStaticStreamBuffer )
 288:Middlewares/Third_Party/FreeRTOS/Source/stream_buffer.c **** 	{
 289:Middlewares/Third_Party/FreeRTOS/Source/stream_buffer.c **** 	StreamBuffer_t * const pxStreamBuffer = ( StreamBuffer_t * ) pxStaticStreamBuffer; /*lint !e740 !e
 290:Middlewares/Third_Party/FreeRTOS/Source/stream_buffer.c **** 	StreamBufferHandle_t xReturn;
 291:Middlewares/Third_Party/FreeRTOS/Source/stream_buffer.c **** 	uint8_t ucFlags;
 292:Middlewares/Third_Party/FreeRTOS/Source/stream_buffer.c **** 
 293:Middlewares/Third_Party/FreeRTOS/Source/stream_buffer.c **** 		configASSERT( pucStreamBufferStorageArea );
 294:Middlewares/Third_Party/FreeRTOS/Source/stream_buffer.c **** 		configASSERT( pxStaticStreamBuffer );
 295:Middlewares/Third_Party/FreeRTOS/Source/stream_buffer.c **** 		configASSERT( xTriggerLevelBytes <= xBufferSizeBytes );
 296:Middlewares/Third_Party/FreeRTOS/Source/stream_buffer.c **** 
 297:Middlewares/Third_Party/FreeRTOS/Source/stream_buffer.c **** 		/* A trigger level of 0 would cause a waiting task to unblock even when
 298:Middlewares/Third_Party/FreeRTOS/Source/stream_buffer.c **** 		the buffer was empty. */
 299:Middlewares/Third_Party/FreeRTOS/Source/stream_buffer.c **** 		if( xTriggerLevelBytes == ( size_t ) 0 )
 300:Middlewares/Third_Party/FreeRTOS/Source/stream_buffer.c **** 		{
 301:Middlewares/Third_Party/FreeRTOS/Source/stream_buffer.c **** 			xTriggerLevelBytes = ( size_t ) 1;
 302:Middlewares/Third_Party/FreeRTOS/Source/stream_buffer.c **** 		}
 303:Middlewares/Third_Party/FreeRTOS/Source/stream_buffer.c **** 
 304:Middlewares/Third_Party/FreeRTOS/Source/stream_buffer.c **** 		if( xIsMessageBuffer != pdFALSE )
 305:Middlewares/Third_Party/FreeRTOS/Source/stream_buffer.c **** 		{
 306:Middlewares/Third_Party/FreeRTOS/Source/stream_buffer.c **** 			/* Statically allocated message buffer. */
 307:Middlewares/Third_Party/FreeRTOS/Source/stream_buffer.c **** 			ucFlags = sbFLAGS_IS_MESSAGE_BUFFER | sbFLAGS_IS_STATICALLY_ALLOCATED;
 308:Middlewares/Third_Party/FreeRTOS/Source/stream_buffer.c **** 		}
 309:Middlewares/Third_Party/FreeRTOS/Source/stream_buffer.c **** 		else
 310:Middlewares/Third_Party/FreeRTOS/Source/stream_buffer.c **** 		{
 311:Middlewares/Third_Party/FreeRTOS/Source/stream_buffer.c **** 			/* Statically allocated stream buffer. */
 312:Middlewares/Third_Party/FreeRTOS/Source/stream_buffer.c **** 			ucFlags = sbFLAGS_IS_STATICALLY_ALLOCATED;
 313:Middlewares/Third_Party/FreeRTOS/Source/stream_buffer.c **** 		}
 314:Middlewares/Third_Party/FreeRTOS/Source/stream_buffer.c **** 
 315:Middlewares/Third_Party/FreeRTOS/Source/stream_buffer.c **** 		/* In case the stream buffer is going to be used as a message buffer
 316:Middlewares/Third_Party/FreeRTOS/Source/stream_buffer.c **** 		(that is, it will hold discrete messages with a little meta data that
ARM GAS  D:\temp\TMP\ccub9rRr.s 			page 7


 317:Middlewares/Third_Party/FreeRTOS/Source/stream_buffer.c **** 		says how big the next message is) check the buffer will be large enough
 318:Middlewares/Third_Party/FreeRTOS/Source/stream_buffer.c **** 		to hold at least one message. */
 319:Middlewares/Third_Party/FreeRTOS/Source/stream_buffer.c **** 		configASSERT( xBufferSizeBytes > sbBYTES_TO_STORE_MESSAGE_LENGTH );
 320:Middlewares/Third_Party/FreeRTOS/Source/stream_buffer.c **** 
 321:Middlewares/Third_Party/FreeRTOS/Source/stream_buffer.c **** 		#if( configASSERT_DEFINED == 1 )
 322:Middlewares/Third_Party/FreeRTOS/Source/stream_buffer.c **** 		{
 323:Middlewares/Third_Party/FreeRTOS/Source/stream_buffer.c **** 			/* Sanity check that the size of the structure used to declare a
 324:Middlewares/Third_Party/FreeRTOS/Source/stream_buffer.c **** 			variable of type StaticStreamBuffer_t equals the size of the real
 325:Middlewares/Third_Party/FreeRTOS/Source/stream_buffer.c **** 			message buffer structure. */
 326:Middlewares/Third_Party/FreeRTOS/Source/stream_buffer.c **** 			volatile size_t xSize = sizeof( StaticStreamBuffer_t );
 327:Middlewares/Third_Party/FreeRTOS/Source/stream_buffer.c **** 			configASSERT( xSize == sizeof( StreamBuffer_t ) );
 328:Middlewares/Third_Party/FreeRTOS/Source/stream_buffer.c **** 		} /*lint !e529 xSize is referenced is configASSERT() is defined. */
 329:Middlewares/Third_Party/FreeRTOS/Source/stream_buffer.c **** 		#endif /* configASSERT_DEFINED */
 330:Middlewares/Third_Party/FreeRTOS/Source/stream_buffer.c **** 
 331:Middlewares/Third_Party/FreeRTOS/Source/stream_buffer.c **** 		if( ( pucStreamBufferStorageArea != NULL ) && ( pxStaticStreamBuffer != NULL ) )
 332:Middlewares/Third_Party/FreeRTOS/Source/stream_buffer.c **** 		{
 333:Middlewares/Third_Party/FreeRTOS/Source/stream_buffer.c **** 			prvInitialiseNewStreamBuffer( pxStreamBuffer,
 334:Middlewares/Third_Party/FreeRTOS/Source/stream_buffer.c **** 										  pucStreamBufferStorageArea,
 335:Middlewares/Third_Party/FreeRTOS/Source/stream_buffer.c **** 										  xBufferSizeBytes,
 336:Middlewares/Third_Party/FreeRTOS/Source/stream_buffer.c **** 										  xTriggerLevelBytes,
 337:Middlewares/Third_Party/FreeRTOS/Source/stream_buffer.c **** 										  ucFlags );
 338:Middlewares/Third_Party/FreeRTOS/Source/stream_buffer.c **** 
 339:Middlewares/Third_Party/FreeRTOS/Source/stream_buffer.c **** 			/* Remember this was statically allocated in case it is ever deleted
 340:Middlewares/Third_Party/FreeRTOS/Source/stream_buffer.c **** 			again. */
 341:Middlewares/Third_Party/FreeRTOS/Source/stream_buffer.c **** 			pxStreamBuffer->ucFlags |= sbFLAGS_IS_STATICALLY_ALLOCATED;
 342:Middlewares/Third_Party/FreeRTOS/Source/stream_buffer.c **** 
 343:Middlewares/Third_Party/FreeRTOS/Source/stream_buffer.c **** 			traceSTREAM_BUFFER_CREATE( pxStreamBuffer, xIsMessageBuffer );
 344:Middlewares/Third_Party/FreeRTOS/Source/stream_buffer.c **** 
 345:Middlewares/Third_Party/FreeRTOS/Source/stream_buffer.c **** 			xReturn = ( StreamBufferHandle_t ) pxStaticStreamBuffer; /*lint !e9087 Data hiding requires cast
 346:Middlewares/Third_Party/FreeRTOS/Source/stream_buffer.c **** 		}
 347:Middlewares/Third_Party/FreeRTOS/Source/stream_buffer.c **** 		else
 348:Middlewares/Third_Party/FreeRTOS/Source/stream_buffer.c **** 		{
 349:Middlewares/Third_Party/FreeRTOS/Source/stream_buffer.c **** 			xReturn = NULL;
 350:Middlewares/Third_Party/FreeRTOS/Source/stream_buffer.c **** 			traceSTREAM_BUFFER_CREATE_STATIC_FAILED( xReturn, xIsMessageBuffer );
 351:Middlewares/Third_Party/FreeRTOS/Source/stream_buffer.c **** 		}
 352:Middlewares/Third_Party/FreeRTOS/Source/stream_buffer.c **** 
 353:Middlewares/Third_Party/FreeRTOS/Source/stream_buffer.c **** 		return xReturn;
 354:Middlewares/Third_Party/FreeRTOS/Source/stream_buffer.c **** 	}
 355:Middlewares/Third_Party/FreeRTOS/Source/stream_buffer.c **** 
 356:Middlewares/Third_Party/FreeRTOS/Source/stream_buffer.c **** #endif /* ( configSUPPORT_STATIC_ALLOCATION == 1 ) */
 357:Middlewares/Third_Party/FreeRTOS/Source/stream_buffer.c **** /*-----------------------------------------------------------*/
 358:Middlewares/Third_Party/FreeRTOS/Source/stream_buffer.c **** 
 359:Middlewares/Third_Party/FreeRTOS/Source/stream_buffer.c **** void vStreamBufferDelete( StreamBufferHandle_t xStreamBuffer )
 360:Middlewares/Third_Party/FreeRTOS/Source/stream_buffer.c **** {
 361:Middlewares/Third_Party/FreeRTOS/Source/stream_buffer.c **** StreamBuffer_t * pxStreamBuffer = xStreamBuffer;
 362:Middlewares/Third_Party/FreeRTOS/Source/stream_buffer.c **** 
 363:Middlewares/Third_Party/FreeRTOS/Source/stream_buffer.c **** 	configASSERT( pxStreamBuffer );
 364:Middlewares/Third_Party/FreeRTOS/Source/stream_buffer.c **** 
 365:Middlewares/Third_Party/FreeRTOS/Source/stream_buffer.c **** 	traceSTREAM_BUFFER_DELETE( xStreamBuffer );
 366:Middlewares/Third_Party/FreeRTOS/Source/stream_buffer.c **** 
 367:Middlewares/Third_Party/FreeRTOS/Source/stream_buffer.c **** 	if( ( pxStreamBuffer->ucFlags & sbFLAGS_IS_STATICALLY_ALLOCATED ) == ( uint8_t ) pdFALSE )
 368:Middlewares/Third_Party/FreeRTOS/Source/stream_buffer.c **** 	{
 369:Middlewares/Third_Party/FreeRTOS/Source/stream_buffer.c **** 		#if( configSUPPORT_DYNAMIC_ALLOCATION == 1 )
 370:Middlewares/Third_Party/FreeRTOS/Source/stream_buffer.c **** 		{
 371:Middlewares/Third_Party/FreeRTOS/Source/stream_buffer.c **** 			/* Both the structure and the buffer were allocated using a single call
 372:Middlewares/Third_Party/FreeRTOS/Source/stream_buffer.c **** 			to pvPortMalloc(), hence only one call to vPortFree() is required. */
 373:Middlewares/Third_Party/FreeRTOS/Source/stream_buffer.c **** 			vPortFree( ( void * ) pxStreamBuffer ); /*lint !e9087 Standard free() semantics require void *, 
ARM GAS  D:\temp\TMP\ccub9rRr.s 			page 8


 374:Middlewares/Third_Party/FreeRTOS/Source/stream_buffer.c **** 		}
 375:Middlewares/Third_Party/FreeRTOS/Source/stream_buffer.c **** 		#else
 376:Middlewares/Third_Party/FreeRTOS/Source/stream_buffer.c **** 		{
 377:Middlewares/Third_Party/FreeRTOS/Source/stream_buffer.c **** 			/* Should not be possible to get here, ucFlags must be corrupt.
 378:Middlewares/Third_Party/FreeRTOS/Source/stream_buffer.c **** 			Force an assert. */
 379:Middlewares/Third_Party/FreeRTOS/Source/stream_buffer.c **** 			configASSERT( xStreamBuffer == ( StreamBufferHandle_t ) ~0 );
 380:Middlewares/Third_Party/FreeRTOS/Source/stream_buffer.c **** 		}
 381:Middlewares/Third_Party/FreeRTOS/Source/stream_buffer.c **** 		#endif
 382:Middlewares/Third_Party/FreeRTOS/Source/stream_buffer.c **** 	}
 383:Middlewares/Third_Party/FreeRTOS/Source/stream_buffer.c **** 	else
 384:Middlewares/Third_Party/FreeRTOS/Source/stream_buffer.c **** 	{
 385:Middlewares/Third_Party/FreeRTOS/Source/stream_buffer.c **** 		/* The structure and buffer were not allocated dynamically and cannot be
 386:Middlewares/Third_Party/FreeRTOS/Source/stream_buffer.c **** 		freed - just scrub the structure so future use will assert. */
 387:Middlewares/Third_Party/FreeRTOS/Source/stream_buffer.c **** 		( void ) memset( pxStreamBuffer, 0x00, sizeof( StreamBuffer_t ) );
 388:Middlewares/Third_Party/FreeRTOS/Source/stream_buffer.c **** 	}
 389:Middlewares/Third_Party/FreeRTOS/Source/stream_buffer.c **** }
 390:Middlewares/Third_Party/FreeRTOS/Source/stream_buffer.c **** /*-----------------------------------------------------------*/
 391:Middlewares/Third_Party/FreeRTOS/Source/stream_buffer.c **** 
 392:Middlewares/Third_Party/FreeRTOS/Source/stream_buffer.c **** BaseType_t xStreamBufferReset( StreamBufferHandle_t xStreamBuffer )
 393:Middlewares/Third_Party/FreeRTOS/Source/stream_buffer.c **** {
 394:Middlewares/Third_Party/FreeRTOS/Source/stream_buffer.c **** StreamBuffer_t * const pxStreamBuffer = xStreamBuffer;
 395:Middlewares/Third_Party/FreeRTOS/Source/stream_buffer.c **** BaseType_t xReturn = pdFAIL;
 396:Middlewares/Third_Party/FreeRTOS/Source/stream_buffer.c **** 
 397:Middlewares/Third_Party/FreeRTOS/Source/stream_buffer.c **** #if( configUSE_TRACE_FACILITY == 1 )
 398:Middlewares/Third_Party/FreeRTOS/Source/stream_buffer.c **** 	UBaseType_t uxStreamBufferNumber;
 399:Middlewares/Third_Party/FreeRTOS/Source/stream_buffer.c **** #endif
 400:Middlewares/Third_Party/FreeRTOS/Source/stream_buffer.c **** 
 401:Middlewares/Third_Party/FreeRTOS/Source/stream_buffer.c **** 	configASSERT( pxStreamBuffer );
 402:Middlewares/Third_Party/FreeRTOS/Source/stream_buffer.c **** 
 403:Middlewares/Third_Party/FreeRTOS/Source/stream_buffer.c **** 	#if( configUSE_TRACE_FACILITY == 1 )
 404:Middlewares/Third_Party/FreeRTOS/Source/stream_buffer.c **** 	{
 405:Middlewares/Third_Party/FreeRTOS/Source/stream_buffer.c **** 		/* Store the stream buffer number so it can be restored after the
 406:Middlewares/Third_Party/FreeRTOS/Source/stream_buffer.c **** 		reset. */
 407:Middlewares/Third_Party/FreeRTOS/Source/stream_buffer.c **** 		uxStreamBufferNumber = pxStreamBuffer->uxStreamBufferNumber;
 408:Middlewares/Third_Party/FreeRTOS/Source/stream_buffer.c **** 	}
 409:Middlewares/Third_Party/FreeRTOS/Source/stream_buffer.c **** 	#endif
 410:Middlewares/Third_Party/FreeRTOS/Source/stream_buffer.c **** 
 411:Middlewares/Third_Party/FreeRTOS/Source/stream_buffer.c **** 	/* Can only reset a message buffer if there are no tasks blocked on it. */
 412:Middlewares/Third_Party/FreeRTOS/Source/stream_buffer.c **** 	taskENTER_CRITICAL();
 413:Middlewares/Third_Party/FreeRTOS/Source/stream_buffer.c **** 	{
 414:Middlewares/Third_Party/FreeRTOS/Source/stream_buffer.c **** 		if( pxStreamBuffer->xTaskWaitingToReceive == NULL )
 415:Middlewares/Third_Party/FreeRTOS/Source/stream_buffer.c **** 		{
 416:Middlewares/Third_Party/FreeRTOS/Source/stream_buffer.c **** 			if( pxStreamBuffer->xTaskWaitingToSend == NULL )
 417:Middlewares/Third_Party/FreeRTOS/Source/stream_buffer.c **** 			{
 418:Middlewares/Third_Party/FreeRTOS/Source/stream_buffer.c **** 				prvInitialiseNewStreamBuffer( pxStreamBuffer,
 419:Middlewares/Third_Party/FreeRTOS/Source/stream_buffer.c **** 											  pxStreamBuffer->pucBuffer,
 420:Middlewares/Third_Party/FreeRTOS/Source/stream_buffer.c **** 											  pxStreamBuffer->xLength,
 421:Middlewares/Third_Party/FreeRTOS/Source/stream_buffer.c **** 											  pxStreamBuffer->xTriggerLevelBytes,
 422:Middlewares/Third_Party/FreeRTOS/Source/stream_buffer.c **** 											  pxStreamBuffer->ucFlags );
 423:Middlewares/Third_Party/FreeRTOS/Source/stream_buffer.c **** 				xReturn = pdPASS;
 424:Middlewares/Third_Party/FreeRTOS/Source/stream_buffer.c **** 
 425:Middlewares/Third_Party/FreeRTOS/Source/stream_buffer.c **** 				#if( configUSE_TRACE_FACILITY == 1 )
 426:Middlewares/Third_Party/FreeRTOS/Source/stream_buffer.c **** 				{
 427:Middlewares/Third_Party/FreeRTOS/Source/stream_buffer.c **** 					pxStreamBuffer->uxStreamBufferNumber = uxStreamBufferNumber;
 428:Middlewares/Third_Party/FreeRTOS/Source/stream_buffer.c **** 				}
 429:Middlewares/Third_Party/FreeRTOS/Source/stream_buffer.c **** 				#endif
 430:Middlewares/Third_Party/FreeRTOS/Source/stream_buffer.c **** 
ARM GAS  D:\temp\TMP\ccub9rRr.s 			page 9


 431:Middlewares/Third_Party/FreeRTOS/Source/stream_buffer.c **** 				traceSTREAM_BUFFER_RESET( xStreamBuffer );
 432:Middlewares/Third_Party/FreeRTOS/Source/stream_buffer.c **** 			}
 433:Middlewares/Third_Party/FreeRTOS/Source/stream_buffer.c **** 		}
 434:Middlewares/Third_Party/FreeRTOS/Source/stream_buffer.c **** 	}
 435:Middlewares/Third_Party/FreeRTOS/Source/stream_buffer.c **** 	taskEXIT_CRITICAL();
 436:Middlewares/Third_Party/FreeRTOS/Source/stream_buffer.c **** 
 437:Middlewares/Third_Party/FreeRTOS/Source/stream_buffer.c **** 	return xReturn;
 438:Middlewares/Third_Party/FreeRTOS/Source/stream_buffer.c **** }
 439:Middlewares/Third_Party/FreeRTOS/Source/stream_buffer.c **** /*-----------------------------------------------------------*/
 440:Middlewares/Third_Party/FreeRTOS/Source/stream_buffer.c **** 
 441:Middlewares/Third_Party/FreeRTOS/Source/stream_buffer.c **** BaseType_t xStreamBufferSetTriggerLevel( StreamBufferHandle_t xStreamBuffer, size_t xTriggerLevel )
 442:Middlewares/Third_Party/FreeRTOS/Source/stream_buffer.c **** {
 443:Middlewares/Third_Party/FreeRTOS/Source/stream_buffer.c **** StreamBuffer_t * const pxStreamBuffer = xStreamBuffer;
 444:Middlewares/Third_Party/FreeRTOS/Source/stream_buffer.c **** BaseType_t xReturn;
 445:Middlewares/Third_Party/FreeRTOS/Source/stream_buffer.c **** 
 446:Middlewares/Third_Party/FreeRTOS/Source/stream_buffer.c **** 	configASSERT( pxStreamBuffer );
 447:Middlewares/Third_Party/FreeRTOS/Source/stream_buffer.c **** 
 448:Middlewares/Third_Party/FreeRTOS/Source/stream_buffer.c **** 	/* It is not valid for the trigger level to be 0. */
 449:Middlewares/Third_Party/FreeRTOS/Source/stream_buffer.c **** 	if( xTriggerLevel == ( size_t ) 0 )
 450:Middlewares/Third_Party/FreeRTOS/Source/stream_buffer.c **** 	{
 451:Middlewares/Third_Party/FreeRTOS/Source/stream_buffer.c **** 		xTriggerLevel = ( size_t ) 1;
 452:Middlewares/Third_Party/FreeRTOS/Source/stream_buffer.c **** 	}
 453:Middlewares/Third_Party/FreeRTOS/Source/stream_buffer.c **** 
 454:Middlewares/Third_Party/FreeRTOS/Source/stream_buffer.c **** 	/* The trigger level is the number of bytes that must be in the stream
 455:Middlewares/Third_Party/FreeRTOS/Source/stream_buffer.c **** 	buffer before a task that is waiting for data is unblocked. */
 456:Middlewares/Third_Party/FreeRTOS/Source/stream_buffer.c **** 	if( xTriggerLevel <= pxStreamBuffer->xLength )
 457:Middlewares/Third_Party/FreeRTOS/Source/stream_buffer.c **** 	{
 458:Middlewares/Third_Party/FreeRTOS/Source/stream_buffer.c **** 		pxStreamBuffer->xTriggerLevelBytes = xTriggerLevel;
 459:Middlewares/Third_Party/FreeRTOS/Source/stream_buffer.c **** 		xReturn = pdPASS;
 460:Middlewares/Third_Party/FreeRTOS/Source/stream_buffer.c **** 	}
 461:Middlewares/Third_Party/FreeRTOS/Source/stream_buffer.c **** 	else
 462:Middlewares/Third_Party/FreeRTOS/Source/stream_buffer.c **** 	{
 463:Middlewares/Third_Party/FreeRTOS/Source/stream_buffer.c **** 		xReturn = pdFALSE;
 464:Middlewares/Third_Party/FreeRTOS/Source/stream_buffer.c **** 	}
 465:Middlewares/Third_Party/FreeRTOS/Source/stream_buffer.c **** 
 466:Middlewares/Third_Party/FreeRTOS/Source/stream_buffer.c **** 	return xReturn;
 467:Middlewares/Third_Party/FreeRTOS/Source/stream_buffer.c **** }
 468:Middlewares/Third_Party/FreeRTOS/Source/stream_buffer.c **** /*-----------------------------------------------------------*/
 469:Middlewares/Third_Party/FreeRTOS/Source/stream_buffer.c **** 
 470:Middlewares/Third_Party/FreeRTOS/Source/stream_buffer.c **** size_t xStreamBufferSpacesAvailable( StreamBufferHandle_t xStreamBuffer )
 471:Middlewares/Third_Party/FreeRTOS/Source/stream_buffer.c **** {
 472:Middlewares/Third_Party/FreeRTOS/Source/stream_buffer.c **** const StreamBuffer_t * const pxStreamBuffer = xStreamBuffer;
 473:Middlewares/Third_Party/FreeRTOS/Source/stream_buffer.c **** size_t xSpace;
 474:Middlewares/Third_Party/FreeRTOS/Source/stream_buffer.c **** 
 475:Middlewares/Third_Party/FreeRTOS/Source/stream_buffer.c **** 	configASSERT( pxStreamBuffer );
 476:Middlewares/Third_Party/FreeRTOS/Source/stream_buffer.c **** 
 477:Middlewares/Third_Party/FreeRTOS/Source/stream_buffer.c **** 	xSpace = pxStreamBuffer->xLength + pxStreamBuffer->xTail;
 478:Middlewares/Third_Party/FreeRTOS/Source/stream_buffer.c **** 	xSpace -= pxStreamBuffer->xHead;
 479:Middlewares/Third_Party/FreeRTOS/Source/stream_buffer.c **** 	xSpace -= ( size_t ) 1;
 480:Middlewares/Third_Party/FreeRTOS/Source/stream_buffer.c **** 
 481:Middlewares/Third_Party/FreeRTOS/Source/stream_buffer.c **** 	if( xSpace >= pxStreamBuffer->xLength )
 482:Middlewares/Third_Party/FreeRTOS/Source/stream_buffer.c **** 	{
 483:Middlewares/Third_Party/FreeRTOS/Source/stream_buffer.c **** 		xSpace -= pxStreamBuffer->xLength;
 484:Middlewares/Third_Party/FreeRTOS/Source/stream_buffer.c **** 	}
 485:Middlewares/Third_Party/FreeRTOS/Source/stream_buffer.c **** 	else
 486:Middlewares/Third_Party/FreeRTOS/Source/stream_buffer.c **** 	{
 487:Middlewares/Third_Party/FreeRTOS/Source/stream_buffer.c **** 		mtCOVERAGE_TEST_MARKER();
ARM GAS  D:\temp\TMP\ccub9rRr.s 			page 10


 488:Middlewares/Third_Party/FreeRTOS/Source/stream_buffer.c **** 	}
 489:Middlewares/Third_Party/FreeRTOS/Source/stream_buffer.c **** 
 490:Middlewares/Third_Party/FreeRTOS/Source/stream_buffer.c **** 	return xSpace;
 491:Middlewares/Third_Party/FreeRTOS/Source/stream_buffer.c **** }
 492:Middlewares/Third_Party/FreeRTOS/Source/stream_buffer.c **** /*-----------------------------------------------------------*/
 493:Middlewares/Third_Party/FreeRTOS/Source/stream_buffer.c **** 
 494:Middlewares/Third_Party/FreeRTOS/Source/stream_buffer.c **** size_t xStreamBufferBytesAvailable( StreamBufferHandle_t xStreamBuffer )
 495:Middlewares/Third_Party/FreeRTOS/Source/stream_buffer.c **** {
 496:Middlewares/Third_Party/FreeRTOS/Source/stream_buffer.c **** const StreamBuffer_t * const pxStreamBuffer = xStreamBuffer;
 497:Middlewares/Third_Party/FreeRTOS/Source/stream_buffer.c **** size_t xReturn;
 498:Middlewares/Third_Party/FreeRTOS/Source/stream_buffer.c **** 
 499:Middlewares/Third_Party/FreeRTOS/Source/stream_buffer.c **** 	configASSERT( pxStreamBuffer );
 500:Middlewares/Third_Party/FreeRTOS/Source/stream_buffer.c **** 
 501:Middlewares/Third_Party/FreeRTOS/Source/stream_buffer.c **** 	xReturn = prvBytesInBuffer( pxStreamBuffer );
 502:Middlewares/Third_Party/FreeRTOS/Source/stream_buffer.c **** 	return xReturn;
 503:Middlewares/Third_Party/FreeRTOS/Source/stream_buffer.c **** }
 504:Middlewares/Third_Party/FreeRTOS/Source/stream_buffer.c **** /*-----------------------------------------------------------*/
 505:Middlewares/Third_Party/FreeRTOS/Source/stream_buffer.c **** 
 506:Middlewares/Third_Party/FreeRTOS/Source/stream_buffer.c **** size_t xStreamBufferSend( StreamBufferHandle_t xStreamBuffer,
 507:Middlewares/Third_Party/FreeRTOS/Source/stream_buffer.c **** 						  const void *pvTxData,
 508:Middlewares/Third_Party/FreeRTOS/Source/stream_buffer.c **** 						  size_t xDataLengthBytes,
 509:Middlewares/Third_Party/FreeRTOS/Source/stream_buffer.c **** 						  TickType_t xTicksToWait )
 510:Middlewares/Third_Party/FreeRTOS/Source/stream_buffer.c **** {
 511:Middlewares/Third_Party/FreeRTOS/Source/stream_buffer.c **** StreamBuffer_t * const pxStreamBuffer = xStreamBuffer;
 512:Middlewares/Third_Party/FreeRTOS/Source/stream_buffer.c **** size_t xReturn, xSpace = 0;
 513:Middlewares/Third_Party/FreeRTOS/Source/stream_buffer.c **** size_t xRequiredSpace = xDataLengthBytes;
 514:Middlewares/Third_Party/FreeRTOS/Source/stream_buffer.c **** TimeOut_t xTimeOut;
 515:Middlewares/Third_Party/FreeRTOS/Source/stream_buffer.c **** 
 516:Middlewares/Third_Party/FreeRTOS/Source/stream_buffer.c **** 	configASSERT( pvTxData );
 517:Middlewares/Third_Party/FreeRTOS/Source/stream_buffer.c **** 	configASSERT( pxStreamBuffer );
 518:Middlewares/Third_Party/FreeRTOS/Source/stream_buffer.c **** 
 519:Middlewares/Third_Party/FreeRTOS/Source/stream_buffer.c **** 	/* This send function is used to write to both message buffers and stream
 520:Middlewares/Third_Party/FreeRTOS/Source/stream_buffer.c **** 	buffers.  If this is a message buffer then the space needed must be
 521:Middlewares/Third_Party/FreeRTOS/Source/stream_buffer.c **** 	increased by the amount of bytes needed to store the length of the
 522:Middlewares/Third_Party/FreeRTOS/Source/stream_buffer.c **** 	message. */
 523:Middlewares/Third_Party/FreeRTOS/Source/stream_buffer.c **** 	if( ( pxStreamBuffer->ucFlags & sbFLAGS_IS_MESSAGE_BUFFER ) != ( uint8_t ) 0 )
 524:Middlewares/Third_Party/FreeRTOS/Source/stream_buffer.c **** 	{
 525:Middlewares/Third_Party/FreeRTOS/Source/stream_buffer.c **** 		xRequiredSpace += sbBYTES_TO_STORE_MESSAGE_LENGTH;
 526:Middlewares/Third_Party/FreeRTOS/Source/stream_buffer.c **** 
 527:Middlewares/Third_Party/FreeRTOS/Source/stream_buffer.c **** 		/* Overflow? */
 528:Middlewares/Third_Party/FreeRTOS/Source/stream_buffer.c **** 		configASSERT( xRequiredSpace > xDataLengthBytes );
 529:Middlewares/Third_Party/FreeRTOS/Source/stream_buffer.c **** 	}
 530:Middlewares/Third_Party/FreeRTOS/Source/stream_buffer.c **** 	else
 531:Middlewares/Third_Party/FreeRTOS/Source/stream_buffer.c **** 	{
 532:Middlewares/Third_Party/FreeRTOS/Source/stream_buffer.c **** 		mtCOVERAGE_TEST_MARKER();
 533:Middlewares/Third_Party/FreeRTOS/Source/stream_buffer.c **** 	}
 534:Middlewares/Third_Party/FreeRTOS/Source/stream_buffer.c **** 
 535:Middlewares/Third_Party/FreeRTOS/Source/stream_buffer.c **** 	if( xTicksToWait != ( TickType_t ) 0 )
 536:Middlewares/Third_Party/FreeRTOS/Source/stream_buffer.c **** 	{
 537:Middlewares/Third_Party/FreeRTOS/Source/stream_buffer.c **** 		vTaskSetTimeOutState( &xTimeOut );
 538:Middlewares/Third_Party/FreeRTOS/Source/stream_buffer.c **** 
 539:Middlewares/Third_Party/FreeRTOS/Source/stream_buffer.c **** 		do
 540:Middlewares/Third_Party/FreeRTOS/Source/stream_buffer.c **** 		{
 541:Middlewares/Third_Party/FreeRTOS/Source/stream_buffer.c **** 			/* Wait until the required number of bytes are free in the message
 542:Middlewares/Third_Party/FreeRTOS/Source/stream_buffer.c **** 			buffer. */
 543:Middlewares/Third_Party/FreeRTOS/Source/stream_buffer.c **** 			taskENTER_CRITICAL();
 544:Middlewares/Third_Party/FreeRTOS/Source/stream_buffer.c **** 			{
ARM GAS  D:\temp\TMP\ccub9rRr.s 			page 11


 545:Middlewares/Third_Party/FreeRTOS/Source/stream_buffer.c **** 				xSpace = xStreamBufferSpacesAvailable( pxStreamBuffer );
 546:Middlewares/Third_Party/FreeRTOS/Source/stream_buffer.c **** 
 547:Middlewares/Third_Party/FreeRTOS/Source/stream_buffer.c **** 				if( xSpace < xRequiredSpace )
 548:Middlewares/Third_Party/FreeRTOS/Source/stream_buffer.c **** 				{
 549:Middlewares/Third_Party/FreeRTOS/Source/stream_buffer.c **** 					/* Clear notification state as going to wait for space. */
 550:Middlewares/Third_Party/FreeRTOS/Source/stream_buffer.c **** 					( void ) xTaskNotifyStateClear( NULL );
 551:Middlewares/Third_Party/FreeRTOS/Source/stream_buffer.c **** 
 552:Middlewares/Third_Party/FreeRTOS/Source/stream_buffer.c **** 					/* Should only be one writer. */
 553:Middlewares/Third_Party/FreeRTOS/Source/stream_buffer.c **** 					configASSERT( pxStreamBuffer->xTaskWaitingToSend == NULL );
 554:Middlewares/Third_Party/FreeRTOS/Source/stream_buffer.c **** 					pxStreamBuffer->xTaskWaitingToSend = xTaskGetCurrentTaskHandle();
 555:Middlewares/Third_Party/FreeRTOS/Source/stream_buffer.c **** 				}
 556:Middlewares/Third_Party/FreeRTOS/Source/stream_buffer.c **** 				else
 557:Middlewares/Third_Party/FreeRTOS/Source/stream_buffer.c **** 				{
 558:Middlewares/Third_Party/FreeRTOS/Source/stream_buffer.c **** 					taskEXIT_CRITICAL();
 559:Middlewares/Third_Party/FreeRTOS/Source/stream_buffer.c **** 					break;
 560:Middlewares/Third_Party/FreeRTOS/Source/stream_buffer.c **** 				}
 561:Middlewares/Third_Party/FreeRTOS/Source/stream_buffer.c **** 			}
 562:Middlewares/Third_Party/FreeRTOS/Source/stream_buffer.c **** 			taskEXIT_CRITICAL();
 563:Middlewares/Third_Party/FreeRTOS/Source/stream_buffer.c **** 
 564:Middlewares/Third_Party/FreeRTOS/Source/stream_buffer.c **** 			traceBLOCKING_ON_STREAM_BUFFER_SEND( xStreamBuffer );
 565:Middlewares/Third_Party/FreeRTOS/Source/stream_buffer.c **** 			( void ) xTaskNotifyWait( ( uint32_t ) 0, ( uint32_t ) 0, NULL, xTicksToWait );
 566:Middlewares/Third_Party/FreeRTOS/Source/stream_buffer.c **** 			pxStreamBuffer->xTaskWaitingToSend = NULL;
 567:Middlewares/Third_Party/FreeRTOS/Source/stream_buffer.c **** 
 568:Middlewares/Third_Party/FreeRTOS/Source/stream_buffer.c **** 		} while( xTaskCheckForTimeOut( &xTimeOut, &xTicksToWait ) == pdFALSE );
 569:Middlewares/Third_Party/FreeRTOS/Source/stream_buffer.c **** 	}
 570:Middlewares/Third_Party/FreeRTOS/Source/stream_buffer.c **** 	else
 571:Middlewares/Third_Party/FreeRTOS/Source/stream_buffer.c **** 	{
 572:Middlewares/Third_Party/FreeRTOS/Source/stream_buffer.c **** 		mtCOVERAGE_TEST_MARKER();
 573:Middlewares/Third_Party/FreeRTOS/Source/stream_buffer.c **** 	}
 574:Middlewares/Third_Party/FreeRTOS/Source/stream_buffer.c **** 
 575:Middlewares/Third_Party/FreeRTOS/Source/stream_buffer.c **** 	if( xSpace == ( size_t ) 0 )
 576:Middlewares/Third_Party/FreeRTOS/Source/stream_buffer.c **** 	{
 577:Middlewares/Third_Party/FreeRTOS/Source/stream_buffer.c **** 		xSpace = xStreamBufferSpacesAvailable( pxStreamBuffer );
 578:Middlewares/Third_Party/FreeRTOS/Source/stream_buffer.c **** 	}
 579:Middlewares/Third_Party/FreeRTOS/Source/stream_buffer.c **** 	else
 580:Middlewares/Third_Party/FreeRTOS/Source/stream_buffer.c **** 	{
 581:Middlewares/Third_Party/FreeRTOS/Source/stream_buffer.c **** 		mtCOVERAGE_TEST_MARKER();
 582:Middlewares/Third_Party/FreeRTOS/Source/stream_buffer.c **** 	}
 583:Middlewares/Third_Party/FreeRTOS/Source/stream_buffer.c **** 
 584:Middlewares/Third_Party/FreeRTOS/Source/stream_buffer.c **** 	xReturn = prvWriteMessageToBuffer( pxStreamBuffer, pvTxData, xDataLengthBytes, xSpace, xRequiredSp
 585:Middlewares/Third_Party/FreeRTOS/Source/stream_buffer.c **** 
 586:Middlewares/Third_Party/FreeRTOS/Source/stream_buffer.c **** 	if( xReturn > ( size_t ) 0 )
 587:Middlewares/Third_Party/FreeRTOS/Source/stream_buffer.c **** 	{
 588:Middlewares/Third_Party/FreeRTOS/Source/stream_buffer.c **** 		traceSTREAM_BUFFER_SEND( xStreamBuffer, xReturn );
 589:Middlewares/Third_Party/FreeRTOS/Source/stream_buffer.c **** 
 590:Middlewares/Third_Party/FreeRTOS/Source/stream_buffer.c **** 		/* Was a task waiting for the data? */
 591:Middlewares/Third_Party/FreeRTOS/Source/stream_buffer.c **** 		if( prvBytesInBuffer( pxStreamBuffer ) >= pxStreamBuffer->xTriggerLevelBytes )
 592:Middlewares/Third_Party/FreeRTOS/Source/stream_buffer.c **** 		{
 593:Middlewares/Third_Party/FreeRTOS/Source/stream_buffer.c **** 			sbSEND_COMPLETED( pxStreamBuffer );
 594:Middlewares/Third_Party/FreeRTOS/Source/stream_buffer.c **** 		}
 595:Middlewares/Third_Party/FreeRTOS/Source/stream_buffer.c **** 		else
 596:Middlewares/Third_Party/FreeRTOS/Source/stream_buffer.c **** 		{
 597:Middlewares/Third_Party/FreeRTOS/Source/stream_buffer.c **** 			mtCOVERAGE_TEST_MARKER();
 598:Middlewares/Third_Party/FreeRTOS/Source/stream_buffer.c **** 		}
 599:Middlewares/Third_Party/FreeRTOS/Source/stream_buffer.c **** 	}
 600:Middlewares/Third_Party/FreeRTOS/Source/stream_buffer.c **** 	else
 601:Middlewares/Third_Party/FreeRTOS/Source/stream_buffer.c **** 	{
ARM GAS  D:\temp\TMP\ccub9rRr.s 			page 12


 602:Middlewares/Third_Party/FreeRTOS/Source/stream_buffer.c **** 		mtCOVERAGE_TEST_MARKER();
 603:Middlewares/Third_Party/FreeRTOS/Source/stream_buffer.c **** 		traceSTREAM_BUFFER_SEND_FAILED( xStreamBuffer );
 604:Middlewares/Third_Party/FreeRTOS/Source/stream_buffer.c **** 	}
 605:Middlewares/Third_Party/FreeRTOS/Source/stream_buffer.c **** 
 606:Middlewares/Third_Party/FreeRTOS/Source/stream_buffer.c **** 	return xReturn;
 607:Middlewares/Third_Party/FreeRTOS/Source/stream_buffer.c **** }
 608:Middlewares/Third_Party/FreeRTOS/Source/stream_buffer.c **** /*-----------------------------------------------------------*/
 609:Middlewares/Third_Party/FreeRTOS/Source/stream_buffer.c **** 
 610:Middlewares/Third_Party/FreeRTOS/Source/stream_buffer.c **** size_t xStreamBufferSendFromISR( StreamBufferHandle_t xStreamBuffer,
 611:Middlewares/Third_Party/FreeRTOS/Source/stream_buffer.c **** 								 const void *pvTxData,
 612:Middlewares/Third_Party/FreeRTOS/Source/stream_buffer.c **** 								 size_t xDataLengthBytes,
 613:Middlewares/Third_Party/FreeRTOS/Source/stream_buffer.c **** 								 BaseType_t * const pxHigherPriorityTaskWoken )
 614:Middlewares/Third_Party/FreeRTOS/Source/stream_buffer.c **** {
 615:Middlewares/Third_Party/FreeRTOS/Source/stream_buffer.c **** StreamBuffer_t * const pxStreamBuffer = xStreamBuffer;
 616:Middlewares/Third_Party/FreeRTOS/Source/stream_buffer.c **** size_t xReturn, xSpace;
 617:Middlewares/Third_Party/FreeRTOS/Source/stream_buffer.c **** size_t xRequiredSpace = xDataLengthBytes;
 618:Middlewares/Third_Party/FreeRTOS/Source/stream_buffer.c **** 
 619:Middlewares/Third_Party/FreeRTOS/Source/stream_buffer.c **** 	configASSERT( pvTxData );
 620:Middlewares/Third_Party/FreeRTOS/Source/stream_buffer.c **** 	configASSERT( pxStreamBuffer );
 621:Middlewares/Third_Party/FreeRTOS/Source/stream_buffer.c **** 
 622:Middlewares/Third_Party/FreeRTOS/Source/stream_buffer.c **** 	/* This send function is used to write to both message buffers and stream
 623:Middlewares/Third_Party/FreeRTOS/Source/stream_buffer.c **** 	buffers.  If this is a message buffer then the space needed must be
 624:Middlewares/Third_Party/FreeRTOS/Source/stream_buffer.c **** 	increased by the amount of bytes needed to store the length of the
 625:Middlewares/Third_Party/FreeRTOS/Source/stream_buffer.c **** 	message. */
 626:Middlewares/Third_Party/FreeRTOS/Source/stream_buffer.c **** 	if( ( pxStreamBuffer->ucFlags & sbFLAGS_IS_MESSAGE_BUFFER ) != ( uint8_t ) 0 )
 627:Middlewares/Third_Party/FreeRTOS/Source/stream_buffer.c **** 	{
 628:Middlewares/Third_Party/FreeRTOS/Source/stream_buffer.c **** 		xRequiredSpace += sbBYTES_TO_STORE_MESSAGE_LENGTH;
 629:Middlewares/Third_Party/FreeRTOS/Source/stream_buffer.c **** 	}
 630:Middlewares/Third_Party/FreeRTOS/Source/stream_buffer.c **** 	else
 631:Middlewares/Third_Party/FreeRTOS/Source/stream_buffer.c **** 	{
 632:Middlewares/Third_Party/FreeRTOS/Source/stream_buffer.c **** 		mtCOVERAGE_TEST_MARKER();
 633:Middlewares/Third_Party/FreeRTOS/Source/stream_buffer.c **** 	}
 634:Middlewares/Third_Party/FreeRTOS/Source/stream_buffer.c **** 
 635:Middlewares/Third_Party/FreeRTOS/Source/stream_buffer.c **** 	xSpace = xStreamBufferSpacesAvailable( pxStreamBuffer );
 636:Middlewares/Third_Party/FreeRTOS/Source/stream_buffer.c **** 	xReturn = prvWriteMessageToBuffer( pxStreamBuffer, pvTxData, xDataLengthBytes, xSpace, xRequiredSp
 637:Middlewares/Third_Party/FreeRTOS/Source/stream_buffer.c **** 
 638:Middlewares/Third_Party/FreeRTOS/Source/stream_buffer.c **** 	if( xReturn > ( size_t ) 0 )
 639:Middlewares/Third_Party/FreeRTOS/Source/stream_buffer.c **** 	{
 640:Middlewares/Third_Party/FreeRTOS/Source/stream_buffer.c **** 		/* Was a task waiting for the data? */
 641:Middlewares/Third_Party/FreeRTOS/Source/stream_buffer.c **** 		if( prvBytesInBuffer( pxStreamBuffer ) >= pxStreamBuffer->xTriggerLevelBytes )
 642:Middlewares/Third_Party/FreeRTOS/Source/stream_buffer.c **** 		{
 643:Middlewares/Third_Party/FreeRTOS/Source/stream_buffer.c **** 			sbSEND_COMPLETE_FROM_ISR( pxStreamBuffer, pxHigherPriorityTaskWoken );
 644:Middlewares/Third_Party/FreeRTOS/Source/stream_buffer.c **** 		}
 645:Middlewares/Third_Party/FreeRTOS/Source/stream_buffer.c **** 		else
 646:Middlewares/Third_Party/FreeRTOS/Source/stream_buffer.c **** 		{
 647:Middlewares/Third_Party/FreeRTOS/Source/stream_buffer.c **** 			mtCOVERAGE_TEST_MARKER();
 648:Middlewares/Third_Party/FreeRTOS/Source/stream_buffer.c **** 		}
 649:Middlewares/Third_Party/FreeRTOS/Source/stream_buffer.c **** 	}
 650:Middlewares/Third_Party/FreeRTOS/Source/stream_buffer.c **** 	else
 651:Middlewares/Third_Party/FreeRTOS/Source/stream_buffer.c **** 	{
 652:Middlewares/Third_Party/FreeRTOS/Source/stream_buffer.c **** 		mtCOVERAGE_TEST_MARKER();
 653:Middlewares/Third_Party/FreeRTOS/Source/stream_buffer.c **** 	}
 654:Middlewares/Third_Party/FreeRTOS/Source/stream_buffer.c **** 
 655:Middlewares/Third_Party/FreeRTOS/Source/stream_buffer.c **** 	traceSTREAM_BUFFER_SEND_FROM_ISR( xStreamBuffer, xReturn );
 656:Middlewares/Third_Party/FreeRTOS/Source/stream_buffer.c **** 
 657:Middlewares/Third_Party/FreeRTOS/Source/stream_buffer.c **** 	return xReturn;
 658:Middlewares/Third_Party/FreeRTOS/Source/stream_buffer.c **** }
ARM GAS  D:\temp\TMP\ccub9rRr.s 			page 13


 659:Middlewares/Third_Party/FreeRTOS/Source/stream_buffer.c **** /*-----------------------------------------------------------*/
 660:Middlewares/Third_Party/FreeRTOS/Source/stream_buffer.c **** 
 661:Middlewares/Third_Party/FreeRTOS/Source/stream_buffer.c **** static size_t prvWriteMessageToBuffer( StreamBuffer_t * const pxStreamBuffer,
 662:Middlewares/Third_Party/FreeRTOS/Source/stream_buffer.c **** 									   const void * pvTxData,
 663:Middlewares/Third_Party/FreeRTOS/Source/stream_buffer.c **** 									   size_t xDataLengthBytes,
 664:Middlewares/Third_Party/FreeRTOS/Source/stream_buffer.c **** 									   size_t xSpace,
 665:Middlewares/Third_Party/FreeRTOS/Source/stream_buffer.c **** 									   size_t xRequiredSpace )
 666:Middlewares/Third_Party/FreeRTOS/Source/stream_buffer.c **** {
 667:Middlewares/Third_Party/FreeRTOS/Source/stream_buffer.c **** 	BaseType_t xShouldWrite;
 668:Middlewares/Third_Party/FreeRTOS/Source/stream_buffer.c **** 	size_t xReturn;
 669:Middlewares/Third_Party/FreeRTOS/Source/stream_buffer.c **** 
 670:Middlewares/Third_Party/FreeRTOS/Source/stream_buffer.c **** 	if( xSpace == ( size_t ) 0 )
 671:Middlewares/Third_Party/FreeRTOS/Source/stream_buffer.c **** 	{
 672:Middlewares/Third_Party/FreeRTOS/Source/stream_buffer.c **** 		/* Doesn't matter if this is a stream buffer or a message buffer, there
 673:Middlewares/Third_Party/FreeRTOS/Source/stream_buffer.c **** 		is no space to write. */
 674:Middlewares/Third_Party/FreeRTOS/Source/stream_buffer.c **** 		xShouldWrite = pdFALSE;
 675:Middlewares/Third_Party/FreeRTOS/Source/stream_buffer.c **** 	}
 676:Middlewares/Third_Party/FreeRTOS/Source/stream_buffer.c **** 	else if( ( pxStreamBuffer->ucFlags & sbFLAGS_IS_MESSAGE_BUFFER ) == ( uint8_t ) 0 )
 677:Middlewares/Third_Party/FreeRTOS/Source/stream_buffer.c **** 	{
 678:Middlewares/Third_Party/FreeRTOS/Source/stream_buffer.c **** 		/* This is a stream buffer, as opposed to a message buffer, so writing a
 679:Middlewares/Third_Party/FreeRTOS/Source/stream_buffer.c **** 		stream of bytes rather than discrete messages.  Write as many bytes as
 680:Middlewares/Third_Party/FreeRTOS/Source/stream_buffer.c **** 		possible. */
 681:Middlewares/Third_Party/FreeRTOS/Source/stream_buffer.c **** 		xShouldWrite = pdTRUE;
 682:Middlewares/Third_Party/FreeRTOS/Source/stream_buffer.c **** 		xDataLengthBytes = configMIN( xDataLengthBytes, xSpace );
 683:Middlewares/Third_Party/FreeRTOS/Source/stream_buffer.c **** 	}
 684:Middlewares/Third_Party/FreeRTOS/Source/stream_buffer.c **** 	else if( xSpace >= xRequiredSpace )
 685:Middlewares/Third_Party/FreeRTOS/Source/stream_buffer.c **** 	{
 686:Middlewares/Third_Party/FreeRTOS/Source/stream_buffer.c **** 		/* This is a message buffer, as opposed to a stream buffer, and there
 687:Middlewares/Third_Party/FreeRTOS/Source/stream_buffer.c **** 		is enough space to write both the message length and the message itself
 688:Middlewares/Third_Party/FreeRTOS/Source/stream_buffer.c **** 		into the buffer.  Start by writing the length of the data, the data
 689:Middlewares/Third_Party/FreeRTOS/Source/stream_buffer.c **** 		itself will be written later in this function. */
 690:Middlewares/Third_Party/FreeRTOS/Source/stream_buffer.c **** 		xShouldWrite = pdTRUE;
 691:Middlewares/Third_Party/FreeRTOS/Source/stream_buffer.c **** 		( void ) prvWriteBytesToBuffer( pxStreamBuffer, ( const uint8_t * ) &( xDataLengthBytes ), sbBYTE
 692:Middlewares/Third_Party/FreeRTOS/Source/stream_buffer.c **** 	}
 693:Middlewares/Third_Party/FreeRTOS/Source/stream_buffer.c **** 	else
 694:Middlewares/Third_Party/FreeRTOS/Source/stream_buffer.c **** 	{
 695:Middlewares/Third_Party/FreeRTOS/Source/stream_buffer.c **** 		/* There is space available, but not enough space. */
 696:Middlewares/Third_Party/FreeRTOS/Source/stream_buffer.c **** 		xShouldWrite = pdFALSE;
 697:Middlewares/Third_Party/FreeRTOS/Source/stream_buffer.c **** 	}
 698:Middlewares/Third_Party/FreeRTOS/Source/stream_buffer.c **** 
 699:Middlewares/Third_Party/FreeRTOS/Source/stream_buffer.c **** 	if( xShouldWrite != pdFALSE )
 700:Middlewares/Third_Party/FreeRTOS/Source/stream_buffer.c **** 	{
 701:Middlewares/Third_Party/FreeRTOS/Source/stream_buffer.c **** 		/* Writes the data itself. */
 702:Middlewares/Third_Party/FreeRTOS/Source/stream_buffer.c **** 		xReturn = prvWriteBytesToBuffer( pxStreamBuffer, ( const uint8_t * ) pvTxData, xDataLengthBytes )
 703:Middlewares/Third_Party/FreeRTOS/Source/stream_buffer.c **** 	}
 704:Middlewares/Third_Party/FreeRTOS/Source/stream_buffer.c **** 	else
 705:Middlewares/Third_Party/FreeRTOS/Source/stream_buffer.c **** 	{
 706:Middlewares/Third_Party/FreeRTOS/Source/stream_buffer.c **** 		xReturn = 0;
 707:Middlewares/Third_Party/FreeRTOS/Source/stream_buffer.c **** 	}
 708:Middlewares/Third_Party/FreeRTOS/Source/stream_buffer.c **** 
 709:Middlewares/Third_Party/FreeRTOS/Source/stream_buffer.c **** 	return xReturn;
 710:Middlewares/Third_Party/FreeRTOS/Source/stream_buffer.c **** }
 711:Middlewares/Third_Party/FreeRTOS/Source/stream_buffer.c **** /*-----------------------------------------------------------*/
 712:Middlewares/Third_Party/FreeRTOS/Source/stream_buffer.c **** 
 713:Middlewares/Third_Party/FreeRTOS/Source/stream_buffer.c **** size_t xStreamBufferReceive( StreamBufferHandle_t xStreamBuffer,
 714:Middlewares/Third_Party/FreeRTOS/Source/stream_buffer.c **** 							 void *pvRxData,
 715:Middlewares/Third_Party/FreeRTOS/Source/stream_buffer.c **** 							 size_t xBufferLengthBytes,
ARM GAS  D:\temp\TMP\ccub9rRr.s 			page 14


 716:Middlewares/Third_Party/FreeRTOS/Source/stream_buffer.c **** 							 TickType_t xTicksToWait )
 717:Middlewares/Third_Party/FreeRTOS/Source/stream_buffer.c **** {
 718:Middlewares/Third_Party/FreeRTOS/Source/stream_buffer.c **** StreamBuffer_t * const pxStreamBuffer = xStreamBuffer;
 719:Middlewares/Third_Party/FreeRTOS/Source/stream_buffer.c **** size_t xReceivedLength = 0, xBytesAvailable, xBytesToStoreMessageLength;
 720:Middlewares/Third_Party/FreeRTOS/Source/stream_buffer.c **** 
 721:Middlewares/Third_Party/FreeRTOS/Source/stream_buffer.c **** 	configASSERT( pvRxData );
 722:Middlewares/Third_Party/FreeRTOS/Source/stream_buffer.c **** 	configASSERT( pxStreamBuffer );
 723:Middlewares/Third_Party/FreeRTOS/Source/stream_buffer.c **** 
 724:Middlewares/Third_Party/FreeRTOS/Source/stream_buffer.c **** 	/* This receive function is used by both message buffers, which store
 725:Middlewares/Third_Party/FreeRTOS/Source/stream_buffer.c **** 	discrete messages, and stream buffers, which store a continuous stream of
 726:Middlewares/Third_Party/FreeRTOS/Source/stream_buffer.c **** 	bytes.  Discrete messages include an additional
 727:Middlewares/Third_Party/FreeRTOS/Source/stream_buffer.c **** 	sbBYTES_TO_STORE_MESSAGE_LENGTH bytes that hold the length of the
 728:Middlewares/Third_Party/FreeRTOS/Source/stream_buffer.c **** 	message. */
 729:Middlewares/Third_Party/FreeRTOS/Source/stream_buffer.c **** 	if( ( pxStreamBuffer->ucFlags & sbFLAGS_IS_MESSAGE_BUFFER ) != ( uint8_t ) 0 )
 730:Middlewares/Third_Party/FreeRTOS/Source/stream_buffer.c **** 	{
 731:Middlewares/Third_Party/FreeRTOS/Source/stream_buffer.c **** 		xBytesToStoreMessageLength = sbBYTES_TO_STORE_MESSAGE_LENGTH;
 732:Middlewares/Third_Party/FreeRTOS/Source/stream_buffer.c **** 	}
 733:Middlewares/Third_Party/FreeRTOS/Source/stream_buffer.c **** 	else
 734:Middlewares/Third_Party/FreeRTOS/Source/stream_buffer.c **** 	{
 735:Middlewares/Third_Party/FreeRTOS/Source/stream_buffer.c **** 		xBytesToStoreMessageLength = 0;
 736:Middlewares/Third_Party/FreeRTOS/Source/stream_buffer.c **** 	}
 737:Middlewares/Third_Party/FreeRTOS/Source/stream_buffer.c **** 
 738:Middlewares/Third_Party/FreeRTOS/Source/stream_buffer.c **** 	if( xTicksToWait != ( TickType_t ) 0 )
 739:Middlewares/Third_Party/FreeRTOS/Source/stream_buffer.c **** 	{
 740:Middlewares/Third_Party/FreeRTOS/Source/stream_buffer.c **** 		/* Checking if there is data and clearing the notification state must be
 741:Middlewares/Third_Party/FreeRTOS/Source/stream_buffer.c **** 		performed atomically. */
 742:Middlewares/Third_Party/FreeRTOS/Source/stream_buffer.c **** 		taskENTER_CRITICAL();
 743:Middlewares/Third_Party/FreeRTOS/Source/stream_buffer.c **** 		{
 744:Middlewares/Third_Party/FreeRTOS/Source/stream_buffer.c **** 			xBytesAvailable = prvBytesInBuffer( pxStreamBuffer );
 745:Middlewares/Third_Party/FreeRTOS/Source/stream_buffer.c **** 
 746:Middlewares/Third_Party/FreeRTOS/Source/stream_buffer.c **** 			/* If this function was invoked by a message buffer read then
 747:Middlewares/Third_Party/FreeRTOS/Source/stream_buffer.c **** 			xBytesToStoreMessageLength holds the number of bytes used to hold
 748:Middlewares/Third_Party/FreeRTOS/Source/stream_buffer.c **** 			the length of the next discrete message.  If this function was
 749:Middlewares/Third_Party/FreeRTOS/Source/stream_buffer.c **** 			invoked by a stream buffer read then xBytesToStoreMessageLength will
 750:Middlewares/Third_Party/FreeRTOS/Source/stream_buffer.c **** 			be 0. */
 751:Middlewares/Third_Party/FreeRTOS/Source/stream_buffer.c **** 			if( xBytesAvailable <= xBytesToStoreMessageLength )
 752:Middlewares/Third_Party/FreeRTOS/Source/stream_buffer.c **** 			{
 753:Middlewares/Third_Party/FreeRTOS/Source/stream_buffer.c **** 				/* Clear notification state as going to wait for data. */
 754:Middlewares/Third_Party/FreeRTOS/Source/stream_buffer.c **** 				( void ) xTaskNotifyStateClear( NULL );
 755:Middlewares/Third_Party/FreeRTOS/Source/stream_buffer.c **** 
 756:Middlewares/Third_Party/FreeRTOS/Source/stream_buffer.c **** 				/* Should only be one reader. */
 757:Middlewares/Third_Party/FreeRTOS/Source/stream_buffer.c **** 				configASSERT( pxStreamBuffer->xTaskWaitingToReceive == NULL );
 758:Middlewares/Third_Party/FreeRTOS/Source/stream_buffer.c **** 				pxStreamBuffer->xTaskWaitingToReceive = xTaskGetCurrentTaskHandle();
 759:Middlewares/Third_Party/FreeRTOS/Source/stream_buffer.c **** 			}
 760:Middlewares/Third_Party/FreeRTOS/Source/stream_buffer.c **** 			else
 761:Middlewares/Third_Party/FreeRTOS/Source/stream_buffer.c **** 			{
 762:Middlewares/Third_Party/FreeRTOS/Source/stream_buffer.c **** 				mtCOVERAGE_TEST_MARKER();
 763:Middlewares/Third_Party/FreeRTOS/Source/stream_buffer.c **** 			}
 764:Middlewares/Third_Party/FreeRTOS/Source/stream_buffer.c **** 		}
 765:Middlewares/Third_Party/FreeRTOS/Source/stream_buffer.c **** 		taskEXIT_CRITICAL();
 766:Middlewares/Third_Party/FreeRTOS/Source/stream_buffer.c **** 
 767:Middlewares/Third_Party/FreeRTOS/Source/stream_buffer.c **** 		if( xBytesAvailable <= xBytesToStoreMessageLength )
 768:Middlewares/Third_Party/FreeRTOS/Source/stream_buffer.c **** 		{
 769:Middlewares/Third_Party/FreeRTOS/Source/stream_buffer.c **** 			/* Wait for data to be available. */
 770:Middlewares/Third_Party/FreeRTOS/Source/stream_buffer.c **** 			traceBLOCKING_ON_STREAM_BUFFER_RECEIVE( xStreamBuffer );
 771:Middlewares/Third_Party/FreeRTOS/Source/stream_buffer.c **** 			( void ) xTaskNotifyWait( ( uint32_t ) 0, ( uint32_t ) 0, NULL, xTicksToWait );
 772:Middlewares/Third_Party/FreeRTOS/Source/stream_buffer.c **** 			pxStreamBuffer->xTaskWaitingToReceive = NULL;
ARM GAS  D:\temp\TMP\ccub9rRr.s 			page 15


 773:Middlewares/Third_Party/FreeRTOS/Source/stream_buffer.c **** 
 774:Middlewares/Third_Party/FreeRTOS/Source/stream_buffer.c **** 			/* Recheck the data available after blocking. */
 775:Middlewares/Third_Party/FreeRTOS/Source/stream_buffer.c **** 			xBytesAvailable = prvBytesInBuffer( pxStreamBuffer );
 776:Middlewares/Third_Party/FreeRTOS/Source/stream_buffer.c **** 		}
 777:Middlewares/Third_Party/FreeRTOS/Source/stream_buffer.c **** 		else
 778:Middlewares/Third_Party/FreeRTOS/Source/stream_buffer.c **** 		{
 779:Middlewares/Third_Party/FreeRTOS/Source/stream_buffer.c **** 			mtCOVERAGE_TEST_MARKER();
 780:Middlewares/Third_Party/FreeRTOS/Source/stream_buffer.c **** 		}
 781:Middlewares/Third_Party/FreeRTOS/Source/stream_buffer.c **** 	}
 782:Middlewares/Third_Party/FreeRTOS/Source/stream_buffer.c **** 	else
 783:Middlewares/Third_Party/FreeRTOS/Source/stream_buffer.c **** 	{
 784:Middlewares/Third_Party/FreeRTOS/Source/stream_buffer.c **** 		xBytesAvailable = prvBytesInBuffer( pxStreamBuffer );
 785:Middlewares/Third_Party/FreeRTOS/Source/stream_buffer.c **** 	}
 786:Middlewares/Third_Party/FreeRTOS/Source/stream_buffer.c **** 
 787:Middlewares/Third_Party/FreeRTOS/Source/stream_buffer.c **** 	/* Whether receiving a discrete message (where xBytesToStoreMessageLength
 788:Middlewares/Third_Party/FreeRTOS/Source/stream_buffer.c **** 	holds the number of bytes used to store the message length) or a stream of
 789:Middlewares/Third_Party/FreeRTOS/Source/stream_buffer.c **** 	bytes (where xBytesToStoreMessageLength is zero), the number of bytes
 790:Middlewares/Third_Party/FreeRTOS/Source/stream_buffer.c **** 	available must be greater than xBytesToStoreMessageLength to be able to
 791:Middlewares/Third_Party/FreeRTOS/Source/stream_buffer.c **** 	read bytes from the buffer. */
 792:Middlewares/Third_Party/FreeRTOS/Source/stream_buffer.c **** 	if( xBytesAvailable > xBytesToStoreMessageLength )
 793:Middlewares/Third_Party/FreeRTOS/Source/stream_buffer.c **** 	{
 794:Middlewares/Third_Party/FreeRTOS/Source/stream_buffer.c **** 		xReceivedLength = prvReadMessageFromBuffer( pxStreamBuffer, pvRxData, xBufferLengthBytes, xBytesA
 795:Middlewares/Third_Party/FreeRTOS/Source/stream_buffer.c **** 
 796:Middlewares/Third_Party/FreeRTOS/Source/stream_buffer.c **** 		/* Was a task waiting for space in the buffer? */
 797:Middlewares/Third_Party/FreeRTOS/Source/stream_buffer.c **** 		if( xReceivedLength != ( size_t ) 0 )
 798:Middlewares/Third_Party/FreeRTOS/Source/stream_buffer.c **** 		{
 799:Middlewares/Third_Party/FreeRTOS/Source/stream_buffer.c **** 			traceSTREAM_BUFFER_RECEIVE( xStreamBuffer, xReceivedLength );
 800:Middlewares/Third_Party/FreeRTOS/Source/stream_buffer.c **** 			sbRECEIVE_COMPLETED( pxStreamBuffer );
 801:Middlewares/Third_Party/FreeRTOS/Source/stream_buffer.c **** 		}
 802:Middlewares/Third_Party/FreeRTOS/Source/stream_buffer.c **** 		else
 803:Middlewares/Third_Party/FreeRTOS/Source/stream_buffer.c **** 		{
 804:Middlewares/Third_Party/FreeRTOS/Source/stream_buffer.c **** 			mtCOVERAGE_TEST_MARKER();
 805:Middlewares/Third_Party/FreeRTOS/Source/stream_buffer.c **** 		}
 806:Middlewares/Third_Party/FreeRTOS/Source/stream_buffer.c **** 	}
 807:Middlewares/Third_Party/FreeRTOS/Source/stream_buffer.c **** 	else
 808:Middlewares/Third_Party/FreeRTOS/Source/stream_buffer.c **** 	{
 809:Middlewares/Third_Party/FreeRTOS/Source/stream_buffer.c **** 		traceSTREAM_BUFFER_RECEIVE_FAILED( xStreamBuffer );
 810:Middlewares/Third_Party/FreeRTOS/Source/stream_buffer.c **** 		mtCOVERAGE_TEST_MARKER();
 811:Middlewares/Third_Party/FreeRTOS/Source/stream_buffer.c **** 	}
 812:Middlewares/Third_Party/FreeRTOS/Source/stream_buffer.c **** 
 813:Middlewares/Third_Party/FreeRTOS/Source/stream_buffer.c **** 	return xReceivedLength;
 814:Middlewares/Third_Party/FreeRTOS/Source/stream_buffer.c **** }
 815:Middlewares/Third_Party/FreeRTOS/Source/stream_buffer.c **** /*-----------------------------------------------------------*/
 816:Middlewares/Third_Party/FreeRTOS/Source/stream_buffer.c **** 
 817:Middlewares/Third_Party/FreeRTOS/Source/stream_buffer.c **** size_t xStreamBufferNextMessageLengthBytes( StreamBufferHandle_t xStreamBuffer )
 818:Middlewares/Third_Party/FreeRTOS/Source/stream_buffer.c **** {
 819:Middlewares/Third_Party/FreeRTOS/Source/stream_buffer.c **** StreamBuffer_t * const pxStreamBuffer = xStreamBuffer;
 820:Middlewares/Third_Party/FreeRTOS/Source/stream_buffer.c **** size_t xReturn, xBytesAvailable, xOriginalTail;
 821:Middlewares/Third_Party/FreeRTOS/Source/stream_buffer.c **** configMESSAGE_BUFFER_LENGTH_TYPE xTempReturn;
 822:Middlewares/Third_Party/FreeRTOS/Source/stream_buffer.c **** 
 823:Middlewares/Third_Party/FreeRTOS/Source/stream_buffer.c **** 	configASSERT( pxStreamBuffer );
 824:Middlewares/Third_Party/FreeRTOS/Source/stream_buffer.c **** 
 825:Middlewares/Third_Party/FreeRTOS/Source/stream_buffer.c **** 	/* Ensure the stream buffer is being used as a message buffer. */
 826:Middlewares/Third_Party/FreeRTOS/Source/stream_buffer.c **** 	if( ( pxStreamBuffer->ucFlags & sbFLAGS_IS_MESSAGE_BUFFER ) != ( uint8_t ) 0 )
 827:Middlewares/Third_Party/FreeRTOS/Source/stream_buffer.c **** 	{
 828:Middlewares/Third_Party/FreeRTOS/Source/stream_buffer.c **** 		xBytesAvailable = prvBytesInBuffer( pxStreamBuffer );
 829:Middlewares/Third_Party/FreeRTOS/Source/stream_buffer.c **** 		if( xBytesAvailable > sbBYTES_TO_STORE_MESSAGE_LENGTH )
ARM GAS  D:\temp\TMP\ccub9rRr.s 			page 16


 830:Middlewares/Third_Party/FreeRTOS/Source/stream_buffer.c **** 		{
 831:Middlewares/Third_Party/FreeRTOS/Source/stream_buffer.c **** 			/* The number of bytes available is greater than the number of bytes
 832:Middlewares/Third_Party/FreeRTOS/Source/stream_buffer.c **** 			required to hold the length of the next message, so another message
 833:Middlewares/Third_Party/FreeRTOS/Source/stream_buffer.c **** 			is available.  Return its length without removing the length bytes
 834:Middlewares/Third_Party/FreeRTOS/Source/stream_buffer.c **** 			from the buffer.  A copy of the tail is stored so the buffer can be
 835:Middlewares/Third_Party/FreeRTOS/Source/stream_buffer.c **** 			returned to its prior state as the message is not actually being
 836:Middlewares/Third_Party/FreeRTOS/Source/stream_buffer.c **** 			removed from the buffer. */
 837:Middlewares/Third_Party/FreeRTOS/Source/stream_buffer.c **** 			xOriginalTail = pxStreamBuffer->xTail;
 838:Middlewares/Third_Party/FreeRTOS/Source/stream_buffer.c **** 			( void ) prvReadBytesFromBuffer( pxStreamBuffer, ( uint8_t * ) &xTempReturn, sbBYTES_TO_STORE_ME
 839:Middlewares/Third_Party/FreeRTOS/Source/stream_buffer.c **** 			xReturn = ( size_t ) xTempReturn;
 840:Middlewares/Third_Party/FreeRTOS/Source/stream_buffer.c **** 			pxStreamBuffer->xTail = xOriginalTail;
 841:Middlewares/Third_Party/FreeRTOS/Source/stream_buffer.c **** 		}
 842:Middlewares/Third_Party/FreeRTOS/Source/stream_buffer.c **** 		else
 843:Middlewares/Third_Party/FreeRTOS/Source/stream_buffer.c **** 		{
 844:Middlewares/Third_Party/FreeRTOS/Source/stream_buffer.c **** 			/* The minimum amount of bytes in a message buffer is
 845:Middlewares/Third_Party/FreeRTOS/Source/stream_buffer.c **** 			( sbBYTES_TO_STORE_MESSAGE_LENGTH + 1 ), so if xBytesAvailable is
 846:Middlewares/Third_Party/FreeRTOS/Source/stream_buffer.c **** 			less than sbBYTES_TO_STORE_MESSAGE_LENGTH the only other valid
 847:Middlewares/Third_Party/FreeRTOS/Source/stream_buffer.c **** 			value is 0. */
 848:Middlewares/Third_Party/FreeRTOS/Source/stream_buffer.c **** 			configASSERT( xBytesAvailable == 0 );
 849:Middlewares/Third_Party/FreeRTOS/Source/stream_buffer.c **** 			xReturn = 0;
 850:Middlewares/Third_Party/FreeRTOS/Source/stream_buffer.c **** 		}
 851:Middlewares/Third_Party/FreeRTOS/Source/stream_buffer.c **** 	}
 852:Middlewares/Third_Party/FreeRTOS/Source/stream_buffer.c **** 	else
 853:Middlewares/Third_Party/FreeRTOS/Source/stream_buffer.c **** 	{
 854:Middlewares/Third_Party/FreeRTOS/Source/stream_buffer.c **** 		xReturn = 0;
 855:Middlewares/Third_Party/FreeRTOS/Source/stream_buffer.c **** 	}
 856:Middlewares/Third_Party/FreeRTOS/Source/stream_buffer.c **** 
 857:Middlewares/Third_Party/FreeRTOS/Source/stream_buffer.c **** 	return xReturn;
 858:Middlewares/Third_Party/FreeRTOS/Source/stream_buffer.c **** }
 859:Middlewares/Third_Party/FreeRTOS/Source/stream_buffer.c **** /*-----------------------------------------------------------*/
 860:Middlewares/Third_Party/FreeRTOS/Source/stream_buffer.c **** 
 861:Middlewares/Third_Party/FreeRTOS/Source/stream_buffer.c **** size_t xStreamBufferReceiveFromISR( StreamBufferHandle_t xStreamBuffer,
 862:Middlewares/Third_Party/FreeRTOS/Source/stream_buffer.c **** 									void *pvRxData,
 863:Middlewares/Third_Party/FreeRTOS/Source/stream_buffer.c **** 									size_t xBufferLengthBytes,
 864:Middlewares/Third_Party/FreeRTOS/Source/stream_buffer.c **** 									BaseType_t * const pxHigherPriorityTaskWoken )
 865:Middlewares/Third_Party/FreeRTOS/Source/stream_buffer.c **** {
 866:Middlewares/Third_Party/FreeRTOS/Source/stream_buffer.c **** StreamBuffer_t * const pxStreamBuffer = xStreamBuffer;
 867:Middlewares/Third_Party/FreeRTOS/Source/stream_buffer.c **** size_t xReceivedLength = 0, xBytesAvailable, xBytesToStoreMessageLength;
 868:Middlewares/Third_Party/FreeRTOS/Source/stream_buffer.c **** 
 869:Middlewares/Third_Party/FreeRTOS/Source/stream_buffer.c **** 	configASSERT( pvRxData );
 870:Middlewares/Third_Party/FreeRTOS/Source/stream_buffer.c **** 	configASSERT( pxStreamBuffer );
 871:Middlewares/Third_Party/FreeRTOS/Source/stream_buffer.c **** 
 872:Middlewares/Third_Party/FreeRTOS/Source/stream_buffer.c **** 	/* This receive function is used by both message buffers, which store
 873:Middlewares/Third_Party/FreeRTOS/Source/stream_buffer.c **** 	discrete messages, and stream buffers, which store a continuous stream of
 874:Middlewares/Third_Party/FreeRTOS/Source/stream_buffer.c **** 	bytes.  Discrete messages include an additional
 875:Middlewares/Third_Party/FreeRTOS/Source/stream_buffer.c **** 	sbBYTES_TO_STORE_MESSAGE_LENGTH bytes that hold the length of the
 876:Middlewares/Third_Party/FreeRTOS/Source/stream_buffer.c **** 	message. */
 877:Middlewares/Third_Party/FreeRTOS/Source/stream_buffer.c **** 	if( ( pxStreamBuffer->ucFlags & sbFLAGS_IS_MESSAGE_BUFFER ) != ( uint8_t ) 0 )
 878:Middlewares/Third_Party/FreeRTOS/Source/stream_buffer.c **** 	{
 879:Middlewares/Third_Party/FreeRTOS/Source/stream_buffer.c **** 		xBytesToStoreMessageLength = sbBYTES_TO_STORE_MESSAGE_LENGTH;
 880:Middlewares/Third_Party/FreeRTOS/Source/stream_buffer.c **** 	}
 881:Middlewares/Third_Party/FreeRTOS/Source/stream_buffer.c **** 	else
 882:Middlewares/Third_Party/FreeRTOS/Source/stream_buffer.c **** 	{
 883:Middlewares/Third_Party/FreeRTOS/Source/stream_buffer.c **** 		xBytesToStoreMessageLength = 0;
 884:Middlewares/Third_Party/FreeRTOS/Source/stream_buffer.c **** 	}
 885:Middlewares/Third_Party/FreeRTOS/Source/stream_buffer.c **** 
 886:Middlewares/Third_Party/FreeRTOS/Source/stream_buffer.c **** 	xBytesAvailable = prvBytesInBuffer( pxStreamBuffer );
ARM GAS  D:\temp\TMP\ccub9rRr.s 			page 17


 887:Middlewares/Third_Party/FreeRTOS/Source/stream_buffer.c **** 
 888:Middlewares/Third_Party/FreeRTOS/Source/stream_buffer.c **** 	/* Whether receiving a discrete message (where xBytesToStoreMessageLength
 889:Middlewares/Third_Party/FreeRTOS/Source/stream_buffer.c **** 	holds the number of bytes used to store the message length) or a stream of
 890:Middlewares/Third_Party/FreeRTOS/Source/stream_buffer.c **** 	bytes (where xBytesToStoreMessageLength is zero), the number of bytes
 891:Middlewares/Third_Party/FreeRTOS/Source/stream_buffer.c **** 	available must be greater than xBytesToStoreMessageLength to be able to
 892:Middlewares/Third_Party/FreeRTOS/Source/stream_buffer.c **** 	read bytes from the buffer. */
 893:Middlewares/Third_Party/FreeRTOS/Source/stream_buffer.c **** 	if( xBytesAvailable > xBytesToStoreMessageLength )
 894:Middlewares/Third_Party/FreeRTOS/Source/stream_buffer.c **** 	{
 895:Middlewares/Third_Party/FreeRTOS/Source/stream_buffer.c **** 		xReceivedLength = prvReadMessageFromBuffer( pxStreamBuffer, pvRxData, xBufferLengthBytes, xBytesA
 896:Middlewares/Third_Party/FreeRTOS/Source/stream_buffer.c **** 
 897:Middlewares/Third_Party/FreeRTOS/Source/stream_buffer.c **** 		/* Was a task waiting for space in the buffer? */
 898:Middlewares/Third_Party/FreeRTOS/Source/stream_buffer.c **** 		if( xReceivedLength != ( size_t ) 0 )
 899:Middlewares/Third_Party/FreeRTOS/Source/stream_buffer.c **** 		{
 900:Middlewares/Third_Party/FreeRTOS/Source/stream_buffer.c **** 			sbRECEIVE_COMPLETED_FROM_ISR( pxStreamBuffer, pxHigherPriorityTaskWoken );
 901:Middlewares/Third_Party/FreeRTOS/Source/stream_buffer.c **** 		}
 902:Middlewares/Third_Party/FreeRTOS/Source/stream_buffer.c **** 		else
 903:Middlewares/Third_Party/FreeRTOS/Source/stream_buffer.c **** 		{
 904:Middlewares/Third_Party/FreeRTOS/Source/stream_buffer.c **** 			mtCOVERAGE_TEST_MARKER();
 905:Middlewares/Third_Party/FreeRTOS/Source/stream_buffer.c **** 		}
 906:Middlewares/Third_Party/FreeRTOS/Source/stream_buffer.c **** 	}
 907:Middlewares/Third_Party/FreeRTOS/Source/stream_buffer.c **** 	else
 908:Middlewares/Third_Party/FreeRTOS/Source/stream_buffer.c **** 	{
 909:Middlewares/Third_Party/FreeRTOS/Source/stream_buffer.c **** 		mtCOVERAGE_TEST_MARKER();
 910:Middlewares/Third_Party/FreeRTOS/Source/stream_buffer.c **** 	}
 911:Middlewares/Third_Party/FreeRTOS/Source/stream_buffer.c **** 
 912:Middlewares/Third_Party/FreeRTOS/Source/stream_buffer.c **** 	traceSTREAM_BUFFER_RECEIVE_FROM_ISR( xStreamBuffer, xReceivedLength );
 913:Middlewares/Third_Party/FreeRTOS/Source/stream_buffer.c **** 
 914:Middlewares/Third_Party/FreeRTOS/Source/stream_buffer.c **** 	return xReceivedLength;
 915:Middlewares/Third_Party/FreeRTOS/Source/stream_buffer.c **** }
 916:Middlewares/Third_Party/FreeRTOS/Source/stream_buffer.c **** /*-----------------------------------------------------------*/
 917:Middlewares/Third_Party/FreeRTOS/Source/stream_buffer.c **** 
 918:Middlewares/Third_Party/FreeRTOS/Source/stream_buffer.c **** static size_t prvReadMessageFromBuffer( StreamBuffer_t *pxStreamBuffer,
 919:Middlewares/Third_Party/FreeRTOS/Source/stream_buffer.c **** 										void *pvRxData,
 920:Middlewares/Third_Party/FreeRTOS/Source/stream_buffer.c **** 										size_t xBufferLengthBytes,
 921:Middlewares/Third_Party/FreeRTOS/Source/stream_buffer.c **** 										size_t xBytesAvailable,
 922:Middlewares/Third_Party/FreeRTOS/Source/stream_buffer.c **** 										size_t xBytesToStoreMessageLength )
 923:Middlewares/Third_Party/FreeRTOS/Source/stream_buffer.c **** {
 924:Middlewares/Third_Party/FreeRTOS/Source/stream_buffer.c **** size_t xOriginalTail, xReceivedLength, xNextMessageLength;
 925:Middlewares/Third_Party/FreeRTOS/Source/stream_buffer.c **** configMESSAGE_BUFFER_LENGTH_TYPE xTempNextMessageLength;
 926:Middlewares/Third_Party/FreeRTOS/Source/stream_buffer.c **** 
 927:Middlewares/Third_Party/FreeRTOS/Source/stream_buffer.c **** 	if( xBytesToStoreMessageLength != ( size_t ) 0 )
 928:Middlewares/Third_Party/FreeRTOS/Source/stream_buffer.c **** 	{
 929:Middlewares/Third_Party/FreeRTOS/Source/stream_buffer.c **** 		/* A discrete message is being received.  First receive the length
 930:Middlewares/Third_Party/FreeRTOS/Source/stream_buffer.c **** 		of the message.  A copy of the tail is stored so the buffer can be
 931:Middlewares/Third_Party/FreeRTOS/Source/stream_buffer.c **** 		returned to its prior state if the length of the message is too
 932:Middlewares/Third_Party/FreeRTOS/Source/stream_buffer.c **** 		large for the provided buffer. */
 933:Middlewares/Third_Party/FreeRTOS/Source/stream_buffer.c **** 		xOriginalTail = pxStreamBuffer->xTail;
 934:Middlewares/Third_Party/FreeRTOS/Source/stream_buffer.c **** 		( void ) prvReadBytesFromBuffer( pxStreamBuffer, ( uint8_t * ) &xTempNextMessageLength, xBytesToS
 935:Middlewares/Third_Party/FreeRTOS/Source/stream_buffer.c **** 		xNextMessageLength = ( size_t ) xTempNextMessageLength;
 936:Middlewares/Third_Party/FreeRTOS/Source/stream_buffer.c **** 
 937:Middlewares/Third_Party/FreeRTOS/Source/stream_buffer.c **** 		/* Reduce the number of bytes available by the number of bytes just
 938:Middlewares/Third_Party/FreeRTOS/Source/stream_buffer.c **** 		read out. */
 939:Middlewares/Third_Party/FreeRTOS/Source/stream_buffer.c **** 		xBytesAvailable -= xBytesToStoreMessageLength;
 940:Middlewares/Third_Party/FreeRTOS/Source/stream_buffer.c **** 
 941:Middlewares/Third_Party/FreeRTOS/Source/stream_buffer.c **** 		/* Check there is enough space in the buffer provided by the
 942:Middlewares/Third_Party/FreeRTOS/Source/stream_buffer.c **** 		user. */
 943:Middlewares/Third_Party/FreeRTOS/Source/stream_buffer.c **** 		if( xNextMessageLength > xBufferLengthBytes )
ARM GAS  D:\temp\TMP\ccub9rRr.s 			page 18


 944:Middlewares/Third_Party/FreeRTOS/Source/stream_buffer.c **** 		{
 945:Middlewares/Third_Party/FreeRTOS/Source/stream_buffer.c **** 			/* The user has provided insufficient space to read the message
 946:Middlewares/Third_Party/FreeRTOS/Source/stream_buffer.c **** 			so return the buffer to its previous state (so the length of
 947:Middlewares/Third_Party/FreeRTOS/Source/stream_buffer.c **** 			the message is in the buffer again). */
 948:Middlewares/Third_Party/FreeRTOS/Source/stream_buffer.c **** 			pxStreamBuffer->xTail = xOriginalTail;
 949:Middlewares/Third_Party/FreeRTOS/Source/stream_buffer.c **** 			xNextMessageLength = 0;
 950:Middlewares/Third_Party/FreeRTOS/Source/stream_buffer.c **** 		}
 951:Middlewares/Third_Party/FreeRTOS/Source/stream_buffer.c **** 		else
 952:Middlewares/Third_Party/FreeRTOS/Source/stream_buffer.c **** 		{
 953:Middlewares/Third_Party/FreeRTOS/Source/stream_buffer.c **** 			mtCOVERAGE_TEST_MARKER();
 954:Middlewares/Third_Party/FreeRTOS/Source/stream_buffer.c **** 		}
 955:Middlewares/Third_Party/FreeRTOS/Source/stream_buffer.c **** 	}
 956:Middlewares/Third_Party/FreeRTOS/Source/stream_buffer.c **** 	else
 957:Middlewares/Third_Party/FreeRTOS/Source/stream_buffer.c **** 	{
 958:Middlewares/Third_Party/FreeRTOS/Source/stream_buffer.c **** 		/* A stream of bytes is being received (as opposed to a discrete
 959:Middlewares/Third_Party/FreeRTOS/Source/stream_buffer.c **** 		message), so read as many bytes as possible. */
 960:Middlewares/Third_Party/FreeRTOS/Source/stream_buffer.c **** 		xNextMessageLength = xBufferLengthBytes;
 961:Middlewares/Third_Party/FreeRTOS/Source/stream_buffer.c **** 	}
 962:Middlewares/Third_Party/FreeRTOS/Source/stream_buffer.c **** 
 963:Middlewares/Third_Party/FreeRTOS/Source/stream_buffer.c **** 	/* Read the actual data. */
 964:Middlewares/Third_Party/FreeRTOS/Source/stream_buffer.c **** 	xReceivedLength = prvReadBytesFromBuffer( pxStreamBuffer, ( uint8_t * ) pvRxData, xNextMessageLeng
 965:Middlewares/Third_Party/FreeRTOS/Source/stream_buffer.c **** 
 966:Middlewares/Third_Party/FreeRTOS/Source/stream_buffer.c **** 	return xReceivedLength;
 967:Middlewares/Third_Party/FreeRTOS/Source/stream_buffer.c **** }
 968:Middlewares/Third_Party/FreeRTOS/Source/stream_buffer.c **** /*-----------------------------------------------------------*/
 969:Middlewares/Third_Party/FreeRTOS/Source/stream_buffer.c **** 
 970:Middlewares/Third_Party/FreeRTOS/Source/stream_buffer.c **** BaseType_t xStreamBufferIsEmpty( StreamBufferHandle_t xStreamBuffer )
 971:Middlewares/Third_Party/FreeRTOS/Source/stream_buffer.c **** {
 972:Middlewares/Third_Party/FreeRTOS/Source/stream_buffer.c **** const StreamBuffer_t * const pxStreamBuffer = xStreamBuffer;
 973:Middlewares/Third_Party/FreeRTOS/Source/stream_buffer.c **** BaseType_t xReturn;
 974:Middlewares/Third_Party/FreeRTOS/Source/stream_buffer.c **** size_t xTail;
 975:Middlewares/Third_Party/FreeRTOS/Source/stream_buffer.c **** 
 976:Middlewares/Third_Party/FreeRTOS/Source/stream_buffer.c **** 	configASSERT( pxStreamBuffer );
 977:Middlewares/Third_Party/FreeRTOS/Source/stream_buffer.c **** 
 978:Middlewares/Third_Party/FreeRTOS/Source/stream_buffer.c **** 	/* True if no bytes are available. */
 979:Middlewares/Third_Party/FreeRTOS/Source/stream_buffer.c **** 	xTail = pxStreamBuffer->xTail;
 980:Middlewares/Third_Party/FreeRTOS/Source/stream_buffer.c **** 	if( pxStreamBuffer->xHead == xTail )
 981:Middlewares/Third_Party/FreeRTOS/Source/stream_buffer.c **** 	{
 982:Middlewares/Third_Party/FreeRTOS/Source/stream_buffer.c **** 		xReturn = pdTRUE;
 983:Middlewares/Third_Party/FreeRTOS/Source/stream_buffer.c **** 	}
 984:Middlewares/Third_Party/FreeRTOS/Source/stream_buffer.c **** 	else
 985:Middlewares/Third_Party/FreeRTOS/Source/stream_buffer.c **** 	{
 986:Middlewares/Third_Party/FreeRTOS/Source/stream_buffer.c **** 		xReturn = pdFALSE;
 987:Middlewares/Third_Party/FreeRTOS/Source/stream_buffer.c **** 	}
 988:Middlewares/Third_Party/FreeRTOS/Source/stream_buffer.c **** 
 989:Middlewares/Third_Party/FreeRTOS/Source/stream_buffer.c **** 	return xReturn;
 990:Middlewares/Third_Party/FreeRTOS/Source/stream_buffer.c **** }
 991:Middlewares/Third_Party/FreeRTOS/Source/stream_buffer.c **** /*-----------------------------------------------------------*/
 992:Middlewares/Third_Party/FreeRTOS/Source/stream_buffer.c **** 
 993:Middlewares/Third_Party/FreeRTOS/Source/stream_buffer.c **** BaseType_t xStreamBufferIsFull( StreamBufferHandle_t xStreamBuffer )
 994:Middlewares/Third_Party/FreeRTOS/Source/stream_buffer.c **** {
 995:Middlewares/Third_Party/FreeRTOS/Source/stream_buffer.c **** BaseType_t xReturn;
 996:Middlewares/Third_Party/FreeRTOS/Source/stream_buffer.c **** size_t xBytesToStoreMessageLength;
 997:Middlewares/Third_Party/FreeRTOS/Source/stream_buffer.c **** const StreamBuffer_t * const pxStreamBuffer = xStreamBuffer;
 998:Middlewares/Third_Party/FreeRTOS/Source/stream_buffer.c **** 
 999:Middlewares/Third_Party/FreeRTOS/Source/stream_buffer.c **** 	configASSERT( pxStreamBuffer );
1000:Middlewares/Third_Party/FreeRTOS/Source/stream_buffer.c **** 
ARM GAS  D:\temp\TMP\ccub9rRr.s 			page 19


1001:Middlewares/Third_Party/FreeRTOS/Source/stream_buffer.c **** 	/* This generic version of the receive function is used by both message
1002:Middlewares/Third_Party/FreeRTOS/Source/stream_buffer.c **** 	buffers, which store discrete messages, and stream buffers, which store a
1003:Middlewares/Third_Party/FreeRTOS/Source/stream_buffer.c **** 	continuous stream of bytes.  Discrete messages include an additional
1004:Middlewares/Third_Party/FreeRTOS/Source/stream_buffer.c **** 	sbBYTES_TO_STORE_MESSAGE_LENGTH bytes that hold the length of the message. */
1005:Middlewares/Third_Party/FreeRTOS/Source/stream_buffer.c **** 	if( ( pxStreamBuffer->ucFlags & sbFLAGS_IS_MESSAGE_BUFFER ) != ( uint8_t ) 0 )
1006:Middlewares/Third_Party/FreeRTOS/Source/stream_buffer.c **** 	{
1007:Middlewares/Third_Party/FreeRTOS/Source/stream_buffer.c **** 		xBytesToStoreMessageLength = sbBYTES_TO_STORE_MESSAGE_LENGTH;
1008:Middlewares/Third_Party/FreeRTOS/Source/stream_buffer.c **** 	}
1009:Middlewares/Third_Party/FreeRTOS/Source/stream_buffer.c **** 	else
1010:Middlewares/Third_Party/FreeRTOS/Source/stream_buffer.c **** 	{
1011:Middlewares/Third_Party/FreeRTOS/Source/stream_buffer.c **** 		xBytesToStoreMessageLength = 0;
1012:Middlewares/Third_Party/FreeRTOS/Source/stream_buffer.c **** 	}
1013:Middlewares/Third_Party/FreeRTOS/Source/stream_buffer.c **** 
1014:Middlewares/Third_Party/FreeRTOS/Source/stream_buffer.c **** 	/* True if the available space equals zero. */
1015:Middlewares/Third_Party/FreeRTOS/Source/stream_buffer.c **** 	if( xStreamBufferSpacesAvailable( xStreamBuffer ) <= xBytesToStoreMessageLength )
1016:Middlewares/Third_Party/FreeRTOS/Source/stream_buffer.c **** 	{
1017:Middlewares/Third_Party/FreeRTOS/Source/stream_buffer.c **** 		xReturn = pdTRUE;
1018:Middlewares/Third_Party/FreeRTOS/Source/stream_buffer.c **** 	}
1019:Middlewares/Third_Party/FreeRTOS/Source/stream_buffer.c **** 	else
1020:Middlewares/Third_Party/FreeRTOS/Source/stream_buffer.c **** 	{
1021:Middlewares/Third_Party/FreeRTOS/Source/stream_buffer.c **** 		xReturn = pdFALSE;
1022:Middlewares/Third_Party/FreeRTOS/Source/stream_buffer.c **** 	}
1023:Middlewares/Third_Party/FreeRTOS/Source/stream_buffer.c **** 
1024:Middlewares/Third_Party/FreeRTOS/Source/stream_buffer.c **** 	return xReturn;
1025:Middlewares/Third_Party/FreeRTOS/Source/stream_buffer.c **** }
1026:Middlewares/Third_Party/FreeRTOS/Source/stream_buffer.c **** /*-----------------------------------------------------------*/
1027:Middlewares/Third_Party/FreeRTOS/Source/stream_buffer.c **** 
1028:Middlewares/Third_Party/FreeRTOS/Source/stream_buffer.c **** BaseType_t xStreamBufferSendCompletedFromISR( StreamBufferHandle_t xStreamBuffer, BaseType_t *pxHig
1029:Middlewares/Third_Party/FreeRTOS/Source/stream_buffer.c **** {
1030:Middlewares/Third_Party/FreeRTOS/Source/stream_buffer.c **** StreamBuffer_t * const pxStreamBuffer = xStreamBuffer;
1031:Middlewares/Third_Party/FreeRTOS/Source/stream_buffer.c **** BaseType_t xReturn;
1032:Middlewares/Third_Party/FreeRTOS/Source/stream_buffer.c **** UBaseType_t uxSavedInterruptStatus;
1033:Middlewares/Third_Party/FreeRTOS/Source/stream_buffer.c **** 
1034:Middlewares/Third_Party/FreeRTOS/Source/stream_buffer.c **** 	configASSERT( pxStreamBuffer );
1035:Middlewares/Third_Party/FreeRTOS/Source/stream_buffer.c **** 
1036:Middlewares/Third_Party/FreeRTOS/Source/stream_buffer.c **** 	uxSavedInterruptStatus = ( UBaseType_t ) portSET_INTERRUPT_MASK_FROM_ISR();
1037:Middlewares/Third_Party/FreeRTOS/Source/stream_buffer.c **** 	{
1038:Middlewares/Third_Party/FreeRTOS/Source/stream_buffer.c **** 		if( ( pxStreamBuffer )->xTaskWaitingToReceive != NULL )
1039:Middlewares/Third_Party/FreeRTOS/Source/stream_buffer.c **** 		{
1040:Middlewares/Third_Party/FreeRTOS/Source/stream_buffer.c **** 			( void ) xTaskNotifyFromISR( ( pxStreamBuffer )->xTaskWaitingToReceive,
1041:Middlewares/Third_Party/FreeRTOS/Source/stream_buffer.c **** 										 ( uint32_t ) 0,
1042:Middlewares/Third_Party/FreeRTOS/Source/stream_buffer.c **** 										 eNoAction,
1043:Middlewares/Third_Party/FreeRTOS/Source/stream_buffer.c **** 										 pxHigherPriorityTaskWoken );
1044:Middlewares/Third_Party/FreeRTOS/Source/stream_buffer.c **** 			( pxStreamBuffer )->xTaskWaitingToReceive = NULL;
1045:Middlewares/Third_Party/FreeRTOS/Source/stream_buffer.c **** 			xReturn = pdTRUE;
1046:Middlewares/Third_Party/FreeRTOS/Source/stream_buffer.c **** 		}
1047:Middlewares/Third_Party/FreeRTOS/Source/stream_buffer.c **** 		else
1048:Middlewares/Third_Party/FreeRTOS/Source/stream_buffer.c **** 		{
1049:Middlewares/Third_Party/FreeRTOS/Source/stream_buffer.c **** 			xReturn = pdFALSE;
1050:Middlewares/Third_Party/FreeRTOS/Source/stream_buffer.c **** 		}
1051:Middlewares/Third_Party/FreeRTOS/Source/stream_buffer.c **** 	}
1052:Middlewares/Third_Party/FreeRTOS/Source/stream_buffer.c **** 	portCLEAR_INTERRUPT_MASK_FROM_ISR( uxSavedInterruptStatus );
1053:Middlewares/Third_Party/FreeRTOS/Source/stream_buffer.c **** 
1054:Middlewares/Third_Party/FreeRTOS/Source/stream_buffer.c **** 	return xReturn;
1055:Middlewares/Third_Party/FreeRTOS/Source/stream_buffer.c **** }
1056:Middlewares/Third_Party/FreeRTOS/Source/stream_buffer.c **** /*-----------------------------------------------------------*/
1057:Middlewares/Third_Party/FreeRTOS/Source/stream_buffer.c **** 
ARM GAS  D:\temp\TMP\ccub9rRr.s 			page 20


1058:Middlewares/Third_Party/FreeRTOS/Source/stream_buffer.c **** BaseType_t xStreamBufferReceiveCompletedFromISR( StreamBufferHandle_t xStreamBuffer, BaseType_t *px
1059:Middlewares/Third_Party/FreeRTOS/Source/stream_buffer.c **** {
1060:Middlewares/Third_Party/FreeRTOS/Source/stream_buffer.c **** StreamBuffer_t * const pxStreamBuffer = xStreamBuffer;
1061:Middlewares/Third_Party/FreeRTOS/Source/stream_buffer.c **** BaseType_t xReturn;
1062:Middlewares/Third_Party/FreeRTOS/Source/stream_buffer.c **** UBaseType_t uxSavedInterruptStatus;
1063:Middlewares/Third_Party/FreeRTOS/Source/stream_buffer.c **** 
1064:Middlewares/Third_Party/FreeRTOS/Source/stream_buffer.c **** 	configASSERT( pxStreamBuffer );
1065:Middlewares/Third_Party/FreeRTOS/Source/stream_buffer.c **** 
1066:Middlewares/Third_Party/FreeRTOS/Source/stream_buffer.c **** 	uxSavedInterruptStatus = ( UBaseType_t ) portSET_INTERRUPT_MASK_FROM_ISR();
1067:Middlewares/Third_Party/FreeRTOS/Source/stream_buffer.c **** 	{
1068:Middlewares/Third_Party/FreeRTOS/Source/stream_buffer.c **** 		if( ( pxStreamBuffer )->xTaskWaitingToSend != NULL )
1069:Middlewares/Third_Party/FreeRTOS/Source/stream_buffer.c **** 		{
1070:Middlewares/Third_Party/FreeRTOS/Source/stream_buffer.c **** 			( void ) xTaskNotifyFromISR( ( pxStreamBuffer )->xTaskWaitingToSend,
1071:Middlewares/Third_Party/FreeRTOS/Source/stream_buffer.c **** 										 ( uint32_t ) 0,
1072:Middlewares/Third_Party/FreeRTOS/Source/stream_buffer.c **** 										 eNoAction,
1073:Middlewares/Third_Party/FreeRTOS/Source/stream_buffer.c **** 										 pxHigherPriorityTaskWoken );
1074:Middlewares/Third_Party/FreeRTOS/Source/stream_buffer.c **** 			( pxStreamBuffer )->xTaskWaitingToSend = NULL;
1075:Middlewares/Third_Party/FreeRTOS/Source/stream_buffer.c **** 			xReturn = pdTRUE;
1076:Middlewares/Third_Party/FreeRTOS/Source/stream_buffer.c **** 		}
1077:Middlewares/Third_Party/FreeRTOS/Source/stream_buffer.c **** 		else
1078:Middlewares/Third_Party/FreeRTOS/Source/stream_buffer.c **** 		{
1079:Middlewares/Third_Party/FreeRTOS/Source/stream_buffer.c **** 			xReturn = pdFALSE;
1080:Middlewares/Third_Party/FreeRTOS/Source/stream_buffer.c **** 		}
1081:Middlewares/Third_Party/FreeRTOS/Source/stream_buffer.c **** 	}
1082:Middlewares/Third_Party/FreeRTOS/Source/stream_buffer.c **** 	portCLEAR_INTERRUPT_MASK_FROM_ISR( uxSavedInterruptStatus );
1083:Middlewares/Third_Party/FreeRTOS/Source/stream_buffer.c **** 
1084:Middlewares/Third_Party/FreeRTOS/Source/stream_buffer.c **** 	return xReturn;
1085:Middlewares/Third_Party/FreeRTOS/Source/stream_buffer.c **** }
1086:Middlewares/Third_Party/FreeRTOS/Source/stream_buffer.c **** /*-----------------------------------------------------------*/
1087:Middlewares/Third_Party/FreeRTOS/Source/stream_buffer.c **** 
1088:Middlewares/Third_Party/FreeRTOS/Source/stream_buffer.c **** static size_t prvWriteBytesToBuffer( StreamBuffer_t * const pxStreamBuffer, const uint8_t *pucData,
1089:Middlewares/Third_Party/FreeRTOS/Source/stream_buffer.c **** {
1090:Middlewares/Third_Party/FreeRTOS/Source/stream_buffer.c **** size_t xNextHead, xFirstLength;
1091:Middlewares/Third_Party/FreeRTOS/Source/stream_buffer.c **** 
1092:Middlewares/Third_Party/FreeRTOS/Source/stream_buffer.c **** 	configASSERT( xCount > ( size_t ) 0 );
1093:Middlewares/Third_Party/FreeRTOS/Source/stream_buffer.c **** 
1094:Middlewares/Third_Party/FreeRTOS/Source/stream_buffer.c **** 	xNextHead = pxStreamBuffer->xHead;
1095:Middlewares/Third_Party/FreeRTOS/Source/stream_buffer.c **** 
1096:Middlewares/Third_Party/FreeRTOS/Source/stream_buffer.c **** 	/* Calculate the number of bytes that can be added in the first write -
1097:Middlewares/Third_Party/FreeRTOS/Source/stream_buffer.c **** 	which may be less than the total number of bytes that need to be added if
1098:Middlewares/Third_Party/FreeRTOS/Source/stream_buffer.c **** 	the buffer will wrap back to the beginning. */
1099:Middlewares/Third_Party/FreeRTOS/Source/stream_buffer.c **** 	xFirstLength = configMIN( pxStreamBuffer->xLength - xNextHead, xCount );
1100:Middlewares/Third_Party/FreeRTOS/Source/stream_buffer.c **** 
1101:Middlewares/Third_Party/FreeRTOS/Source/stream_buffer.c **** 	/* Write as many bytes as can be written in the first write. */
1102:Middlewares/Third_Party/FreeRTOS/Source/stream_buffer.c **** 	configASSERT( ( xNextHead + xFirstLength ) <= pxStreamBuffer->xLength );
1103:Middlewares/Third_Party/FreeRTOS/Source/stream_buffer.c **** 	( void ) memcpy( ( void* ) ( &( pxStreamBuffer->pucBuffer[ xNextHead ] ) ), ( const void * ) pucDa
1104:Middlewares/Third_Party/FreeRTOS/Source/stream_buffer.c **** 
1105:Middlewares/Third_Party/FreeRTOS/Source/stream_buffer.c **** 	/* If the number of bytes written was less than the number that could be
1106:Middlewares/Third_Party/FreeRTOS/Source/stream_buffer.c **** 	written in the first write... */
1107:Middlewares/Third_Party/FreeRTOS/Source/stream_buffer.c **** 	if( xCount > xFirstLength )
1108:Middlewares/Third_Party/FreeRTOS/Source/stream_buffer.c **** 	{
1109:Middlewares/Third_Party/FreeRTOS/Source/stream_buffer.c **** 		/* ...then write the remaining bytes to the start of the buffer. */
1110:Middlewares/Third_Party/FreeRTOS/Source/stream_buffer.c **** 		configASSERT( ( xCount - xFirstLength ) <= pxStreamBuffer->xLength );
1111:Middlewares/Third_Party/FreeRTOS/Source/stream_buffer.c **** 		( void ) memcpy( ( void * ) pxStreamBuffer->pucBuffer, ( const void * ) &( pucData[ xFirstLength 
1112:Middlewares/Third_Party/FreeRTOS/Source/stream_buffer.c **** 	}
1113:Middlewares/Third_Party/FreeRTOS/Source/stream_buffer.c **** 	else
1114:Middlewares/Third_Party/FreeRTOS/Source/stream_buffer.c **** 	{
ARM GAS  D:\temp\TMP\ccub9rRr.s 			page 21


1115:Middlewares/Third_Party/FreeRTOS/Source/stream_buffer.c **** 		mtCOVERAGE_TEST_MARKER();
1116:Middlewares/Third_Party/FreeRTOS/Source/stream_buffer.c **** 	}
1117:Middlewares/Third_Party/FreeRTOS/Source/stream_buffer.c **** 
1118:Middlewares/Third_Party/FreeRTOS/Source/stream_buffer.c **** 	xNextHead += xCount;
1119:Middlewares/Third_Party/FreeRTOS/Source/stream_buffer.c **** 	if( xNextHead >= pxStreamBuffer->xLength )
1120:Middlewares/Third_Party/FreeRTOS/Source/stream_buffer.c **** 	{
1121:Middlewares/Third_Party/FreeRTOS/Source/stream_buffer.c **** 		xNextHead -= pxStreamBuffer->xLength;
1122:Middlewares/Third_Party/FreeRTOS/Source/stream_buffer.c **** 	}
1123:Middlewares/Third_Party/FreeRTOS/Source/stream_buffer.c **** 	else
1124:Middlewares/Third_Party/FreeRTOS/Source/stream_buffer.c **** 	{
1125:Middlewares/Third_Party/FreeRTOS/Source/stream_buffer.c **** 		mtCOVERAGE_TEST_MARKER();
1126:Middlewares/Third_Party/FreeRTOS/Source/stream_buffer.c **** 	}
1127:Middlewares/Third_Party/FreeRTOS/Source/stream_buffer.c **** 
1128:Middlewares/Third_Party/FreeRTOS/Source/stream_buffer.c **** 	pxStreamBuffer->xHead = xNextHead;
1129:Middlewares/Third_Party/FreeRTOS/Source/stream_buffer.c **** 
1130:Middlewares/Third_Party/FreeRTOS/Source/stream_buffer.c **** 	return xCount;
1131:Middlewares/Third_Party/FreeRTOS/Source/stream_buffer.c **** }
1132:Middlewares/Third_Party/FreeRTOS/Source/stream_buffer.c **** /*-----------------------------------------------------------*/
1133:Middlewares/Third_Party/FreeRTOS/Source/stream_buffer.c **** 
1134:Middlewares/Third_Party/FreeRTOS/Source/stream_buffer.c **** static size_t prvReadBytesFromBuffer( StreamBuffer_t *pxStreamBuffer, uint8_t *pucData, size_t xMax
1135:Middlewares/Third_Party/FreeRTOS/Source/stream_buffer.c **** {
1136:Middlewares/Third_Party/FreeRTOS/Source/stream_buffer.c **** size_t xCount, xFirstLength, xNextTail;
1137:Middlewares/Third_Party/FreeRTOS/Source/stream_buffer.c **** 
1138:Middlewares/Third_Party/FreeRTOS/Source/stream_buffer.c **** 	/* Use the minimum of the wanted bytes and the available bytes. */
1139:Middlewares/Third_Party/FreeRTOS/Source/stream_buffer.c **** 	xCount = configMIN( xBytesAvailable, xMaxCount );
1140:Middlewares/Third_Party/FreeRTOS/Source/stream_buffer.c **** 
1141:Middlewares/Third_Party/FreeRTOS/Source/stream_buffer.c **** 	if( xCount > ( size_t ) 0 )
1142:Middlewares/Third_Party/FreeRTOS/Source/stream_buffer.c **** 	{
1143:Middlewares/Third_Party/FreeRTOS/Source/stream_buffer.c **** 		xNextTail = pxStreamBuffer->xTail;
1144:Middlewares/Third_Party/FreeRTOS/Source/stream_buffer.c **** 
1145:Middlewares/Third_Party/FreeRTOS/Source/stream_buffer.c **** 		/* Calculate the number of bytes that can be read - which may be
1146:Middlewares/Third_Party/FreeRTOS/Source/stream_buffer.c **** 		less than the number wanted if the data wraps around to the start of
1147:Middlewares/Third_Party/FreeRTOS/Source/stream_buffer.c **** 		the buffer. */
1148:Middlewares/Third_Party/FreeRTOS/Source/stream_buffer.c **** 		xFirstLength = configMIN( pxStreamBuffer->xLength - xNextTail, xCount );
1149:Middlewares/Third_Party/FreeRTOS/Source/stream_buffer.c **** 
1150:Middlewares/Third_Party/FreeRTOS/Source/stream_buffer.c **** 		/* Obtain the number of bytes it is possible to obtain in the first
1151:Middlewares/Third_Party/FreeRTOS/Source/stream_buffer.c **** 		read.  Asserts check bounds of read and write. */
1152:Middlewares/Third_Party/FreeRTOS/Source/stream_buffer.c **** 		configASSERT( xFirstLength <= xMaxCount );
1153:Middlewares/Third_Party/FreeRTOS/Source/stream_buffer.c **** 		configASSERT( ( xNextTail + xFirstLength ) <= pxStreamBuffer->xLength );
1154:Middlewares/Third_Party/FreeRTOS/Source/stream_buffer.c **** 		( void ) memcpy( ( void * ) pucData, ( const void * ) &( pxStreamBuffer->pucBuffer[ xNextTail ] )
1155:Middlewares/Third_Party/FreeRTOS/Source/stream_buffer.c **** 
1156:Middlewares/Third_Party/FreeRTOS/Source/stream_buffer.c **** 		/* If the total number of wanted bytes is greater than the number
1157:Middlewares/Third_Party/FreeRTOS/Source/stream_buffer.c **** 		that could be read in the first read... */
1158:Middlewares/Third_Party/FreeRTOS/Source/stream_buffer.c **** 		if( xCount > xFirstLength )
1159:Middlewares/Third_Party/FreeRTOS/Source/stream_buffer.c **** 		{
1160:Middlewares/Third_Party/FreeRTOS/Source/stream_buffer.c **** 			/*...then read the remaining bytes from the start of the buffer. */
1161:Middlewares/Third_Party/FreeRTOS/Source/stream_buffer.c **** 			configASSERT( xCount <= xMaxCount );
1162:Middlewares/Third_Party/FreeRTOS/Source/stream_buffer.c **** 			( void ) memcpy( ( void * ) &( pucData[ xFirstLength ] ), ( void * ) ( pxStreamBuffer->pucBuffer
1163:Middlewares/Third_Party/FreeRTOS/Source/stream_buffer.c **** 		}
1164:Middlewares/Third_Party/FreeRTOS/Source/stream_buffer.c **** 		else
1165:Middlewares/Third_Party/FreeRTOS/Source/stream_buffer.c **** 		{
1166:Middlewares/Third_Party/FreeRTOS/Source/stream_buffer.c **** 			mtCOVERAGE_TEST_MARKER();
1167:Middlewares/Third_Party/FreeRTOS/Source/stream_buffer.c **** 		}
1168:Middlewares/Third_Party/FreeRTOS/Source/stream_buffer.c **** 
1169:Middlewares/Third_Party/FreeRTOS/Source/stream_buffer.c **** 		/* Move the tail pointer to effectively remove the data read from
1170:Middlewares/Third_Party/FreeRTOS/Source/stream_buffer.c **** 		the buffer. */
1171:Middlewares/Third_Party/FreeRTOS/Source/stream_buffer.c **** 		xNextTail += xCount;
ARM GAS  D:\temp\TMP\ccub9rRr.s 			page 22


1172:Middlewares/Third_Party/FreeRTOS/Source/stream_buffer.c **** 
1173:Middlewares/Third_Party/FreeRTOS/Source/stream_buffer.c **** 		if( xNextTail >= pxStreamBuffer->xLength )
1174:Middlewares/Third_Party/FreeRTOS/Source/stream_buffer.c **** 		{
1175:Middlewares/Third_Party/FreeRTOS/Source/stream_buffer.c **** 			xNextTail -= pxStreamBuffer->xLength;
1176:Middlewares/Third_Party/FreeRTOS/Source/stream_buffer.c **** 		}
1177:Middlewares/Third_Party/FreeRTOS/Source/stream_buffer.c **** 
1178:Middlewares/Third_Party/FreeRTOS/Source/stream_buffer.c **** 		pxStreamBuffer->xTail = xNextTail;
1179:Middlewares/Third_Party/FreeRTOS/Source/stream_buffer.c **** 	}
1180:Middlewares/Third_Party/FreeRTOS/Source/stream_buffer.c **** 	else
1181:Middlewares/Third_Party/FreeRTOS/Source/stream_buffer.c **** 	{
1182:Middlewares/Third_Party/FreeRTOS/Source/stream_buffer.c **** 		mtCOVERAGE_TEST_MARKER();
1183:Middlewares/Third_Party/FreeRTOS/Source/stream_buffer.c **** 	}
1184:Middlewares/Third_Party/FreeRTOS/Source/stream_buffer.c **** 
1185:Middlewares/Third_Party/FreeRTOS/Source/stream_buffer.c **** 	return xCount;
1186:Middlewares/Third_Party/FreeRTOS/Source/stream_buffer.c **** }
1187:Middlewares/Third_Party/FreeRTOS/Source/stream_buffer.c **** /*-----------------------------------------------------------*/
1188:Middlewares/Third_Party/FreeRTOS/Source/stream_buffer.c **** 
1189:Middlewares/Third_Party/FreeRTOS/Source/stream_buffer.c **** static size_t prvBytesInBuffer( const StreamBuffer_t * const pxStreamBuffer )
1190:Middlewares/Third_Party/FreeRTOS/Source/stream_buffer.c **** {
  28              		.loc 1 1190 1 view -0
  29              		.cfi_startproc
  30              		@ args = 0, pretend = 0, frame = 0
  31              		@ frame_needed = 0, uses_anonymous_args = 0
  32              		@ link register save eliminated.
1191:Middlewares/Third_Party/FreeRTOS/Source/stream_buffer.c **** /* Returns the distance between xTail and xHead. */
1192:Middlewares/Third_Party/FreeRTOS/Source/stream_buffer.c **** size_t xCount;
  33              		.loc 1 1192 1 view .LVU1
1193:Middlewares/Third_Party/FreeRTOS/Source/stream_buffer.c **** 
1194:Middlewares/Third_Party/FreeRTOS/Source/stream_buffer.c **** 	xCount = pxStreamBuffer->xLength + pxStreamBuffer->xHead;
  34              		.loc 1 1194 2 view .LVU2
  35              		.loc 1 1194 25 is_stmt 0 view .LVU3
  36 0000 8268     		ldr	r2, [r0, #8]
  37              		.loc 1 1194 51 view .LVU4
  38 0002 4368     		ldr	r3, [r0, #4]
  39              		.loc 1 1194 9 view .LVU5
  40 0004 1344     		add	r3, r3, r2
  41              	.LVL1:
1195:Middlewares/Third_Party/FreeRTOS/Source/stream_buffer.c **** 	xCount -= pxStreamBuffer->xTail;
  42              		.loc 1 1195 2 is_stmt 1 view .LVU6
  43              		.loc 1 1195 26 is_stmt 0 view .LVU7
  44 0006 0068     		ldr	r0, [r0]
  45              	.LVL2:
  46              		.loc 1 1195 9 view .LVU8
  47 0008 181A     		subs	r0, r3, r0
  48              	.LVL3:
1196:Middlewares/Third_Party/FreeRTOS/Source/stream_buffer.c **** 	if ( xCount >= pxStreamBuffer->xLength )
  49              		.loc 1 1196 2 is_stmt 1 view .LVU9
  50              		.loc 1 1196 5 is_stmt 0 view .LVU10
  51 000a 8242     		cmp	r2, r0
  52 000c 00D8     		bhi	.L1
1197:Middlewares/Third_Party/FreeRTOS/Source/stream_buffer.c **** 	{
1198:Middlewares/Third_Party/FreeRTOS/Source/stream_buffer.c **** 		xCount -= pxStreamBuffer->xLength;
  53              		.loc 1 1198 3 is_stmt 1 view .LVU11
  54              		.loc 1 1198 10 is_stmt 0 view .LVU12
  55 000e 801A     		subs	r0, r0, r2
  56              	.LVL4:
1199:Middlewares/Third_Party/FreeRTOS/Source/stream_buffer.c **** 	}
ARM GAS  D:\temp\TMP\ccub9rRr.s 			page 23


1200:Middlewares/Third_Party/FreeRTOS/Source/stream_buffer.c **** 	else
1201:Middlewares/Third_Party/FreeRTOS/Source/stream_buffer.c **** 	{
1202:Middlewares/Third_Party/FreeRTOS/Source/stream_buffer.c **** 		mtCOVERAGE_TEST_MARKER();
  57              		.loc 1 1202 27 is_stmt 1 view .LVU13
1203:Middlewares/Third_Party/FreeRTOS/Source/stream_buffer.c **** 	}
1204:Middlewares/Third_Party/FreeRTOS/Source/stream_buffer.c **** 
1205:Middlewares/Third_Party/FreeRTOS/Source/stream_buffer.c **** 	return xCount;
  58              		.loc 1 1205 2 view .LVU14
  59              	.L1:
1206:Middlewares/Third_Party/FreeRTOS/Source/stream_buffer.c **** }
  60              		.loc 1 1206 1 is_stmt 0 view .LVU15
  61 0010 7047     		bx	lr
  62              		.cfi_endproc
  63              	.LFE25:
  65              		.section	.text.prvInitialiseNewStreamBuffer,"ax",%progbits
  66              		.align	1
  67              		.syntax unified
  68              		.thumb
  69              		.thumb_func
  71              	prvInitialiseNewStreamBuffer:
  72              	.LVL5:
  73              	.LFB26:
1207:Middlewares/Third_Party/FreeRTOS/Source/stream_buffer.c **** /*-----------------------------------------------------------*/
1208:Middlewares/Third_Party/FreeRTOS/Source/stream_buffer.c **** 
1209:Middlewares/Third_Party/FreeRTOS/Source/stream_buffer.c **** static void prvInitialiseNewStreamBuffer( StreamBuffer_t * const pxStreamBuffer,
1210:Middlewares/Third_Party/FreeRTOS/Source/stream_buffer.c **** 										  uint8_t * const pucBuffer,
1211:Middlewares/Third_Party/FreeRTOS/Source/stream_buffer.c **** 										  size_t xBufferSizeBytes,
1212:Middlewares/Third_Party/FreeRTOS/Source/stream_buffer.c **** 										  size_t xTriggerLevelBytes,
1213:Middlewares/Third_Party/FreeRTOS/Source/stream_buffer.c **** 										  uint8_t ucFlags )
1214:Middlewares/Third_Party/FreeRTOS/Source/stream_buffer.c **** {
  74              		.loc 1 1214 1 is_stmt 1 view -0
  75              		.cfi_startproc
  76              		@ args = 4, pretend = 0, frame = 0
  77              		@ frame_needed = 0, uses_anonymous_args = 0
  78              		.loc 1 1214 1 is_stmt 0 view .LVU17
  79 0000 F8B5     		push	{r3, r4, r5, r6, r7, lr}
  80              	.LCFI0:
  81              		.cfi_def_cfa_offset 24
  82              		.cfi_offset 3, -24
  83              		.cfi_offset 4, -20
  84              		.cfi_offset 5, -16
  85              		.cfi_offset 6, -12
  86              		.cfi_offset 7, -8
  87              		.cfi_offset 14, -4
  88 0002 0546     		mov	r5, r0
  89 0004 0C46     		mov	r4, r1
  90 0006 1646     		mov	r6, r2
  91 0008 1F46     		mov	r7, r3
  92              	.LBB96:
1215:Middlewares/Third_Party/FreeRTOS/Source/stream_buffer.c **** 	/* Assert here is deliberately writing to the entire buffer to ensure it can
1216:Middlewares/Third_Party/FreeRTOS/Source/stream_buffer.c **** 	be written to without generating exceptions, and is setting the buffer to a
1217:Middlewares/Third_Party/FreeRTOS/Source/stream_buffer.c **** 	known value to assist in development/debugging. */
1218:Middlewares/Third_Party/FreeRTOS/Source/stream_buffer.c **** 	#if( configASSERT_DEFINED == 1 )
1219:Middlewares/Third_Party/FreeRTOS/Source/stream_buffer.c **** 	{
1220:Middlewares/Third_Party/FreeRTOS/Source/stream_buffer.c **** 		/* The value written just has to be identifiable when looking at the
1221:Middlewares/Third_Party/FreeRTOS/Source/stream_buffer.c **** 		memory.  Don't use 0xA5 as that is the stack fill value and could
1222:Middlewares/Third_Party/FreeRTOS/Source/stream_buffer.c **** 		result in confusion as to what is actually being observed. */
ARM GAS  D:\temp\TMP\ccub9rRr.s 			page 24


1223:Middlewares/Third_Party/FreeRTOS/Source/stream_buffer.c **** 		const BaseType_t xWriteValue = 0x55;
  93              		.loc 1 1223 3 is_stmt 1 view .LVU18
  94              	.LVL6:
1224:Middlewares/Third_Party/FreeRTOS/Source/stream_buffer.c **** 		configASSERT( memset( pucBuffer, ( int ) xWriteValue, xBufferSizeBytes ) == pucBuffer );
  95              		.loc 1 1224 3 view .LVU19
  96 000a 5521     		movs	r1, #85
  97              	.LVL7:
  98              		.loc 1 1224 3 is_stmt 0 view .LVU20
  99 000c 2046     		mov	r0, r4
 100              	.LVL8:
 101              		.loc 1 1224 3 view .LVU21
 102 000e FFF7FEFF 		bl	memset
 103              	.LVL9:
 104              		.loc 1 1224 3 discriminator 1 view .LVU22
 105 0012 A042     		cmp	r0, r4
 106 0014 08D0     		beq	.L4
 107              		.loc 1 1224 3 is_stmt 1 discriminator 2 view .LVU23
 108              	.LBB97:
 109              	.LBI97:
 110              		.file 2 "Middlewares/Third_Party/FreeRTOS/Source/portable/GCC/ARM_CM4F/portmacro.h"
   1:Middlewares/Third_Party/FreeRTOS/Source/portable/GCC/ARM_CM4F/portmacro.h **** /*
   2:Middlewares/Third_Party/FreeRTOS/Source/portable/GCC/ARM_CM4F/portmacro.h ****  * FreeRTOS Kernel V10.3.1
   3:Middlewares/Third_Party/FreeRTOS/Source/portable/GCC/ARM_CM4F/portmacro.h ****  * Copyright (C) 2020 Amazon.com, Inc. or its affiliates.  All Rights Reserved.
   4:Middlewares/Third_Party/FreeRTOS/Source/portable/GCC/ARM_CM4F/portmacro.h ****  *
   5:Middlewares/Third_Party/FreeRTOS/Source/portable/GCC/ARM_CM4F/portmacro.h ****  * Permission is hereby granted, free of charge, to any person obtaining a copy of
   6:Middlewares/Third_Party/FreeRTOS/Source/portable/GCC/ARM_CM4F/portmacro.h ****  * this software and associated documentation files (the "Software"), to deal in
   7:Middlewares/Third_Party/FreeRTOS/Source/portable/GCC/ARM_CM4F/portmacro.h ****  * the Software without restriction, including without limitation the rights to
   8:Middlewares/Third_Party/FreeRTOS/Source/portable/GCC/ARM_CM4F/portmacro.h ****  * use, copy, modify, merge, publish, distribute, sublicense, and/or sell copies of
   9:Middlewares/Third_Party/FreeRTOS/Source/portable/GCC/ARM_CM4F/portmacro.h ****  * the Software, and to permit persons to whom the Software is furnished to do so,
  10:Middlewares/Third_Party/FreeRTOS/Source/portable/GCC/ARM_CM4F/portmacro.h ****  * subject to the following conditions:
  11:Middlewares/Third_Party/FreeRTOS/Source/portable/GCC/ARM_CM4F/portmacro.h ****  *
  12:Middlewares/Third_Party/FreeRTOS/Source/portable/GCC/ARM_CM4F/portmacro.h ****  * The above copyright notice and this permission notice shall be included in all
  13:Middlewares/Third_Party/FreeRTOS/Source/portable/GCC/ARM_CM4F/portmacro.h ****  * copies or substantial portions of the Software.
  14:Middlewares/Third_Party/FreeRTOS/Source/portable/GCC/ARM_CM4F/portmacro.h ****  *
  15:Middlewares/Third_Party/FreeRTOS/Source/portable/GCC/ARM_CM4F/portmacro.h ****  * THE SOFTWARE IS PROVIDED "AS IS", WITHOUT WARRANTY OF ANY KIND, EXPRESS OR
  16:Middlewares/Third_Party/FreeRTOS/Source/portable/GCC/ARM_CM4F/portmacro.h ****  * IMPLIED, INCLUDING BUT NOT LIMITED TO THE WARRANTIES OF MERCHANTABILITY, FITNESS
  17:Middlewares/Third_Party/FreeRTOS/Source/portable/GCC/ARM_CM4F/portmacro.h ****  * FOR A PARTICULAR PURPOSE AND NONINFRINGEMENT. IN NO EVENT SHALL THE AUTHORS OR
  18:Middlewares/Third_Party/FreeRTOS/Source/portable/GCC/ARM_CM4F/portmacro.h ****  * COPYRIGHT HOLDERS BE LIABLE FOR ANY CLAIM, DAMAGES OR OTHER LIABILITY, WHETHER
  19:Middlewares/Third_Party/FreeRTOS/Source/portable/GCC/ARM_CM4F/portmacro.h ****  * IN AN ACTION OF CONTRACT, TORT OR OTHERWISE, ARISING FROM, OUT OF OR IN
  20:Middlewares/Third_Party/FreeRTOS/Source/portable/GCC/ARM_CM4F/portmacro.h ****  * CONNECTION WITH THE SOFTWARE OR THE USE OR OTHER DEALINGS IN THE SOFTWARE.
  21:Middlewares/Third_Party/FreeRTOS/Source/portable/GCC/ARM_CM4F/portmacro.h ****  *
  22:Middlewares/Third_Party/FreeRTOS/Source/portable/GCC/ARM_CM4F/portmacro.h ****  * http://www.FreeRTOS.org
  23:Middlewares/Third_Party/FreeRTOS/Source/portable/GCC/ARM_CM4F/portmacro.h ****  * http://aws.amazon.com/freertos
  24:Middlewares/Third_Party/FreeRTOS/Source/portable/GCC/ARM_CM4F/portmacro.h ****  *
  25:Middlewares/Third_Party/FreeRTOS/Source/portable/GCC/ARM_CM4F/portmacro.h ****  * 1 tab == 4 spaces!
  26:Middlewares/Third_Party/FreeRTOS/Source/portable/GCC/ARM_CM4F/portmacro.h ****  */
  27:Middlewares/Third_Party/FreeRTOS/Source/portable/GCC/ARM_CM4F/portmacro.h **** 
  28:Middlewares/Third_Party/FreeRTOS/Source/portable/GCC/ARM_CM4F/portmacro.h **** 
  29:Middlewares/Third_Party/FreeRTOS/Source/portable/GCC/ARM_CM4F/portmacro.h **** #ifndef PORTMACRO_H
  30:Middlewares/Third_Party/FreeRTOS/Source/portable/GCC/ARM_CM4F/portmacro.h **** #define PORTMACRO_H
  31:Middlewares/Third_Party/FreeRTOS/Source/portable/GCC/ARM_CM4F/portmacro.h **** 
  32:Middlewares/Third_Party/FreeRTOS/Source/portable/GCC/ARM_CM4F/portmacro.h **** #ifdef __cplusplus
  33:Middlewares/Third_Party/FreeRTOS/Source/portable/GCC/ARM_CM4F/portmacro.h **** extern "C" {
  34:Middlewares/Third_Party/FreeRTOS/Source/portable/GCC/ARM_CM4F/portmacro.h **** #endif
  35:Middlewares/Third_Party/FreeRTOS/Source/portable/GCC/ARM_CM4F/portmacro.h **** 
  36:Middlewares/Third_Party/FreeRTOS/Source/portable/GCC/ARM_CM4F/portmacro.h **** /*-----------------------------------------------------------
  37:Middlewares/Third_Party/FreeRTOS/Source/portable/GCC/ARM_CM4F/portmacro.h ****  * Port specific definitions.
ARM GAS  D:\temp\TMP\ccub9rRr.s 			page 25


  38:Middlewares/Third_Party/FreeRTOS/Source/portable/GCC/ARM_CM4F/portmacro.h ****  *
  39:Middlewares/Third_Party/FreeRTOS/Source/portable/GCC/ARM_CM4F/portmacro.h ****  * The settings in this file configure FreeRTOS correctly for the
  40:Middlewares/Third_Party/FreeRTOS/Source/portable/GCC/ARM_CM4F/portmacro.h ****  * given hardware and compiler.
  41:Middlewares/Third_Party/FreeRTOS/Source/portable/GCC/ARM_CM4F/portmacro.h ****  *
  42:Middlewares/Third_Party/FreeRTOS/Source/portable/GCC/ARM_CM4F/portmacro.h ****  * These settings should not be altered.
  43:Middlewares/Third_Party/FreeRTOS/Source/portable/GCC/ARM_CM4F/portmacro.h ****  *-----------------------------------------------------------
  44:Middlewares/Third_Party/FreeRTOS/Source/portable/GCC/ARM_CM4F/portmacro.h ****  */
  45:Middlewares/Third_Party/FreeRTOS/Source/portable/GCC/ARM_CM4F/portmacro.h **** 
  46:Middlewares/Third_Party/FreeRTOS/Source/portable/GCC/ARM_CM4F/portmacro.h **** /* Type definitions. */
  47:Middlewares/Third_Party/FreeRTOS/Source/portable/GCC/ARM_CM4F/portmacro.h **** #define portCHAR		char
  48:Middlewares/Third_Party/FreeRTOS/Source/portable/GCC/ARM_CM4F/portmacro.h **** #define portFLOAT		float
  49:Middlewares/Third_Party/FreeRTOS/Source/portable/GCC/ARM_CM4F/portmacro.h **** #define portDOUBLE		double
  50:Middlewares/Third_Party/FreeRTOS/Source/portable/GCC/ARM_CM4F/portmacro.h **** #define portLONG		long
  51:Middlewares/Third_Party/FreeRTOS/Source/portable/GCC/ARM_CM4F/portmacro.h **** #define portSHORT		short
  52:Middlewares/Third_Party/FreeRTOS/Source/portable/GCC/ARM_CM4F/portmacro.h **** #define portSTACK_TYPE	uint32_t
  53:Middlewares/Third_Party/FreeRTOS/Source/portable/GCC/ARM_CM4F/portmacro.h **** #define portBASE_TYPE	long
  54:Middlewares/Third_Party/FreeRTOS/Source/portable/GCC/ARM_CM4F/portmacro.h **** 
  55:Middlewares/Third_Party/FreeRTOS/Source/portable/GCC/ARM_CM4F/portmacro.h **** typedef portSTACK_TYPE StackType_t;
  56:Middlewares/Third_Party/FreeRTOS/Source/portable/GCC/ARM_CM4F/portmacro.h **** typedef long BaseType_t;
  57:Middlewares/Third_Party/FreeRTOS/Source/portable/GCC/ARM_CM4F/portmacro.h **** typedef unsigned long UBaseType_t;
  58:Middlewares/Third_Party/FreeRTOS/Source/portable/GCC/ARM_CM4F/portmacro.h **** 
  59:Middlewares/Third_Party/FreeRTOS/Source/portable/GCC/ARM_CM4F/portmacro.h **** #if( configUSE_16_BIT_TICKS == 1 )
  60:Middlewares/Third_Party/FreeRTOS/Source/portable/GCC/ARM_CM4F/portmacro.h **** 	typedef uint16_t TickType_t;
  61:Middlewares/Third_Party/FreeRTOS/Source/portable/GCC/ARM_CM4F/portmacro.h **** 	#define portMAX_DELAY ( TickType_t ) 0xffff
  62:Middlewares/Third_Party/FreeRTOS/Source/portable/GCC/ARM_CM4F/portmacro.h **** #else
  63:Middlewares/Third_Party/FreeRTOS/Source/portable/GCC/ARM_CM4F/portmacro.h **** 	typedef uint32_t TickType_t;
  64:Middlewares/Third_Party/FreeRTOS/Source/portable/GCC/ARM_CM4F/portmacro.h **** 	#define portMAX_DELAY ( TickType_t ) 0xffffffffUL
  65:Middlewares/Third_Party/FreeRTOS/Source/portable/GCC/ARM_CM4F/portmacro.h **** 
  66:Middlewares/Third_Party/FreeRTOS/Source/portable/GCC/ARM_CM4F/portmacro.h **** 	/* 32-bit tick type on a 32-bit architecture, so reads of the tick count do
  67:Middlewares/Third_Party/FreeRTOS/Source/portable/GCC/ARM_CM4F/portmacro.h **** 	not need to be guarded with a critical section. */
  68:Middlewares/Third_Party/FreeRTOS/Source/portable/GCC/ARM_CM4F/portmacro.h **** 	#define portTICK_TYPE_IS_ATOMIC 1
  69:Middlewares/Third_Party/FreeRTOS/Source/portable/GCC/ARM_CM4F/portmacro.h **** #endif
  70:Middlewares/Third_Party/FreeRTOS/Source/portable/GCC/ARM_CM4F/portmacro.h **** /*-----------------------------------------------------------*/
  71:Middlewares/Third_Party/FreeRTOS/Source/portable/GCC/ARM_CM4F/portmacro.h **** 
  72:Middlewares/Third_Party/FreeRTOS/Source/portable/GCC/ARM_CM4F/portmacro.h **** /* Architecture specifics. */
  73:Middlewares/Third_Party/FreeRTOS/Source/portable/GCC/ARM_CM4F/portmacro.h **** #define portSTACK_GROWTH			( -1 )
  74:Middlewares/Third_Party/FreeRTOS/Source/portable/GCC/ARM_CM4F/portmacro.h **** #define portTICK_PERIOD_MS			( ( TickType_t ) 1000 / configTICK_RATE_HZ )
  75:Middlewares/Third_Party/FreeRTOS/Source/portable/GCC/ARM_CM4F/portmacro.h **** #define portBYTE_ALIGNMENT			8
  76:Middlewares/Third_Party/FreeRTOS/Source/portable/GCC/ARM_CM4F/portmacro.h **** /*-----------------------------------------------------------*/
  77:Middlewares/Third_Party/FreeRTOS/Source/portable/GCC/ARM_CM4F/portmacro.h **** 
  78:Middlewares/Third_Party/FreeRTOS/Source/portable/GCC/ARM_CM4F/portmacro.h **** /* Scheduler utilities. */
  79:Middlewares/Third_Party/FreeRTOS/Source/portable/GCC/ARM_CM4F/portmacro.h **** #define portYIELD() 															\
  80:Middlewares/Third_Party/FreeRTOS/Source/portable/GCC/ARM_CM4F/portmacro.h **** {																				\
  81:Middlewares/Third_Party/FreeRTOS/Source/portable/GCC/ARM_CM4F/portmacro.h **** 	/* Set a PendSV to request a context switch. */								\
  82:Middlewares/Third_Party/FreeRTOS/Source/portable/GCC/ARM_CM4F/portmacro.h **** 	portNVIC_INT_CTRL_REG = portNVIC_PENDSVSET_BIT;								\
  83:Middlewares/Third_Party/FreeRTOS/Source/portable/GCC/ARM_CM4F/portmacro.h **** 																				\
  84:Middlewares/Third_Party/FreeRTOS/Source/portable/GCC/ARM_CM4F/portmacro.h **** 	/* Barriers are normally not required but do ensure the code is completely	\
  85:Middlewares/Third_Party/FreeRTOS/Source/portable/GCC/ARM_CM4F/portmacro.h **** 	within the specified behaviour for the architecture. */						\
  86:Middlewares/Third_Party/FreeRTOS/Source/portable/GCC/ARM_CM4F/portmacro.h **** 	__asm volatile( "dsb" ::: "memory" );										\
  87:Middlewares/Third_Party/FreeRTOS/Source/portable/GCC/ARM_CM4F/portmacro.h **** 	__asm volatile( "isb" );													\
  88:Middlewares/Third_Party/FreeRTOS/Source/portable/GCC/ARM_CM4F/portmacro.h **** }
  89:Middlewares/Third_Party/FreeRTOS/Source/portable/GCC/ARM_CM4F/portmacro.h **** 
  90:Middlewares/Third_Party/FreeRTOS/Source/portable/GCC/ARM_CM4F/portmacro.h **** #define portNVIC_INT_CTRL_REG		( * ( ( volatile uint32_t * ) 0xe000ed04 ) )
  91:Middlewares/Third_Party/FreeRTOS/Source/portable/GCC/ARM_CM4F/portmacro.h **** #define portNVIC_PENDSVSET_BIT		( 1UL << 28UL )
  92:Middlewares/Third_Party/FreeRTOS/Source/portable/GCC/ARM_CM4F/portmacro.h **** #define portEND_SWITCHING_ISR( xSwitchRequired ) if( xSwitchRequired != pdFALSE ) portYIELD()
  93:Middlewares/Third_Party/FreeRTOS/Source/portable/GCC/ARM_CM4F/portmacro.h **** #define portYIELD_FROM_ISR( x ) portEND_SWITCHING_ISR( x )
  94:Middlewares/Third_Party/FreeRTOS/Source/portable/GCC/ARM_CM4F/portmacro.h **** /*-----------------------------------------------------------*/
ARM GAS  D:\temp\TMP\ccub9rRr.s 			page 26


  95:Middlewares/Third_Party/FreeRTOS/Source/portable/GCC/ARM_CM4F/portmacro.h **** 
  96:Middlewares/Third_Party/FreeRTOS/Source/portable/GCC/ARM_CM4F/portmacro.h **** /* Critical section management. */
  97:Middlewares/Third_Party/FreeRTOS/Source/portable/GCC/ARM_CM4F/portmacro.h **** extern void vPortEnterCritical( void );
  98:Middlewares/Third_Party/FreeRTOS/Source/portable/GCC/ARM_CM4F/portmacro.h **** extern void vPortExitCritical( void );
  99:Middlewares/Third_Party/FreeRTOS/Source/portable/GCC/ARM_CM4F/portmacro.h **** #define portSET_INTERRUPT_MASK_FROM_ISR()		ulPortRaiseBASEPRI()
 100:Middlewares/Third_Party/FreeRTOS/Source/portable/GCC/ARM_CM4F/portmacro.h **** #define portCLEAR_INTERRUPT_MASK_FROM_ISR(x)	vPortSetBASEPRI(x)
 101:Middlewares/Third_Party/FreeRTOS/Source/portable/GCC/ARM_CM4F/portmacro.h **** #define portDISABLE_INTERRUPTS()				vPortRaiseBASEPRI()
 102:Middlewares/Third_Party/FreeRTOS/Source/portable/GCC/ARM_CM4F/portmacro.h **** #define portENABLE_INTERRUPTS()					vPortSetBASEPRI(0)
 103:Middlewares/Third_Party/FreeRTOS/Source/portable/GCC/ARM_CM4F/portmacro.h **** #define portENTER_CRITICAL()					vPortEnterCritical()
 104:Middlewares/Third_Party/FreeRTOS/Source/portable/GCC/ARM_CM4F/portmacro.h **** #define portEXIT_CRITICAL()						vPortExitCritical()
 105:Middlewares/Third_Party/FreeRTOS/Source/portable/GCC/ARM_CM4F/portmacro.h **** 
 106:Middlewares/Third_Party/FreeRTOS/Source/portable/GCC/ARM_CM4F/portmacro.h **** /*-----------------------------------------------------------*/
 107:Middlewares/Third_Party/FreeRTOS/Source/portable/GCC/ARM_CM4F/portmacro.h **** 
 108:Middlewares/Third_Party/FreeRTOS/Source/portable/GCC/ARM_CM4F/portmacro.h **** /* Task function macros as described on the FreeRTOS.org WEB site.  These are
 109:Middlewares/Third_Party/FreeRTOS/Source/portable/GCC/ARM_CM4F/portmacro.h **** not necessary for to use this port.  They are defined so the common demo files
 110:Middlewares/Third_Party/FreeRTOS/Source/portable/GCC/ARM_CM4F/portmacro.h **** (which build with all the ports) will build. */
 111:Middlewares/Third_Party/FreeRTOS/Source/portable/GCC/ARM_CM4F/portmacro.h **** #define portTASK_FUNCTION_PROTO( vFunction, pvParameters ) void vFunction( void *pvParameters )
 112:Middlewares/Third_Party/FreeRTOS/Source/portable/GCC/ARM_CM4F/portmacro.h **** #define portTASK_FUNCTION( vFunction, pvParameters ) void vFunction( void *pvParameters )
 113:Middlewares/Third_Party/FreeRTOS/Source/portable/GCC/ARM_CM4F/portmacro.h **** /*-----------------------------------------------------------*/
 114:Middlewares/Third_Party/FreeRTOS/Source/portable/GCC/ARM_CM4F/portmacro.h **** 
 115:Middlewares/Third_Party/FreeRTOS/Source/portable/GCC/ARM_CM4F/portmacro.h **** /* Tickless idle/low power functionality. */
 116:Middlewares/Third_Party/FreeRTOS/Source/portable/GCC/ARM_CM4F/portmacro.h **** #ifndef portSUPPRESS_TICKS_AND_SLEEP
 117:Middlewares/Third_Party/FreeRTOS/Source/portable/GCC/ARM_CM4F/portmacro.h **** 	extern void vPortSuppressTicksAndSleep( TickType_t xExpectedIdleTime );
 118:Middlewares/Third_Party/FreeRTOS/Source/portable/GCC/ARM_CM4F/portmacro.h **** 	#define portSUPPRESS_TICKS_AND_SLEEP( xExpectedIdleTime ) vPortSuppressTicksAndSleep( xExpectedIdl
 119:Middlewares/Third_Party/FreeRTOS/Source/portable/GCC/ARM_CM4F/portmacro.h **** #endif
 120:Middlewares/Third_Party/FreeRTOS/Source/portable/GCC/ARM_CM4F/portmacro.h **** /*-----------------------------------------------------------*/
 121:Middlewares/Third_Party/FreeRTOS/Source/portable/GCC/ARM_CM4F/portmacro.h **** 
 122:Middlewares/Third_Party/FreeRTOS/Source/portable/GCC/ARM_CM4F/portmacro.h **** /* Architecture specific optimisations. */
 123:Middlewares/Third_Party/FreeRTOS/Source/portable/GCC/ARM_CM4F/portmacro.h **** #ifndef configUSE_PORT_OPTIMISED_TASK_SELECTION
 124:Middlewares/Third_Party/FreeRTOS/Source/portable/GCC/ARM_CM4F/portmacro.h **** 	#define configUSE_PORT_OPTIMISED_TASK_SELECTION 1
 125:Middlewares/Third_Party/FreeRTOS/Source/portable/GCC/ARM_CM4F/portmacro.h **** #endif
 126:Middlewares/Third_Party/FreeRTOS/Source/portable/GCC/ARM_CM4F/portmacro.h **** 
 127:Middlewares/Third_Party/FreeRTOS/Source/portable/GCC/ARM_CM4F/portmacro.h **** #if configUSE_PORT_OPTIMISED_TASK_SELECTION == 1
 128:Middlewares/Third_Party/FreeRTOS/Source/portable/GCC/ARM_CM4F/portmacro.h **** 
 129:Middlewares/Third_Party/FreeRTOS/Source/portable/GCC/ARM_CM4F/portmacro.h **** 	/* Generic helper function. */
 130:Middlewares/Third_Party/FreeRTOS/Source/portable/GCC/ARM_CM4F/portmacro.h **** 	__attribute__( ( always_inline ) ) static inline uint8_t ucPortCountLeadingZeros( uint32_t ulBitma
 131:Middlewares/Third_Party/FreeRTOS/Source/portable/GCC/ARM_CM4F/portmacro.h **** 	{
 132:Middlewares/Third_Party/FreeRTOS/Source/portable/GCC/ARM_CM4F/portmacro.h **** 	uint8_t ucReturn;
 133:Middlewares/Third_Party/FreeRTOS/Source/portable/GCC/ARM_CM4F/portmacro.h **** 
 134:Middlewares/Third_Party/FreeRTOS/Source/portable/GCC/ARM_CM4F/portmacro.h **** 		__asm volatile ( "clz %0, %1" : "=r" ( ucReturn ) : "r" ( ulBitmap ) : "memory" );
 135:Middlewares/Third_Party/FreeRTOS/Source/portable/GCC/ARM_CM4F/portmacro.h **** 		return ucReturn;
 136:Middlewares/Third_Party/FreeRTOS/Source/portable/GCC/ARM_CM4F/portmacro.h **** 	}
 137:Middlewares/Third_Party/FreeRTOS/Source/portable/GCC/ARM_CM4F/portmacro.h **** 
 138:Middlewares/Third_Party/FreeRTOS/Source/portable/GCC/ARM_CM4F/portmacro.h **** 	/* Check the configuration. */
 139:Middlewares/Third_Party/FreeRTOS/Source/portable/GCC/ARM_CM4F/portmacro.h **** 	#if( configMAX_PRIORITIES > 32 )
 140:Middlewares/Third_Party/FreeRTOS/Source/portable/GCC/ARM_CM4F/portmacro.h **** 		#error configUSE_PORT_OPTIMISED_TASK_SELECTION can only be set to 1 when configMAX_PRIORITIES is 
 141:Middlewares/Third_Party/FreeRTOS/Source/portable/GCC/ARM_CM4F/portmacro.h **** 	#endif
 142:Middlewares/Third_Party/FreeRTOS/Source/portable/GCC/ARM_CM4F/portmacro.h **** 
 143:Middlewares/Third_Party/FreeRTOS/Source/portable/GCC/ARM_CM4F/portmacro.h **** 	/* Store/clear the ready priorities in a bit map. */
 144:Middlewares/Third_Party/FreeRTOS/Source/portable/GCC/ARM_CM4F/portmacro.h **** 	#define portRECORD_READY_PRIORITY( uxPriority, uxReadyPriorities ) ( uxReadyPriorities ) |= ( 1UL 
 145:Middlewares/Third_Party/FreeRTOS/Source/portable/GCC/ARM_CM4F/portmacro.h **** 	#define portRESET_READY_PRIORITY( uxPriority, uxReadyPriorities ) ( uxReadyPriorities ) &= ~( 1UL 
 146:Middlewares/Third_Party/FreeRTOS/Source/portable/GCC/ARM_CM4F/portmacro.h **** 
 147:Middlewares/Third_Party/FreeRTOS/Source/portable/GCC/ARM_CM4F/portmacro.h **** 	/*-----------------------------------------------------------*/
 148:Middlewares/Third_Party/FreeRTOS/Source/portable/GCC/ARM_CM4F/portmacro.h **** 
 149:Middlewares/Third_Party/FreeRTOS/Source/portable/GCC/ARM_CM4F/portmacro.h **** 	#define portGET_HIGHEST_PRIORITY( uxTopPriority, uxReadyPriorities ) uxTopPriority = ( 31UL - ( ui
 150:Middlewares/Third_Party/FreeRTOS/Source/portable/GCC/ARM_CM4F/portmacro.h **** 
 151:Middlewares/Third_Party/FreeRTOS/Source/portable/GCC/ARM_CM4F/portmacro.h **** #endif /* configUSE_PORT_OPTIMISED_TASK_SELECTION */
ARM GAS  D:\temp\TMP\ccub9rRr.s 			page 27


 152:Middlewares/Third_Party/FreeRTOS/Source/portable/GCC/ARM_CM4F/portmacro.h **** 
 153:Middlewares/Third_Party/FreeRTOS/Source/portable/GCC/ARM_CM4F/portmacro.h **** /*-----------------------------------------------------------*/
 154:Middlewares/Third_Party/FreeRTOS/Source/portable/GCC/ARM_CM4F/portmacro.h **** 
 155:Middlewares/Third_Party/FreeRTOS/Source/portable/GCC/ARM_CM4F/portmacro.h **** #ifdef configASSERT
 156:Middlewares/Third_Party/FreeRTOS/Source/portable/GCC/ARM_CM4F/portmacro.h **** 	void vPortValidateInterruptPriority( void );
 157:Middlewares/Third_Party/FreeRTOS/Source/portable/GCC/ARM_CM4F/portmacro.h **** 	#define portASSERT_IF_INTERRUPT_PRIORITY_INVALID() 	vPortValidateInterruptPriority()
 158:Middlewares/Third_Party/FreeRTOS/Source/portable/GCC/ARM_CM4F/portmacro.h **** #endif
 159:Middlewares/Third_Party/FreeRTOS/Source/portable/GCC/ARM_CM4F/portmacro.h **** 
 160:Middlewares/Third_Party/FreeRTOS/Source/portable/GCC/ARM_CM4F/portmacro.h **** /* portNOP() is not required by this port. */
 161:Middlewares/Third_Party/FreeRTOS/Source/portable/GCC/ARM_CM4F/portmacro.h **** #define portNOP()
 162:Middlewares/Third_Party/FreeRTOS/Source/portable/GCC/ARM_CM4F/portmacro.h **** 
 163:Middlewares/Third_Party/FreeRTOS/Source/portable/GCC/ARM_CM4F/portmacro.h **** #define portINLINE	__inline
 164:Middlewares/Third_Party/FreeRTOS/Source/portable/GCC/ARM_CM4F/portmacro.h **** 
 165:Middlewares/Third_Party/FreeRTOS/Source/portable/GCC/ARM_CM4F/portmacro.h **** #ifndef portFORCE_INLINE
 166:Middlewares/Third_Party/FreeRTOS/Source/portable/GCC/ARM_CM4F/portmacro.h **** 	#define portFORCE_INLINE inline __attribute__(( always_inline))
 167:Middlewares/Third_Party/FreeRTOS/Source/portable/GCC/ARM_CM4F/portmacro.h **** #endif
 168:Middlewares/Third_Party/FreeRTOS/Source/portable/GCC/ARM_CM4F/portmacro.h **** 
 169:Middlewares/Third_Party/FreeRTOS/Source/portable/GCC/ARM_CM4F/portmacro.h **** portFORCE_INLINE static BaseType_t xPortIsInsideInterrupt( void )
 170:Middlewares/Third_Party/FreeRTOS/Source/portable/GCC/ARM_CM4F/portmacro.h **** {
 171:Middlewares/Third_Party/FreeRTOS/Source/portable/GCC/ARM_CM4F/portmacro.h **** uint32_t ulCurrentInterrupt;
 172:Middlewares/Third_Party/FreeRTOS/Source/portable/GCC/ARM_CM4F/portmacro.h **** BaseType_t xReturn;
 173:Middlewares/Third_Party/FreeRTOS/Source/portable/GCC/ARM_CM4F/portmacro.h **** 
 174:Middlewares/Third_Party/FreeRTOS/Source/portable/GCC/ARM_CM4F/portmacro.h **** 	/* Obtain the number of the currently executing interrupt. */
 175:Middlewares/Third_Party/FreeRTOS/Source/portable/GCC/ARM_CM4F/portmacro.h **** 	__asm volatile( "mrs %0, ipsr" : "=r"( ulCurrentInterrupt ) :: "memory" );
 176:Middlewares/Third_Party/FreeRTOS/Source/portable/GCC/ARM_CM4F/portmacro.h **** 
 177:Middlewares/Third_Party/FreeRTOS/Source/portable/GCC/ARM_CM4F/portmacro.h **** 	if( ulCurrentInterrupt == 0 )
 178:Middlewares/Third_Party/FreeRTOS/Source/portable/GCC/ARM_CM4F/portmacro.h **** 	{
 179:Middlewares/Third_Party/FreeRTOS/Source/portable/GCC/ARM_CM4F/portmacro.h **** 		xReturn = pdFALSE;
 180:Middlewares/Third_Party/FreeRTOS/Source/portable/GCC/ARM_CM4F/portmacro.h **** 	}
 181:Middlewares/Third_Party/FreeRTOS/Source/portable/GCC/ARM_CM4F/portmacro.h **** 	else
 182:Middlewares/Third_Party/FreeRTOS/Source/portable/GCC/ARM_CM4F/portmacro.h **** 	{
 183:Middlewares/Third_Party/FreeRTOS/Source/portable/GCC/ARM_CM4F/portmacro.h **** 		xReturn = pdTRUE;
 184:Middlewares/Third_Party/FreeRTOS/Source/portable/GCC/ARM_CM4F/portmacro.h **** 	}
 185:Middlewares/Third_Party/FreeRTOS/Source/portable/GCC/ARM_CM4F/portmacro.h **** 
 186:Middlewares/Third_Party/FreeRTOS/Source/portable/GCC/ARM_CM4F/portmacro.h **** 	return xReturn;
 187:Middlewares/Third_Party/FreeRTOS/Source/portable/GCC/ARM_CM4F/portmacro.h **** }
 188:Middlewares/Third_Party/FreeRTOS/Source/portable/GCC/ARM_CM4F/portmacro.h **** 
 189:Middlewares/Third_Party/FreeRTOS/Source/portable/GCC/ARM_CM4F/portmacro.h **** /*-----------------------------------------------------------*/
 190:Middlewares/Third_Party/FreeRTOS/Source/portable/GCC/ARM_CM4F/portmacro.h **** 
 191:Middlewares/Third_Party/FreeRTOS/Source/portable/GCC/ARM_CM4F/portmacro.h **** portFORCE_INLINE static void vPortRaiseBASEPRI( void )
 111              		.loc 2 191 30 view .LVU24
 112              	.LBB98:
 192:Middlewares/Third_Party/FreeRTOS/Source/portable/GCC/ARM_CM4F/portmacro.h **** {
 193:Middlewares/Third_Party/FreeRTOS/Source/portable/GCC/ARM_CM4F/portmacro.h **** uint32_t ulNewBASEPRI;
 113              		.loc 2 193 1 view .LVU25
 194:Middlewares/Third_Party/FreeRTOS/Source/portable/GCC/ARM_CM4F/portmacro.h **** 
 195:Middlewares/Third_Party/FreeRTOS/Source/portable/GCC/ARM_CM4F/portmacro.h **** 	__asm volatile
 114              		.loc 2 195 2 view .LVU26
 115              		.syntax unified
 116              	@ 195 "Middlewares/Third_Party/FreeRTOS/Source/portable/GCC/ARM_CM4F/portmacro.h" 1
 117 0016 4FF05003 			mov r3, #80												
 118 001a 83F31188 		msr basepri, r3											
 119 001e BFF36F8F 		isb														
 120 0022 BFF34F8F 		dsb														
 121              	
 122              	@ 0 "" 2
 123              		.thumb
ARM GAS  D:\temp\TMP\ccub9rRr.s 			page 28


 124              		.syntax unified
 125              	.L5:
 126              	.LBE98:
 127              	.LBE97:
 128              		.loc 1 1224 3 view .LVU27
 129 0026 FEE7     		b	.L5
 130              	.L4:
 131              		.loc 1 1224 90 view .LVU28
 132              	.LBE96:
1225:Middlewares/Third_Party/FreeRTOS/Source/stream_buffer.c **** 	} /*lint !e529 !e438 xWriteValue is only used if configASSERT() is defined. */
1226:Middlewares/Third_Party/FreeRTOS/Source/stream_buffer.c **** 	#endif
1227:Middlewares/Third_Party/FreeRTOS/Source/stream_buffer.c **** 
1228:Middlewares/Third_Party/FreeRTOS/Source/stream_buffer.c **** 	( void ) memset( ( void * ) pxStreamBuffer, 0x00, sizeof( StreamBuffer_t ) ); /*lint !e9087 memset
 133              		.loc 1 1228 2 view .LVU29
 134              		.loc 1 1228 11 is_stmt 0 view .LVU30
 135 0028 2022     		movs	r2, #32
 136 002a 0021     		movs	r1, #0
 137 002c 2846     		mov	r0, r5
 138 002e FFF7FEFF 		bl	memset
 139              	.LVL10:
1229:Middlewares/Third_Party/FreeRTOS/Source/stream_buffer.c **** 	pxStreamBuffer->pucBuffer = pucBuffer;
 140              		.loc 1 1229 2 is_stmt 1 view .LVU31
 141              		.loc 1 1229 28 is_stmt 0 view .LVU32
 142 0032 AC61     		str	r4, [r5, #24]
1230:Middlewares/Third_Party/FreeRTOS/Source/stream_buffer.c **** 	pxStreamBuffer->xLength = xBufferSizeBytes;
 143              		.loc 1 1230 2 is_stmt 1 view .LVU33
 144              		.loc 1 1230 26 is_stmt 0 view .LVU34
 145 0034 AE60     		str	r6, [r5, #8]
1231:Middlewares/Third_Party/FreeRTOS/Source/stream_buffer.c **** 	pxStreamBuffer->xTriggerLevelBytes = xTriggerLevelBytes;
 146              		.loc 1 1231 2 is_stmt 1 view .LVU35
 147              		.loc 1 1231 37 is_stmt 0 view .LVU36
 148 0036 EF60     		str	r7, [r5, #12]
1232:Middlewares/Third_Party/FreeRTOS/Source/stream_buffer.c **** 	pxStreamBuffer->ucFlags = ucFlags;
 149              		.loc 1 1232 2 is_stmt 1 view .LVU37
 150              		.loc 1 1232 26 is_stmt 0 view .LVU38
 151 0038 9DF81830 		ldrb	r3, [sp, #24]	@ zero_extendqisi2
 152 003c 2B77     		strb	r3, [r5, #28]
1233:Middlewares/Third_Party/FreeRTOS/Source/stream_buffer.c **** }
 153              		.loc 1 1233 1 view .LVU39
 154 003e F8BD     		pop	{r3, r4, r5, r6, r7, pc}
 155              		.loc 1 1233 1 view .LVU40
 156              		.cfi_endproc
 157              	.LFE26:
 159              		.section	.text.prvWriteBytesToBuffer,"ax",%progbits
 160              		.align	1
 161              		.syntax unified
 162              		.thumb
 163              		.thumb_func
 165              	prvWriteBytesToBuffer:
 166              	.LVL11:
 167              	.LFB23:
1089:Middlewares/Third_Party/FreeRTOS/Source/stream_buffer.c **** size_t xNextHead, xFirstLength;
 168              		.loc 1 1089 1 is_stmt 1 view -0
 169              		.cfi_startproc
 170              		@ args = 0, pretend = 0, frame = 0
 171              		@ frame_needed = 0, uses_anonymous_args = 0
1089:Middlewares/Third_Party/FreeRTOS/Source/stream_buffer.c **** size_t xNextHead, xFirstLength;
ARM GAS  D:\temp\TMP\ccub9rRr.s 			page 29


 172              		.loc 1 1089 1 is_stmt 0 view .LVU42
 173 0000 2DE9F843 		push	{r3, r4, r5, r6, r7, r8, r9, lr}
 174              	.LCFI1:
 175              		.cfi_def_cfa_offset 32
 176              		.cfi_offset 3, -32
 177              		.cfi_offset 4, -28
 178              		.cfi_offset 5, -24
 179              		.cfi_offset 6, -20
 180              		.cfi_offset 7, -16
 181              		.cfi_offset 8, -12
 182              		.cfi_offset 9, -8
 183              		.cfi_offset 14, -4
1090:Middlewares/Third_Party/FreeRTOS/Source/stream_buffer.c **** 
 184              		.loc 1 1090 1 is_stmt 1 view .LVU43
1092:Middlewares/Third_Party/FreeRTOS/Source/stream_buffer.c **** 
 185              		.loc 1 1092 2 view .LVU44
 186 0004 42B9     		cbnz	r2, .L8
1092:Middlewares/Third_Party/FreeRTOS/Source/stream_buffer.c **** 
 187              		.loc 1 1092 2 discriminator 1 view .LVU45
 188              	.LBB99:
 189              	.LBI99:
 191:Middlewares/Third_Party/FreeRTOS/Source/portable/GCC/ARM_CM4F/portmacro.h **** {
 190              		.loc 2 191 30 view .LVU46
 191              	.LBB100:
 193:Middlewares/Third_Party/FreeRTOS/Source/portable/GCC/ARM_CM4F/portmacro.h **** 
 192              		.loc 2 193 1 view .LVU47
 193              		.loc 2 195 2 view .LVU48
 194              		.syntax unified
 195              	@ 195 "Middlewares/Third_Party/FreeRTOS/Source/portable/GCC/ARM_CM4F/portmacro.h" 1
 196 0006 4FF05003 			mov r3, #80												
 197 000a 83F31188 		msr basepri, r3											
 198 000e BFF36F8F 		isb														
 199 0012 BFF34F8F 		dsb														
 200              	
 201              	@ 0 "" 2
 202              		.thumb
 203              		.syntax unified
 204              	.L9:
 205              	.LBE100:
 206              	.LBE99:
1092:Middlewares/Third_Party/FreeRTOS/Source/stream_buffer.c **** 
 207              		.loc 1 1092 2 view .LVU49
 208 0016 FEE7     		b	.L9
 209              	.L8:
 210 0018 0446     		mov	r4, r0
 211 001a 8946     		mov	r9, r1
 212 001c 9046     		mov	r8, r2
1092:Middlewares/Third_Party/FreeRTOS/Source/stream_buffer.c **** 
 213              		.loc 1 1092 39 view .LVU50
1094:Middlewares/Third_Party/FreeRTOS/Source/stream_buffer.c **** 
 214              		.loc 1 1094 2 view .LVU51
1094:Middlewares/Third_Party/FreeRTOS/Source/stream_buffer.c **** 
 215              		.loc 1 1094 12 is_stmt 0 view .LVU52
 216 001e 4568     		ldr	r5, [r0, #4]
 217              	.LVL12:
1099:Middlewares/Third_Party/FreeRTOS/Source/stream_buffer.c **** 
 218              		.loc 1 1099 2 is_stmt 1 view .LVU53
ARM GAS  D:\temp\TMP\ccub9rRr.s 			page 30


1099:Middlewares/Third_Party/FreeRTOS/Source/stream_buffer.c **** 
 219              		.loc 1 1099 17 is_stmt 0 view .LVU54
 220 0020 8368     		ldr	r3, [r0, #8]
 221 0022 5F1B     		subs	r7, r3, r5
1099:Middlewares/Third_Party/FreeRTOS/Source/stream_buffer.c **** 
 222              		.loc 1 1099 15 view .LVU55
 223 0024 1646     		mov	r6, r2
 224 0026 BA42     		cmp	r2, r7
 225 0028 28BF     		it	cs
 226 002a 3E46     		movcs	r6, r7
 227              	.LVL13:
1102:Middlewares/Third_Party/FreeRTOS/Source/stream_buffer.c **** 	( void ) memcpy( ( void* ) ( &( pxStreamBuffer->pucBuffer[ xNextHead ] ) ), ( const void * ) pucDa
 228              		.loc 1 1102 2 is_stmt 1 view .LVU56
 229 002c AA19     		adds	r2, r5, r6
 230              	.LVL14:
1102:Middlewares/Third_Party/FreeRTOS/Source/stream_buffer.c **** 	( void ) memcpy( ( void* ) ( &( pxStreamBuffer->pucBuffer[ xNextHead ] ) ), ( const void * ) pucDa
 231              		.loc 1 1102 2 is_stmt 0 view .LVU57
 232 002e 9342     		cmp	r3, r2
 233 0030 08D2     		bcs	.L10
1102:Middlewares/Third_Party/FreeRTOS/Source/stream_buffer.c **** 	( void ) memcpy( ( void* ) ( &( pxStreamBuffer->pucBuffer[ xNextHead ] ) ), ( const void * ) pucDa
 234              		.loc 1 1102 2 is_stmt 1 discriminator 1 view .LVU58
 235              	.LBB101:
 236              	.LBI101:
 191:Middlewares/Third_Party/FreeRTOS/Source/portable/GCC/ARM_CM4F/portmacro.h **** {
 237              		.loc 2 191 30 view .LVU59
 238              	.LBB102:
 193:Middlewares/Third_Party/FreeRTOS/Source/portable/GCC/ARM_CM4F/portmacro.h **** 
 239              		.loc 2 193 1 view .LVU60
 240              		.loc 2 195 2 view .LVU61
 241              		.syntax unified
 242              	@ 195 "Middlewares/Third_Party/FreeRTOS/Source/portable/GCC/ARM_CM4F/portmacro.h" 1
 243 0032 4FF05003 			mov r3, #80												
 244 0036 83F31188 		msr basepri, r3											
 245 003a BFF36F8F 		isb														
 246 003e BFF34F8F 		dsb														
 247              	
 248              	@ 0 "" 2
 249              		.thumb
 250              		.syntax unified
 251              	.L11:
 252              	.LBE102:
 253              	.LBE101:
1102:Middlewares/Third_Party/FreeRTOS/Source/stream_buffer.c **** 	( void ) memcpy( ( void* ) ( &( pxStreamBuffer->pucBuffer[ xNextHead ] ) ), ( const void * ) pucDa
 254              		.loc 1 1102 2 view .LVU62
 255 0042 FEE7     		b	.L11
 256              	.L10:
1102:Middlewares/Third_Party/FreeRTOS/Source/stream_buffer.c **** 	( void ) memcpy( ( void* ) ( &( pxStreamBuffer->pucBuffer[ xNextHead ] ) ), ( const void * ) pucDa
 257              		.loc 1 1102 73 view .LVU63
1103:Middlewares/Third_Party/FreeRTOS/Source/stream_buffer.c **** 
 258              		.loc 1 1103 2 view .LVU64
1103:Middlewares/Third_Party/FreeRTOS/Source/stream_buffer.c **** 
 259              		.loc 1 1103 48 is_stmt 0 view .LVU65
 260 0044 8069     		ldr	r0, [r0, #24]
 261              	.LVL15:
1103:Middlewares/Third_Party/FreeRTOS/Source/stream_buffer.c **** 
 262              		.loc 1 1103 11 view .LVU66
 263 0046 3246     		mov	r2, r6
ARM GAS  D:\temp\TMP\ccub9rRr.s 			page 31


 264 0048 2844     		add	r0, r0, r5
 265 004a FFF7FEFF 		bl	memcpy
 266              	.LVL16:
1107:Middlewares/Third_Party/FreeRTOS/Source/stream_buffer.c **** 	{
 267              		.loc 1 1107 2 is_stmt 1 view .LVU67
1107:Middlewares/Third_Party/FreeRTOS/Source/stream_buffer.c **** 	{
 268              		.loc 1 1107 4 is_stmt 0 view .LVU68
 269 004e 4346     		mov	r3, r8
 270 0050 4745     		cmp	r7, r8
 271 0052 11D2     		bcs	.L12
 272              	.LVL17:
1110:Middlewares/Third_Party/FreeRTOS/Source/stream_buffer.c **** 		( void ) memcpy( ( void * ) pxStreamBuffer->pucBuffer, ( const void * ) &( pucData[ xFirstLength 
 273              		.loc 1 1110 3 is_stmt 1 view .LVU69
 274 0054 9A1B     		subs	r2, r3, r6
 275 0056 A368     		ldr	r3, [r4, #8]
 276              	.LVL18:
1110:Middlewares/Third_Party/FreeRTOS/Source/stream_buffer.c **** 		( void ) memcpy( ( void * ) pxStreamBuffer->pucBuffer, ( const void * ) &( pucData[ xFirstLength 
 277              		.loc 1 1110 3 is_stmt 0 view .LVU70
 278 0058 9A42     		cmp	r2, r3
 279 005a 08D9     		bls	.L13
1110:Middlewares/Third_Party/FreeRTOS/Source/stream_buffer.c **** 		( void ) memcpy( ( void * ) pxStreamBuffer->pucBuffer, ( const void * ) &( pucData[ xFirstLength 
 280              		.loc 1 1110 3 is_stmt 1 discriminator 1 view .LVU71
 281              	.LBB103:
 282              	.LBI103:
 191:Middlewares/Third_Party/FreeRTOS/Source/portable/GCC/ARM_CM4F/portmacro.h **** {
 283              		.loc 2 191 30 view .LVU72
 284              	.LBB104:
 193:Middlewares/Third_Party/FreeRTOS/Source/portable/GCC/ARM_CM4F/portmacro.h **** 
 285              		.loc 2 193 1 view .LVU73
 286              		.loc 2 195 2 view .LVU74
 287              		.syntax unified
 288              	@ 195 "Middlewares/Third_Party/FreeRTOS/Source/portable/GCC/ARM_CM4F/portmacro.h" 1
 289 005c 4FF05003 			mov r3, #80												
 290 0060 83F31188 		msr basepri, r3											
 291 0064 BFF36F8F 		isb														
 292 0068 BFF34F8F 		dsb														
 293              	
 294              	@ 0 "" 2
 295              		.thumb
 296              		.syntax unified
 297              	.L14:
 298              	.LBE104:
 299              	.LBE103:
1110:Middlewares/Third_Party/FreeRTOS/Source/stream_buffer.c **** 		( void ) memcpy( ( void * ) pxStreamBuffer->pucBuffer, ( const void * ) &( pucData[ xFirstLength 
 300              		.loc 1 1110 3 view .LVU75
 301 006c FEE7     		b	.L14
 302              	.L13:
1110:Middlewares/Third_Party/FreeRTOS/Source/stream_buffer.c **** 		( void ) memcpy( ( void * ) pxStreamBuffer->pucBuffer, ( const void * ) &( pucData[ xFirstLength 
 303              		.loc 1 1110 71 view .LVU76
1111:Middlewares/Third_Party/FreeRTOS/Source/stream_buffer.c **** 	}
 304              		.loc 1 1111 3 view .LVU77
1111:Middlewares/Third_Party/FreeRTOS/Source/stream_buffer.c **** 	}
 305              		.loc 1 1111 12 is_stmt 0 view .LVU78
 306 006e 4946     		mov	r1, r9
 307 0070 3144     		add	r1, r1, r6
 308 0072 A069     		ldr	r0, [r4, #24]
 309 0074 FFF7FEFF 		bl	memcpy
ARM GAS  D:\temp\TMP\ccub9rRr.s 			page 32


 310              	.LVL19:
 311              	.L12:
1115:Middlewares/Third_Party/FreeRTOS/Source/stream_buffer.c **** 	}
 312              		.loc 1 1115 27 is_stmt 1 view .LVU79
1118:Middlewares/Third_Party/FreeRTOS/Source/stream_buffer.c **** 	if( xNextHead >= pxStreamBuffer->xLength )
 313              		.loc 1 1118 2 view .LVU80
1118:Middlewares/Third_Party/FreeRTOS/Source/stream_buffer.c **** 	if( xNextHead >= pxStreamBuffer->xLength )
 314              		.loc 1 1118 12 is_stmt 0 view .LVU81
 315 0078 4544     		add	r5, r5, r8
 316              	.LVL20:
1119:Middlewares/Third_Party/FreeRTOS/Source/stream_buffer.c **** 	{
 317              		.loc 1 1119 2 is_stmt 1 view .LVU82
1119:Middlewares/Third_Party/FreeRTOS/Source/stream_buffer.c **** 	{
 318              		.loc 1 1119 33 is_stmt 0 view .LVU83
 319 007a A368     		ldr	r3, [r4, #8]
1119:Middlewares/Third_Party/FreeRTOS/Source/stream_buffer.c **** 	{
 320              		.loc 1 1119 4 view .LVU84
 321 007c AB42     		cmp	r3, r5
 322 007e 00D8     		bhi	.L15
1121:Middlewares/Third_Party/FreeRTOS/Source/stream_buffer.c **** 	}
 323              		.loc 1 1121 3 is_stmt 1 view .LVU85
1121:Middlewares/Third_Party/FreeRTOS/Source/stream_buffer.c **** 	}
 324              		.loc 1 1121 13 is_stmt 0 view .LVU86
 325 0080 ED1A     		subs	r5, r5, r3
 326              	.LVL21:
 327              	.L15:
1125:Middlewares/Third_Party/FreeRTOS/Source/stream_buffer.c **** 	}
 328              		.loc 1 1125 27 is_stmt 1 view .LVU87
1128:Middlewares/Third_Party/FreeRTOS/Source/stream_buffer.c **** 
 329              		.loc 1 1128 2 view .LVU88
1128:Middlewares/Third_Party/FreeRTOS/Source/stream_buffer.c **** 
 330              		.loc 1 1128 24 is_stmt 0 view .LVU89
 331 0082 6560     		str	r5, [r4, #4]
1130:Middlewares/Third_Party/FreeRTOS/Source/stream_buffer.c **** }
 332              		.loc 1 1130 2 is_stmt 1 view .LVU90
1131:Middlewares/Third_Party/FreeRTOS/Source/stream_buffer.c **** /*-----------------------------------------------------------*/
 333              		.loc 1 1131 1 is_stmt 0 view .LVU91
 334 0084 4046     		mov	r0, r8
 335 0086 BDE8F883 		pop	{r3, r4, r5, r6, r7, r8, r9, pc}
1131:Middlewares/Third_Party/FreeRTOS/Source/stream_buffer.c **** /*-----------------------------------------------------------*/
 336              		.loc 1 1131 1 view .LVU92
 337              		.cfi_endproc
 338              	.LFE23:
 340              		.section	.text.prvWriteMessageToBuffer,"ax",%progbits
 341              		.align	1
 342              		.syntax unified
 343              		.thumb
 344              		.thumb_func
 346              	prvWriteMessageToBuffer:
 347              	.LVL22:
 348              	.LFB14:
 666:Middlewares/Third_Party/FreeRTOS/Source/stream_buffer.c **** 	BaseType_t xShouldWrite;
 349              		.loc 1 666 1 is_stmt 1 view -0
 350              		.cfi_startproc
 351              		@ args = 4, pretend = 0, frame = 8
 352              		@ frame_needed = 0, uses_anonymous_args = 0
 666:Middlewares/Third_Party/FreeRTOS/Source/stream_buffer.c **** 	BaseType_t xShouldWrite;
ARM GAS  D:\temp\TMP\ccub9rRr.s 			page 33


 353              		.loc 1 666 1 is_stmt 0 view .LVU94
 354 0000 30B5     		push	{r4, r5, lr}
 355              	.LCFI2:
 356              		.cfi_def_cfa_offset 12
 357              		.cfi_offset 4, -12
 358              		.cfi_offset 5, -8
 359              		.cfi_offset 14, -4
 360 0002 83B0     		sub	sp, sp, #12
 361              	.LCFI3:
 362              		.cfi_def_cfa_offset 24
 363 0004 8446     		mov	ip, r0
 364 0006 0446     		mov	r4, r0
 365 0008 0192     		str	r2, [sp, #4]
 667:Middlewares/Third_Party/FreeRTOS/Source/stream_buffer.c **** 	size_t xReturn;
 366              		.loc 1 667 2 is_stmt 1 view .LVU95
 668:Middlewares/Third_Party/FreeRTOS/Source/stream_buffer.c **** 
 367              		.loc 1 668 2 view .LVU96
 670:Middlewares/Third_Party/FreeRTOS/Source/stream_buffer.c **** 	{
 368              		.loc 1 670 2 view .LVU97
 670:Middlewares/Third_Party/FreeRTOS/Source/stream_buffer.c **** 	{
 369              		.loc 1 670 4 is_stmt 0 view .LVU98
 370 000a 1846     		mov	r0, r3
 371              	.LVL23:
 670:Middlewares/Third_Party/FreeRTOS/Source/stream_buffer.c **** 	{
 372              		.loc 1 670 4 view .LVU99
 373 000c 73B1     		cbz	r3, .L18
 374 000e 0D46     		mov	r5, r1
 676:Middlewares/Third_Party/FreeRTOS/Source/stream_buffer.c **** 	{
 375              		.loc 1 676 7 is_stmt 1 view .LVU100
 676:Middlewares/Third_Party/FreeRTOS/Source/stream_buffer.c **** 	{
 376              		.loc 1 676 27 is_stmt 0 view .LVU101
 377 0010 9CF81C30 		ldrb	r3, [ip, #28]	@ zero_extendqisi2
 378              	.LVL24:
 676:Middlewares/Third_Party/FreeRTOS/Source/stream_buffer.c **** 	{
 379              		.loc 1 676 9 view .LVU102
 380 0014 13F0010F 		tst	r3, #1
 381 0018 0AD1     		bne	.L19
 681:Middlewares/Third_Party/FreeRTOS/Source/stream_buffer.c **** 		xDataLengthBytes = configMIN( xDataLengthBytes, xSpace );
 382              		.loc 1 681 3 is_stmt 1 view .LVU103
 383              	.LVL25:
 682:Middlewares/Third_Party/FreeRTOS/Source/stream_buffer.c **** 	}
 384              		.loc 1 682 3 view .LVU104
 682:Middlewares/Third_Party/FreeRTOS/Source/stream_buffer.c **** 	}
 385              		.loc 1 682 22 is_stmt 0 view .LVU105
 386 001a 9042     		cmp	r0, r2
 387 001c 28BF     		it	cs
 388 001e 1046     		movcs	r0, r2
 389              	.LVL26:
 682:Middlewares/Third_Party/FreeRTOS/Source/stream_buffer.c **** 	}
 390              		.loc 1 682 20 view .LVU106
 391 0020 0190     		str	r0, [sp, #4]
 699:Middlewares/Third_Party/FreeRTOS/Source/stream_buffer.c **** 	{
 392              		.loc 1 699 2 is_stmt 1 view .LVU107
 393              	.LVL27:
 394              	.L20:
 702:Middlewares/Third_Party/FreeRTOS/Source/stream_buffer.c **** 	}
 395              		.loc 1 702 3 view .LVU108
ARM GAS  D:\temp\TMP\ccub9rRr.s 			page 34


 702:Middlewares/Third_Party/FreeRTOS/Source/stream_buffer.c **** 	}
 396              		.loc 1 702 13 is_stmt 0 view .LVU109
 397 0022 019A     		ldr	r2, [sp, #4]
 398 0024 2946     		mov	r1, r5
 399 0026 2046     		mov	r0, r4
 400 0028 FFF7FEFF 		bl	prvWriteBytesToBuffer
 401              	.LVL28:
 402              	.L18:
 709:Middlewares/Third_Party/FreeRTOS/Source/stream_buffer.c **** }
 403              		.loc 1 709 2 is_stmt 1 view .LVU110
 710:Middlewares/Third_Party/FreeRTOS/Source/stream_buffer.c **** /*-----------------------------------------------------------*/
 404              		.loc 1 710 1 is_stmt 0 view .LVU111
 405 002c 03B0     		add	sp, sp, #12
 406              	.LCFI4:
 407              		.cfi_remember_state
 408              		.cfi_def_cfa_offset 12
 409              		@ sp needed
 410 002e 30BD     		pop	{r4, r5, pc}
 411              	.LVL29:
 412              	.L19:
 413              	.LCFI5:
 414              		.cfi_restore_state
 684:Middlewares/Third_Party/FreeRTOS/Source/stream_buffer.c **** 	{
 415              		.loc 1 684 7 is_stmt 1 view .LVU112
 684:Middlewares/Third_Party/FreeRTOS/Source/stream_buffer.c **** 	{
 416              		.loc 1 684 9 is_stmt 0 view .LVU113
 417 0030 069B     		ldr	r3, [sp, #24]
 418 0032 9842     		cmp	r0, r3
 419 0034 01D2     		bcs	.L23
 706:Middlewares/Third_Party/FreeRTOS/Source/stream_buffer.c **** 	}
 420              		.loc 1 706 11 view .LVU114
 421 0036 0020     		movs	r0, #0
 422              	.LVL30:
 706:Middlewares/Third_Party/FreeRTOS/Source/stream_buffer.c **** 	}
 423              		.loc 1 706 11 view .LVU115
 424 0038 F8E7     		b	.L18
 425              	.LVL31:
 426              	.L23:
 690:Middlewares/Third_Party/FreeRTOS/Source/stream_buffer.c **** 		( void ) prvWriteBytesToBuffer( pxStreamBuffer, ( const uint8_t * ) &( xDataLengthBytes ), sbBYTE
 427              		.loc 1 690 3 is_stmt 1 view .LVU116
 691:Middlewares/Third_Party/FreeRTOS/Source/stream_buffer.c **** 	}
 428              		.loc 1 691 3 view .LVU117
 691:Middlewares/Third_Party/FreeRTOS/Source/stream_buffer.c **** 	}
 429              		.loc 1 691 12 is_stmt 0 view .LVU118
 430 003a 0422     		movs	r2, #4
 431              	.LVL32:
 691:Middlewares/Third_Party/FreeRTOS/Source/stream_buffer.c **** 	}
 432              		.loc 1 691 12 view .LVU119
 433 003c 0DEB0201 		add	r1, sp, r2
 434              	.LVL33:
 691:Middlewares/Third_Party/FreeRTOS/Source/stream_buffer.c **** 	}
 435              		.loc 1 691 12 view .LVU120
 436 0040 6046     		mov	r0, ip
 437              	.LVL34:
 691:Middlewares/Third_Party/FreeRTOS/Source/stream_buffer.c **** 	}
 438              		.loc 1 691 12 view .LVU121
 439 0042 FFF7FEFF 		bl	prvWriteBytesToBuffer
ARM GAS  D:\temp\TMP\ccub9rRr.s 			page 35


 440              	.LVL35:
 699:Middlewares/Third_Party/FreeRTOS/Source/stream_buffer.c **** 	{
 441              		.loc 1 699 2 is_stmt 1 view .LVU122
 442 0046 ECE7     		b	.L20
 443              		.cfi_endproc
 444              	.LFE14:
 446              		.section	.text.prvReadBytesFromBuffer,"ax",%progbits
 447              		.align	1
 448              		.syntax unified
 449              		.thumb
 450              		.thumb_func
 452              	prvReadBytesFromBuffer:
 453              	.LVL36:
 454              	.LFB24:
1135:Middlewares/Third_Party/FreeRTOS/Source/stream_buffer.c **** size_t xCount, xFirstLength, xNextTail;
 455              		.loc 1 1135 1 view -0
 456              		.cfi_startproc
 457              		@ args = 0, pretend = 0, frame = 0
 458              		@ frame_needed = 0, uses_anonymous_args = 0
1135:Middlewares/Third_Party/FreeRTOS/Source/stream_buffer.c **** size_t xCount, xFirstLength, xNextTail;
 459              		.loc 1 1135 1 is_stmt 0 view .LVU124
 460 0000 2DE9F843 		push	{r3, r4, r5, r6, r7, r8, r9, lr}
 461              	.LCFI6:
 462              		.cfi_def_cfa_offset 32
 463              		.cfi_offset 3, -32
 464              		.cfi_offset 4, -28
 465              		.cfi_offset 5, -24
 466              		.cfi_offset 6, -20
 467              		.cfi_offset 7, -16
 468              		.cfi_offset 8, -12
 469              		.cfi_offset 9, -8
 470              		.cfi_offset 14, -4
1136:Middlewares/Third_Party/FreeRTOS/Source/stream_buffer.c **** 
 471              		.loc 1 1136 1 is_stmt 1 view .LVU125
1139:Middlewares/Third_Party/FreeRTOS/Source/stream_buffer.c **** 
 472              		.loc 1 1139 2 view .LVU126
1139:Middlewares/Third_Party/FreeRTOS/Source/stream_buffer.c **** 
 473              		.loc 1 1139 9 is_stmt 0 view .LVU127
 474 0004 1C46     		mov	r4, r3
 475 0006 9342     		cmp	r3, r2
 476 0008 28BF     		it	cs
 477 000a 1446     		movcs	r4, r2
 478              	.LVL37:
1141:Middlewares/Third_Party/FreeRTOS/Source/stream_buffer.c **** 	{
 479              		.loc 1 1141 2 is_stmt 1 view .LVU128
1141:Middlewares/Third_Party/FreeRTOS/Source/stream_buffer.c **** 	{
 480              		.loc 1 1141 4 is_stmt 0 view .LVU129
 481 000c 8CB3     		cbz	r4, .L24
 482 000e 0546     		mov	r5, r0
 483 0010 0E46     		mov	r6, r1
1143:Middlewares/Third_Party/FreeRTOS/Source/stream_buffer.c **** 
 484              		.loc 1 1143 3 is_stmt 1 view .LVU130
1143:Middlewares/Third_Party/FreeRTOS/Source/stream_buffer.c **** 
 485              		.loc 1 1143 13 is_stmt 0 view .LVU131
 486 0012 0168     		ldr	r1, [r0]
 487              	.LVL38:
1143:Middlewares/Third_Party/FreeRTOS/Source/stream_buffer.c **** 
ARM GAS  D:\temp\TMP\ccub9rRr.s 			page 36


 488              		.loc 1 1143 13 view .LVU132
 489 0014 0F46     		mov	r7, r1
 490              	.LVL39:
1148:Middlewares/Third_Party/FreeRTOS/Source/stream_buffer.c **** 
 491              		.loc 1 1148 3 is_stmt 1 view .LVU133
1148:Middlewares/Third_Party/FreeRTOS/Source/stream_buffer.c **** 
 492              		.loc 1 1148 18 is_stmt 0 view .LVU134
 493 0016 8368     		ldr	r3, [r0, #8]
 494              	.LVL40:
1148:Middlewares/Third_Party/FreeRTOS/Source/stream_buffer.c **** 
 495              		.loc 1 1148 18 view .LVU135
 496 0018 591A     		subs	r1, r3, r1
 497              	.LVL41:
1148:Middlewares/Third_Party/FreeRTOS/Source/stream_buffer.c **** 
 498              		.loc 1 1148 18 view .LVU136
 499 001a 8946     		mov	r9, r1
1148:Middlewares/Third_Party/FreeRTOS/Source/stream_buffer.c **** 
 500              		.loc 1 1148 16 view .LVU137
 501 001c A142     		cmp	r1, r4
 502 001e 28BF     		it	cs
 503 0020 2146     		movcs	r1, r4
 504 0022 8846     		mov	r8, r1
 505              	.LVL42:
1152:Middlewares/Third_Party/FreeRTOS/Source/stream_buffer.c **** 		configASSERT( ( xNextTail + xFirstLength ) <= pxStreamBuffer->xLength );
 506              		.loc 1 1152 3 is_stmt 1 view .LVU138
 507 0024 8A42     		cmp	r2, r1
 508 0026 08D2     		bcs	.L26
1152:Middlewares/Third_Party/FreeRTOS/Source/stream_buffer.c **** 		configASSERT( ( xNextTail + xFirstLength ) <= pxStreamBuffer->xLength );
 509              		.loc 1 1152 3 discriminator 1 view .LVU139
 510              	.LBB105:
 511              	.LBI105:
 191:Middlewares/Third_Party/FreeRTOS/Source/portable/GCC/ARM_CM4F/portmacro.h **** {
 512              		.loc 2 191 30 view .LVU140
 513              	.LBB106:
 193:Middlewares/Third_Party/FreeRTOS/Source/portable/GCC/ARM_CM4F/portmacro.h **** 
 514              		.loc 2 193 1 view .LVU141
 515              		.loc 2 195 2 view .LVU142
 516              		.syntax unified
 517              	@ 195 "Middlewares/Third_Party/FreeRTOS/Source/portable/GCC/ARM_CM4F/portmacro.h" 1
 518 0028 4FF05003 			mov r3, #80												
 519 002c 83F31188 		msr basepri, r3											
 520 0030 BFF36F8F 		isb														
 521 0034 BFF34F8F 		dsb														
 522              	
 523              	@ 0 "" 2
 524              		.thumb
 525              		.syntax unified
 526              	.L27:
 527              	.LBE106:
 528              	.LBE105:
1152:Middlewares/Third_Party/FreeRTOS/Source/stream_buffer.c **** 		configASSERT( ( xNextTail + xFirstLength ) <= pxStreamBuffer->xLength );
 529              		.loc 1 1152 3 view .LVU143
 530 0038 FEE7     		b	.L27
 531              	.L26:
1152:Middlewares/Third_Party/FreeRTOS/Source/stream_buffer.c **** 		configASSERT( ( xNextTail + xFirstLength ) <= pxStreamBuffer->xLength );
 532              		.loc 1 1152 44 view .LVU144
1153:Middlewares/Third_Party/FreeRTOS/Source/stream_buffer.c **** 		( void ) memcpy( ( void * ) pucData, ( const void * ) &( pxStreamBuffer->pucBuffer[ xNextTail ] )
ARM GAS  D:\temp\TMP\ccub9rRr.s 			page 37


 533              		.loc 1 1153 3 view .LVU145
 534 003a 3A46     		mov	r2, r7
 535              	.LVL43:
1153:Middlewares/Third_Party/FreeRTOS/Source/stream_buffer.c **** 		( void ) memcpy( ( void * ) pucData, ( const void * ) &( pxStreamBuffer->pucBuffer[ xNextTail ] )
 536              		.loc 1 1153 3 is_stmt 0 view .LVU146
 537 003c 0A44     		add	r2, r2, r1
 538 003e 9342     		cmp	r3, r2
 539 0040 08D2     		bcs	.L28
1153:Middlewares/Third_Party/FreeRTOS/Source/stream_buffer.c **** 		( void ) memcpy( ( void * ) pucData, ( const void * ) &( pxStreamBuffer->pucBuffer[ xNextTail ] )
 540              		.loc 1 1153 3 is_stmt 1 discriminator 1 view .LVU147
 541              	.LBB107:
 542              	.LBI107:
 191:Middlewares/Third_Party/FreeRTOS/Source/portable/GCC/ARM_CM4F/portmacro.h **** {
 543              		.loc 2 191 30 view .LVU148
 544              	.LBB108:
 193:Middlewares/Third_Party/FreeRTOS/Source/portable/GCC/ARM_CM4F/portmacro.h **** 
 545              		.loc 2 193 1 view .LVU149
 546              		.loc 2 195 2 view .LVU150
 547              		.syntax unified
 548              	@ 195 "Middlewares/Third_Party/FreeRTOS/Source/portable/GCC/ARM_CM4F/portmacro.h" 1
 549 0042 4FF05003 			mov r3, #80												
 550 0046 83F31188 		msr basepri, r3											
 551 004a BFF36F8F 		isb														
 552 004e BFF34F8F 		dsb														
 553              	
 554              	@ 0 "" 2
 555              		.thumb
 556              		.syntax unified
 557              	.L29:
 558              	.LBE108:
 559              	.LBE107:
1153:Middlewares/Third_Party/FreeRTOS/Source/stream_buffer.c **** 		( void ) memcpy( ( void * ) pucData, ( const void * ) &( pxStreamBuffer->pucBuffer[ xNextTail ] )
 560              		.loc 1 1153 3 view .LVU151
 561 0052 FEE7     		b	.L29
 562              	.L28:
1153:Middlewares/Third_Party/FreeRTOS/Source/stream_buffer.c **** 		( void ) memcpy( ( void * ) pucData, ( const void * ) &( pxStreamBuffer->pucBuffer[ xNextTail ] )
 563              		.loc 1 1153 74 view .LVU152
1154:Middlewares/Third_Party/FreeRTOS/Source/stream_buffer.c **** 
 564              		.loc 1 1154 3 view .LVU153
1154:Middlewares/Third_Party/FreeRTOS/Source/stream_buffer.c **** 
 565              		.loc 1 1154 74 is_stmt 0 view .LVU154
 566 0054 8169     		ldr	r1, [r0, #24]
 567              	.LVL44:
1154:Middlewares/Third_Party/FreeRTOS/Source/stream_buffer.c **** 
 568              		.loc 1 1154 12 view .LVU155
 569 0056 4246     		mov	r2, r8
 570 0058 3944     		add	r1, r1, r7
 571 005a 3046     		mov	r0, r6
 572              	.LVL45:
1154:Middlewares/Third_Party/FreeRTOS/Source/stream_buffer.c **** 
 573              		.loc 1 1154 12 view .LVU156
 574 005c FFF7FEFF 		bl	memcpy
 575              	.LVL46:
1158:Middlewares/Third_Party/FreeRTOS/Source/stream_buffer.c **** 		{
 576              		.loc 1 1158 3 is_stmt 1 view .LVU157
1158:Middlewares/Third_Party/FreeRTOS/Source/stream_buffer.c **** 		{
 577              		.loc 1 1158 5 is_stmt 0 view .LVU158
ARM GAS  D:\temp\TMP\ccub9rRr.s 			page 38


 578 0060 A145     		cmp	r9, r4
 579 0062 09D3     		bcc	.L33
 580              	.L30:
1166:Middlewares/Third_Party/FreeRTOS/Source/stream_buffer.c **** 		}
 581              		.loc 1 1166 28 is_stmt 1 view .LVU159
1171:Middlewares/Third_Party/FreeRTOS/Source/stream_buffer.c **** 
 582              		.loc 1 1171 3 view .LVU160
1171:Middlewares/Third_Party/FreeRTOS/Source/stream_buffer.c **** 
 583              		.loc 1 1171 13 is_stmt 0 view .LVU161
 584 0064 3B46     		mov	r3, r7
 585 0066 2344     		add	r3, r3, r4
 586              	.LVL47:
1173:Middlewares/Third_Party/FreeRTOS/Source/stream_buffer.c **** 		{
 587              		.loc 1 1173 3 is_stmt 1 view .LVU162
1173:Middlewares/Third_Party/FreeRTOS/Source/stream_buffer.c **** 		{
 588              		.loc 1 1173 34 is_stmt 0 view .LVU163
 589 0068 AA68     		ldr	r2, [r5, #8]
1173:Middlewares/Third_Party/FreeRTOS/Source/stream_buffer.c **** 		{
 590              		.loc 1 1173 5 view .LVU164
 591 006a 9A42     		cmp	r2, r3
 592 006c 00D8     		bhi	.L31
1175:Middlewares/Third_Party/FreeRTOS/Source/stream_buffer.c **** 		}
 593              		.loc 1 1175 4 is_stmt 1 view .LVU165
1175:Middlewares/Third_Party/FreeRTOS/Source/stream_buffer.c **** 		}
 594              		.loc 1 1175 14 is_stmt 0 view .LVU166
 595 006e 9B1A     		subs	r3, r3, r2
 596              	.LVL48:
 597              	.L31:
1178:Middlewares/Third_Party/FreeRTOS/Source/stream_buffer.c **** 	}
 598              		.loc 1 1178 3 is_stmt 1 view .LVU167
1178:Middlewares/Third_Party/FreeRTOS/Source/stream_buffer.c **** 	}
 599              		.loc 1 1178 25 is_stmt 0 view .LVU168
 600 0070 2B60     		str	r3, [r5]
1182:Middlewares/Third_Party/FreeRTOS/Source/stream_buffer.c **** 	}
 601              		.loc 1 1182 27 is_stmt 1 view .LVU169
1185:Middlewares/Third_Party/FreeRTOS/Source/stream_buffer.c **** }
 602              		.loc 1 1185 2 view .LVU170
 603              	.LVL49:
 604              	.L24:
1186:Middlewares/Third_Party/FreeRTOS/Source/stream_buffer.c **** /*-----------------------------------------------------------*/
 605              		.loc 1 1186 1 is_stmt 0 view .LVU171
 606 0072 2046     		mov	r0, r4
 607 0074 BDE8F883 		pop	{r3, r4, r5, r6, r7, r8, r9, pc}
 608              	.LVL50:
 609              	.L33:
1161:Middlewares/Third_Party/FreeRTOS/Source/stream_buffer.c **** 			( void ) memcpy( ( void * ) &( pucData[ xFirstLength ] ), ( void * ) ( pxStreamBuffer->pucBuffer
 610              		.loc 1 1161 4 is_stmt 1 view .LVU172
1161:Middlewares/Third_Party/FreeRTOS/Source/stream_buffer.c **** 			( void ) memcpy( ( void * ) &( pucData[ xFirstLength ] ), ( void * ) ( pxStreamBuffer->pucBuffer
 611              		.loc 1 1161 39 view .LVU173
1162:Middlewares/Third_Party/FreeRTOS/Source/stream_buffer.c **** 		}
 612              		.loc 1 1162 4 view .LVU174
1162:Middlewares/Third_Party/FreeRTOS/Source/stream_buffer.c **** 		}
 613              		.loc 1 1162 13 is_stmt 0 view .LVU175
 614 0078 4346     		mov	r3, r8
 615 007a E21A     		subs	r2, r4, r3
 616 007c A969     		ldr	r1, [r5, #24]
 617 007e 3046     		mov	r0, r6
ARM GAS  D:\temp\TMP\ccub9rRr.s 			page 39


 618 0080 4044     		add	r0, r0, r8
 619 0082 FFF7FEFF 		bl	memcpy
 620              	.LVL51:
 621 0086 EDE7     		b	.L30
 622              		.cfi_endproc
 623              	.LFE24:
 625              		.section	.text.prvReadMessageFromBuffer,"ax",%progbits
 626              		.align	1
 627              		.syntax unified
 628              		.thumb
 629              		.thumb_func
 631              	prvReadMessageFromBuffer:
 632              	.LVL52:
 633              	.LFB18:
 923:Middlewares/Third_Party/FreeRTOS/Source/stream_buffer.c **** size_t xOriginalTail, xReceivedLength, xNextMessageLength;
 634              		.loc 1 923 1 is_stmt 1 view -0
 635              		.cfi_startproc
 636              		@ args = 4, pretend = 0, frame = 8
 637              		@ frame_needed = 0, uses_anonymous_args = 0
 923:Middlewares/Third_Party/FreeRTOS/Source/stream_buffer.c **** size_t xOriginalTail, xReceivedLength, xNextMessageLength;
 638              		.loc 1 923 1 is_stmt 0 view .LVU177
 639 0000 2DE9F041 		push	{r4, r5, r6, r7, r8, lr}
 640              	.LCFI7:
 641              		.cfi_def_cfa_offset 24
 642              		.cfi_offset 4, -24
 643              		.cfi_offset 5, -20
 644              		.cfi_offset 6, -16
 645              		.cfi_offset 7, -12
 646              		.cfi_offset 8, -8
 647              		.cfi_offset 14, -4
 648 0004 82B0     		sub	sp, sp, #8
 649              	.LCFI8:
 650              		.cfi_def_cfa_offset 32
 651 0006 0646     		mov	r6, r0
 652 0008 8846     		mov	r8, r1
 653 000a 1746     		mov	r7, r2
 654 000c 1946     		mov	r1, r3
 655              	.LVL53:
 924:Middlewares/Third_Party/FreeRTOS/Source/stream_buffer.c **** configMESSAGE_BUFFER_LENGTH_TYPE xTempNextMessageLength;
 656              		.loc 1 924 1 is_stmt 1 view .LVU178
 925:Middlewares/Third_Party/FreeRTOS/Source/stream_buffer.c **** 
 657              		.loc 1 925 1 view .LVU179
 927:Middlewares/Third_Party/FreeRTOS/Source/stream_buffer.c **** 	{
 658              		.loc 1 927 2 view .LVU180
 927:Middlewares/Third_Party/FreeRTOS/Source/stream_buffer.c **** 	{
 659              		.loc 1 927 4 is_stmt 0 view .LVU181
 660 000e 089B     		ldr	r3, [sp, #32]
 661              	.LVL54:
 927:Middlewares/Third_Party/FreeRTOS/Source/stream_buffer.c **** 	{
 662              		.loc 1 927 4 view .LVU182
 663 0010 43B9     		cbnz	r3, .L38
 664              	.LVL55:
 665              	.L35:
 964:Middlewares/Third_Party/FreeRTOS/Source/stream_buffer.c **** 
 666              		.loc 1 964 2 is_stmt 1 view .LVU183
 964:Middlewares/Third_Party/FreeRTOS/Source/stream_buffer.c **** 
 667              		.loc 1 964 20 is_stmt 0 view .LVU184
ARM GAS  D:\temp\TMP\ccub9rRr.s 			page 40


 668 0012 0B46     		mov	r3, r1
 669 0014 3A46     		mov	r2, r7
 670 0016 4146     		mov	r1, r8
 671              	.LVL56:
 964:Middlewares/Third_Party/FreeRTOS/Source/stream_buffer.c **** 
 672              		.loc 1 964 20 view .LVU185
 673 0018 3046     		mov	r0, r6
 674 001a FFF7FEFF 		bl	prvReadBytesFromBuffer
 675              	.LVL57:
 966:Middlewares/Third_Party/FreeRTOS/Source/stream_buffer.c **** }
 676              		.loc 1 966 2 is_stmt 1 view .LVU186
 967:Middlewares/Third_Party/FreeRTOS/Source/stream_buffer.c **** /*-----------------------------------------------------------*/
 677              		.loc 1 967 1 is_stmt 0 view .LVU187
 678 001e 02B0     		add	sp, sp, #8
 679              	.LCFI9:
 680              		.cfi_remember_state
 681              		.cfi_def_cfa_offset 24
 682              		@ sp needed
 683 0020 BDE8F081 		pop	{r4, r5, r6, r7, r8, pc}
 684              	.LVL58:
 685              	.L38:
 686              	.LCFI10:
 687              		.cfi_restore_state
 933:Middlewares/Third_Party/FreeRTOS/Source/stream_buffer.c **** 		( void ) prvReadBytesFromBuffer( pxStreamBuffer, ( uint8_t * ) &xTempNextMessageLength, xBytesToS
 688              		.loc 1 933 3 is_stmt 1 view .LVU188
 933:Middlewares/Third_Party/FreeRTOS/Source/stream_buffer.c **** 		( void ) prvReadBytesFromBuffer( pxStreamBuffer, ( uint8_t * ) &xTempNextMessageLength, xBytesToS
 689              		.loc 1 933 17 is_stmt 0 view .LVU189
 690 0024 0468     		ldr	r4, [r0]
 691              	.LVL59:
 934:Middlewares/Third_Party/FreeRTOS/Source/stream_buffer.c **** 		xNextMessageLength = ( size_t ) xTempNextMessageLength;
 692              		.loc 1 934 3 is_stmt 1 view .LVU190
 934:Middlewares/Third_Party/FreeRTOS/Source/stream_buffer.c **** 		xNextMessageLength = ( size_t ) xTempNextMessageLength;
 693              		.loc 1 934 12 is_stmt 0 view .LVU191
 694 0026 0D46     		mov	r5, r1
 695 0028 0B46     		mov	r3, r1
 696 002a 089A     		ldr	r2, [sp, #32]
 697              	.LVL60:
 934:Middlewares/Third_Party/FreeRTOS/Source/stream_buffer.c **** 		xNextMessageLength = ( size_t ) xTempNextMessageLength;
 698              		.loc 1 934 12 view .LVU192
 699 002c 01A9     		add	r1, sp, #4
 700              	.LVL61:
 934:Middlewares/Third_Party/FreeRTOS/Source/stream_buffer.c **** 		xNextMessageLength = ( size_t ) xTempNextMessageLength;
 701              		.loc 1 934 12 view .LVU193
 702 002e FFF7FEFF 		bl	prvReadBytesFromBuffer
 703              	.LVL62:
 935:Middlewares/Third_Party/FreeRTOS/Source/stream_buffer.c **** 
 704              		.loc 1 935 3 is_stmt 1 view .LVU194
 935:Middlewares/Third_Party/FreeRTOS/Source/stream_buffer.c **** 
 705              		.loc 1 935 22 is_stmt 0 view .LVU195
 706 0032 019B     		ldr	r3, [sp, #4]
 707              	.LVL63:
 939:Middlewares/Third_Party/FreeRTOS/Source/stream_buffer.c **** 
 708              		.loc 1 939 3 is_stmt 1 view .LVU196
 939:Middlewares/Third_Party/FreeRTOS/Source/stream_buffer.c **** 
 709              		.loc 1 939 19 is_stmt 0 view .LVU197
 710 0034 0899     		ldr	r1, [sp, #32]
 711 0036 6A1A     		subs	r2, r5, r1
ARM GAS  D:\temp\TMP\ccub9rRr.s 			page 41


 712 0038 1146     		mov	r1, r2
 713              	.LVL64:
 943:Middlewares/Third_Party/FreeRTOS/Source/stream_buffer.c **** 		{
 714              		.loc 1 943 3 is_stmt 1 view .LVU198
 943:Middlewares/Third_Party/FreeRTOS/Source/stream_buffer.c **** 		{
 715              		.loc 1 943 5 is_stmt 0 view .LVU199
 716 003a 9F42     		cmp	r7, r3
 717 003c 03D2     		bcs	.L36
 948:Middlewares/Third_Party/FreeRTOS/Source/stream_buffer.c **** 			xNextMessageLength = 0;
 718              		.loc 1 948 4 is_stmt 1 view .LVU200
 948:Middlewares/Third_Party/FreeRTOS/Source/stream_buffer.c **** 			xNextMessageLength = 0;
 719              		.loc 1 948 26 is_stmt 0 view .LVU201
 720 003e 3460     		str	r4, [r6]
 949:Middlewares/Third_Party/FreeRTOS/Source/stream_buffer.c **** 		}
 721              		.loc 1 949 4 is_stmt 1 view .LVU202
 722              	.LVL65:
 949:Middlewares/Third_Party/FreeRTOS/Source/stream_buffer.c **** 		}
 723              		.loc 1 949 23 is_stmt 0 view .LVU203
 724 0040 0023     		movs	r3, #0
 725 0042 1F46     		mov	r7, r3
 726              	.LVL66:
 949:Middlewares/Third_Party/FreeRTOS/Source/stream_buffer.c **** 		}
 727              		.loc 1 949 23 view .LVU204
 728 0044 E5E7     		b	.L35
 729              	.LVL67:
 730              	.L36:
 935:Middlewares/Third_Party/FreeRTOS/Source/stream_buffer.c **** 
 731              		.loc 1 935 22 view .LVU205
 732 0046 1F46     		mov	r7, r3
 733              	.LVL68:
 935:Middlewares/Third_Party/FreeRTOS/Source/stream_buffer.c **** 
 734              		.loc 1 935 22 view .LVU206
 735 0048 E3E7     		b	.L35
 736              		.cfi_endproc
 737              	.LFE18:
 739              		.section	.text.xStreamBufferGenericCreate,"ax",%progbits
 740              		.align	1
 741              		.global	xStreamBufferGenericCreate
 742              		.syntax unified
 743              		.thumb
 744              		.thumb_func
 746              	xStreamBufferGenericCreate:
 747              	.LVL69:
 748              	.LFB5:
 220:Middlewares/Third_Party/FreeRTOS/Source/stream_buffer.c **** 	uint8_t *pucAllocatedMemory;
 749              		.loc 1 220 2 is_stmt 1 view -0
 750              		.cfi_startproc
 751              		@ args = 0, pretend = 0, frame = 0
 752              		@ frame_needed = 0, uses_anonymous_args = 0
 220:Middlewares/Third_Party/FreeRTOS/Source/stream_buffer.c **** 	uint8_t *pucAllocatedMemory;
 753              		.loc 1 220 2 is_stmt 0 view .LVU208
 754 0000 F0B5     		push	{r4, r5, r6, r7, lr}
 755              	.LCFI11:
 756              		.cfi_def_cfa_offset 20
 757              		.cfi_offset 4, -20
 758              		.cfi_offset 5, -16
 759              		.cfi_offset 6, -12
ARM GAS  D:\temp\TMP\ccub9rRr.s 			page 42


 760              		.cfi_offset 7, -8
 761              		.cfi_offset 14, -4
 762 0002 83B0     		sub	sp, sp, #12
 763              	.LCFI12:
 764              		.cfi_def_cfa_offset 32
 765 0004 0D46     		mov	r5, r1
 221:Middlewares/Third_Party/FreeRTOS/Source/stream_buffer.c **** 	uint8_t ucFlags;
 766              		.loc 1 221 2 is_stmt 1 view .LVU209
 222:Middlewares/Third_Party/FreeRTOS/Source/stream_buffer.c **** 
 767              		.loc 1 222 2 view .LVU210
 228:Middlewares/Third_Party/FreeRTOS/Source/stream_buffer.c **** 		{
 768              		.loc 1 228 3 view .LVU211
 228:Middlewares/Third_Party/FreeRTOS/Source/stream_buffer.c **** 		{
 769              		.loc 1 228 5 is_stmt 0 view .LVU212
 770 0006 012A     		cmp	r2, #1
 771 0008 09D0     		beq	.L52
 237:Middlewares/Third_Party/FreeRTOS/Source/stream_buffer.c **** 			configASSERT( xBufferSizeBytes > 0 );
 772              		.loc 1 237 4 is_stmt 1 view .LVU213
 773              	.LVL70:
 238:Middlewares/Third_Party/FreeRTOS/Source/stream_buffer.c **** 		}
 774              		.loc 1 238 4 view .LVU214
 775 000a B0B9     		cbnz	r0, .L49
 238:Middlewares/Third_Party/FreeRTOS/Source/stream_buffer.c **** 		}
 776              		.loc 1 238 4 discriminator 1 view .LVU215
 777              	.LBB109:
 778              	.LBI109:
 191:Middlewares/Third_Party/FreeRTOS/Source/portable/GCC/ARM_CM4F/portmacro.h **** {
 779              		.loc 2 191 30 view .LVU216
 780              	.LBB110:
 193:Middlewares/Third_Party/FreeRTOS/Source/portable/GCC/ARM_CM4F/portmacro.h **** 
 781              		.loc 2 193 1 view .LVU217
 782              		.loc 2 195 2 view .LVU218
 783              		.syntax unified
 784              	@ 195 "Middlewares/Third_Party/FreeRTOS/Source/portable/GCC/ARM_CM4F/portmacro.h" 1
 785 000c 4FF05003 			mov r3, #80												
 786 0010 83F31188 		msr basepri, r3											
 787 0014 BFF36F8F 		isb														
 788 0018 BFF34F8F 		dsb														
 789              	
 790              	@ 0 "" 2
 791              		.thumb
 792              		.syntax unified
 793              	.L43:
 794              	.LBE110:
 795              	.LBE109:
 238:Middlewares/Third_Party/FreeRTOS/Source/stream_buffer.c **** 		}
 796              		.loc 1 238 4 view .LVU219
 797 001c FEE7     		b	.L43
 798              	.LVL71:
 799              	.L52:
 231:Middlewares/Third_Party/FreeRTOS/Source/stream_buffer.c **** 			configASSERT( xBufferSizeBytes > sbBYTES_TO_STORE_MESSAGE_LENGTH );
 800              		.loc 1 231 4 view .LVU220
 232:Middlewares/Third_Party/FreeRTOS/Source/stream_buffer.c **** 		}
 801              		.loc 1 232 4 view .LVU221
 802 001e 0428     		cmp	r0, #4
 803 0020 08D8     		bhi	.L48
 232:Middlewares/Third_Party/FreeRTOS/Source/stream_buffer.c **** 		}
ARM GAS  D:\temp\TMP\ccub9rRr.s 			page 43


 804              		.loc 1 232 4 discriminator 1 view .LVU222
 805              	.LBB111:
 806              	.LBI111:
 191:Middlewares/Third_Party/FreeRTOS/Source/portable/GCC/ARM_CM4F/portmacro.h **** {
 807              		.loc 2 191 30 view .LVU223
 808              	.LBB112:
 193:Middlewares/Third_Party/FreeRTOS/Source/portable/GCC/ARM_CM4F/portmacro.h **** 
 809              		.loc 2 193 1 view .LVU224
 810              		.loc 2 195 2 view .LVU225
 811              		.syntax unified
 812              	@ 195 "Middlewares/Third_Party/FreeRTOS/Source/portable/GCC/ARM_CM4F/portmacro.h" 1
 813 0022 4FF05003 			mov r3, #80												
 814 0026 83F31188 		msr basepri, r3											
 815 002a BFF36F8F 		isb														
 816 002e BFF34F8F 		dsb														
 817              	
 818              	@ 0 "" 2
 819              		.thumb
 820              		.syntax unified
 821              	.L42:
 822              	.LBE112:
 823              	.LBE111:
 232:Middlewares/Third_Party/FreeRTOS/Source/stream_buffer.c **** 		}
 824              		.loc 1 232 4 view .LVU226
 825 0032 FEE7     		b	.L42
 826              	.L48:
 231:Middlewares/Third_Party/FreeRTOS/Source/stream_buffer.c **** 			configASSERT( xBufferSizeBytes > sbBYTES_TO_STORE_MESSAGE_LENGTH );
 827              		.loc 1 231 12 is_stmt 0 view .LVU227
 828 0034 0123     		movs	r3, #1
 829 0036 1E46     		mov	r6, r3
 830 0038 01E0     		b	.L41
 831              	.LVL72:
 832              	.L49:
 237:Middlewares/Third_Party/FreeRTOS/Source/stream_buffer.c **** 			configASSERT( xBufferSizeBytes > 0 );
 833              		.loc 1 237 12 view .LVU228
 834 003a 0023     		movs	r3, #0
 835 003c 1E46     		mov	r6, r3
 836              	.LVL73:
 837              	.L41:
 238:Middlewares/Third_Party/FreeRTOS/Source/stream_buffer.c **** 		}
 838              		.loc 1 238 40 is_stmt 1 view .LVU229
 240:Middlewares/Third_Party/FreeRTOS/Source/stream_buffer.c **** 
 839              		.loc 1 240 3 view .LVU230
 840 003e A842     		cmp	r0, r5
 841 0040 08D2     		bcs	.L44
 240:Middlewares/Third_Party/FreeRTOS/Source/stream_buffer.c **** 
 842              		.loc 1 240 3 discriminator 1 view .LVU231
 843              	.LBB113:
 844              	.LBI113:
 191:Middlewares/Third_Party/FreeRTOS/Source/portable/GCC/ARM_CM4F/portmacro.h **** {
 845              		.loc 2 191 30 view .LVU232
 846              	.LBB114:
 193:Middlewares/Third_Party/FreeRTOS/Source/portable/GCC/ARM_CM4F/portmacro.h **** 
 847              		.loc 2 193 1 view .LVU233
 848              		.loc 2 195 2 view .LVU234
 849              		.syntax unified
 850              	@ 195 "Middlewares/Third_Party/FreeRTOS/Source/portable/GCC/ARM_CM4F/portmacro.h" 1
ARM GAS  D:\temp\TMP\ccub9rRr.s 			page 44


 851 0042 4FF05003 			mov r3, #80												
 852 0046 83F31188 		msr basepri, r3											
 853 004a BFF36F8F 		isb														
 854 004e BFF34F8F 		dsb														
 855              	
 856              	@ 0 "" 2
 857              		.thumb
 858              		.syntax unified
 859              	.L45:
 860              	.LBE114:
 861              	.LBE113:
 240:Middlewares/Third_Party/FreeRTOS/Source/stream_buffer.c **** 
 862              		.loc 1 240 3 view .LVU235
 863 0052 FEE7     		b	.L45
 864              	.L44:
 240:Middlewares/Third_Party/FreeRTOS/Source/stream_buffer.c **** 
 865              		.loc 1 240 57 view .LVU236
 244:Middlewares/Third_Party/FreeRTOS/Source/stream_buffer.c **** 		{
 866              		.loc 1 244 3 view .LVU237
 244:Middlewares/Third_Party/FreeRTOS/Source/stream_buffer.c **** 		{
 867              		.loc 1 244 5 is_stmt 0 view .LVU238
 868 0054 0DB9     		cbnz	r5, .L46
 246:Middlewares/Third_Party/FreeRTOS/Source/stream_buffer.c **** 		}
 869              		.loc 1 246 23 view .LVU239
 870 0056 0123     		movs	r3, #1
 871 0058 1D46     		mov	r5, r3
 872              	.L46:
 873              	.LVL74:
 257:Middlewares/Third_Party/FreeRTOS/Source/stream_buffer.c **** 		pucAllocatedMemory = ( uint8_t * ) pvPortMalloc( xBufferSizeBytes + sizeof( StreamBuffer_t ) ); /
 874              		.loc 1 257 3 is_stmt 1 view .LVU240
 257:Middlewares/Third_Party/FreeRTOS/Source/stream_buffer.c **** 		pucAllocatedMemory = ( uint8_t * ) pvPortMalloc( xBufferSizeBytes + sizeof( StreamBuffer_t ) ); /
 875              		.loc 1 257 19 is_stmt 0 view .LVU241
 876 005a 441C     		adds	r4, r0, #1
 877              	.LVL75:
 258:Middlewares/Third_Party/FreeRTOS/Source/stream_buffer.c **** 
 878              		.loc 1 258 3 is_stmt 1 view .LVU242
 258:Middlewares/Third_Party/FreeRTOS/Source/stream_buffer.c **** 
 879              		.loc 1 258 38 is_stmt 0 view .LVU243
 880 005c 2130     		adds	r0, r0, #33
 881 005e FFF7FEFF 		bl	pvPortMalloc
 882              	.LVL76:
 260:Middlewares/Third_Party/FreeRTOS/Source/stream_buffer.c **** 		{
 883              		.loc 1 260 3 is_stmt 1 view .LVU244
 260:Middlewares/Third_Party/FreeRTOS/Source/stream_buffer.c **** 		{
 884              		.loc 1 260 5 is_stmt 0 view .LVU245
 885 0062 0146     		mov	r1, r0
 886 0064 0746     		mov	r7, r0
 887 0066 28B1     		cbz	r0, .L39
 262:Middlewares/Third_Party/FreeRTOS/Source/stream_buffer.c **** 										   pucAllocatedMemory + sizeof( StreamBuffer_t ),  /* Storage area follows. */ /*lint !e9
 888              		.loc 1 262 4 is_stmt 1 view .LVU246
 889 0068 0096     		str	r6, [sp]
 890 006a 2B46     		mov	r3, r5
 891 006c 2246     		mov	r2, r4
 892 006e 2031     		adds	r1, r1, #32
 893 0070 FFF7FEFF 		bl	prvInitialiseNewStreamBuffer
 894              	.LVL77:
 268:Middlewares/Third_Party/FreeRTOS/Source/stream_buffer.c **** 		}
ARM GAS  D:\temp\TMP\ccub9rRr.s 			page 45


 895              		.loc 1 268 94 view .LVU247
 272:Middlewares/Third_Party/FreeRTOS/Source/stream_buffer.c **** 		}
 896              		.loc 1 272 56 view .LVU248
 275:Middlewares/Third_Party/FreeRTOS/Source/stream_buffer.c **** 	}
 897              		.loc 1 275 3 view .LVU249
 898              	.L39:
 276:Middlewares/Third_Party/FreeRTOS/Source/stream_buffer.c **** 
 899              		.loc 1 276 2 is_stmt 0 view .LVU250
 900 0074 3846     		mov	r0, r7
 901 0076 03B0     		add	sp, sp, #12
 902              	.LCFI13:
 903              		.cfi_def_cfa_offset 20
 904              		@ sp needed
 905 0078 F0BD     		pop	{r4, r5, r6, r7, pc}
 276:Middlewares/Third_Party/FreeRTOS/Source/stream_buffer.c **** 
 906              		.loc 1 276 2 view .LVU251
 907              		.cfi_endproc
 908              	.LFE5:
 910              		.section	.text.xStreamBufferGenericCreateStatic,"ax",%progbits
 911              		.align	1
 912              		.global	xStreamBufferGenericCreateStatic
 913              		.syntax unified
 914              		.thumb
 915              		.thumb_func
 917              	xStreamBufferGenericCreateStatic:
 918              	.LVL78:
 919              	.LFB6:
 288:Middlewares/Third_Party/FreeRTOS/Source/stream_buffer.c **** 	StreamBuffer_t * const pxStreamBuffer = ( StreamBuffer_t * ) pxStaticStreamBuffer; /*lint !e740 !e
 920              		.loc 1 288 2 is_stmt 1 view -0
 921              		.cfi_startproc
 922              		@ args = 4, pretend = 0, frame = 8
 923              		@ frame_needed = 0, uses_anonymous_args = 0
 289:Middlewares/Third_Party/FreeRTOS/Source/stream_buffer.c **** 	StreamBufferHandle_t xReturn;
 924              		.loc 1 289 2 view .LVU253
 290:Middlewares/Third_Party/FreeRTOS/Source/stream_buffer.c **** 	uint8_t ucFlags;
 925              		.loc 1 290 2 view .LVU254
 291:Middlewares/Third_Party/FreeRTOS/Source/stream_buffer.c **** 
 926              		.loc 1 291 2 view .LVU255
 293:Middlewares/Third_Party/FreeRTOS/Source/stream_buffer.c **** 		configASSERT( pxStaticStreamBuffer );
 927              		.loc 1 293 3 view .LVU256
 928 0000 7BB1     		cbz	r3, .L70
 288:Middlewares/Third_Party/FreeRTOS/Source/stream_buffer.c **** 	StreamBuffer_t * const pxStreamBuffer = ( StreamBuffer_t * ) pxStaticStreamBuffer; /*lint !e740 !e
 929              		.loc 1 288 2 is_stmt 0 view .LVU257
 930 0002 00B5     		push	{lr}
 931              	.LCFI14:
 932              		.cfi_def_cfa_offset 4
 933              		.cfi_offset 14, -4
 934 0004 85B0     		sub	sp, sp, #20
 935              	.LCFI15:
 936              		.cfi_def_cfa_offset 24
 937 0006 9C46     		mov	ip, r3
 293:Middlewares/Third_Party/FreeRTOS/Source/stream_buffer.c **** 		configASSERT( pxStaticStreamBuffer );
 938              		.loc 1 293 45 is_stmt 1 view .LVU258
 294:Middlewares/Third_Party/FreeRTOS/Source/stream_buffer.c **** 		configASSERT( xTriggerLevelBytes <= xBufferSizeBytes );
 939              		.loc 1 294 3 view .LVU259
 940 0008 069B     		ldr	r3, [sp, #24]
 941              	.LVL79:
ARM GAS  D:\temp\TMP\ccub9rRr.s 			page 46


 294:Middlewares/Third_Party/FreeRTOS/Source/stream_buffer.c **** 		configASSERT( xTriggerLevelBytes <= xBufferSizeBytes );
 942              		.loc 1 294 3 is_stmt 0 view .LVU260
 943 000a 9BB1     		cbz	r3, .L71
 294:Middlewares/Third_Party/FreeRTOS/Source/stream_buffer.c **** 		configASSERT( xTriggerLevelBytes <= xBufferSizeBytes );
 944              		.loc 1 294 39 is_stmt 1 view .LVU261
 295:Middlewares/Third_Party/FreeRTOS/Source/stream_buffer.c **** 
 945              		.loc 1 295 3 view .LVU262
 946 000c 8142     		cmp	r1, r0
 947 000e 1AD9     		bls	.L58
 295:Middlewares/Third_Party/FreeRTOS/Source/stream_buffer.c **** 
 948              		.loc 1 295 3 discriminator 1 view .LVU263
 949              	.LBB115:
 950              	.LBI115:
 191:Middlewares/Third_Party/FreeRTOS/Source/portable/GCC/ARM_CM4F/portmacro.h **** {
 951              		.loc 2 191 30 view .LVU264
 952              	.LBB116:
 193:Middlewares/Third_Party/FreeRTOS/Source/portable/GCC/ARM_CM4F/portmacro.h **** 
 953              		.loc 2 193 1 view .LVU265
 954              		.loc 2 195 2 view .LVU266
 955              		.syntax unified
 956              	@ 195 "Middlewares/Third_Party/FreeRTOS/Source/portable/GCC/ARM_CM4F/portmacro.h" 1
 957 0010 4FF05003 			mov r3, #80												
 958 0014 83F31188 		msr basepri, r3											
 959 0018 BFF36F8F 		isb														
 960 001c BFF34F8F 		dsb														
 961              	
 962              	@ 0 "" 2
 963              		.thumb
 964              		.syntax unified
 965              	.L59:
 966              	.LBE116:
 967              	.LBE115:
 295:Middlewares/Third_Party/FreeRTOS/Source/stream_buffer.c **** 
 968              		.loc 1 295 3 view .LVU267
 969 0020 FEE7     		b	.L59
 970              	.LVL80:
 971              	.L70:
 972              	.LCFI16:
 973              		.cfi_def_cfa_offset 0
 974              		.cfi_restore 14
 293:Middlewares/Third_Party/FreeRTOS/Source/stream_buffer.c **** 		configASSERT( pxStaticStreamBuffer );
 975              		.loc 1 293 3 discriminator 1 view .LVU268
 976              	.LBB117:
 977              	.LBI117:
 191:Middlewares/Third_Party/FreeRTOS/Source/portable/GCC/ARM_CM4F/portmacro.h **** {
 978              		.loc 2 191 30 view .LVU269
 979              	.LBB118:
 193:Middlewares/Third_Party/FreeRTOS/Source/portable/GCC/ARM_CM4F/portmacro.h **** 
 980              		.loc 2 193 1 view .LVU270
 981              		.loc 2 195 2 view .LVU271
 982              		.syntax unified
 983              	@ 195 "Middlewares/Third_Party/FreeRTOS/Source/portable/GCC/ARM_CM4F/portmacro.h" 1
 984 0022 4FF05003 			mov r3, #80												
 985 0026 83F31188 		msr basepri, r3											
 986 002a BFF36F8F 		isb														
 987 002e BFF34F8F 		dsb														
 988              	
ARM GAS  D:\temp\TMP\ccub9rRr.s 			page 47


 989              	@ 0 "" 2
 990              	.LVL81:
 991              		.thumb
 992              		.syntax unified
 993              	.L55:
 994              		.loc 2 195 2 is_stmt 0 view .LVU272
 995              	.LBE118:
 996              	.LBE117:
 293:Middlewares/Third_Party/FreeRTOS/Source/stream_buffer.c **** 		configASSERT( pxStaticStreamBuffer );
 997              		.loc 1 293 3 is_stmt 1 view .LVU273
 998 0032 FEE7     		b	.L55
 999              	.LVL82:
 1000              	.L71:
 1001              	.LCFI17:
 1002              		.cfi_def_cfa_offset 24
 1003              		.cfi_offset 14, -4
 294:Middlewares/Third_Party/FreeRTOS/Source/stream_buffer.c **** 		configASSERT( xTriggerLevelBytes <= xBufferSizeBytes );
 1004              		.loc 1 294 3 discriminator 1 view .LVU274
 1005              	.LBB119:
 1006              	.LBI119:
 191:Middlewares/Third_Party/FreeRTOS/Source/portable/GCC/ARM_CM4F/portmacro.h **** {
 1007              		.loc 2 191 30 view .LVU275
 1008              	.LBB120:
 193:Middlewares/Third_Party/FreeRTOS/Source/portable/GCC/ARM_CM4F/portmacro.h **** 
 1009              		.loc 2 193 1 view .LVU276
 1010              		.loc 2 195 2 view .LVU277
 1011              		.syntax unified
 1012              	@ 195 "Middlewares/Third_Party/FreeRTOS/Source/portable/GCC/ARM_CM4F/portmacro.h" 1
 1013 0034 4FF05003 			mov r3, #80												
 1014 0038 83F31188 		msr basepri, r3											
 1015 003c BFF36F8F 		isb														
 1016 0040 BFF34F8F 		dsb														
 1017              	
 1018              	@ 0 "" 2
 1019              		.thumb
 1020              		.syntax unified
 1021              	.L57:
 1022              	.LBE120:
 1023              	.LBE119:
 294:Middlewares/Third_Party/FreeRTOS/Source/stream_buffer.c **** 		configASSERT( xTriggerLevelBytes <= xBufferSizeBytes );
 1024              		.loc 1 294 3 view .LVU278
 1025 0044 FEE7     		b	.L57
 1026              	.L58:
 295:Middlewares/Third_Party/FreeRTOS/Source/stream_buffer.c **** 
 1027              		.loc 1 295 57 view .LVU279
 299:Middlewares/Third_Party/FreeRTOS/Source/stream_buffer.c **** 		{
 1028              		.loc 1 299 3 view .LVU280
 299:Middlewares/Third_Party/FreeRTOS/Source/stream_buffer.c **** 		{
 1029              		.loc 1 299 5 is_stmt 0 view .LVU281
 1030 0046 01B9     		cbnz	r1, .L60
 301:Middlewares/Third_Party/FreeRTOS/Source/stream_buffer.c **** 		}
 1031              		.loc 1 301 23 view .LVU282
 1032 0048 0121     		movs	r1, #1
 1033              	.LVL83:
 1034              	.L60:
 304:Middlewares/Third_Party/FreeRTOS/Source/stream_buffer.c **** 		{
 1035              		.loc 1 304 3 is_stmt 1 view .LVU283
ARM GAS  D:\temp\TMP\ccub9rRr.s 			page 48


 304:Middlewares/Third_Party/FreeRTOS/Source/stream_buffer.c **** 		{
 1036              		.loc 1 304 5 is_stmt 0 view .LVU284
 1037 004a 5AB1     		cbz	r2, .L67
 307:Middlewares/Third_Party/FreeRTOS/Source/stream_buffer.c **** 		}
 1038              		.loc 1 307 12 view .LVU285
 1039 004c 0323     		movs	r3, #3
 1040              	.L61:
 1041              	.LVL84:
 319:Middlewares/Third_Party/FreeRTOS/Source/stream_buffer.c **** 
 1042              		.loc 1 319 3 is_stmt 1 view .LVU286
 1043 004e 0428     		cmp	r0, #4
 1044 0050 0AD8     		bhi	.L62
 319:Middlewares/Third_Party/FreeRTOS/Source/stream_buffer.c **** 
 1045              		.loc 1 319 3 discriminator 1 view .LVU287
 1046              	.LBB121:
 1047              	.LBI121:
 191:Middlewares/Third_Party/FreeRTOS/Source/portable/GCC/ARM_CM4F/portmacro.h **** {
 1048              		.loc 2 191 30 view .LVU288
 1049              	.LBB122:
 193:Middlewares/Third_Party/FreeRTOS/Source/portable/GCC/ARM_CM4F/portmacro.h **** 
 1050              		.loc 2 193 1 view .LVU289
 1051              		.loc 2 195 2 view .LVU290
 1052              		.syntax unified
 1053              	@ 195 "Middlewares/Third_Party/FreeRTOS/Source/portable/GCC/ARM_CM4F/portmacro.h" 1
 1054 0052 4FF05003 			mov r3, #80												
 1055 0056 83F31188 		msr basepri, r3											
 1056 005a BFF36F8F 		isb														
 1057 005e BFF34F8F 		dsb														
 1058              	
 1059              	@ 0 "" 2
 1060              	.LVL85:
 1061              		.thumb
 1062              		.syntax unified
 1063              	.L63:
 1064              		.loc 2 195 2 is_stmt 0 view .LVU291
 1065              	.LBE122:
 1066              	.LBE121:
 319:Middlewares/Third_Party/FreeRTOS/Source/stream_buffer.c **** 
 1067              		.loc 1 319 3 is_stmt 1 view .LVU292
 1068 0062 FEE7     		b	.L63
 1069              	.LVL86:
 1070              	.L67:
 312:Middlewares/Third_Party/FreeRTOS/Source/stream_buffer.c **** 		}
 1071              		.loc 1 312 12 is_stmt 0 view .LVU293
 1072 0064 0223     		movs	r3, #2
 1073 0066 F2E7     		b	.L61
 1074              	.LVL87:
 1075              	.L62:
 319:Middlewares/Third_Party/FreeRTOS/Source/stream_buffer.c **** 
 1076              		.loc 1 319 69 is_stmt 1 view .LVU294
 1077              	.LBB123:
 326:Middlewares/Third_Party/FreeRTOS/Source/stream_buffer.c **** 			configASSERT( xSize == sizeof( StreamBuffer_t ) );
 1078              		.loc 1 326 4 view .LVU295
 326:Middlewares/Third_Party/FreeRTOS/Source/stream_buffer.c **** 			configASSERT( xSize == sizeof( StreamBuffer_t ) );
 1079              		.loc 1 326 20 is_stmt 0 view .LVU296
 1080 0068 2022     		movs	r2, #32
 1081              	.LVL88:
ARM GAS  D:\temp\TMP\ccub9rRr.s 			page 49


 326:Middlewares/Third_Party/FreeRTOS/Source/stream_buffer.c **** 			configASSERT( xSize == sizeof( StreamBuffer_t ) );
 1082              		.loc 1 326 20 view .LVU297
 1083 006a 0392     		str	r2, [sp, #12]
 327:Middlewares/Third_Party/FreeRTOS/Source/stream_buffer.c **** 		} /*lint !e529 xSize is referenced is configASSERT() is defined. */
 1084              		.loc 1 327 4 is_stmt 1 view .LVU298
 1085 006c 039A     		ldr	r2, [sp, #12]
 1086 006e 202A     		cmp	r2, #32
 1087 0070 08D0     		beq	.L64
 327:Middlewares/Third_Party/FreeRTOS/Source/stream_buffer.c **** 		} /*lint !e529 xSize is referenced is configASSERT() is defined. */
 1088              		.loc 1 327 4 discriminator 1 view .LVU299
 1089              	.LBB124:
 1090              	.LBI124:
 191:Middlewares/Third_Party/FreeRTOS/Source/portable/GCC/ARM_CM4F/portmacro.h **** {
 1091              		.loc 2 191 30 view .LVU300
 1092              	.LBB125:
 193:Middlewares/Third_Party/FreeRTOS/Source/portable/GCC/ARM_CM4F/portmacro.h **** 
 1093              		.loc 2 193 1 view .LVU301
 1094              		.loc 2 195 2 view .LVU302
 1095              		.syntax unified
 1096              	@ 195 "Middlewares/Third_Party/FreeRTOS/Source/portable/GCC/ARM_CM4F/portmacro.h" 1
 1097 0072 4FF05003 			mov r3, #80												
 1098 0076 83F31188 		msr basepri, r3											
 1099 007a BFF36F8F 		isb														
 1100 007e BFF34F8F 		dsb														
 1101              	
 1102              	@ 0 "" 2
 1103              	.LVL89:
 1104              		.thumb
 1105              		.syntax unified
 1106              	.L65:
 1107              		.loc 2 195 2 is_stmt 0 view .LVU303
 1108              	.LBE125:
 1109              	.LBE124:
 327:Middlewares/Third_Party/FreeRTOS/Source/stream_buffer.c **** 		} /*lint !e529 xSize is referenced is configASSERT() is defined. */
 1110              		.loc 1 327 4 is_stmt 1 view .LVU304
 1111 0082 FEE7     		b	.L65
 1112              	.LVL90:
 1113              	.L64:
 327:Middlewares/Third_Party/FreeRTOS/Source/stream_buffer.c **** 		} /*lint !e529 xSize is referenced is configASSERT() is defined. */
 1114              		.loc 1 327 53 view .LVU305
 1115              	.LBE123:
 331:Middlewares/Third_Party/FreeRTOS/Source/stream_buffer.c **** 		{
 1116              		.loc 1 331 3 view .LVU306
 333:Middlewares/Third_Party/FreeRTOS/Source/stream_buffer.c **** 										  pucStreamBufferStorageArea,
 1117              		.loc 1 333 4 view .LVU307
 1118 0084 0093     		str	r3, [sp]
 1119 0086 0B46     		mov	r3, r1
 1120              	.LVL91:
 333:Middlewares/Third_Party/FreeRTOS/Source/stream_buffer.c **** 										  pucStreamBufferStorageArea,
 1121              		.loc 1 333 4 is_stmt 0 view .LVU308
 1122 0088 0246     		mov	r2, r0
 1123 008a 6146     		mov	r1, ip
 1124              	.LVL92:
 333:Middlewares/Third_Party/FreeRTOS/Source/stream_buffer.c **** 										  pucStreamBufferStorageArea,
 1125              		.loc 1 333 4 view .LVU309
 1126 008c 0698     		ldr	r0, [sp, #24]
 1127              	.LVL93:
ARM GAS  D:\temp\TMP\ccub9rRr.s 			page 50


 333:Middlewares/Third_Party/FreeRTOS/Source/stream_buffer.c **** 										  pucStreamBufferStorageArea,
 1128              		.loc 1 333 4 view .LVU310
 1129 008e FFF7FEFF 		bl	prvInitialiseNewStreamBuffer
 1130              	.LVL94:
 341:Middlewares/Third_Party/FreeRTOS/Source/stream_buffer.c **** 
 1131              		.loc 1 341 4 is_stmt 1 view .LVU311
 341:Middlewares/Third_Party/FreeRTOS/Source/stream_buffer.c **** 
 1132              		.loc 1 341 18 is_stmt 0 view .LVU312
 1133 0092 069B     		ldr	r3, [sp, #24]
 1134 0094 1B7F     		ldrb	r3, [r3, #28]	@ zero_extendqisi2
 341:Middlewares/Third_Party/FreeRTOS/Source/stream_buffer.c **** 
 1135              		.loc 1 341 28 view .LVU313
 1136 0096 43F00203 		orr	r3, r3, #2
 1137 009a 069A     		ldr	r2, [sp, #24]
 1138 009c 1377     		strb	r3, [r2, #28]
 343:Middlewares/Third_Party/FreeRTOS/Source/stream_buffer.c **** 
 1139              		.loc 1 343 65 is_stmt 1 view .LVU314
 345:Middlewares/Third_Party/FreeRTOS/Source/stream_buffer.c **** 		}
 1140              		.loc 1 345 4 view .LVU315
 1141              	.LVL95:
 350:Middlewares/Third_Party/FreeRTOS/Source/stream_buffer.c **** 		}
 1142              		.loc 1 350 72 view .LVU316
 353:Middlewares/Third_Party/FreeRTOS/Source/stream_buffer.c **** 	}
 1143              		.loc 1 353 3 view .LVU317
 354:Middlewares/Third_Party/FreeRTOS/Source/stream_buffer.c **** 
 1144              		.loc 1 354 2 is_stmt 0 view .LVU318
 1145 009e 1046     		mov	r0, r2
 1146 00a0 05B0     		add	sp, sp, #20
 1147              	.LCFI18:
 1148              		.cfi_def_cfa_offset 4
 1149              		@ sp needed
 1150 00a2 00BD     		pop	{pc}
 354:Middlewares/Third_Party/FreeRTOS/Source/stream_buffer.c **** 
 1151              		.loc 1 354 2 view .LVU319
 1152              		.cfi_endproc
 1153              	.LFE6:
 1155              		.section	.text.vStreamBufferDelete,"ax",%progbits
 1156              		.align	1
 1157              		.global	vStreamBufferDelete
 1158              		.syntax unified
 1159              		.thumb
 1160              		.thumb_func
 1162              	vStreamBufferDelete:
 1163              	.LVL96:
 1164              	.LFB7:
 360:Middlewares/Third_Party/FreeRTOS/Source/stream_buffer.c **** StreamBuffer_t * pxStreamBuffer = xStreamBuffer;
 1165              		.loc 1 360 1 is_stmt 1 view -0
 1166              		.cfi_startproc
 1167              		@ args = 0, pretend = 0, frame = 0
 1168              		@ frame_needed = 0, uses_anonymous_args = 0
 360:Middlewares/Third_Party/FreeRTOS/Source/stream_buffer.c **** StreamBuffer_t * pxStreamBuffer = xStreamBuffer;
 1169              		.loc 1 360 1 is_stmt 0 view .LVU321
 1170 0000 08B5     		push	{r3, lr}
 1171              	.LCFI19:
 1172              		.cfi_def_cfa_offset 8
 1173              		.cfi_offset 3, -8
 1174              		.cfi_offset 14, -4
ARM GAS  D:\temp\TMP\ccub9rRr.s 			page 51


 361:Middlewares/Third_Party/FreeRTOS/Source/stream_buffer.c **** 
 1175              		.loc 1 361 1 is_stmt 1 view .LVU322
 1176              	.LVL97:
 363:Middlewares/Third_Party/FreeRTOS/Source/stream_buffer.c **** 
 1177              		.loc 1 363 2 view .LVU323
 1178 0002 30B1     		cbz	r0, .L78
 363:Middlewares/Third_Party/FreeRTOS/Source/stream_buffer.c **** 
 1179              		.loc 1 363 32 view .LVU324
 365:Middlewares/Third_Party/FreeRTOS/Source/stream_buffer.c **** 
 1180              		.loc 1 365 44 view .LVU325
 367:Middlewares/Third_Party/FreeRTOS/Source/stream_buffer.c **** 	{
 1181              		.loc 1 367 2 view .LVU326
 367:Middlewares/Third_Party/FreeRTOS/Source/stream_buffer.c **** 	{
 1182              		.loc 1 367 22 is_stmt 0 view .LVU327
 1183 0004 027F     		ldrb	r2, [r0, #28]	@ zero_extendqisi2
 367:Middlewares/Third_Party/FreeRTOS/Source/stream_buffer.c **** 	{
 1184              		.loc 1 367 4 view .LVU328
 1185 0006 12F0020F 		tst	r2, #2
 1186 000a 0BD1     		bne	.L75
 373:Middlewares/Third_Party/FreeRTOS/Source/stream_buffer.c **** 		}
 1187              		.loc 1 373 4 is_stmt 1 view .LVU329
 1188 000c FFF7FEFF 		bl	vPortFree
 1189              	.LVL98:
 1190              	.L72:
 389:Middlewares/Third_Party/FreeRTOS/Source/stream_buffer.c **** /*-----------------------------------------------------------*/
 1191              		.loc 1 389 1 is_stmt 0 view .LVU330
 1192 0010 08BD     		pop	{r3, pc}
 1193              	.LVL99:
 1194              	.L78:
 363:Middlewares/Third_Party/FreeRTOS/Source/stream_buffer.c **** 
 1195              		.loc 1 363 2 is_stmt 1 discriminator 1 view .LVU331
 1196              	.LBB126:
 1197              	.LBI126:
 191:Middlewares/Third_Party/FreeRTOS/Source/portable/GCC/ARM_CM4F/portmacro.h **** {
 1198              		.loc 2 191 30 view .LVU332
 1199              	.LBB127:
 193:Middlewares/Third_Party/FreeRTOS/Source/portable/GCC/ARM_CM4F/portmacro.h **** 
 1200              		.loc 2 193 1 view .LVU333
 1201              		.loc 2 195 2 view .LVU334
 1202              		.syntax unified
 1203              	@ 195 "Middlewares/Third_Party/FreeRTOS/Source/portable/GCC/ARM_CM4F/portmacro.h" 1
 1204 0012 4FF05003 			mov r3, #80												
 1205 0016 83F31188 		msr basepri, r3											
 1206 001a BFF36F8F 		isb														
 1207 001e BFF34F8F 		dsb														
 1208              	
 1209              	@ 0 "" 2
 1210              		.thumb
 1211              		.syntax unified
 1212              	.L74:
 1213              	.LBE127:
 1214              	.LBE126:
 363:Middlewares/Third_Party/FreeRTOS/Source/stream_buffer.c **** 
 1215              		.loc 1 363 2 view .LVU335
 1216 0022 FEE7     		b	.L74
 1217              	.L75:
 387:Middlewares/Third_Party/FreeRTOS/Source/stream_buffer.c **** 	}
ARM GAS  D:\temp\TMP\ccub9rRr.s 			page 52


 1218              		.loc 1 387 3 view .LVU336
 387:Middlewares/Third_Party/FreeRTOS/Source/stream_buffer.c **** 	}
 1219              		.loc 1 387 12 is_stmt 0 view .LVU337
 1220 0024 2022     		movs	r2, #32
 1221 0026 0021     		movs	r1, #0
 1222 0028 FFF7FEFF 		bl	memset
 1223              	.LVL100:
 389:Middlewares/Third_Party/FreeRTOS/Source/stream_buffer.c **** /*-----------------------------------------------------------*/
 1224              		.loc 1 389 1 view .LVU338
 1225 002c F0E7     		b	.L72
 1226              		.cfi_endproc
 1227              	.LFE7:
 1229              		.section	.text.xStreamBufferReset,"ax",%progbits
 1230              		.align	1
 1231              		.global	xStreamBufferReset
 1232              		.syntax unified
 1233              		.thumb
 1234              		.thumb_func
 1236              	xStreamBufferReset:
 1237              	.LVL101:
 1238              	.LFB8:
 393:Middlewares/Third_Party/FreeRTOS/Source/stream_buffer.c **** StreamBuffer_t * const pxStreamBuffer = xStreamBuffer;
 1239              		.loc 1 393 1 is_stmt 1 view -0
 1240              		.cfi_startproc
 1241              		@ args = 0, pretend = 0, frame = 0
 1242              		@ frame_needed = 0, uses_anonymous_args = 0
 394:Middlewares/Third_Party/FreeRTOS/Source/stream_buffer.c **** BaseType_t xReturn = pdFAIL;
 1243              		.loc 1 394 1 view .LVU340
 395:Middlewares/Third_Party/FreeRTOS/Source/stream_buffer.c **** 
 1244              		.loc 1 395 1 view .LVU341
 401:Middlewares/Third_Party/FreeRTOS/Source/stream_buffer.c **** 
 1245              		.loc 1 401 2 view .LVU342
 1246 0000 68B1     		cbz	r0, .L87
 393:Middlewares/Third_Party/FreeRTOS/Source/stream_buffer.c **** StreamBuffer_t * const pxStreamBuffer = xStreamBuffer;
 1247              		.loc 1 393 1 is_stmt 0 view .LVU343
 1248 0002 10B5     		push	{r4, lr}
 1249              	.LCFI20:
 1250              		.cfi_def_cfa_offset 8
 1251              		.cfi_offset 4, -8
 1252              		.cfi_offset 14, -4
 1253 0004 82B0     		sub	sp, sp, #8
 1254              	.LCFI21:
 1255              		.cfi_def_cfa_offset 16
 1256 0006 0446     		mov	r4, r0
 401:Middlewares/Third_Party/FreeRTOS/Source/stream_buffer.c **** 
 1257              		.loc 1 401 32 is_stmt 1 view .LVU344
 412:Middlewares/Third_Party/FreeRTOS/Source/stream_buffer.c **** 	{
 1258              		.loc 1 412 2 view .LVU345
 1259 0008 FFF7FEFF 		bl	vPortEnterCritical
 1260              	.LVL102:
 414:Middlewares/Third_Party/FreeRTOS/Source/stream_buffer.c **** 		{
 1261              		.loc 1 414 3 view .LVU346
 414:Middlewares/Third_Party/FreeRTOS/Source/stream_buffer.c **** 		{
 1262              		.loc 1 414 21 is_stmt 0 view .LVU347
 1263 000c 2369     		ldr	r3, [r4, #16]
 414:Middlewares/Third_Party/FreeRTOS/Source/stream_buffer.c **** 		{
 1264              		.loc 1 414 5 view .LVU348
ARM GAS  D:\temp\TMP\ccub9rRr.s 			page 53


 1265 000e 7BB1     		cbz	r3, .L88
 395:Middlewares/Third_Party/FreeRTOS/Source/stream_buffer.c **** 
 1266              		.loc 1 395 12 view .LVU349
 1267 0010 0023     		movs	r3, #0
 1268 0012 1C46     		mov	r4, r3
 1269              	.LVL103:
 1270              	.L82:
 431:Middlewares/Third_Party/FreeRTOS/Source/stream_buffer.c **** 			}
 1271              		.loc 1 431 46 is_stmt 1 view .LVU350
 435:Middlewares/Third_Party/FreeRTOS/Source/stream_buffer.c **** 
 1272              		.loc 1 435 2 view .LVU351
 1273 0014 FFF7FEFF 		bl	vPortExitCritical
 1274              	.LVL104:
 437:Middlewares/Third_Party/FreeRTOS/Source/stream_buffer.c **** }
 1275              		.loc 1 437 2 view .LVU352
 438:Middlewares/Third_Party/FreeRTOS/Source/stream_buffer.c **** /*-----------------------------------------------------------*/
 1276              		.loc 1 438 1 is_stmt 0 view .LVU353
 1277 0018 2046     		mov	r0, r4
 1278 001a 02B0     		add	sp, sp, #8
 1279              	.LCFI22:
 1280              		.cfi_def_cfa_offset 8
 1281              		@ sp needed
 1282 001c 10BD     		pop	{r4, pc}
 1283              	.LVL105:
 1284              	.L87:
 1285              	.LCFI23:
 1286              		.cfi_def_cfa_offset 0
 1287              		.cfi_restore 4
 1288              		.cfi_restore 14
 401:Middlewares/Third_Party/FreeRTOS/Source/stream_buffer.c **** 
 1289              		.loc 1 401 2 is_stmt 1 discriminator 1 view .LVU354
 1290              	.LBB128:
 1291              	.LBI128:
 191:Middlewares/Third_Party/FreeRTOS/Source/portable/GCC/ARM_CM4F/portmacro.h **** {
 1292              		.loc 2 191 30 view .LVU355
 1293              	.LBB129:
 193:Middlewares/Third_Party/FreeRTOS/Source/portable/GCC/ARM_CM4F/portmacro.h **** 
 1294              		.loc 2 193 1 view .LVU356
 1295              		.loc 2 195 2 view .LVU357
 1296              		.syntax unified
 1297              	@ 195 "Middlewares/Third_Party/FreeRTOS/Source/portable/GCC/ARM_CM4F/portmacro.h" 1
 1298 001e 4FF05003 			mov r3, #80												
 1299 0022 83F31188 		msr basepri, r3											
 1300 0026 BFF36F8F 		isb														
 1301 002a BFF34F8F 		dsb														
 1302              	
 1303              	@ 0 "" 2
 1304              		.thumb
 1305              		.syntax unified
 1306              	.L81:
 1307              	.LBE129:
 1308              	.LBE128:
 401:Middlewares/Third_Party/FreeRTOS/Source/stream_buffer.c **** 
 1309              		.loc 1 401 2 view .LVU358
 1310 002e FEE7     		b	.L81
 1311              	.LVL106:
 1312              	.L88:
ARM GAS  D:\temp\TMP\ccub9rRr.s 			page 54


 1313              	.LCFI24:
 1314              		.cfi_def_cfa_offset 16
 1315              		.cfi_offset 4, -8
 1316              		.cfi_offset 14, -4
 416:Middlewares/Third_Party/FreeRTOS/Source/stream_buffer.c **** 			{
 1317              		.loc 1 416 4 view .LVU359
 416:Middlewares/Third_Party/FreeRTOS/Source/stream_buffer.c **** 			{
 1318              		.loc 1 416 22 is_stmt 0 view .LVU360
 1319 0030 6369     		ldr	r3, [r4, #20]
 416:Middlewares/Third_Party/FreeRTOS/Source/stream_buffer.c **** 			{
 1320              		.loc 1 416 6 view .LVU361
 1321 0032 13B1     		cbz	r3, .L89
 395:Middlewares/Third_Party/FreeRTOS/Source/stream_buffer.c **** 
 1322              		.loc 1 395 12 view .LVU362
 1323 0034 0023     		movs	r3, #0
 1324 0036 1C46     		mov	r4, r3
 1325              	.LVL107:
 395:Middlewares/Third_Party/FreeRTOS/Source/stream_buffer.c **** 
 1326              		.loc 1 395 12 view .LVU363
 1327 0038 ECE7     		b	.L82
 1328              	.LVL108:
 1329              	.L89:
 418:Middlewares/Third_Party/FreeRTOS/Source/stream_buffer.c **** 											  pxStreamBuffer->pucBuffer,
 1330              		.loc 1 418 5 is_stmt 1 view .LVU364
 1331 003a 2046     		mov	r0, r4
 1332 003c 237F     		ldrb	r3, [r4, #28]	@ zero_extendqisi2
 1333 003e 0093     		str	r3, [sp]
 1334 0040 E368     		ldr	r3, [r4, #12]
 1335 0042 A268     		ldr	r2, [r4, #8]
 1336 0044 A169     		ldr	r1, [r4, #24]
 1337 0046 FFF7FEFF 		bl	prvInitialiseNewStreamBuffer
 1338              	.LVL109:
 423:Middlewares/Third_Party/FreeRTOS/Source/stream_buffer.c **** 
 1339              		.loc 1 423 5 view .LVU365
 423:Middlewares/Third_Party/FreeRTOS/Source/stream_buffer.c **** 
 1340              		.loc 1 423 13 is_stmt 0 view .LVU366
 1341 004a 0123     		movs	r3, #1
 1342 004c 1C46     		mov	r4, r3
 1343              	.LVL110:
 423:Middlewares/Third_Party/FreeRTOS/Source/stream_buffer.c **** 
 1344              		.loc 1 423 13 view .LVU367
 1345 004e E1E7     		b	.L82
 1346              		.cfi_endproc
 1347              	.LFE8:
 1349              		.section	.text.xStreamBufferSetTriggerLevel,"ax",%progbits
 1350              		.align	1
 1351              		.global	xStreamBufferSetTriggerLevel
 1352              		.syntax unified
 1353              		.thumb
 1354              		.thumb_func
 1356              	xStreamBufferSetTriggerLevel:
 1357              	.LVL111:
 1358              	.LFB9:
 442:Middlewares/Third_Party/FreeRTOS/Source/stream_buffer.c **** StreamBuffer_t * const pxStreamBuffer = xStreamBuffer;
 1359              		.loc 1 442 1 is_stmt 1 view -0
 1360              		.cfi_startproc
 1361              		@ args = 0, pretend = 0, frame = 0
ARM GAS  D:\temp\TMP\ccub9rRr.s 			page 55


 1362              		@ frame_needed = 0, uses_anonymous_args = 0
 1363              		@ link register save eliminated.
 443:Middlewares/Third_Party/FreeRTOS/Source/stream_buffer.c **** BaseType_t xReturn;
 1364              		.loc 1 443 1 view .LVU369
 444:Middlewares/Third_Party/FreeRTOS/Source/stream_buffer.c **** 
 1365              		.loc 1 444 1 view .LVU370
 446:Middlewares/Third_Party/FreeRTOS/Source/stream_buffer.c **** 
 1366              		.loc 1 446 2 view .LVU371
 1367 0000 0346     		mov	r3, r0
 1368 0002 38B1     		cbz	r0, .L97
 446:Middlewares/Third_Party/FreeRTOS/Source/stream_buffer.c **** 
 1369              		.loc 1 446 32 view .LVU372
 449:Middlewares/Third_Party/FreeRTOS/Source/stream_buffer.c **** 	{
 1370              		.loc 1 449 2 view .LVU373
 449:Middlewares/Third_Party/FreeRTOS/Source/stream_buffer.c **** 	{
 1371              		.loc 1 449 4 is_stmt 0 view .LVU374
 1372 0004 01B9     		cbnz	r1, .L93
 451:Middlewares/Third_Party/FreeRTOS/Source/stream_buffer.c **** 	}
 1373              		.loc 1 451 17 view .LVU375
 1374 0006 0121     		movs	r1, #1
 1375              	.LVL112:
 1376              	.L93:
 456:Middlewares/Third_Party/FreeRTOS/Source/stream_buffer.c **** 	{
 1377              		.loc 1 456 2 is_stmt 1 view .LVU376
 456:Middlewares/Third_Party/FreeRTOS/Source/stream_buffer.c **** 	{
 1378              		.loc 1 456 37 is_stmt 0 view .LVU377
 1379 0008 9A68     		ldr	r2, [r3, #8]
 456:Middlewares/Third_Party/FreeRTOS/Source/stream_buffer.c **** 	{
 1380              		.loc 1 456 4 view .LVU378
 1381 000a 8A42     		cmp	r2, r1
 1382 000c 0BD3     		bcc	.L96
 458:Middlewares/Third_Party/FreeRTOS/Source/stream_buffer.c **** 		xReturn = pdPASS;
 1383              		.loc 1 458 3 is_stmt 1 view .LVU379
 458:Middlewares/Third_Party/FreeRTOS/Source/stream_buffer.c **** 		xReturn = pdPASS;
 1384              		.loc 1 458 38 is_stmt 0 view .LVU380
 1385 000e D960     		str	r1, [r3, #12]
 459:Middlewares/Third_Party/FreeRTOS/Source/stream_buffer.c **** 	}
 1386              		.loc 1 459 3 is_stmt 1 view .LVU381
 1387              	.LVL113:
 459:Middlewares/Third_Party/FreeRTOS/Source/stream_buffer.c **** 	}
 1388              		.loc 1 459 11 is_stmt 0 view .LVU382
 1389 0010 0120     		movs	r0, #1
 1390              	.LVL114:
 459:Middlewares/Third_Party/FreeRTOS/Source/stream_buffer.c **** 	}
 1391              		.loc 1 459 11 view .LVU383
 1392 0012 7047     		bx	lr
 1393              	.LVL115:
 1394              	.L97:
 446:Middlewares/Third_Party/FreeRTOS/Source/stream_buffer.c **** 
 1395              		.loc 1 446 2 is_stmt 1 discriminator 1 view .LVU384
 1396              	.LBB130:
 1397              	.LBI130:
 191:Middlewares/Third_Party/FreeRTOS/Source/portable/GCC/ARM_CM4F/portmacro.h **** {
 1398              		.loc 2 191 30 view .LVU385
 1399              	.LBB131:
 193:Middlewares/Third_Party/FreeRTOS/Source/portable/GCC/ARM_CM4F/portmacro.h **** 
 1400              		.loc 2 193 1 view .LVU386
ARM GAS  D:\temp\TMP\ccub9rRr.s 			page 56


 1401              		.loc 2 195 2 view .LVU387
 1402              		.syntax unified
 1403              	@ 195 "Middlewares/Third_Party/FreeRTOS/Source/portable/GCC/ARM_CM4F/portmacro.h" 1
 1404 0014 4FF05003 			mov r3, #80												
 1405 0018 83F31188 		msr basepri, r3											
 1406 001c BFF36F8F 		isb														
 1407 0020 BFF34F8F 		dsb														
 1408              	
 1409              	@ 0 "" 2
 1410              		.thumb
 1411              		.syntax unified
 1412              	.L92:
 1413              	.LBE131:
 1414              	.LBE130:
 446:Middlewares/Third_Party/FreeRTOS/Source/stream_buffer.c **** 
 1415              		.loc 1 446 2 view .LVU388
 1416 0024 FEE7     		b	.L92
 1417              	.L96:
 463:Middlewares/Third_Party/FreeRTOS/Source/stream_buffer.c **** 	}
 1418              		.loc 1 463 11 is_stmt 0 view .LVU389
 1419 0026 0020     		movs	r0, #0
 1420              	.LVL116:
 466:Middlewares/Third_Party/FreeRTOS/Source/stream_buffer.c **** }
 1421              		.loc 1 466 2 is_stmt 1 view .LVU390
 467:Middlewares/Third_Party/FreeRTOS/Source/stream_buffer.c **** /*-----------------------------------------------------------*/
 1422              		.loc 1 467 1 is_stmt 0 view .LVU391
 1423 0028 7047     		bx	lr
 1424              		.cfi_endproc
 1425              	.LFE9:
 1427              		.section	.text.xStreamBufferSpacesAvailable,"ax",%progbits
 1428              		.align	1
 1429              		.global	xStreamBufferSpacesAvailable
 1430              		.syntax unified
 1431              		.thumb
 1432              		.thumb_func
 1434              	xStreamBufferSpacesAvailable:
 1435              	.LVL117:
 1436              	.LFB10:
 471:Middlewares/Third_Party/FreeRTOS/Source/stream_buffer.c **** const StreamBuffer_t * const pxStreamBuffer = xStreamBuffer;
 1437              		.loc 1 471 1 is_stmt 1 view -0
 1438              		.cfi_startproc
 1439              		@ args = 0, pretend = 0, frame = 0
 1440              		@ frame_needed = 0, uses_anonymous_args = 0
 1441              		@ link register save eliminated.
 472:Middlewares/Third_Party/FreeRTOS/Source/stream_buffer.c **** size_t xSpace;
 1442              		.loc 1 472 1 view .LVU393
 473:Middlewares/Third_Party/FreeRTOS/Source/stream_buffer.c **** 
 1443              		.loc 1 473 1 view .LVU394
 475:Middlewares/Third_Party/FreeRTOS/Source/stream_buffer.c **** 
 1444              		.loc 1 475 2 view .LVU395
 1445 0000 0346     		mov	r3, r0
 1446 0002 48B1     		cbz	r0, .L102
 475:Middlewares/Third_Party/FreeRTOS/Source/stream_buffer.c **** 
 1447              		.loc 1 475 32 view .LVU396
 477:Middlewares/Third_Party/FreeRTOS/Source/stream_buffer.c **** 	xSpace -= pxStreamBuffer->xHead;
 1448              		.loc 1 477 2 view .LVU397
 477:Middlewares/Third_Party/FreeRTOS/Source/stream_buffer.c **** 	xSpace -= pxStreamBuffer->xHead;
ARM GAS  D:\temp\TMP\ccub9rRr.s 			page 57


 1449              		.loc 1 477 25 is_stmt 0 view .LVU398
 1450 0004 8268     		ldr	r2, [r0, #8]
 477:Middlewares/Third_Party/FreeRTOS/Source/stream_buffer.c **** 	xSpace -= pxStreamBuffer->xHead;
 1451              		.loc 1 477 51 view .LVU399
 1452 0006 0068     		ldr	r0, [r0]
 1453              	.LVL118:
 477:Middlewares/Third_Party/FreeRTOS/Source/stream_buffer.c **** 	xSpace -= pxStreamBuffer->xHead;
 1454              		.loc 1 477 9 view .LVU400
 1455 0008 1044     		add	r0, r0, r2
 1456              	.LVL119:
 478:Middlewares/Third_Party/FreeRTOS/Source/stream_buffer.c **** 	xSpace -= ( size_t ) 1;
 1457              		.loc 1 478 2 is_stmt 1 view .LVU401
 478:Middlewares/Third_Party/FreeRTOS/Source/stream_buffer.c **** 	xSpace -= ( size_t ) 1;
 1458              		.loc 1 478 26 is_stmt 0 view .LVU402
 1459 000a 5B68     		ldr	r3, [r3, #4]
 1460              	.LVL120:
 478:Middlewares/Third_Party/FreeRTOS/Source/stream_buffer.c **** 	xSpace -= ( size_t ) 1;
 1461              		.loc 1 478 9 view .LVU403
 1462 000c C01A     		subs	r0, r0, r3
 1463              	.LVL121:
 479:Middlewares/Third_Party/FreeRTOS/Source/stream_buffer.c **** 
 1464              		.loc 1 479 2 is_stmt 1 view .LVU404
 479:Middlewares/Third_Party/FreeRTOS/Source/stream_buffer.c **** 
 1465              		.loc 1 479 9 is_stmt 0 view .LVU405
 1466 000e 0138     		subs	r0, r0, #1
 1467              	.LVL122:
 481:Middlewares/Third_Party/FreeRTOS/Source/stream_buffer.c **** 	{
 1468              		.loc 1 481 2 is_stmt 1 view .LVU406
 481:Middlewares/Third_Party/FreeRTOS/Source/stream_buffer.c **** 	{
 1469              		.loc 1 481 4 is_stmt 0 view .LVU407
 1470 0010 8242     		cmp	r2, r0
 1471 0012 00D8     		bhi	.L98
 483:Middlewares/Third_Party/FreeRTOS/Source/stream_buffer.c **** 	}
 1472              		.loc 1 483 3 is_stmt 1 view .LVU408
 483:Middlewares/Third_Party/FreeRTOS/Source/stream_buffer.c **** 	}
 1473              		.loc 1 483 10 is_stmt 0 view .LVU409
 1474 0014 801A     		subs	r0, r0, r2
 1475              	.LVL123:
 487:Middlewares/Third_Party/FreeRTOS/Source/stream_buffer.c **** 	}
 1476              		.loc 1 487 27 is_stmt 1 view .LVU410
 490:Middlewares/Third_Party/FreeRTOS/Source/stream_buffer.c **** }
 1477              		.loc 1 490 2 view .LVU411
 1478              	.L98:
 491:Middlewares/Third_Party/FreeRTOS/Source/stream_buffer.c **** /*-----------------------------------------------------------*/
 1479              		.loc 1 491 1 is_stmt 0 view .LVU412
 1480 0016 7047     		bx	lr
 1481              	.LVL124:
 1482              	.L102:
 475:Middlewares/Third_Party/FreeRTOS/Source/stream_buffer.c **** 
 1483              		.loc 1 475 2 is_stmt 1 discriminator 1 view .LVU413
 1484              	.LBB132:
 1485              	.LBI132:
 191:Middlewares/Third_Party/FreeRTOS/Source/portable/GCC/ARM_CM4F/portmacro.h **** {
 1486              		.loc 2 191 30 view .LVU414
 1487              	.LBB133:
 193:Middlewares/Third_Party/FreeRTOS/Source/portable/GCC/ARM_CM4F/portmacro.h **** 
 1488              		.loc 2 193 1 view .LVU415
ARM GAS  D:\temp\TMP\ccub9rRr.s 			page 58


 1489              		.loc 2 195 2 view .LVU416
 1490              		.syntax unified
 1491              	@ 195 "Middlewares/Third_Party/FreeRTOS/Source/portable/GCC/ARM_CM4F/portmacro.h" 1
 1492 0018 4FF05003 			mov r3, #80												
 1493 001c 83F31188 		msr basepri, r3											
 1494 0020 BFF36F8F 		isb														
 1495 0024 BFF34F8F 		dsb														
 1496              	
 1497              	@ 0 "" 2
 1498              		.thumb
 1499              		.syntax unified
 1500              	.L100:
 1501              	.LBE133:
 1502              	.LBE132:
 475:Middlewares/Third_Party/FreeRTOS/Source/stream_buffer.c **** 
 1503              		.loc 1 475 2 view .LVU417
 1504 0028 FEE7     		b	.L100
 1505              		.cfi_endproc
 1506              	.LFE10:
 1508              		.section	.text.xStreamBufferBytesAvailable,"ax",%progbits
 1509              		.align	1
 1510              		.global	xStreamBufferBytesAvailable
 1511              		.syntax unified
 1512              		.thumb
 1513              		.thumb_func
 1515              	xStreamBufferBytesAvailable:
 1516              	.LVL125:
 1517              	.LFB11:
 495:Middlewares/Third_Party/FreeRTOS/Source/stream_buffer.c **** const StreamBuffer_t * const pxStreamBuffer = xStreamBuffer;
 1518              		.loc 1 495 1 view -0
 1519              		.cfi_startproc
 1520              		@ args = 0, pretend = 0, frame = 0
 1521              		@ frame_needed = 0, uses_anonymous_args = 0
 495:Middlewares/Third_Party/FreeRTOS/Source/stream_buffer.c **** const StreamBuffer_t * const pxStreamBuffer = xStreamBuffer;
 1522              		.loc 1 495 1 is_stmt 0 view .LVU419
 1523 0000 08B5     		push	{r3, lr}
 1524              	.LCFI25:
 1525              		.cfi_def_cfa_offset 8
 1526              		.cfi_offset 3, -8
 1527              		.cfi_offset 14, -4
 496:Middlewares/Third_Party/FreeRTOS/Source/stream_buffer.c **** size_t xReturn;
 1528              		.loc 1 496 1 is_stmt 1 view .LVU420
 1529              	.LVL126:
 497:Middlewares/Third_Party/FreeRTOS/Source/stream_buffer.c **** 
 1530              		.loc 1 497 1 view .LVU421
 499:Middlewares/Third_Party/FreeRTOS/Source/stream_buffer.c **** 
 1531              		.loc 1 499 2 view .LVU422
 1532 0002 10B1     		cbz	r0, .L107
 499:Middlewares/Third_Party/FreeRTOS/Source/stream_buffer.c **** 
 1533              		.loc 1 499 32 view .LVU423
 501:Middlewares/Third_Party/FreeRTOS/Source/stream_buffer.c **** 	return xReturn;
 1534              		.loc 1 501 2 view .LVU424
 501:Middlewares/Third_Party/FreeRTOS/Source/stream_buffer.c **** 	return xReturn;
 1535              		.loc 1 501 12 is_stmt 0 view .LVU425
 1536 0004 FFF7FEFF 		bl	prvBytesInBuffer
 1537              	.LVL127:
 502:Middlewares/Third_Party/FreeRTOS/Source/stream_buffer.c **** }
ARM GAS  D:\temp\TMP\ccub9rRr.s 			page 59


 1538              		.loc 1 502 2 is_stmt 1 view .LVU426
 503:Middlewares/Third_Party/FreeRTOS/Source/stream_buffer.c **** /*-----------------------------------------------------------*/
 1539              		.loc 1 503 1 is_stmt 0 view .LVU427
 1540 0008 08BD     		pop	{r3, pc}
 1541              	.LVL128:
 1542              	.L107:
 499:Middlewares/Third_Party/FreeRTOS/Source/stream_buffer.c **** 
 1543              		.loc 1 499 2 is_stmt 1 discriminator 1 view .LVU428
 1544              	.LBB134:
 1545              	.LBI134:
 191:Middlewares/Third_Party/FreeRTOS/Source/portable/GCC/ARM_CM4F/portmacro.h **** {
 1546              		.loc 2 191 30 view .LVU429
 1547              	.LBB135:
 193:Middlewares/Third_Party/FreeRTOS/Source/portable/GCC/ARM_CM4F/portmacro.h **** 
 1548              		.loc 2 193 1 view .LVU430
 1549              		.loc 2 195 2 view .LVU431
 1550              		.syntax unified
 1551              	@ 195 "Middlewares/Third_Party/FreeRTOS/Source/portable/GCC/ARM_CM4F/portmacro.h" 1
 1552 000a 4FF05003 			mov r3, #80												
 1553 000e 83F31188 		msr basepri, r3											
 1554 0012 BFF36F8F 		isb														
 1555 0016 BFF34F8F 		dsb														
 1556              	
 1557              	@ 0 "" 2
 1558              		.thumb
 1559              		.syntax unified
 1560              	.L105:
 1561              	.LBE135:
 1562              	.LBE134:
 499:Middlewares/Third_Party/FreeRTOS/Source/stream_buffer.c **** 
 1563              		.loc 1 499 2 view .LVU432
 1564 001a FEE7     		b	.L105
 1565              		.cfi_endproc
 1566              	.LFE11:
 1568              		.section	.text.xStreamBufferSend,"ax",%progbits
 1569              		.align	1
 1570              		.global	xStreamBufferSend
 1571              		.syntax unified
 1572              		.thumb
 1573              		.thumb_func
 1575              	xStreamBufferSend:
 1576              	.LVL129:
 1577              	.LFB12:
 510:Middlewares/Third_Party/FreeRTOS/Source/stream_buffer.c **** StreamBuffer_t * const pxStreamBuffer = xStreamBuffer;
 1578              		.loc 1 510 1 view -0
 1579              		.cfi_startproc
 1580              		@ args = 0, pretend = 0, frame = 16
 1581              		@ frame_needed = 0, uses_anonymous_args = 0
 510:Middlewares/Third_Party/FreeRTOS/Source/stream_buffer.c **** StreamBuffer_t * const pxStreamBuffer = xStreamBuffer;
 1582              		.loc 1 510 1 is_stmt 0 view .LVU434
 1583 0000 2DE9F041 		push	{r4, r5, r6, r7, r8, lr}
 1584              	.LCFI26:
 1585              		.cfi_def_cfa_offset 24
 1586              		.cfi_offset 4, -24
 1587              		.cfi_offset 5, -20
 1588              		.cfi_offset 6, -16
 1589              		.cfi_offset 7, -12
ARM GAS  D:\temp\TMP\ccub9rRr.s 			page 60


 1590              		.cfi_offset 8, -8
 1591              		.cfi_offset 14, -4
 1592 0004 86B0     		sub	sp, sp, #24
 1593              	.LCFI27:
 1594              		.cfi_def_cfa_offset 48
 1595 0006 0393     		str	r3, [sp, #12]
 511:Middlewares/Third_Party/FreeRTOS/Source/stream_buffer.c **** size_t xReturn, xSpace = 0;
 1596              		.loc 1 511 1 is_stmt 1 view .LVU435
 1597              	.LVL130:
 512:Middlewares/Third_Party/FreeRTOS/Source/stream_buffer.c **** size_t xRequiredSpace = xDataLengthBytes;
 1598              		.loc 1 512 1 view .LVU436
 513:Middlewares/Third_Party/FreeRTOS/Source/stream_buffer.c **** TimeOut_t xTimeOut;
 1599              		.loc 1 513 1 view .LVU437
 514:Middlewares/Third_Party/FreeRTOS/Source/stream_buffer.c **** 
 1600              		.loc 1 514 1 view .LVU438
 516:Middlewares/Third_Party/FreeRTOS/Source/stream_buffer.c **** 	configASSERT( pxStreamBuffer );
 1601              		.loc 1 516 2 view .LVU439
 1602 0008 99B1     		cbz	r1, .L126
 1603 000a 0446     		mov	r4, r0
 1604 000c 1746     		mov	r7, r2
 1605 000e 8846     		mov	r8, r1
 516:Middlewares/Third_Party/FreeRTOS/Source/stream_buffer.c **** 	configASSERT( pxStreamBuffer );
 1606              		.loc 1 516 26 view .LVU440
 517:Middlewares/Third_Party/FreeRTOS/Source/stream_buffer.c **** 
 1607              		.loc 1 517 2 view .LVU441
 1608 0010 C0B1     		cbz	r0, .L127
 517:Middlewares/Third_Party/FreeRTOS/Source/stream_buffer.c **** 
 1609              		.loc 1 517 32 view .LVU442
 523:Middlewares/Third_Party/FreeRTOS/Source/stream_buffer.c **** 	{
 1610              		.loc 1 523 2 view .LVU443
 523:Middlewares/Third_Party/FreeRTOS/Source/stream_buffer.c **** 	{
 1611              		.loc 1 523 22 is_stmt 0 view .LVU444
 1612 0012 037F     		ldrb	r3, [r0, #28]	@ zero_extendqisi2
 1613              	.LVL131:
 523:Middlewares/Third_Party/FreeRTOS/Source/stream_buffer.c **** 	{
 1614              		.loc 1 523 4 view .LVU445
 1615 0014 13F0010F 		tst	r3, #1
 1616 0018 1DD0     		beq	.L124
 525:Middlewares/Third_Party/FreeRTOS/Source/stream_buffer.c **** 
 1617              		.loc 1 525 3 is_stmt 1 view .LVU446
 525:Middlewares/Third_Party/FreeRTOS/Source/stream_buffer.c **** 
 1618              		.loc 1 525 18 is_stmt 0 view .LVU447
 1619 001a 161D     		adds	r6, r2, #4
 1620              	.LVL132:
 528:Middlewares/Third_Party/FreeRTOS/Source/stream_buffer.c **** 	}
 1621              		.loc 1 528 3 is_stmt 1 view .LVU448
 1622 001c B242     		cmp	r2, r6
 1623 001e 1BD3     		bcc	.L113
 528:Middlewares/Third_Party/FreeRTOS/Source/stream_buffer.c **** 	}
 1624              		.loc 1 528 3 discriminator 1 view .LVU449
 1625              	.LBB136:
 1626              	.LBI136:
 191:Middlewares/Third_Party/FreeRTOS/Source/portable/GCC/ARM_CM4F/portmacro.h **** {
 1627              		.loc 2 191 30 view .LVU450
 1628              	.LBB137:
 193:Middlewares/Third_Party/FreeRTOS/Source/portable/GCC/ARM_CM4F/portmacro.h **** 
 1629              		.loc 2 193 1 view .LVU451
ARM GAS  D:\temp\TMP\ccub9rRr.s 			page 61


 1630              		.loc 2 195 2 view .LVU452
 1631              		.syntax unified
 1632              	@ 195 "Middlewares/Third_Party/FreeRTOS/Source/portable/GCC/ARM_CM4F/portmacro.h" 1
 1633 0020 4FF05003 			mov r3, #80												
 1634 0024 83F31188 		msr basepri, r3											
 1635 0028 BFF36F8F 		isb														
 1636 002c BFF34F8F 		dsb														
 1637              	
 1638              	@ 0 "" 2
 1639              		.thumb
 1640              		.syntax unified
 1641              	.L114:
 1642              	.LBE137:
 1643              	.LBE136:
 528:Middlewares/Third_Party/FreeRTOS/Source/stream_buffer.c **** 	}
 1644              		.loc 1 528 3 view .LVU453
 1645 0030 FEE7     		b	.L114
 1646              	.LVL133:
 1647              	.L126:
 516:Middlewares/Third_Party/FreeRTOS/Source/stream_buffer.c **** 	configASSERT( pxStreamBuffer );
 1648              		.loc 1 516 2 discriminator 1 view .LVU454
 1649              	.LBB138:
 1650              	.LBI138:
 191:Middlewares/Third_Party/FreeRTOS/Source/portable/GCC/ARM_CM4F/portmacro.h **** {
 1651              		.loc 2 191 30 view .LVU455
 1652              	.LBB139:
 193:Middlewares/Third_Party/FreeRTOS/Source/portable/GCC/ARM_CM4F/portmacro.h **** 
 1653              		.loc 2 193 1 view .LVU456
 1654              		.loc 2 195 2 view .LVU457
 1655              		.syntax unified
 1656              	@ 195 "Middlewares/Third_Party/FreeRTOS/Source/portable/GCC/ARM_CM4F/portmacro.h" 1
 1657 0032 4FF05003 			mov r3, #80												
 1658 0036 83F31188 		msr basepri, r3											
 1659 003a BFF36F8F 		isb														
 1660 003e BFF34F8F 		dsb														
 1661              	
 1662              	@ 0 "" 2
 1663              	.LVL134:
 1664              		.thumb
 1665              		.syntax unified
 1666              	.L110:
 1667              		.loc 2 195 2 is_stmt 0 view .LVU458
 1668              	.LBE139:
 1669              	.LBE138:
 516:Middlewares/Third_Party/FreeRTOS/Source/stream_buffer.c **** 	configASSERT( pxStreamBuffer );
 1670              		.loc 1 516 2 is_stmt 1 view .LVU459
 1671 0042 FEE7     		b	.L110
 1672              	.LVL135:
 1673              	.L127:
 517:Middlewares/Third_Party/FreeRTOS/Source/stream_buffer.c **** 
 1674              		.loc 1 517 2 discriminator 1 view .LVU460
 1675              	.LBB140:
 1676              	.LBI140:
 191:Middlewares/Third_Party/FreeRTOS/Source/portable/GCC/ARM_CM4F/portmacro.h **** {
 1677              		.loc 2 191 30 view .LVU461
 1678              	.LBB141:
 193:Middlewares/Third_Party/FreeRTOS/Source/portable/GCC/ARM_CM4F/portmacro.h **** 
ARM GAS  D:\temp\TMP\ccub9rRr.s 			page 62


 1679              		.loc 2 193 1 view .LVU462
 1680              		.loc 2 195 2 view .LVU463
 1681              		.syntax unified
 1682              	@ 195 "Middlewares/Third_Party/FreeRTOS/Source/portable/GCC/ARM_CM4F/portmacro.h" 1
 1683 0044 4FF05003 			mov r3, #80												
 1684 0048 83F31188 		msr basepri, r3											
 1685 004c BFF36F8F 		isb														
 1686 0050 BFF34F8F 		dsb														
 1687              	
 1688              	@ 0 "" 2
 1689              	.LVL136:
 1690              		.thumb
 1691              		.syntax unified
 1692              	.L112:
 1693              		.loc 2 195 2 is_stmt 0 view .LVU464
 1694              	.LBE141:
 1695              	.LBE140:
 517:Middlewares/Third_Party/FreeRTOS/Source/stream_buffer.c **** 
 1696              		.loc 1 517 2 is_stmt 1 view .LVU465
 1697 0054 FEE7     		b	.L112
 1698              	.L124:
 513:Middlewares/Third_Party/FreeRTOS/Source/stream_buffer.c **** TimeOut_t xTimeOut;
 1699              		.loc 1 513 8 is_stmt 0 view .LVU466
 1700 0056 1646     		mov	r6, r2
 1701              	.LVL137:
 1702              	.L113:
 532:Middlewares/Third_Party/FreeRTOS/Source/stream_buffer.c **** 	}
 1703              		.loc 1 532 27 is_stmt 1 view .LVU467
 535:Middlewares/Third_Party/FreeRTOS/Source/stream_buffer.c **** 	{
 1704              		.loc 1 535 2 view .LVU468
 535:Middlewares/Third_Party/FreeRTOS/Source/stream_buffer.c **** 	{
 1705              		.loc 1 535 19 is_stmt 0 view .LVU469
 1706 0058 039B     		ldr	r3, [sp, #12]
 535:Middlewares/Third_Party/FreeRTOS/Source/stream_buffer.c **** 	{
 1707              		.loc 1 535 4 view .LVU470
 1708 005a 7BB3     		cbz	r3, .L115
 537:Middlewares/Third_Party/FreeRTOS/Source/stream_buffer.c **** 
 1709              		.loc 1 537 3 is_stmt 1 view .LVU471
 1710 005c 04A8     		add	r0, sp, #16
 1711              	.LVL138:
 537:Middlewares/Third_Party/FreeRTOS/Source/stream_buffer.c **** 
 1712              		.loc 1 537 3 is_stmt 0 view .LVU472
 1713 005e FFF7FEFF 		bl	vTaskSetTimeOutState
 1714              	.LVL139:
 1715              	.L119:
 539:Middlewares/Third_Party/FreeRTOS/Source/stream_buffer.c **** 		{
 1716              		.loc 1 539 3 is_stmt 1 view .LVU473
 543:Middlewares/Third_Party/FreeRTOS/Source/stream_buffer.c **** 			{
 1717              		.loc 1 543 4 view .LVU474
 1718 0062 FFF7FEFF 		bl	vPortEnterCritical
 1719              	.LVL140:
 545:Middlewares/Third_Party/FreeRTOS/Source/stream_buffer.c **** 
 1720              		.loc 1 545 5 view .LVU475
 545:Middlewares/Third_Party/FreeRTOS/Source/stream_buffer.c **** 
 1721              		.loc 1 545 14 is_stmt 0 view .LVU476
 1722 0066 2046     		mov	r0, r4
 1723 0068 FFF7FEFF 		bl	xStreamBufferSpacesAvailable
ARM GAS  D:\temp\TMP\ccub9rRr.s 			page 63


 1724              	.LVL141:
 1725 006c 0546     		mov	r5, r0
 1726              	.LVL142:
 547:Middlewares/Third_Party/FreeRTOS/Source/stream_buffer.c **** 				{
 1727              		.loc 1 547 5 is_stmt 1 view .LVU477
 547:Middlewares/Third_Party/FreeRTOS/Source/stream_buffer.c **** 				{
 1728              		.loc 1 547 7 is_stmt 0 view .LVU478
 1729 006e 8642     		cmp	r6, r0
 1730 0070 21D9     		bls	.L116
 550:Middlewares/Third_Party/FreeRTOS/Source/stream_buffer.c **** 
 1731              		.loc 1 550 6 is_stmt 1 view .LVU479
 550:Middlewares/Third_Party/FreeRTOS/Source/stream_buffer.c **** 
 1732              		.loc 1 550 15 is_stmt 0 view .LVU480
 1733 0072 0020     		movs	r0, #0
 1734              	.LVL143:
 550:Middlewares/Third_Party/FreeRTOS/Source/stream_buffer.c **** 
 1735              		.loc 1 550 15 view .LVU481
 1736 0074 FFF7FEFF 		bl	xTaskNotifyStateClear
 1737              	.LVL144:
 553:Middlewares/Third_Party/FreeRTOS/Source/stream_buffer.c **** 					pxStreamBuffer->xTaskWaitingToSend = xTaskGetCurrentTaskHandle();
 1738              		.loc 1 553 6 is_stmt 1 view .LVU482
 1739 0078 6369     		ldr	r3, [r4, #20]
 1740 007a 9BB9     		cbnz	r3, .L128
 553:Middlewares/Third_Party/FreeRTOS/Source/stream_buffer.c **** 					pxStreamBuffer->xTaskWaitingToSend = xTaskGetCurrentTaskHandle();
 1741              		.loc 1 553 64 view .LVU483
 554:Middlewares/Third_Party/FreeRTOS/Source/stream_buffer.c **** 				}
 1742              		.loc 1 554 6 view .LVU484
 554:Middlewares/Third_Party/FreeRTOS/Source/stream_buffer.c **** 				}
 1743              		.loc 1 554 43 is_stmt 0 view .LVU485
 1744 007c FFF7FEFF 		bl	xTaskGetCurrentTaskHandle
 1745              	.LVL145:
 554:Middlewares/Third_Party/FreeRTOS/Source/stream_buffer.c **** 				}
 1746              		.loc 1 554 41 discriminator 1 view .LVU486
 1747 0080 6061     		str	r0, [r4, #20]
 562:Middlewares/Third_Party/FreeRTOS/Source/stream_buffer.c **** 
 1748              		.loc 1 562 4 is_stmt 1 view .LVU487
 1749 0082 FFF7FEFF 		bl	vPortExitCritical
 1750              	.LVL146:
 564:Middlewares/Third_Party/FreeRTOS/Source/stream_buffer.c **** 			( void ) xTaskNotifyWait( ( uint32_t ) 0, ( uint32_t ) 0, NULL, xTicksToWait );
 1751              		.loc 1 564 56 view .LVU488
 565:Middlewares/Third_Party/FreeRTOS/Source/stream_buffer.c **** 			pxStreamBuffer->xTaskWaitingToSend = NULL;
 1752              		.loc 1 565 4 view .LVU489
 565:Middlewares/Third_Party/FreeRTOS/Source/stream_buffer.c **** 			pxStreamBuffer->xTaskWaitingToSend = NULL;
 1753              		.loc 1 565 13 is_stmt 0 view .LVU490
 1754 0086 039B     		ldr	r3, [sp, #12]
 1755 0088 0022     		movs	r2, #0
 1756 008a 1146     		mov	r1, r2
 1757 008c 1046     		mov	r0, r2
 1758 008e FFF7FEFF 		bl	xTaskNotifyWait
 1759              	.LVL147:
 566:Middlewares/Third_Party/FreeRTOS/Source/stream_buffer.c **** 
 1760              		.loc 1 566 4 is_stmt 1 view .LVU491
 566:Middlewares/Third_Party/FreeRTOS/Source/stream_buffer.c **** 
 1761              		.loc 1 566 39 is_stmt 0 view .LVU492
 1762 0092 0023     		movs	r3, #0
 1763 0094 6361     		str	r3, [r4, #20]
 568:Middlewares/Third_Party/FreeRTOS/Source/stream_buffer.c **** 	}
ARM GAS  D:\temp\TMP\ccub9rRr.s 			page 64


 1764              		.loc 1 568 61 is_stmt 1 view .LVU493
 568:Middlewares/Third_Party/FreeRTOS/Source/stream_buffer.c **** 	}
 1765              		.loc 1 568 12 is_stmt 0 view .LVU494
 1766 0096 03A9     		add	r1, sp, #12
 1767 0098 04A8     		add	r0, sp, #16
 1768 009a FFF7FEFF 		bl	xTaskCheckForTimeOut
 1769              	.LVL148:
 568:Middlewares/Third_Party/FreeRTOS/Source/stream_buffer.c **** 	}
 1770              		.loc 1 568 61 discriminator 1 view .LVU495
 1771 009e 0028     		cmp	r0, #0
 1772 00a0 DFD0     		beq	.L119
 1773 00a2 0AE0     		b	.L120
 1774              	.L128:
 553:Middlewares/Third_Party/FreeRTOS/Source/stream_buffer.c **** 					pxStreamBuffer->xTaskWaitingToSend = xTaskGetCurrentTaskHandle();
 1775              		.loc 1 553 6 is_stmt 1 discriminator 1 view .LVU496
 1776              	.LBB142:
 1777              	.LBI142:
 191:Middlewares/Third_Party/FreeRTOS/Source/portable/GCC/ARM_CM4F/portmacro.h **** {
 1778              		.loc 2 191 30 view .LVU497
 1779              	.LBB143:
 193:Middlewares/Third_Party/FreeRTOS/Source/portable/GCC/ARM_CM4F/portmacro.h **** 
 1780              		.loc 2 193 1 view .LVU498
 1781              		.loc 2 195 2 view .LVU499
 1782              		.syntax unified
 1783              	@ 195 "Middlewares/Third_Party/FreeRTOS/Source/portable/GCC/ARM_CM4F/portmacro.h" 1
 1784 00a4 4FF05003 			mov r3, #80												
 1785 00a8 83F31188 		msr basepri, r3											
 1786 00ac BFF36F8F 		isb														
 1787 00b0 BFF34F8F 		dsb														
 1788              	
 1789              	@ 0 "" 2
 1790              		.thumb
 1791              		.syntax unified
 1792              	.L118:
 1793              	.LBE143:
 1794              	.LBE142:
 553:Middlewares/Third_Party/FreeRTOS/Source/stream_buffer.c **** 					pxStreamBuffer->xTaskWaitingToSend = xTaskGetCurrentTaskHandle();
 1795              		.loc 1 553 6 view .LVU500
 1796 00b4 FEE7     		b	.L118
 1797              	.LVL149:
 1798              	.L116:
 558:Middlewares/Third_Party/FreeRTOS/Source/stream_buffer.c **** 					break;
 1799              		.loc 1 558 6 view .LVU501
 1800 00b6 FFF7FEFF 		bl	vPortExitCritical
 1801              	.LVL150:
 559:Middlewares/Third_Party/FreeRTOS/Source/stream_buffer.c **** 				}
 1802              		.loc 1 559 6 view .LVU502
 1803              	.L120:
 572:Middlewares/Third_Party/FreeRTOS/Source/stream_buffer.c **** 	}
 1804              		.loc 1 572 27 view .LVU503
 575:Middlewares/Third_Party/FreeRTOS/Source/stream_buffer.c **** 	{
 1805              		.loc 1 575 2 view .LVU504
 575:Middlewares/Third_Party/FreeRTOS/Source/stream_buffer.c **** 	{
 1806              		.loc 1 575 4 is_stmt 0 view .LVU505
 1807 00ba 1DB9     		cbnz	r5, .L121
 1808              	.LVL151:
 1809              	.L115:
ARM GAS  D:\temp\TMP\ccub9rRr.s 			page 65


 577:Middlewares/Third_Party/FreeRTOS/Source/stream_buffer.c **** 	}
 1810              		.loc 1 577 3 is_stmt 1 view .LVU506
 577:Middlewares/Third_Party/FreeRTOS/Source/stream_buffer.c **** 	}
 1811              		.loc 1 577 12 is_stmt 0 view .LVU507
 1812 00bc 2046     		mov	r0, r4
 1813 00be FFF7FEFF 		bl	xStreamBufferSpacesAvailable
 1814              	.LVL152:
 1815 00c2 0546     		mov	r5, r0
 1816              	.L121:
 1817              	.LVL153:
 581:Middlewares/Third_Party/FreeRTOS/Source/stream_buffer.c **** 	}
 1818              		.loc 1 581 27 is_stmt 1 view .LVU508
 584:Middlewares/Third_Party/FreeRTOS/Source/stream_buffer.c **** 
 1819              		.loc 1 584 2 view .LVU509
 584:Middlewares/Third_Party/FreeRTOS/Source/stream_buffer.c **** 
 1820              		.loc 1 584 12 is_stmt 0 view .LVU510
 1821 00c4 0096     		str	r6, [sp]
 1822 00c6 2B46     		mov	r3, r5
 1823 00c8 3A46     		mov	r2, r7
 1824 00ca 4146     		mov	r1, r8
 1825 00cc 2046     		mov	r0, r4
 1826 00ce FFF7FEFF 		bl	prvWriteMessageToBuffer
 1827              	.LVL154:
 586:Middlewares/Third_Party/FreeRTOS/Source/stream_buffer.c **** 	{
 1828              		.loc 1 586 2 is_stmt 1 view .LVU511
 586:Middlewares/Third_Party/FreeRTOS/Source/stream_buffer.c **** 	{
 1829              		.loc 1 586 4 is_stmt 0 view .LVU512
 1830 00d2 0546     		mov	r5, r0
 1831              	.LVL155:
 586:Middlewares/Third_Party/FreeRTOS/Source/stream_buffer.c **** 	{
 1832              		.loc 1 586 4 view .LVU513
 1833 00d4 18B9     		cbnz	r0, .L129
 1834              	.LVL156:
 1835              	.L108:
 607:Middlewares/Third_Party/FreeRTOS/Source/stream_buffer.c **** /*-----------------------------------------------------------*/
 1836              		.loc 1 607 1 view .LVU514
 1837 00d6 2846     		mov	r0, r5
 1838 00d8 06B0     		add	sp, sp, #24
 1839              	.LCFI28:
 1840              		.cfi_remember_state
 1841              		.cfi_def_cfa_offset 24
 1842              		@ sp needed
 1843 00da BDE8F081 		pop	{r4, r5, r6, r7, r8, pc}
 1844              	.LVL157:
 1845              	.L129:
 1846              	.LCFI29:
 1847              		.cfi_restore_state
 588:Middlewares/Third_Party/FreeRTOS/Source/stream_buffer.c **** 
 1848              		.loc 1 588 52 is_stmt 1 view .LVU515
 591:Middlewares/Third_Party/FreeRTOS/Source/stream_buffer.c **** 		{
 1849              		.loc 1 591 3 view .LVU516
 591:Middlewares/Third_Party/FreeRTOS/Source/stream_buffer.c **** 		{
 1850              		.loc 1 591 7 is_stmt 0 view .LVU517
 1851 00de 2046     		mov	r0, r4
 1852              	.LVL158:
 591:Middlewares/Third_Party/FreeRTOS/Source/stream_buffer.c **** 		{
 1853              		.loc 1 591 7 view .LVU518
ARM GAS  D:\temp\TMP\ccub9rRr.s 			page 66


 1854 00e0 FFF7FEFF 		bl	prvBytesInBuffer
 1855              	.LVL159:
 591:Middlewares/Third_Party/FreeRTOS/Source/stream_buffer.c **** 		{
 1856              		.loc 1 591 59 discriminator 1 view .LVU519
 1857 00e4 E368     		ldr	r3, [r4, #12]
 591:Middlewares/Third_Party/FreeRTOS/Source/stream_buffer.c **** 		{
 1858              		.loc 1 591 5 discriminator 1 view .LVU520
 1859 00e6 9842     		cmp	r0, r3
 1860 00e8 F5D3     		bcc	.L108
 593:Middlewares/Third_Party/FreeRTOS/Source/stream_buffer.c **** 		}
 1861              		.loc 1 593 4 is_stmt 1 view .LVU521
 1862 00ea FFF7FEFF 		bl	vTaskSuspendAll
 1863              	.LVL160:
 593:Middlewares/Third_Party/FreeRTOS/Source/stream_buffer.c **** 		}
 1864              		.loc 1 593 4 discriminator 1 view .LVU522
 1865 00ee 2369     		ldr	r3, [r4, #16]
 1866 00f0 3BB1     		cbz	r3, .L123
 593:Middlewares/Third_Party/FreeRTOS/Source/stream_buffer.c **** 		}
 1867              		.loc 1 593 4 discriminator 2 view .LVU523
 1868 00f2 2069     		ldr	r0, [r4, #16]
 1869 00f4 0023     		movs	r3, #0
 1870 00f6 1A46     		mov	r2, r3
 1871 00f8 1946     		mov	r1, r3
 1872 00fa FFF7FEFF 		bl	xTaskGenericNotify
 1873              	.LVL161:
 593:Middlewares/Third_Party/FreeRTOS/Source/stream_buffer.c **** 		}
 1874              		.loc 1 593 4 discriminator 4 view .LVU524
 1875 00fe 0023     		movs	r3, #0
 1876 0100 2361     		str	r3, [r4, #16]
 1877              	.L123:
 593:Middlewares/Third_Party/FreeRTOS/Source/stream_buffer.c **** 		}
 1878              		.loc 1 593 4 discriminator 5 view .LVU525
 1879 0102 FFF7FEFF 		bl	xTaskResumeAll
 1880              	.LVL162:
 593:Middlewares/Third_Party/FreeRTOS/Source/stream_buffer.c **** 		}
 1881              		.loc 1 593 38 discriminator 6 view .LVU526
 602:Middlewares/Third_Party/FreeRTOS/Source/stream_buffer.c **** 		traceSTREAM_BUFFER_SEND_FAILED( xStreamBuffer );
 1882              		.loc 1 602 27 view .LVU527
 603:Middlewares/Third_Party/FreeRTOS/Source/stream_buffer.c **** 	}
 1883              		.loc 1 603 50 view .LVU528
 606:Middlewares/Third_Party/FreeRTOS/Source/stream_buffer.c **** }
 1884              		.loc 1 606 2 view .LVU529
 606:Middlewares/Third_Party/FreeRTOS/Source/stream_buffer.c **** }
 1885              		.loc 1 606 9 is_stmt 0 view .LVU530
 1886 0106 E6E7     		b	.L108
 1887              		.cfi_endproc
 1888              	.LFE12:
 1890              		.section	.text.xStreamBufferSendFromISR,"ax",%progbits
 1891              		.align	1
 1892              		.global	xStreamBufferSendFromISR
 1893              		.syntax unified
 1894              		.thumb
 1895              		.thumb_func
 1897              	xStreamBufferSendFromISR:
 1898              	.LVL163:
 1899              	.LFB13:
 614:Middlewares/Third_Party/FreeRTOS/Source/stream_buffer.c **** StreamBuffer_t * const pxStreamBuffer = xStreamBuffer;
ARM GAS  D:\temp\TMP\ccub9rRr.s 			page 67


 1900              		.loc 1 614 1 is_stmt 1 view -0
 1901              		.cfi_startproc
 1902              		@ args = 0, pretend = 0, frame = 0
 1903              		@ frame_needed = 0, uses_anonymous_args = 0
 615:Middlewares/Third_Party/FreeRTOS/Source/stream_buffer.c **** size_t xReturn, xSpace;
 1904              		.loc 1 615 1 view .LVU532
 616:Middlewares/Third_Party/FreeRTOS/Source/stream_buffer.c **** size_t xRequiredSpace = xDataLengthBytes;
 1905              		.loc 1 616 1 view .LVU533
 617:Middlewares/Third_Party/FreeRTOS/Source/stream_buffer.c **** 
 1906              		.loc 1 617 1 view .LVU534
 619:Middlewares/Third_Party/FreeRTOS/Source/stream_buffer.c **** 	configASSERT( pxStreamBuffer );
 1907              		.loc 1 619 2 view .LVU535
 1908 0000 F9B1     		cbz	r1, .L141
 614:Middlewares/Third_Party/FreeRTOS/Source/stream_buffer.c **** StreamBuffer_t * const pxStreamBuffer = xStreamBuffer;
 1909              		.loc 1 614 1 is_stmt 0 view .LVU536
 1910 0002 2DE9F041 		push	{r4, r5, r6, r7, r8, lr}
 1911              	.LCFI30:
 1912              		.cfi_def_cfa_offset 24
 1913              		.cfi_offset 4, -24
 1914              		.cfi_offset 5, -20
 1915              		.cfi_offset 6, -16
 1916              		.cfi_offset 7, -12
 1917              		.cfi_offset 8, -8
 1918              		.cfi_offset 14, -4
 1919 0006 82B0     		sub	sp, sp, #8
 1920              	.LCFI31:
 1921              		.cfi_def_cfa_offset 32
 1922 0008 0446     		mov	r4, r0
 1923 000a 1546     		mov	r5, r2
 1924 000c 1F46     		mov	r7, r3
 1925 000e 0E46     		mov	r6, r1
 619:Middlewares/Third_Party/FreeRTOS/Source/stream_buffer.c **** 	configASSERT( pxStreamBuffer );
 1926              		.loc 1 619 26 is_stmt 1 view .LVU537
 620:Middlewares/Third_Party/FreeRTOS/Source/stream_buffer.c **** 
 1927              		.loc 1 620 2 view .LVU538
 1928 0010 00B3     		cbz	r0, .L142
 620:Middlewares/Third_Party/FreeRTOS/Source/stream_buffer.c **** 
 1929              		.loc 1 620 32 view .LVU539
 626:Middlewares/Third_Party/FreeRTOS/Source/stream_buffer.c **** 	{
 1930              		.loc 1 626 2 view .LVU540
 626:Middlewares/Third_Party/FreeRTOS/Source/stream_buffer.c **** 	{
 1931              		.loc 1 626 22 is_stmt 0 view .LVU541
 1932 0012 037F     		ldrb	r3, [r0, #28]	@ zero_extendqisi2
 1933              	.LVL164:
 626:Middlewares/Third_Party/FreeRTOS/Source/stream_buffer.c **** 	{
 1934              		.loc 1 626 4 view .LVU542
 1935 0014 13F0010F 		tst	r3, #1
 1936 0018 25D0     		beq	.L138
 628:Middlewares/Third_Party/FreeRTOS/Source/stream_buffer.c **** 	}
 1937              		.loc 1 628 3 is_stmt 1 view .LVU543
 628:Middlewares/Third_Party/FreeRTOS/Source/stream_buffer.c **** 	}
 1938              		.loc 1 628 18 is_stmt 0 view .LVU544
 1939 001a 1346     		mov	r3, r2
 1940 001c 0433     		adds	r3, r3, #4
 1941 001e 9846     		mov	r8, r3
 1942              	.LVL165:
 1943              	.L135:
ARM GAS  D:\temp\TMP\ccub9rRr.s 			page 68


 632:Middlewares/Third_Party/FreeRTOS/Source/stream_buffer.c **** 	}
 1944              		.loc 1 632 27 is_stmt 1 view .LVU545
 635:Middlewares/Third_Party/FreeRTOS/Source/stream_buffer.c **** 	xReturn = prvWriteMessageToBuffer( pxStreamBuffer, pvTxData, xDataLengthBytes, xSpace, xRequiredSp
 1945              		.loc 1 635 2 view .LVU546
 635:Middlewares/Third_Party/FreeRTOS/Source/stream_buffer.c **** 	xReturn = prvWriteMessageToBuffer( pxStreamBuffer, pvTxData, xDataLengthBytes, xSpace, xRequiredSp
 1946              		.loc 1 635 11 is_stmt 0 view .LVU547
 1947 0020 2046     		mov	r0, r4
 1948              	.LVL166:
 635:Middlewares/Third_Party/FreeRTOS/Source/stream_buffer.c **** 	xReturn = prvWriteMessageToBuffer( pxStreamBuffer, pvTxData, xDataLengthBytes, xSpace, xRequiredSp
 1949              		.loc 1 635 11 view .LVU548
 1950 0022 FFF7FEFF 		bl	xStreamBufferSpacesAvailable
 1951              	.LVL167:
 635:Middlewares/Third_Party/FreeRTOS/Source/stream_buffer.c **** 	xReturn = prvWriteMessageToBuffer( pxStreamBuffer, pvTxData, xDataLengthBytes, xSpace, xRequiredSp
 1952              		.loc 1 635 11 view .LVU549
 1953 0026 0346     		mov	r3, r0
 1954              	.LVL168:
 636:Middlewares/Third_Party/FreeRTOS/Source/stream_buffer.c **** 
 1955              		.loc 1 636 2 is_stmt 1 view .LVU550
 636:Middlewares/Third_Party/FreeRTOS/Source/stream_buffer.c **** 
 1956              		.loc 1 636 12 is_stmt 0 view .LVU551
 1957 0028 CDF80080 		str	r8, [sp]
 1958 002c 2A46     		mov	r2, r5
 1959 002e 3146     		mov	r1, r6
 1960 0030 2046     		mov	r0, r4
 1961              	.LVL169:
 636:Middlewares/Third_Party/FreeRTOS/Source/stream_buffer.c **** 
 1962              		.loc 1 636 12 view .LVU552
 1963 0032 FFF7FEFF 		bl	prvWriteMessageToBuffer
 1964              	.LVL170:
 638:Middlewares/Third_Party/FreeRTOS/Source/stream_buffer.c **** 	{
 1965              		.loc 1 638 2 is_stmt 1 view .LVU553
 638:Middlewares/Third_Party/FreeRTOS/Source/stream_buffer.c **** 	{
 1966              		.loc 1 638 4 is_stmt 0 view .LVU554
 1967 0036 0546     		mov	r5, r0
 1968              	.LVL171:
 638:Middlewares/Third_Party/FreeRTOS/Source/stream_buffer.c **** 	{
 1969              		.loc 1 638 4 view .LVU555
 1970 0038 B8B9     		cbnz	r0, .L143
 1971              	.LVL172:
 1972              	.L130:
 658:Middlewares/Third_Party/FreeRTOS/Source/stream_buffer.c **** /*-----------------------------------------------------------*/
 1973              		.loc 1 658 1 view .LVU556
 1974 003a 2846     		mov	r0, r5
 1975 003c 02B0     		add	sp, sp, #8
 1976              	.LCFI32:
 1977              		.cfi_def_cfa_offset 24
 1978              		@ sp needed
 1979 003e BDE8F081 		pop	{r4, r5, r6, r7, r8, pc}
 1980              	.LVL173:
 1981              	.L141:
 1982              	.LCFI33:
 1983              		.cfi_def_cfa_offset 0
 1984              		.cfi_restore 4
 1985              		.cfi_restore 5
 1986              		.cfi_restore 6
 1987              		.cfi_restore 7
 1988              		.cfi_restore 8
ARM GAS  D:\temp\TMP\ccub9rRr.s 			page 69


 1989              		.cfi_restore 14
 619:Middlewares/Third_Party/FreeRTOS/Source/stream_buffer.c **** 	configASSERT( pxStreamBuffer );
 1990              		.loc 1 619 2 is_stmt 1 discriminator 1 view .LVU557
 1991              	.LBB144:
 1992              	.LBI144:
 191:Middlewares/Third_Party/FreeRTOS/Source/portable/GCC/ARM_CM4F/portmacro.h **** {
 1993              		.loc 2 191 30 view .LVU558
 1994              	.LBB145:
 193:Middlewares/Third_Party/FreeRTOS/Source/portable/GCC/ARM_CM4F/portmacro.h **** 
 1995              		.loc 2 193 1 view .LVU559
 1996              		.loc 2 195 2 view .LVU560
 1997              		.syntax unified
 1998              	@ 195 "Middlewares/Third_Party/FreeRTOS/Source/portable/GCC/ARM_CM4F/portmacro.h" 1
 1999 0042 4FF05003 			mov r3, #80												
 2000 0046 83F31188 		msr basepri, r3											
 2001 004a BFF36F8F 		isb														
 2002 004e BFF34F8F 		dsb														
 2003              	
 2004              	@ 0 "" 2
 2005              	.LVL174:
 2006              		.thumb
 2007              		.syntax unified
 2008              	.L132:
 2009              		.loc 2 195 2 is_stmt 0 view .LVU561
 2010              	.LBE145:
 2011              	.LBE144:
 619:Middlewares/Third_Party/FreeRTOS/Source/stream_buffer.c **** 	configASSERT( pxStreamBuffer );
 2012              		.loc 1 619 2 is_stmt 1 view .LVU562
 2013 0052 FEE7     		b	.L132
 2014              	.LVL175:
 2015              	.L142:
 2016              	.LCFI34:
 2017              		.cfi_def_cfa_offset 32
 2018              		.cfi_offset 4, -24
 2019              		.cfi_offset 5, -20
 2020              		.cfi_offset 6, -16
 2021              		.cfi_offset 7, -12
 2022              		.cfi_offset 8, -8
 2023              		.cfi_offset 14, -4
 620:Middlewares/Third_Party/FreeRTOS/Source/stream_buffer.c **** 
 2024              		.loc 1 620 2 discriminator 1 view .LVU563
 2025              	.LBB146:
 2026              	.LBI146:
 191:Middlewares/Third_Party/FreeRTOS/Source/portable/GCC/ARM_CM4F/portmacro.h **** {
 2027              		.loc 2 191 30 view .LVU564
 2028              	.LBB147:
 193:Middlewares/Third_Party/FreeRTOS/Source/portable/GCC/ARM_CM4F/portmacro.h **** 
 2029              		.loc 2 193 1 view .LVU565
 2030              		.loc 2 195 2 view .LVU566
 2031              		.syntax unified
 2032              	@ 195 "Middlewares/Third_Party/FreeRTOS/Source/portable/GCC/ARM_CM4F/portmacro.h" 1
 2033 0054 4FF05003 			mov r3, #80												
 2034 0058 83F31188 		msr basepri, r3											
 2035 005c BFF36F8F 		isb														
 2036 0060 BFF34F8F 		dsb														
 2037              	
 2038              	@ 0 "" 2
ARM GAS  D:\temp\TMP\ccub9rRr.s 			page 70


 2039              	.LVL176:
 2040              		.thumb
 2041              		.syntax unified
 2042              	.L134:
 2043              		.loc 2 195 2 is_stmt 0 view .LVU567
 2044              	.LBE147:
 2045              	.LBE146:
 620:Middlewares/Third_Party/FreeRTOS/Source/stream_buffer.c **** 
 2046              		.loc 1 620 2 is_stmt 1 view .LVU568
 2047 0064 FEE7     		b	.L134
 2048              	.L138:
 617:Middlewares/Third_Party/FreeRTOS/Source/stream_buffer.c **** 
 2049              		.loc 1 617 8 is_stmt 0 view .LVU569
 2050 0066 9046     		mov	r8, r2
 2051 0068 DAE7     		b	.L135
 2052              	.LVL177:
 2053              	.L143:
 641:Middlewares/Third_Party/FreeRTOS/Source/stream_buffer.c **** 		{
 2054              		.loc 1 641 3 is_stmt 1 view .LVU570
 641:Middlewares/Third_Party/FreeRTOS/Source/stream_buffer.c **** 		{
 2055              		.loc 1 641 7 is_stmt 0 view .LVU571
 2056 006a 2046     		mov	r0, r4
 2057              	.LVL178:
 641:Middlewares/Third_Party/FreeRTOS/Source/stream_buffer.c **** 		{
 2058              		.loc 1 641 7 view .LVU572
 2059 006c FFF7FEFF 		bl	prvBytesInBuffer
 2060              	.LVL179:
 641:Middlewares/Third_Party/FreeRTOS/Source/stream_buffer.c **** 		{
 2061              		.loc 1 641 59 discriminator 1 view .LVU573
 2062 0070 E368     		ldr	r3, [r4, #12]
 641:Middlewares/Third_Party/FreeRTOS/Source/stream_buffer.c **** 		{
 2063              		.loc 1 641 5 discriminator 1 view .LVU574
 2064 0072 9842     		cmp	r0, r3
 2065 0074 E1D3     		bcc	.L130
 2066              	.LBB148:
 643:Middlewares/Third_Party/FreeRTOS/Source/stream_buffer.c **** 		}
 2067              		.loc 1 643 4 is_stmt 1 view .LVU575
 643:Middlewares/Third_Party/FreeRTOS/Source/stream_buffer.c **** 		}
 2068              		.loc 1 643 4 view .LVU576
 2069              	.LBB149:
 2070              	.LBI149:
 196:Middlewares/Third_Party/FreeRTOS/Source/portable/GCC/ARM_CM4F/portmacro.h **** 	(
 197:Middlewares/Third_Party/FreeRTOS/Source/portable/GCC/ARM_CM4F/portmacro.h **** 		"	mov %0, %1												\n"	\
 198:Middlewares/Third_Party/FreeRTOS/Source/portable/GCC/ARM_CM4F/portmacro.h **** 		"	msr basepri, %0											\n" \
 199:Middlewares/Third_Party/FreeRTOS/Source/portable/GCC/ARM_CM4F/portmacro.h **** 		"	isb														\n" \
 200:Middlewares/Third_Party/FreeRTOS/Source/portable/GCC/ARM_CM4F/portmacro.h **** 		"	dsb														\n" \
 201:Middlewares/Third_Party/FreeRTOS/Source/portable/GCC/ARM_CM4F/portmacro.h **** 		:"=r" (ulNewBASEPRI) : "i" ( configMAX_SYSCALL_INTERRUPT_PRIORITY ) : "memory"
 202:Middlewares/Third_Party/FreeRTOS/Source/portable/GCC/ARM_CM4F/portmacro.h **** 	);
 203:Middlewares/Third_Party/FreeRTOS/Source/portable/GCC/ARM_CM4F/portmacro.h **** }
 204:Middlewares/Third_Party/FreeRTOS/Source/portable/GCC/ARM_CM4F/portmacro.h **** 
 205:Middlewares/Third_Party/FreeRTOS/Source/portable/GCC/ARM_CM4F/portmacro.h **** /*-----------------------------------------------------------*/
 206:Middlewares/Third_Party/FreeRTOS/Source/portable/GCC/ARM_CM4F/portmacro.h **** 
 207:Middlewares/Third_Party/FreeRTOS/Source/portable/GCC/ARM_CM4F/portmacro.h **** portFORCE_INLINE static uint32_t ulPortRaiseBASEPRI( void )
 2071              		.loc 2 207 34 view .LVU577
 2072              	.LBB150:
 208:Middlewares/Third_Party/FreeRTOS/Source/portable/GCC/ARM_CM4F/portmacro.h **** {
 209:Middlewares/Third_Party/FreeRTOS/Source/portable/GCC/ARM_CM4F/portmacro.h **** uint32_t ulOriginalBASEPRI, ulNewBASEPRI;
ARM GAS  D:\temp\TMP\ccub9rRr.s 			page 71


 2073              		.loc 2 209 1 view .LVU578
 210:Middlewares/Third_Party/FreeRTOS/Source/portable/GCC/ARM_CM4F/portmacro.h **** 
 211:Middlewares/Third_Party/FreeRTOS/Source/portable/GCC/ARM_CM4F/portmacro.h **** 	__asm volatile
 2074              		.loc 2 211 2 view .LVU579
 2075              		.syntax unified
 2076              	@ 211 "Middlewares/Third_Party/FreeRTOS/Source/portable/GCC/ARM_CM4F/portmacro.h" 1
 2077 0076 EFF31183 			mrs r3, basepri											
 2078 007a 4FF05002 		mov r2, #80												
 2079 007e 82F31188 		msr basepri, r2											
 2080 0082 BFF36F8F 		isb														
 2081 0086 BFF34F8F 		dsb														
 2082              	
 2083              	@ 0 "" 2
 2084              		.thumb
 2085              		.syntax unified
 2086 008a 1E46     		mov	r6, r3
 2087              	.LVL180:
 212:Middlewares/Third_Party/FreeRTOS/Source/portable/GCC/ARM_CM4F/portmacro.h **** 	(
 213:Middlewares/Third_Party/FreeRTOS/Source/portable/GCC/ARM_CM4F/portmacro.h **** 		"	mrs %0, basepri											\n" \
 214:Middlewares/Third_Party/FreeRTOS/Source/portable/GCC/ARM_CM4F/portmacro.h **** 		"	mov %1, %2												\n"	\
 215:Middlewares/Third_Party/FreeRTOS/Source/portable/GCC/ARM_CM4F/portmacro.h **** 		"	msr basepri, %1											\n" \
 216:Middlewares/Third_Party/FreeRTOS/Source/portable/GCC/ARM_CM4F/portmacro.h **** 		"	isb														\n" \
 217:Middlewares/Third_Party/FreeRTOS/Source/portable/GCC/ARM_CM4F/portmacro.h **** 		"	dsb														\n" \
 218:Middlewares/Third_Party/FreeRTOS/Source/portable/GCC/ARM_CM4F/portmacro.h **** 		:"=r" (ulOriginalBASEPRI), "=r" (ulNewBASEPRI) : "i" ( configMAX_SYSCALL_INTERRUPT_PRIORITY ) : "
 219:Middlewares/Third_Party/FreeRTOS/Source/portable/GCC/ARM_CM4F/portmacro.h **** 	);
 220:Middlewares/Third_Party/FreeRTOS/Source/portable/GCC/ARM_CM4F/portmacro.h **** 
 221:Middlewares/Third_Party/FreeRTOS/Source/portable/GCC/ARM_CM4F/portmacro.h **** 	/* This return will not be reached but is necessary to prevent compiler
 222:Middlewares/Third_Party/FreeRTOS/Source/portable/GCC/ARM_CM4F/portmacro.h **** 	warnings. */
 223:Middlewares/Third_Party/FreeRTOS/Source/portable/GCC/ARM_CM4F/portmacro.h **** 	return ulOriginalBASEPRI;
 2088              		.loc 2 223 2 view .LVU580
 2089              		.loc 2 223 2 is_stmt 0 view .LVU581
 2090              	.LBE150:
 2091              	.LBE149:
 643:Middlewares/Third_Party/FreeRTOS/Source/stream_buffer.c **** 		}
 2092              		.loc 1 643 4 is_stmt 1 discriminator 1 view .LVU582
 2093 008c 2369     		ldr	r3, [r4, #16]
 2094              	.LVL181:
 643:Middlewares/Third_Party/FreeRTOS/Source/stream_buffer.c **** 		}
 2095              		.loc 1 643 4 is_stmt 0 discriminator 1 view .LVU583
 2096 008e 43B1     		cbz	r3, .L137
 643:Middlewares/Third_Party/FreeRTOS/Source/stream_buffer.c **** 		}
 2097              		.loc 1 643 4 is_stmt 1 discriminator 2 view .LVU584
 2098 0090 2069     		ldr	r0, [r4, #16]
 2099 0092 0097     		str	r7, [sp]
 2100 0094 0023     		movs	r3, #0
 2101 0096 1A46     		mov	r2, r3
 2102 0098 1946     		mov	r1, r3
 2103 009a FFF7FEFF 		bl	xTaskGenericNotifyFromISR
 2104              	.LVL182:
 643:Middlewares/Third_Party/FreeRTOS/Source/stream_buffer.c **** 		}
 2105              		.loc 1 643 4 discriminator 4 view .LVU585
 2106 009e 0023     		movs	r3, #0
 2107 00a0 2361     		str	r3, [r4, #16]
 2108              	.L137:
 643:Middlewares/Third_Party/FreeRTOS/Source/stream_buffer.c **** 		}
 2109              		.loc 1 643 4 discriminator 5 view .LVU586
 2110              	.LBB151:
ARM GAS  D:\temp\TMP\ccub9rRr.s 			page 72


 2111              	.LBI151:
 224:Middlewares/Third_Party/FreeRTOS/Source/portable/GCC/ARM_CM4F/portmacro.h **** }
 225:Middlewares/Third_Party/FreeRTOS/Source/portable/GCC/ARM_CM4F/portmacro.h **** /*-----------------------------------------------------------*/
 226:Middlewares/Third_Party/FreeRTOS/Source/portable/GCC/ARM_CM4F/portmacro.h **** 
 227:Middlewares/Third_Party/FreeRTOS/Source/portable/GCC/ARM_CM4F/portmacro.h **** portFORCE_INLINE static void vPortSetBASEPRI( uint32_t ulNewMaskValue )
 2112              		.loc 2 227 30 view .LVU587
 2113              	.LBB152:
 228:Middlewares/Third_Party/FreeRTOS/Source/portable/GCC/ARM_CM4F/portmacro.h **** {
 229:Middlewares/Third_Party/FreeRTOS/Source/portable/GCC/ARM_CM4F/portmacro.h **** 	__asm volatile
 2114              		.loc 2 229 2 view .LVU588
 2115              		.syntax unified
 2116              	@ 229 "Middlewares/Third_Party/FreeRTOS/Source/portable/GCC/ARM_CM4F/portmacro.h" 1
 2117 00a2 86F31188 			msr basepri, r6	
 2118              	@ 0 "" 2
 2119              		.thumb
 2120              		.syntax unified
 2121              	.LBE152:
 2122              	.LBE151:
 2123              	.LBE148:
 643:Middlewares/Third_Party/FreeRTOS/Source/stream_buffer.c **** 		}
 2124              		.loc 1 643 73 discriminator 6 view .LVU589
 652:Middlewares/Third_Party/FreeRTOS/Source/stream_buffer.c **** 	}
 2125              		.loc 1 652 27 view .LVU590
 655:Middlewares/Third_Party/FreeRTOS/Source/stream_buffer.c **** 
 2126              		.loc 1 655 60 view .LVU591
 657:Middlewares/Third_Party/FreeRTOS/Source/stream_buffer.c **** }
 2127              		.loc 1 657 2 view .LVU592
 657:Middlewares/Third_Party/FreeRTOS/Source/stream_buffer.c **** }
 2128              		.loc 1 657 9 is_stmt 0 view .LVU593
 2129 00a6 C8E7     		b	.L130
 2130              		.cfi_endproc
 2131              	.LFE13:
 2133              		.section	.text.xStreamBufferReceive,"ax",%progbits
 2134              		.align	1
 2135              		.global	xStreamBufferReceive
 2136              		.syntax unified
 2137              		.thumb
 2138              		.thumb_func
 2140              	xStreamBufferReceive:
 2141              	.LVL183:
 2142              	.LFB15:
 717:Middlewares/Third_Party/FreeRTOS/Source/stream_buffer.c **** StreamBuffer_t * const pxStreamBuffer = xStreamBuffer;
 2143              		.loc 1 717 1 is_stmt 1 view -0
 2144              		.cfi_startproc
 2145              		@ args = 0, pretend = 0, frame = 0
 2146              		@ frame_needed = 0, uses_anonymous_args = 0
 718:Middlewares/Third_Party/FreeRTOS/Source/stream_buffer.c **** size_t xReceivedLength = 0, xBytesAvailable, xBytesToStoreMessageLength;
 2147              		.loc 1 718 1 view .LVU595
 719:Middlewares/Third_Party/FreeRTOS/Source/stream_buffer.c **** 
 2148              		.loc 1 719 1 view .LVU596
 721:Middlewares/Third_Party/FreeRTOS/Source/stream_buffer.c **** 	configASSERT( pxStreamBuffer );
 2149              		.loc 1 721 2 view .LVU597
 2150 0000 29B3     		cbz	r1, .L161
 717:Middlewares/Third_Party/FreeRTOS/Source/stream_buffer.c **** StreamBuffer_t * const pxStreamBuffer = xStreamBuffer;
 2151              		.loc 1 717 1 is_stmt 0 view .LVU598
 2152 0002 2DE9F043 		push	{r4, r5, r6, r7, r8, r9, lr}
 2153              	.LCFI35:
ARM GAS  D:\temp\TMP\ccub9rRr.s 			page 73


 2154              		.cfi_def_cfa_offset 28
 2155              		.cfi_offset 4, -28
 2156              		.cfi_offset 5, -24
 2157              		.cfi_offset 6, -20
 2158              		.cfi_offset 7, -16
 2159              		.cfi_offset 8, -12
 2160              		.cfi_offset 9, -8
 2161              		.cfi_offset 14, -4
 2162 0006 83B0     		sub	sp, sp, #12
 2163              	.LCFI36:
 2164              		.cfi_def_cfa_offset 40
 2165 0008 0446     		mov	r4, r0
 2166 000a 9146     		mov	r9, r2
 2167 000c 1D46     		mov	r5, r3
 2168 000e 8846     		mov	r8, r1
 721:Middlewares/Third_Party/FreeRTOS/Source/stream_buffer.c **** 	configASSERT( pxStreamBuffer );
 2169              		.loc 1 721 26 is_stmt 1 view .LVU599
 722:Middlewares/Third_Party/FreeRTOS/Source/stream_buffer.c **** 
 2170              		.loc 1 722 2 view .LVU600
 2171 0010 30B3     		cbz	r0, .L162
 722:Middlewares/Third_Party/FreeRTOS/Source/stream_buffer.c **** 
 2172              		.loc 1 722 32 view .LVU601
 729:Middlewares/Third_Party/FreeRTOS/Source/stream_buffer.c **** 	{
 2173              		.loc 1 729 2 view .LVU602
 729:Middlewares/Third_Party/FreeRTOS/Source/stream_buffer.c **** 	{
 2174              		.loc 1 729 22 is_stmt 0 view .LVU603
 2175 0012 037F     		ldrb	r3, [r0, #28]	@ zero_extendqisi2
 2176              	.LVL184:
 729:Middlewares/Third_Party/FreeRTOS/Source/stream_buffer.c **** 	{
 2177              		.loc 1 729 4 view .LVU604
 2178 0014 13F0010F 		tst	r3, #1
 2179 0018 2BD0     		beq	.L157
 731:Middlewares/Third_Party/FreeRTOS/Source/stream_buffer.c **** 	}
 2180              		.loc 1 731 30 view .LVU605
 2181 001a 0423     		movs	r3, #4
 2182 001c 1E46     		mov	r6, r3
 2183              	.L149:
 2184              	.LVL185:
 738:Middlewares/Third_Party/FreeRTOS/Source/stream_buffer.c **** 	{
 2185              		.loc 1 738 2 is_stmt 1 view .LVU606
 738:Middlewares/Third_Party/FreeRTOS/Source/stream_buffer.c **** 	{
 2186              		.loc 1 738 4 is_stmt 0 view .LVU607
 2187 001e 002D     		cmp	r5, #0
 2188 0020 3ED0     		beq	.L150
 742:Middlewares/Third_Party/FreeRTOS/Source/stream_buffer.c **** 		{
 2189              		.loc 1 742 3 is_stmt 1 view .LVU608
 2190 0022 FFF7FEFF 		bl	vPortEnterCritical
 2191              	.LVL186:
 744:Middlewares/Third_Party/FreeRTOS/Source/stream_buffer.c **** 
 2192              		.loc 1 744 4 view .LVU609
 744:Middlewares/Third_Party/FreeRTOS/Source/stream_buffer.c **** 
 2193              		.loc 1 744 22 is_stmt 0 view .LVU610
 2194 0026 2046     		mov	r0, r4
 2195 0028 FFF7FEFF 		bl	prvBytesInBuffer
 2196              	.LVL187:
 2197 002c 0746     		mov	r7, r0
 2198              	.LVL188:
ARM GAS  D:\temp\TMP\ccub9rRr.s 			page 74


 751:Middlewares/Third_Party/FreeRTOS/Source/stream_buffer.c **** 			{
 2199              		.loc 1 751 4 is_stmt 1 view .LVU611
 751:Middlewares/Third_Party/FreeRTOS/Source/stream_buffer.c **** 			{
 2200              		.loc 1 751 6 is_stmt 0 view .LVU612
 2201 002e 8642     		cmp	r6, r0
 2202 0030 25D3     		bcc	.L151
 754:Middlewares/Third_Party/FreeRTOS/Source/stream_buffer.c **** 
 2203              		.loc 1 754 5 is_stmt 1 view .LVU613
 754:Middlewares/Third_Party/FreeRTOS/Source/stream_buffer.c **** 
 2204              		.loc 1 754 14 is_stmt 0 view .LVU614
 2205 0032 0020     		movs	r0, #0
 2206              	.LVL189:
 754:Middlewares/Third_Party/FreeRTOS/Source/stream_buffer.c **** 
 2207              		.loc 1 754 14 view .LVU615
 2208 0034 FFF7FEFF 		bl	xTaskNotifyStateClear
 2209              	.LVL190:
 757:Middlewares/Third_Party/FreeRTOS/Source/stream_buffer.c **** 				pxStreamBuffer->xTaskWaitingToReceive = xTaskGetCurrentTaskHandle();
 2210              		.loc 1 757 5 is_stmt 1 view .LVU616
 2211 0038 2369     		ldr	r3, [r4, #16]
 2212 003a EBB1     		cbz	r3, .L152
 757:Middlewares/Third_Party/FreeRTOS/Source/stream_buffer.c **** 				pxStreamBuffer->xTaskWaitingToReceive = xTaskGetCurrentTaskHandle();
 2213              		.loc 1 757 5 discriminator 1 view .LVU617
 2214              	.LBB153:
 2215              	.LBI153:
 191:Middlewares/Third_Party/FreeRTOS/Source/portable/GCC/ARM_CM4F/portmacro.h **** {
 2216              		.loc 2 191 30 view .LVU618
 2217              	.LBB154:
 193:Middlewares/Third_Party/FreeRTOS/Source/portable/GCC/ARM_CM4F/portmacro.h **** 
 2218              		.loc 2 193 1 view .LVU619
 195:Middlewares/Third_Party/FreeRTOS/Source/portable/GCC/ARM_CM4F/portmacro.h **** 	(
 2219              		.loc 2 195 2 view .LVU620
 2220              		.syntax unified
 2221              	@ 195 "Middlewares/Third_Party/FreeRTOS/Source/portable/GCC/ARM_CM4F/portmacro.h" 1
 2222 003c 4FF05003 			mov r3, #80												
 2223 0040 83F31188 		msr basepri, r3											
 2224 0044 BFF36F8F 		isb														
 2225 0048 BFF34F8F 		dsb														
 2226              	
 2227              	@ 0 "" 2
 2228              		.thumb
 2229              		.syntax unified
 2230              	.L153:
 2231              	.LBE154:
 2232              	.LBE153:
 757:Middlewares/Third_Party/FreeRTOS/Source/stream_buffer.c **** 				pxStreamBuffer->xTaskWaitingToReceive = xTaskGetCurrentTaskHandle();
 2233              		.loc 1 757 5 view .LVU621
 2234 004c FEE7     		b	.L153
 2235              	.LVL191:
 2236              	.L161:
 2237              	.LCFI37:
 2238              		.cfi_def_cfa_offset 0
 2239              		.cfi_restore 4
 2240              		.cfi_restore 5
 2241              		.cfi_restore 6
 2242              		.cfi_restore 7
 2243              		.cfi_restore 8
 2244              		.cfi_restore 9
ARM GAS  D:\temp\TMP\ccub9rRr.s 			page 75


 2245              		.cfi_restore 14
 721:Middlewares/Third_Party/FreeRTOS/Source/stream_buffer.c **** 	configASSERT( pxStreamBuffer );
 2246              		.loc 1 721 2 discriminator 1 view .LVU622
 2247              	.LBB155:
 2248              	.LBI155:
 191:Middlewares/Third_Party/FreeRTOS/Source/portable/GCC/ARM_CM4F/portmacro.h **** {
 2249              		.loc 2 191 30 view .LVU623
 2250              	.LBB156:
 193:Middlewares/Third_Party/FreeRTOS/Source/portable/GCC/ARM_CM4F/portmacro.h **** 
 2251              		.loc 2 193 1 view .LVU624
 195:Middlewares/Third_Party/FreeRTOS/Source/portable/GCC/ARM_CM4F/portmacro.h **** 	(
 2252              		.loc 2 195 2 view .LVU625
 2253              		.syntax unified
 2254              	@ 195 "Middlewares/Third_Party/FreeRTOS/Source/portable/GCC/ARM_CM4F/portmacro.h" 1
 2255 004e 4FF05003 			mov r3, #80												
 2256 0052 83F31188 		msr basepri, r3											
 2257 0056 BFF36F8F 		isb														
 2258 005a BFF34F8F 		dsb														
 2259              	
 2260              	@ 0 "" 2
 2261              	.LVL192:
 2262              		.thumb
 2263              		.syntax unified
 2264              	.L146:
 195:Middlewares/Third_Party/FreeRTOS/Source/portable/GCC/ARM_CM4F/portmacro.h **** 	(
 2265              		.loc 2 195 2 is_stmt 0 view .LVU626
 2266              	.LBE156:
 2267              	.LBE155:
 721:Middlewares/Third_Party/FreeRTOS/Source/stream_buffer.c **** 	configASSERT( pxStreamBuffer );
 2268              		.loc 1 721 2 is_stmt 1 view .LVU627
 2269 005e FEE7     		b	.L146
 2270              	.LVL193:
 2271              	.L162:
 2272              	.LCFI38:
 2273              		.cfi_def_cfa_offset 40
 2274              		.cfi_offset 4, -28
 2275              		.cfi_offset 5, -24
 2276              		.cfi_offset 6, -20
 2277              		.cfi_offset 7, -16
 2278              		.cfi_offset 8, -12
 2279              		.cfi_offset 9, -8
 2280              		.cfi_offset 14, -4
 722:Middlewares/Third_Party/FreeRTOS/Source/stream_buffer.c **** 
 2281              		.loc 1 722 2 discriminator 1 view .LVU628
 2282              	.LBB157:
 2283              	.LBI157:
 191:Middlewares/Third_Party/FreeRTOS/Source/portable/GCC/ARM_CM4F/portmacro.h **** {
 2284              		.loc 2 191 30 view .LVU629
 2285              	.LBB158:
 193:Middlewares/Third_Party/FreeRTOS/Source/portable/GCC/ARM_CM4F/portmacro.h **** 
 2286              		.loc 2 193 1 view .LVU630
 195:Middlewares/Third_Party/FreeRTOS/Source/portable/GCC/ARM_CM4F/portmacro.h **** 	(
 2287              		.loc 2 195 2 view .LVU631
 2288              		.syntax unified
 2289              	@ 195 "Middlewares/Third_Party/FreeRTOS/Source/portable/GCC/ARM_CM4F/portmacro.h" 1
 2290 0060 4FF05003 			mov r3, #80												
 2291 0064 83F31188 		msr basepri, r3											
ARM GAS  D:\temp\TMP\ccub9rRr.s 			page 76


 2292 0068 BFF36F8F 		isb														
 2293 006c BFF34F8F 		dsb														
 2294              	
 2295              	@ 0 "" 2
 2296              	.LVL194:
 2297              		.thumb
 2298              		.syntax unified
 2299              	.L148:
 195:Middlewares/Third_Party/FreeRTOS/Source/portable/GCC/ARM_CM4F/portmacro.h **** 	(
 2300              		.loc 2 195 2 is_stmt 0 view .LVU632
 2301              	.LBE158:
 2302              	.LBE157:
 722:Middlewares/Third_Party/FreeRTOS/Source/stream_buffer.c **** 
 2303              		.loc 1 722 2 is_stmt 1 view .LVU633
 2304 0070 FEE7     		b	.L148
 2305              	.L157:
 735:Middlewares/Third_Party/FreeRTOS/Source/stream_buffer.c **** 	}
 2306              		.loc 1 735 30 is_stmt 0 view .LVU634
 2307 0072 0023     		movs	r3, #0
 2308 0074 1E46     		mov	r6, r3
 2309 0076 D2E7     		b	.L149
 2310              	.LVL195:
 2311              	.L152:
 757:Middlewares/Third_Party/FreeRTOS/Source/stream_buffer.c **** 				pxStreamBuffer->xTaskWaitingToReceive = xTaskGetCurrentTaskHandle();
 2312              		.loc 1 757 66 is_stmt 1 view .LVU635
 758:Middlewares/Third_Party/FreeRTOS/Source/stream_buffer.c **** 			}
 2313              		.loc 1 758 5 view .LVU636
 758:Middlewares/Third_Party/FreeRTOS/Source/stream_buffer.c **** 			}
 2314              		.loc 1 758 45 is_stmt 0 view .LVU637
 2315 0078 FFF7FEFF 		bl	xTaskGetCurrentTaskHandle
 2316              	.LVL196:
 758:Middlewares/Third_Party/FreeRTOS/Source/stream_buffer.c **** 			}
 2317              		.loc 1 758 43 discriminator 1 view .LVU638
 2318 007c 2061     		str	r0, [r4, #16]
 2319              	.L151:
 762:Middlewares/Third_Party/FreeRTOS/Source/stream_buffer.c **** 			}
 2320              		.loc 1 762 29 is_stmt 1 view .LVU639
 765:Middlewares/Third_Party/FreeRTOS/Source/stream_buffer.c **** 
 2321              		.loc 1 765 3 view .LVU640
 2322 007e FFF7FEFF 		bl	vPortExitCritical
 2323              	.LVL197:
 767:Middlewares/Third_Party/FreeRTOS/Source/stream_buffer.c **** 		{
 2324              		.loc 1 767 3 view .LVU641
 767:Middlewares/Third_Party/FreeRTOS/Source/stream_buffer.c **** 		{
 2325              		.loc 1 767 5 is_stmt 0 view .LVU642
 2326 0082 BE42     		cmp	r6, r7
 2327 0084 10D3     		bcc	.L154
 770:Middlewares/Third_Party/FreeRTOS/Source/stream_buffer.c **** 			( void ) xTaskNotifyWait( ( uint32_t ) 0, ( uint32_t ) 0, NULL, xTicksToWait );
 2328              		.loc 1 770 59 is_stmt 1 view .LVU643
 771:Middlewares/Third_Party/FreeRTOS/Source/stream_buffer.c **** 			pxStreamBuffer->xTaskWaitingToReceive = NULL;
 2329              		.loc 1 771 4 view .LVU644
 771:Middlewares/Third_Party/FreeRTOS/Source/stream_buffer.c **** 			pxStreamBuffer->xTaskWaitingToReceive = NULL;
 2330              		.loc 1 771 13 is_stmt 0 view .LVU645
 2331 0086 2B46     		mov	r3, r5
 2332 0088 0022     		movs	r2, #0
 2333 008a 1146     		mov	r1, r2
 2334 008c 1046     		mov	r0, r2
ARM GAS  D:\temp\TMP\ccub9rRr.s 			page 77


 2335 008e FFF7FEFF 		bl	xTaskNotifyWait
 2336              	.LVL198:
 772:Middlewares/Third_Party/FreeRTOS/Source/stream_buffer.c **** 
 2337              		.loc 1 772 4 is_stmt 1 view .LVU646
 772:Middlewares/Third_Party/FreeRTOS/Source/stream_buffer.c **** 
 2338              		.loc 1 772 42 is_stmt 0 view .LVU647
 2339 0092 0023     		movs	r3, #0
 2340 0094 2361     		str	r3, [r4, #16]
 775:Middlewares/Third_Party/FreeRTOS/Source/stream_buffer.c **** 		}
 2341              		.loc 1 775 4 is_stmt 1 view .LVU648
 775:Middlewares/Third_Party/FreeRTOS/Source/stream_buffer.c **** 		}
 2342              		.loc 1 775 22 is_stmt 0 view .LVU649
 2343 0096 2046     		mov	r0, r4
 2344 0098 FFF7FEFF 		bl	prvBytesInBuffer
 2345              	.LVL199:
 2346 009c 0746     		mov	r7, r0
 2347              	.LVL200:
 775:Middlewares/Third_Party/FreeRTOS/Source/stream_buffer.c **** 		}
 2348              		.loc 1 775 22 view .LVU650
 2349 009e 03E0     		b	.L154
 2350              	.LVL201:
 2351              	.L150:
 784:Middlewares/Third_Party/FreeRTOS/Source/stream_buffer.c **** 	}
 2352              		.loc 1 784 3 is_stmt 1 view .LVU651
 784:Middlewares/Third_Party/FreeRTOS/Source/stream_buffer.c **** 	}
 2353              		.loc 1 784 21 is_stmt 0 view .LVU652
 2354 00a0 2046     		mov	r0, r4
 2355              	.LVL202:
 784:Middlewares/Third_Party/FreeRTOS/Source/stream_buffer.c **** 	}
 2356              		.loc 1 784 21 view .LVU653
 2357 00a2 FFF7FEFF 		bl	prvBytesInBuffer
 2358              	.LVL203:
 784:Middlewares/Third_Party/FreeRTOS/Source/stream_buffer.c **** 	}
 2359              		.loc 1 784 21 view .LVU654
 2360 00a6 0746     		mov	r7, r0
 2361              	.L154:
 2362              	.LVL204:
 792:Middlewares/Third_Party/FreeRTOS/Source/stream_buffer.c **** 	{
 2363              		.loc 1 792 2 is_stmt 1 view .LVU655
 792:Middlewares/Third_Party/FreeRTOS/Source/stream_buffer.c **** 	{
 2364              		.loc 1 792 4 is_stmt 0 view .LVU656
 2365 00a8 B742     		cmp	r7, r6
 2366 00aa 05D8     		bhi	.L163
 719:Middlewares/Third_Party/FreeRTOS/Source/stream_buffer.c **** 
 2367              		.loc 1 719 8 view .LVU657
 2368 00ac 0023     		movs	r3, #0
 2369 00ae 1D46     		mov	r5, r3
 2370              	.LVL205:
 809:Middlewares/Third_Party/FreeRTOS/Source/stream_buffer.c **** 		mtCOVERAGE_TEST_MARKER();
 2371              		.loc 1 809 53 is_stmt 1 view .LVU658
 810:Middlewares/Third_Party/FreeRTOS/Source/stream_buffer.c **** 	}
 2372              		.loc 1 810 27 view .LVU659
 813:Middlewares/Third_Party/FreeRTOS/Source/stream_buffer.c **** }
 2373              		.loc 1 813 2 view .LVU660
 2374              	.L144:
 814:Middlewares/Third_Party/FreeRTOS/Source/stream_buffer.c **** /*-----------------------------------------------------------*/
 2375              		.loc 1 814 1 is_stmt 0 view .LVU661
ARM GAS  D:\temp\TMP\ccub9rRr.s 			page 78


 2376 00b0 2846     		mov	r0, r5
 2377 00b2 03B0     		add	sp, sp, #12
 2378              	.LCFI39:
 2379              		.cfi_remember_state
 2380              		.cfi_def_cfa_offset 28
 2381              		@ sp needed
 2382 00b4 BDE8F083 		pop	{r4, r5, r6, r7, r8, r9, pc}
 2383              	.LVL206:
 2384              	.L163:
 2385              	.LCFI40:
 2386              		.cfi_restore_state
 794:Middlewares/Third_Party/FreeRTOS/Source/stream_buffer.c **** 
 2387              		.loc 1 794 3 is_stmt 1 view .LVU662
 794:Middlewares/Third_Party/FreeRTOS/Source/stream_buffer.c **** 
 2388              		.loc 1 794 21 is_stmt 0 view .LVU663
 2389 00b8 0096     		str	r6, [sp]
 2390 00ba 3B46     		mov	r3, r7
 2391 00bc 4A46     		mov	r2, r9
 2392 00be 4146     		mov	r1, r8
 2393 00c0 2046     		mov	r0, r4
 2394 00c2 FFF7FEFF 		bl	prvReadMessageFromBuffer
 2395              	.LVL207:
 797:Middlewares/Third_Party/FreeRTOS/Source/stream_buffer.c **** 		{
 2396              		.loc 1 797 3 is_stmt 1 view .LVU664
 797:Middlewares/Third_Party/FreeRTOS/Source/stream_buffer.c **** 		{
 2397              		.loc 1 797 5 is_stmt 0 view .LVU665
 2398 00c6 0546     		mov	r5, r0
 2399              	.LVL208:
 797:Middlewares/Third_Party/FreeRTOS/Source/stream_buffer.c **** 		{
 2400              		.loc 1 797 5 view .LVU666
 2401 00c8 0028     		cmp	r0, #0
 2402 00ca F1D0     		beq	.L144
 799:Middlewares/Third_Party/FreeRTOS/Source/stream_buffer.c **** 			sbRECEIVE_COMPLETED( pxStreamBuffer );
 2403              		.loc 1 799 64 is_stmt 1 view .LVU667
 800:Middlewares/Third_Party/FreeRTOS/Source/stream_buffer.c **** 		}
 2404              		.loc 1 800 4 view .LVU668
 2405 00cc FFF7FEFF 		bl	vTaskSuspendAll
 2406              	.LVL209:
 800:Middlewares/Third_Party/FreeRTOS/Source/stream_buffer.c **** 		}
 2407              		.loc 1 800 4 discriminator 1 view .LVU669
 2408 00d0 6369     		ldr	r3, [r4, #20]
 2409 00d2 3BB1     		cbz	r3, .L156
 800:Middlewares/Third_Party/FreeRTOS/Source/stream_buffer.c **** 		}
 2410              		.loc 1 800 4 discriminator 2 view .LVU670
 2411 00d4 6069     		ldr	r0, [r4, #20]
 2412 00d6 0023     		movs	r3, #0
 2413 00d8 1A46     		mov	r2, r3
 2414 00da 1946     		mov	r1, r3
 2415 00dc FFF7FEFF 		bl	xTaskGenericNotify
 2416              	.LVL210:
 800:Middlewares/Third_Party/FreeRTOS/Source/stream_buffer.c **** 		}
 2417              		.loc 1 800 4 discriminator 4 view .LVU671
 2418 00e0 0023     		movs	r3, #0
 2419 00e2 6361     		str	r3, [r4, #20]
 2420              	.L156:
 800:Middlewares/Third_Party/FreeRTOS/Source/stream_buffer.c **** 		}
 2421              		.loc 1 800 4 discriminator 5 view .LVU672
ARM GAS  D:\temp\TMP\ccub9rRr.s 			page 79


 2422 00e4 FFF7FEFF 		bl	xTaskResumeAll
 2423              	.LVL211:
 800:Middlewares/Third_Party/FreeRTOS/Source/stream_buffer.c **** 		}
 2424              		.loc 1 800 41 discriminator 6 view .LVU673
 2425 00e8 E2E7     		b	.L144
 2426              		.cfi_endproc
 2427              	.LFE15:
 2429              		.section	.text.xStreamBufferNextMessageLengthBytes,"ax",%progbits
 2430              		.align	1
 2431              		.global	xStreamBufferNextMessageLengthBytes
 2432              		.syntax unified
 2433              		.thumb
 2434              		.thumb_func
 2436              	xStreamBufferNextMessageLengthBytes:
 2437              	.LVL212:
 2438              	.LFB16:
 818:Middlewares/Third_Party/FreeRTOS/Source/stream_buffer.c **** StreamBuffer_t * const pxStreamBuffer = xStreamBuffer;
 2439              		.loc 1 818 1 view -0
 2440              		.cfi_startproc
 2441              		@ args = 0, pretend = 0, frame = 8
 2442              		@ frame_needed = 0, uses_anonymous_args = 0
 819:Middlewares/Third_Party/FreeRTOS/Source/stream_buffer.c **** size_t xReturn, xBytesAvailable, xOriginalTail;
 2443              		.loc 1 819 1 view .LVU675
 820:Middlewares/Third_Party/FreeRTOS/Source/stream_buffer.c **** configMESSAGE_BUFFER_LENGTH_TYPE xTempReturn;
 2444              		.loc 1 820 1 view .LVU676
 821:Middlewares/Third_Party/FreeRTOS/Source/stream_buffer.c **** 
 2445              		.loc 1 821 1 view .LVU677
 823:Middlewares/Third_Party/FreeRTOS/Source/stream_buffer.c **** 
 2446              		.loc 1 823 2 view .LVU678
 2447 0000 48B1     		cbz	r0, .L173
 818:Middlewares/Third_Party/FreeRTOS/Source/stream_buffer.c **** StreamBuffer_t * const pxStreamBuffer = xStreamBuffer;
 2448              		.loc 1 818 1 is_stmt 0 view .LVU679
 2449 0002 30B5     		push	{r4, r5, lr}
 2450              	.LCFI41:
 2451              		.cfi_def_cfa_offset 12
 2452              		.cfi_offset 4, -12
 2453              		.cfi_offset 5, -8
 2454              		.cfi_offset 14, -4
 2455 0004 83B0     		sub	sp, sp, #12
 2456              	.LCFI42:
 2457              		.cfi_def_cfa_offset 24
 2458 0006 0446     		mov	r4, r0
 823:Middlewares/Third_Party/FreeRTOS/Source/stream_buffer.c **** 
 2459              		.loc 1 823 32 is_stmt 1 view .LVU680
 826:Middlewares/Third_Party/FreeRTOS/Source/stream_buffer.c **** 	{
 2460              		.loc 1 826 2 view .LVU681
 826:Middlewares/Third_Party/FreeRTOS/Source/stream_buffer.c **** 	{
 2461              		.loc 1 826 22 is_stmt 0 view .LVU682
 2462 0008 037F     		ldrb	r3, [r0, #28]	@ zero_extendqisi2
 826:Middlewares/Third_Party/FreeRTOS/Source/stream_buffer.c **** 	{
 2463              		.loc 1 826 4 view .LVU683
 2464 000a 13F0010F 		tst	r3, #1
 2465 000e 0BD1     		bne	.L174
 854:Middlewares/Third_Party/FreeRTOS/Source/stream_buffer.c **** 	}
 2466              		.loc 1 854 11 view .LVU684
 2467 0010 0020     		movs	r0, #0
 2468              	.LVL213:
ARM GAS  D:\temp\TMP\ccub9rRr.s 			page 80


 857:Middlewares/Third_Party/FreeRTOS/Source/stream_buffer.c **** }
 2469              		.loc 1 857 2 is_stmt 1 view .LVU685
 2470              	.L164:
 858:Middlewares/Third_Party/FreeRTOS/Source/stream_buffer.c **** /*-----------------------------------------------------------*/
 2471              		.loc 1 858 1 is_stmt 0 view .LVU686
 2472 0012 03B0     		add	sp, sp, #12
 2473              	.LCFI43:
 2474              		.cfi_def_cfa_offset 12
 2475              		@ sp needed
 2476 0014 30BD     		pop	{r4, r5, pc}
 2477              	.LVL214:
 2478              	.L173:
 2479              	.LCFI44:
 2480              		.cfi_def_cfa_offset 0
 2481              		.cfi_restore 4
 2482              		.cfi_restore 5
 2483              		.cfi_restore 14
 823:Middlewares/Third_Party/FreeRTOS/Source/stream_buffer.c **** 
 2484              		.loc 1 823 2 is_stmt 1 discriminator 1 view .LVU687
 2485              	.LBB159:
 2486              	.LBI159:
 191:Middlewares/Third_Party/FreeRTOS/Source/portable/GCC/ARM_CM4F/portmacro.h **** {
 2487              		.loc 2 191 30 view .LVU688
 2488              	.LBB160:
 193:Middlewares/Third_Party/FreeRTOS/Source/portable/GCC/ARM_CM4F/portmacro.h **** 
 2489              		.loc 2 193 1 view .LVU689
 195:Middlewares/Third_Party/FreeRTOS/Source/portable/GCC/ARM_CM4F/portmacro.h **** 	(
 2490              		.loc 2 195 2 view .LVU690
 2491              		.syntax unified
 2492              	@ 195 "Middlewares/Third_Party/FreeRTOS/Source/portable/GCC/ARM_CM4F/portmacro.h" 1
 2493 0016 4FF05003 			mov r3, #80												
 2494 001a 83F31188 		msr basepri, r3											
 2495 001e BFF36F8F 		isb														
 2496 0022 BFF34F8F 		dsb														
 2497              	
 2498              	@ 0 "" 2
 2499              		.thumb
 2500              		.syntax unified
 2501              	.L166:
 2502              	.LBE160:
 2503              	.LBE159:
 823:Middlewares/Third_Party/FreeRTOS/Source/stream_buffer.c **** 
 2504              		.loc 1 823 2 view .LVU691
 2505 0026 FEE7     		b	.L166
 2506              	.L174:
 2507              	.LCFI45:
 2508              		.cfi_def_cfa_offset 24
 2509              		.cfi_offset 4, -12
 2510              		.cfi_offset 5, -8
 2511              		.cfi_offset 14, -4
 828:Middlewares/Third_Party/FreeRTOS/Source/stream_buffer.c **** 		if( xBytesAvailable > sbBYTES_TO_STORE_MESSAGE_LENGTH )
 2512              		.loc 1 828 3 view .LVU692
 828:Middlewares/Third_Party/FreeRTOS/Source/stream_buffer.c **** 		if( xBytesAvailable > sbBYTES_TO_STORE_MESSAGE_LENGTH )
 2513              		.loc 1 828 21 is_stmt 0 view .LVU693
 2514 0028 FFF7FEFF 		bl	prvBytesInBuffer
 2515              	.LVL215:
 829:Middlewares/Third_Party/FreeRTOS/Source/stream_buffer.c **** 		{
ARM GAS  D:\temp\TMP\ccub9rRr.s 			page 81


 2516              		.loc 1 829 3 is_stmt 1 view .LVU694
 829:Middlewares/Third_Party/FreeRTOS/Source/stream_buffer.c **** 		{
 2517              		.loc 1 829 5 is_stmt 0 view .LVU695
 2518 002c 0428     		cmp	r0, #4
 2519 002e 0AD8     		bhi	.L175
 848:Middlewares/Third_Party/FreeRTOS/Source/stream_buffer.c **** 			xReturn = 0;
 2520              		.loc 1 848 4 is_stmt 1 view .LVU696
 2521 0030 0028     		cmp	r0, #0
 2522 0032 EED0     		beq	.L164
 848:Middlewares/Third_Party/FreeRTOS/Source/stream_buffer.c **** 			xReturn = 0;
 2523              		.loc 1 848 4 discriminator 1 view .LVU697
 2524              	.LBB161:
 2525              	.LBI161:
 191:Middlewares/Third_Party/FreeRTOS/Source/portable/GCC/ARM_CM4F/portmacro.h **** {
 2526              		.loc 2 191 30 view .LVU698
 2527              	.LBB162:
 193:Middlewares/Third_Party/FreeRTOS/Source/portable/GCC/ARM_CM4F/portmacro.h **** 
 2528              		.loc 2 193 1 view .LVU699
 195:Middlewares/Third_Party/FreeRTOS/Source/portable/GCC/ARM_CM4F/portmacro.h **** 	(
 2529              		.loc 2 195 2 view .LVU700
 2530              		.syntax unified
 2531              	@ 195 "Middlewares/Third_Party/FreeRTOS/Source/portable/GCC/ARM_CM4F/portmacro.h" 1
 2532 0034 4FF05003 			mov r3, #80												
 2533 0038 83F31188 		msr basepri, r3											
 2534 003c BFF36F8F 		isb														
 2535 0040 BFF34F8F 		dsb														
 2536              	
 2537              	@ 0 "" 2
 2538              		.thumb
 2539              		.syntax unified
 2540              	.L169:
 2541              	.LBE162:
 2542              	.LBE161:
 848:Middlewares/Third_Party/FreeRTOS/Source/stream_buffer.c **** 			xReturn = 0;
 2543              		.loc 1 848 4 view .LVU701
 2544 0044 FEE7     		b	.L169
 2545              	.L175:
 837:Middlewares/Third_Party/FreeRTOS/Source/stream_buffer.c **** 			( void ) prvReadBytesFromBuffer( pxStreamBuffer, ( uint8_t * ) &xTempReturn, sbBYTES_TO_STORE_ME
 2546              		.loc 1 837 4 view .LVU702
 837:Middlewares/Third_Party/FreeRTOS/Source/stream_buffer.c **** 			( void ) prvReadBytesFromBuffer( pxStreamBuffer, ( uint8_t * ) &xTempReturn, sbBYTES_TO_STORE_ME
 2547              		.loc 1 837 18 is_stmt 0 view .LVU703
 2548 0046 2568     		ldr	r5, [r4]
 2549              	.LVL216:
 838:Middlewares/Third_Party/FreeRTOS/Source/stream_buffer.c **** 			xReturn = ( size_t ) xTempReturn;
 2550              		.loc 1 838 4 is_stmt 1 view .LVU704
 838:Middlewares/Third_Party/FreeRTOS/Source/stream_buffer.c **** 			xReturn = ( size_t ) xTempReturn;
 2551              		.loc 1 838 13 is_stmt 0 view .LVU705
 2552 0048 0346     		mov	r3, r0
 2553 004a 0422     		movs	r2, #4
 2554 004c 0DEB0201 		add	r1, sp, r2
 2555 0050 2046     		mov	r0, r4
 2556              	.LVL217:
 838:Middlewares/Third_Party/FreeRTOS/Source/stream_buffer.c **** 			xReturn = ( size_t ) xTempReturn;
 2557              		.loc 1 838 13 view .LVU706
 2558 0052 FFF7FEFF 		bl	prvReadBytesFromBuffer
 2559              	.LVL218:
 839:Middlewares/Third_Party/FreeRTOS/Source/stream_buffer.c **** 			pxStreamBuffer->xTail = xOriginalTail;
ARM GAS  D:\temp\TMP\ccub9rRr.s 			page 82


 2560              		.loc 1 839 4 is_stmt 1 view .LVU707
 839:Middlewares/Third_Party/FreeRTOS/Source/stream_buffer.c **** 			pxStreamBuffer->xTail = xOriginalTail;
 2561              		.loc 1 839 12 is_stmt 0 view .LVU708
 2562 0056 0198     		ldr	r0, [sp, #4]
 2563              	.LVL219:
 840:Middlewares/Third_Party/FreeRTOS/Source/stream_buffer.c **** 		}
 2564              		.loc 1 840 4 is_stmt 1 view .LVU709
 840:Middlewares/Third_Party/FreeRTOS/Source/stream_buffer.c **** 		}
 2565              		.loc 1 840 26 is_stmt 0 view .LVU710
 2566 0058 2560     		str	r5, [r4]
 2567 005a DAE7     		b	.L164
 2568              		.cfi_endproc
 2569              	.LFE16:
 2571              		.section	.text.xStreamBufferReceiveFromISR,"ax",%progbits
 2572              		.align	1
 2573              		.global	xStreamBufferReceiveFromISR
 2574              		.syntax unified
 2575              		.thumb
 2576              		.thumb_func
 2578              	xStreamBufferReceiveFromISR:
 2579              	.LVL220:
 2580              	.LFB17:
 865:Middlewares/Third_Party/FreeRTOS/Source/stream_buffer.c **** StreamBuffer_t * const pxStreamBuffer = xStreamBuffer;
 2581              		.loc 1 865 1 is_stmt 1 view -0
 2582              		.cfi_startproc
 2583              		@ args = 0, pretend = 0, frame = 0
 2584              		@ frame_needed = 0, uses_anonymous_args = 0
 866:Middlewares/Third_Party/FreeRTOS/Source/stream_buffer.c **** size_t xReceivedLength = 0, xBytesAvailable, xBytesToStoreMessageLength;
 2585              		.loc 1 866 1 view .LVU712
 867:Middlewares/Third_Party/FreeRTOS/Source/stream_buffer.c **** 
 2586              		.loc 1 867 1 view .LVU713
 869:Middlewares/Third_Party/FreeRTOS/Source/stream_buffer.c **** 	configASSERT( pxStreamBuffer );
 2587              		.loc 1 869 2 view .LVU714
 2588 0000 C1B1     		cbz	r1, .L188
 865:Middlewares/Third_Party/FreeRTOS/Source/stream_buffer.c **** StreamBuffer_t * const pxStreamBuffer = xStreamBuffer;
 2589              		.loc 1 865 1 is_stmt 0 view .LVU715
 2590 0002 2DE9F041 		push	{r4, r5, r6, r7, r8, lr}
 2591              	.LCFI46:
 2592              		.cfi_def_cfa_offset 24
 2593              		.cfi_offset 4, -24
 2594              		.cfi_offset 5, -20
 2595              		.cfi_offset 6, -16
 2596              		.cfi_offset 7, -12
 2597              		.cfi_offset 8, -8
 2598              		.cfi_offset 14, -4
 2599 0006 82B0     		sub	sp, sp, #8
 2600              	.LCFI47:
 2601              		.cfi_def_cfa_offset 32
 2602 0008 0446     		mov	r4, r0
 2603 000a 1646     		mov	r6, r2
 2604 000c 9846     		mov	r8, r3
 2605 000e 0D46     		mov	r5, r1
 869:Middlewares/Third_Party/FreeRTOS/Source/stream_buffer.c **** 	configASSERT( pxStreamBuffer );
 2606              		.loc 1 869 26 is_stmt 1 view .LVU716
 870:Middlewares/Third_Party/FreeRTOS/Source/stream_buffer.c **** 
 2607              		.loc 1 870 2 view .LVU717
 2608 0010 C8B1     		cbz	r0, .L189
ARM GAS  D:\temp\TMP\ccub9rRr.s 			page 83


 870:Middlewares/Third_Party/FreeRTOS/Source/stream_buffer.c **** 
 2609              		.loc 1 870 32 view .LVU718
 877:Middlewares/Third_Party/FreeRTOS/Source/stream_buffer.c **** 	{
 2610              		.loc 1 877 2 view .LVU719
 877:Middlewares/Third_Party/FreeRTOS/Source/stream_buffer.c **** 	{
 2611              		.loc 1 877 22 is_stmt 0 view .LVU720
 2612 0012 037F     		ldrb	r3, [r0, #28]	@ zero_extendqisi2
 2613              	.LVL221:
 877:Middlewares/Third_Party/FreeRTOS/Source/stream_buffer.c **** 	{
 2614              		.loc 1 877 4 view .LVU721
 2615 0014 13F0010F 		tst	r3, #1
 2616 0018 1ED0     		beq	.L184
 879:Middlewares/Third_Party/FreeRTOS/Source/stream_buffer.c **** 	}
 2617              		.loc 1 879 30 view .LVU722
 2618 001a 0423     		movs	r3, #4
 2619 001c 1F46     		mov	r7, r3
 2620              	.L181:
 2621              	.LVL222:
 886:Middlewares/Third_Party/FreeRTOS/Source/stream_buffer.c **** 
 2622              		.loc 1 886 2 is_stmt 1 view .LVU723
 886:Middlewares/Third_Party/FreeRTOS/Source/stream_buffer.c **** 
 2623              		.loc 1 886 20 is_stmt 0 view .LVU724
 2624 001e 2046     		mov	r0, r4
 2625              	.LVL223:
 886:Middlewares/Third_Party/FreeRTOS/Source/stream_buffer.c **** 
 2626              		.loc 1 886 20 view .LVU725
 2627 0020 FFF7FEFF 		bl	prvBytesInBuffer
 2628              	.LVL224:
 893:Middlewares/Third_Party/FreeRTOS/Source/stream_buffer.c **** 	{
 2629              		.loc 1 893 2 is_stmt 1 view .LVU726
 893:Middlewares/Third_Party/FreeRTOS/Source/stream_buffer.c **** 	{
 2630              		.loc 1 893 4 is_stmt 0 view .LVU727
 2631 0024 8742     		cmp	r7, r0
 2632 0026 1AD3     		bcc	.L190
 867:Middlewares/Third_Party/FreeRTOS/Source/stream_buffer.c **** 
 2633              		.loc 1 867 8 view .LVU728
 2634 0028 0023     		movs	r3, #0
 2635 002a 1D46     		mov	r5, r3
 2636              	.LVL225:
 909:Middlewares/Third_Party/FreeRTOS/Source/stream_buffer.c **** 	}
 2637              		.loc 1 909 27 is_stmt 1 view .LVU729
 912:Middlewares/Third_Party/FreeRTOS/Source/stream_buffer.c **** 
 2638              		.loc 1 912 71 view .LVU730
 914:Middlewares/Third_Party/FreeRTOS/Source/stream_buffer.c **** }
 2639              		.loc 1 914 2 view .LVU731
 2640              	.L176:
 915:Middlewares/Third_Party/FreeRTOS/Source/stream_buffer.c **** /*-----------------------------------------------------------*/
 2641              		.loc 1 915 1 is_stmt 0 view .LVU732
 2642 002c 2846     		mov	r0, r5
 2643 002e 02B0     		add	sp, sp, #8
 2644              	.LCFI48:
 2645              		.cfi_def_cfa_offset 24
 2646              		@ sp needed
 2647 0030 BDE8F081 		pop	{r4, r5, r6, r7, r8, pc}
 2648              	.LVL226:
 2649              	.L188:
 2650              	.LCFI49:
ARM GAS  D:\temp\TMP\ccub9rRr.s 			page 84


 2651              		.cfi_def_cfa_offset 0
 2652              		.cfi_restore 4
 2653              		.cfi_restore 5
 2654              		.cfi_restore 6
 2655              		.cfi_restore 7
 2656              		.cfi_restore 8
 2657              		.cfi_restore 14
 869:Middlewares/Third_Party/FreeRTOS/Source/stream_buffer.c **** 	configASSERT( pxStreamBuffer );
 2658              		.loc 1 869 2 is_stmt 1 discriminator 1 view .LVU733
 2659              	.LBB163:
 2660              	.LBI163:
 191:Middlewares/Third_Party/FreeRTOS/Source/portable/GCC/ARM_CM4F/portmacro.h **** {
 2661              		.loc 2 191 30 view .LVU734
 2662              	.LBB164:
 193:Middlewares/Third_Party/FreeRTOS/Source/portable/GCC/ARM_CM4F/portmacro.h **** 
 2663              		.loc 2 193 1 view .LVU735
 195:Middlewares/Third_Party/FreeRTOS/Source/portable/GCC/ARM_CM4F/portmacro.h **** 	(
 2664              		.loc 2 195 2 view .LVU736
 2665              		.syntax unified
 2666              	@ 195 "Middlewares/Third_Party/FreeRTOS/Source/portable/GCC/ARM_CM4F/portmacro.h" 1
 2667 0034 4FF05003 			mov r3, #80												
 2668 0038 83F31188 		msr basepri, r3											
 2669 003c BFF36F8F 		isb														
 2670 0040 BFF34F8F 		dsb														
 2671              	
 2672              	@ 0 "" 2
 2673              	.LVL227:
 2674              		.thumb
 2675              		.syntax unified
 2676              	.L178:
 195:Middlewares/Third_Party/FreeRTOS/Source/portable/GCC/ARM_CM4F/portmacro.h **** 	(
 2677              		.loc 2 195 2 is_stmt 0 view .LVU737
 2678              	.LBE164:
 2679              	.LBE163:
 869:Middlewares/Third_Party/FreeRTOS/Source/stream_buffer.c **** 	configASSERT( pxStreamBuffer );
 2680              		.loc 1 869 2 is_stmt 1 view .LVU738
 2681 0044 FEE7     		b	.L178
 2682              	.LVL228:
 2683              	.L189:
 2684              	.LCFI50:
 2685              		.cfi_def_cfa_offset 32
 2686              		.cfi_offset 4, -24
 2687              		.cfi_offset 5, -20
 2688              		.cfi_offset 6, -16
 2689              		.cfi_offset 7, -12
 2690              		.cfi_offset 8, -8
 2691              		.cfi_offset 14, -4
 870:Middlewares/Third_Party/FreeRTOS/Source/stream_buffer.c **** 
 2692              		.loc 1 870 2 discriminator 1 view .LVU739
 2693              	.LBB165:
 2694              	.LBI165:
 191:Middlewares/Third_Party/FreeRTOS/Source/portable/GCC/ARM_CM4F/portmacro.h **** {
 2695              		.loc 2 191 30 view .LVU740
 2696              	.LBB166:
 193:Middlewares/Third_Party/FreeRTOS/Source/portable/GCC/ARM_CM4F/portmacro.h **** 
 2697              		.loc 2 193 1 view .LVU741
 195:Middlewares/Third_Party/FreeRTOS/Source/portable/GCC/ARM_CM4F/portmacro.h **** 	(
ARM GAS  D:\temp\TMP\ccub9rRr.s 			page 85


 2698              		.loc 2 195 2 view .LVU742
 2699              		.syntax unified
 2700              	@ 195 "Middlewares/Third_Party/FreeRTOS/Source/portable/GCC/ARM_CM4F/portmacro.h" 1
 2701 0046 4FF05003 			mov r3, #80												
 2702 004a 83F31188 		msr basepri, r3											
 2703 004e BFF36F8F 		isb														
 2704 0052 BFF34F8F 		dsb														
 2705              	
 2706              	@ 0 "" 2
 2707              	.LVL229:
 2708              		.thumb
 2709              		.syntax unified
 2710              	.L180:
 195:Middlewares/Third_Party/FreeRTOS/Source/portable/GCC/ARM_CM4F/portmacro.h **** 	(
 2711              		.loc 2 195 2 is_stmt 0 view .LVU743
 2712              	.LBE166:
 2713              	.LBE165:
 870:Middlewares/Third_Party/FreeRTOS/Source/stream_buffer.c **** 
 2714              		.loc 1 870 2 is_stmt 1 view .LVU744
 2715 0056 FEE7     		b	.L180
 2716              	.L184:
 883:Middlewares/Third_Party/FreeRTOS/Source/stream_buffer.c **** 	}
 2717              		.loc 1 883 30 is_stmt 0 view .LVU745
 2718 0058 0023     		movs	r3, #0
 2719 005a 1F46     		mov	r7, r3
 2720 005c DFE7     		b	.L181
 2721              	.LVL230:
 2722              	.L190:
 895:Middlewares/Third_Party/FreeRTOS/Source/stream_buffer.c **** 
 2723              		.loc 1 895 3 is_stmt 1 view .LVU746
 895:Middlewares/Third_Party/FreeRTOS/Source/stream_buffer.c **** 
 2724              		.loc 1 895 21 is_stmt 0 view .LVU747
 2725 005e 0097     		str	r7, [sp]
 2726 0060 0346     		mov	r3, r0
 2727 0062 3246     		mov	r2, r6
 2728 0064 2946     		mov	r1, r5
 2729 0066 2046     		mov	r0, r4
 2730              	.LVL231:
 895:Middlewares/Third_Party/FreeRTOS/Source/stream_buffer.c **** 
 2731              		.loc 1 895 21 view .LVU748
 2732 0068 FFF7FEFF 		bl	prvReadMessageFromBuffer
 2733              	.LVL232:
 898:Middlewares/Third_Party/FreeRTOS/Source/stream_buffer.c **** 		{
 2734              		.loc 1 898 3 is_stmt 1 view .LVU749
 898:Middlewares/Third_Party/FreeRTOS/Source/stream_buffer.c **** 		{
 2735              		.loc 1 898 5 is_stmt 0 view .LVU750
 2736 006c 0546     		mov	r5, r0
 2737              	.LVL233:
 898:Middlewares/Third_Party/FreeRTOS/Source/stream_buffer.c **** 		{
 2738              		.loc 1 898 5 view .LVU751
 2739 006e 0028     		cmp	r0, #0
 2740 0070 DCD0     		beq	.L176
 2741              	.LBB167:
 900:Middlewares/Third_Party/FreeRTOS/Source/stream_buffer.c **** 		}
 2742              		.loc 1 900 4 is_stmt 1 view .LVU752
 900:Middlewares/Third_Party/FreeRTOS/Source/stream_buffer.c **** 		}
 2743              		.loc 1 900 4 view .LVU753
ARM GAS  D:\temp\TMP\ccub9rRr.s 			page 86


 2744              	.LBB168:
 2745              	.LBI168:
 207:Middlewares/Third_Party/FreeRTOS/Source/portable/GCC/ARM_CM4F/portmacro.h **** {
 2746              		.loc 2 207 34 view .LVU754
 2747              	.LBB169:
 209:Middlewares/Third_Party/FreeRTOS/Source/portable/GCC/ARM_CM4F/portmacro.h **** 
 2748              		.loc 2 209 1 view .LVU755
 211:Middlewares/Third_Party/FreeRTOS/Source/portable/GCC/ARM_CM4F/portmacro.h **** 	(
 2749              		.loc 2 211 2 view .LVU756
 2750              		.syntax unified
 2751              	@ 211 "Middlewares/Third_Party/FreeRTOS/Source/portable/GCC/ARM_CM4F/portmacro.h" 1
 2752 0072 EFF31183 			mrs r3, basepri											
 2753 0076 4FF05002 		mov r2, #80												
 2754 007a 82F31188 		msr basepri, r2											
 2755 007e BFF36F8F 		isb														
 2756 0082 BFF34F8F 		dsb														
 2757              	
 2758              	@ 0 "" 2
 2759              		.thumb
 2760              		.syntax unified
 2761 0086 1E46     		mov	r6, r3
 2762              	.LVL234:
 223:Middlewares/Third_Party/FreeRTOS/Source/portable/GCC/ARM_CM4F/portmacro.h **** }
 2763              		.loc 2 223 2 view .LVU757
 223:Middlewares/Third_Party/FreeRTOS/Source/portable/GCC/ARM_CM4F/portmacro.h **** }
 2764              		.loc 2 223 2 is_stmt 0 view .LVU758
 2765              	.LBE169:
 2766              	.LBE168:
 900:Middlewares/Third_Party/FreeRTOS/Source/stream_buffer.c **** 		}
 2767              		.loc 1 900 4 is_stmt 1 discriminator 1 view .LVU759
 2768 0088 6369     		ldr	r3, [r4, #20]
 2769              	.LVL235:
 900:Middlewares/Third_Party/FreeRTOS/Source/stream_buffer.c **** 		}
 2770              		.loc 1 900 4 is_stmt 0 discriminator 1 view .LVU760
 2771 008a 4BB1     		cbz	r3, .L183
 900:Middlewares/Third_Party/FreeRTOS/Source/stream_buffer.c **** 		}
 2772              		.loc 1 900 4 is_stmt 1 discriminator 2 view .LVU761
 2773 008c 6069     		ldr	r0, [r4, #20]
 2774              	.LVL236:
 900:Middlewares/Third_Party/FreeRTOS/Source/stream_buffer.c **** 		}
 2775              		.loc 1 900 4 is_stmt 0 discriminator 2 view .LVU762
 2776 008e CDF80080 		str	r8, [sp]
 2777 0092 0023     		movs	r3, #0
 2778 0094 1A46     		mov	r2, r3
 2779 0096 1946     		mov	r1, r3
 2780 0098 FFF7FEFF 		bl	xTaskGenericNotifyFromISR
 2781              	.LVL237:
 900:Middlewares/Third_Party/FreeRTOS/Source/stream_buffer.c **** 		}
 2782              		.loc 1 900 4 is_stmt 1 discriminator 4 view .LVU763
 2783 009c 0023     		movs	r3, #0
 2784 009e 6361     		str	r3, [r4, #20]
 2785              	.L183:
 900:Middlewares/Third_Party/FreeRTOS/Source/stream_buffer.c **** 		}
 2786              		.loc 1 900 4 discriminator 5 view .LVU764
 2787              	.LBB170:
 2788              	.LBI170:
 227:Middlewares/Third_Party/FreeRTOS/Source/portable/GCC/ARM_CM4F/portmacro.h **** {
ARM GAS  D:\temp\TMP\ccub9rRr.s 			page 87


 2789              		.loc 2 227 30 view .LVU765
 2790              	.LBB171:
 2791              		.loc 2 229 2 view .LVU766
 2792              		.syntax unified
 2793              	@ 229 "Middlewares/Third_Party/FreeRTOS/Source/portable/GCC/ARM_CM4F/portmacro.h" 1
 2794 00a0 86F31188 			msr basepri, r6	
 2795              	@ 0 "" 2
 2796              		.thumb
 2797              		.syntax unified
 2798              	.LBE171:
 2799              	.LBE170:
 2800              	.LBE167:
 900:Middlewares/Third_Party/FreeRTOS/Source/stream_buffer.c **** 		}
 2801              		.loc 1 900 77 discriminator 6 view .LVU767
 2802              	.LBB174:
 2803              	.LBB173:
 2804              	.LBB172:
 230:Middlewares/Third_Party/FreeRTOS/Source/portable/GCC/ARM_CM4F/portmacro.h **** 	(
 231:Middlewares/Third_Party/FreeRTOS/Source/portable/GCC/ARM_CM4F/portmacro.h **** 		"	msr basepri, %0	" :: "r" ( ulNewMaskValue ) : "memory"
 232:Middlewares/Third_Party/FreeRTOS/Source/portable/GCC/ARM_CM4F/portmacro.h **** 	);
 233:Middlewares/Third_Party/FreeRTOS/Source/portable/GCC/ARM_CM4F/portmacro.h **** }
 2805              		.loc 2 233 1 is_stmt 0 view .LVU768
 2806 00a4 C2E7     		b	.L176
 2807              	.LBE172:
 2808              	.LBE173:
 2809              	.LBE174:
 2810              		.cfi_endproc
 2811              	.LFE17:
 2813              		.section	.text.xStreamBufferIsEmpty,"ax",%progbits
 2814              		.align	1
 2815              		.global	xStreamBufferIsEmpty
 2816              		.syntax unified
 2817              		.thumb
 2818              		.thumb_func
 2820              	xStreamBufferIsEmpty:
 2821              	.LVL238:
 2822              	.LFB19:
 971:Middlewares/Third_Party/FreeRTOS/Source/stream_buffer.c **** const StreamBuffer_t * const pxStreamBuffer = xStreamBuffer;
 2823              		.loc 1 971 1 is_stmt 1 view -0
 2824              		.cfi_startproc
 2825              		@ args = 0, pretend = 0, frame = 0
 2826              		@ frame_needed = 0, uses_anonymous_args = 0
 2827              		@ link register save eliminated.
 972:Middlewares/Third_Party/FreeRTOS/Source/stream_buffer.c **** BaseType_t xReturn;
 2828              		.loc 1 972 1 view .LVU770
 973:Middlewares/Third_Party/FreeRTOS/Source/stream_buffer.c **** size_t xTail;
 2829              		.loc 1 973 1 view .LVU771
 974:Middlewares/Third_Party/FreeRTOS/Source/stream_buffer.c **** 
 2830              		.loc 1 974 1 view .LVU772
 976:Middlewares/Third_Party/FreeRTOS/Source/stream_buffer.c **** 
 2831              		.loc 1 976 2 view .LVU773
 2832 0000 28B1     		cbz	r0, .L196
 976:Middlewares/Third_Party/FreeRTOS/Source/stream_buffer.c **** 
 2833              		.loc 1 976 32 view .LVU774
 979:Middlewares/Third_Party/FreeRTOS/Source/stream_buffer.c **** 	if( pxStreamBuffer->xHead == xTail )
 2834              		.loc 1 979 2 view .LVU775
 979:Middlewares/Third_Party/FreeRTOS/Source/stream_buffer.c **** 	if( pxStreamBuffer->xHead == xTail )
ARM GAS  D:\temp\TMP\ccub9rRr.s 			page 88


 2835              		.loc 1 979 8 is_stmt 0 view .LVU776
 2836 0002 0268     		ldr	r2, [r0]
 2837              	.LVL239:
 980:Middlewares/Third_Party/FreeRTOS/Source/stream_buffer.c **** 	{
 2838              		.loc 1 980 2 is_stmt 1 view .LVU777
 980:Middlewares/Third_Party/FreeRTOS/Source/stream_buffer.c **** 	{
 2839              		.loc 1 980 20 is_stmt 0 view .LVU778
 2840 0004 4368     		ldr	r3, [r0, #4]
 980:Middlewares/Third_Party/FreeRTOS/Source/stream_buffer.c **** 	{
 2841              		.loc 1 980 4 view .LVU779
 2842 0006 9342     		cmp	r3, r2
 2843 0008 0AD0     		beq	.L197
 986:Middlewares/Third_Party/FreeRTOS/Source/stream_buffer.c **** 	}
 2844              		.loc 1 986 11 view .LVU780
 2845 000a 0020     		movs	r0, #0
 2846              	.LVL240:
 989:Middlewares/Third_Party/FreeRTOS/Source/stream_buffer.c **** }
 2847              		.loc 1 989 2 is_stmt 1 view .LVU781
 990:Middlewares/Third_Party/FreeRTOS/Source/stream_buffer.c **** /*-----------------------------------------------------------*/
 2848              		.loc 1 990 1 is_stmt 0 view .LVU782
 2849 000c 7047     		bx	lr
 2850              	.LVL241:
 2851              	.L196:
 976:Middlewares/Third_Party/FreeRTOS/Source/stream_buffer.c **** 
 2852              		.loc 1 976 2 is_stmt 1 discriminator 1 view .LVU783
 2853              	.LBB175:
 2854              	.LBI175:
 191:Middlewares/Third_Party/FreeRTOS/Source/portable/GCC/ARM_CM4F/portmacro.h **** {
 2855              		.loc 2 191 30 view .LVU784
 2856              	.LBB176:
 193:Middlewares/Third_Party/FreeRTOS/Source/portable/GCC/ARM_CM4F/portmacro.h **** 
 2857              		.loc 2 193 1 view .LVU785
 195:Middlewares/Third_Party/FreeRTOS/Source/portable/GCC/ARM_CM4F/portmacro.h **** 	(
 2858              		.loc 2 195 2 view .LVU786
 2859              		.syntax unified
 2860              	@ 195 "Middlewares/Third_Party/FreeRTOS/Source/portable/GCC/ARM_CM4F/portmacro.h" 1
 2861 000e 4FF05003 			mov r3, #80												
 2862 0012 83F31188 		msr basepri, r3											
 2863 0016 BFF36F8F 		isb														
 2864 001a BFF34F8F 		dsb														
 2865              	
 2866              	@ 0 "" 2
 2867              		.thumb
 2868              		.syntax unified
 2869              	.L193:
 2870              	.LBE176:
 2871              	.LBE175:
 976:Middlewares/Third_Party/FreeRTOS/Source/stream_buffer.c **** 
 2872              		.loc 1 976 2 view .LVU787
 2873 001e FEE7     		b	.L193
 2874              	.LVL242:
 2875              	.L197:
 982:Middlewares/Third_Party/FreeRTOS/Source/stream_buffer.c **** 	}
 2876              		.loc 1 982 11 is_stmt 0 view .LVU788
 2877 0020 0120     		movs	r0, #1
 2878              	.LVL243:
 982:Middlewares/Third_Party/FreeRTOS/Source/stream_buffer.c **** 	}
ARM GAS  D:\temp\TMP\ccub9rRr.s 			page 89


 2879              		.loc 1 982 11 view .LVU789
 2880 0022 7047     		bx	lr
 2881              		.cfi_endproc
 2882              	.LFE19:
 2884              		.section	.text.xStreamBufferIsFull,"ax",%progbits
 2885              		.align	1
 2886              		.global	xStreamBufferIsFull
 2887              		.syntax unified
 2888              		.thumb
 2889              		.thumb_func
 2891              	xStreamBufferIsFull:
 2892              	.LVL244:
 2893              	.LFB20:
 994:Middlewares/Third_Party/FreeRTOS/Source/stream_buffer.c **** BaseType_t xReturn;
 2894              		.loc 1 994 1 is_stmt 1 view -0
 2895              		.cfi_startproc
 2896              		@ args = 0, pretend = 0, frame = 0
 2897              		@ frame_needed = 0, uses_anonymous_args = 0
 995:Middlewares/Third_Party/FreeRTOS/Source/stream_buffer.c **** size_t xBytesToStoreMessageLength;
 2898              		.loc 1 995 1 view .LVU791
 996:Middlewares/Third_Party/FreeRTOS/Source/stream_buffer.c **** const StreamBuffer_t * const pxStreamBuffer = xStreamBuffer;
 2899              		.loc 1 996 1 view .LVU792
 997:Middlewares/Third_Party/FreeRTOS/Source/stream_buffer.c **** 
 2900              		.loc 1 997 1 view .LVU793
 999:Middlewares/Third_Party/FreeRTOS/Source/stream_buffer.c **** 
 2901              		.loc 1 999 2 view .LVU794
 2902 0000 70B1     		cbz	r0, .L207
 994:Middlewares/Third_Party/FreeRTOS/Source/stream_buffer.c **** BaseType_t xReturn;
 2903              		.loc 1 994 1 is_stmt 0 view .LVU795
 2904 0002 10B5     		push	{r4, lr}
 2905              	.LCFI51:
 2906              		.cfi_def_cfa_offset 8
 2907              		.cfi_offset 4, -8
 2908              		.cfi_offset 14, -4
 2909 0004 0346     		mov	r3, r0
 999:Middlewares/Third_Party/FreeRTOS/Source/stream_buffer.c **** 
 2910              		.loc 1 999 32 is_stmt 1 view .LVU796
1005:Middlewares/Third_Party/FreeRTOS/Source/stream_buffer.c **** 	{
 2911              		.loc 1 1005 2 view .LVU797
1005:Middlewares/Third_Party/FreeRTOS/Source/stream_buffer.c **** 	{
 2912              		.loc 1 1005 22 is_stmt 0 view .LVU798
 2913 0006 027F     		ldrb	r2, [r0, #28]	@ zero_extendqisi2
1005:Middlewares/Third_Party/FreeRTOS/Source/stream_buffer.c **** 	{
 2914              		.loc 1 1005 4 view .LVU799
 2915 0008 12F0010F 		tst	r2, #1
 2916 000c 11D0     		beq	.L203
1007:Middlewares/Third_Party/FreeRTOS/Source/stream_buffer.c **** 	}
 2917              		.loc 1 1007 30 view .LVU800
 2918 000e 0422     		movs	r2, #4
 2919 0010 1446     		mov	r4, r2
 2920              	.L201:
 2921              	.LVL245:
1015:Middlewares/Third_Party/FreeRTOS/Source/stream_buffer.c **** 	{
 2922              		.loc 1 1015 2 is_stmt 1 view .LVU801
1015:Middlewares/Third_Party/FreeRTOS/Source/stream_buffer.c **** 	{
 2923              		.loc 1 1015 6 is_stmt 0 view .LVU802
 2924 0012 1846     		mov	r0, r3
ARM GAS  D:\temp\TMP\ccub9rRr.s 			page 90


 2925              	.LVL246:
1015:Middlewares/Third_Party/FreeRTOS/Source/stream_buffer.c **** 	{
 2926              		.loc 1 1015 6 view .LVU803
 2927 0014 FFF7FEFF 		bl	xStreamBufferSpacesAvailable
 2928              	.LVL247:
1015:Middlewares/Third_Party/FreeRTOS/Source/stream_buffer.c **** 	{
 2929              		.loc 1 1015 4 discriminator 1 view .LVU804
 2930 0018 A042     		cmp	r0, r4
 2931 001a 0DD8     		bhi	.L204
1017:Middlewares/Third_Party/FreeRTOS/Source/stream_buffer.c **** 	}
 2932              		.loc 1 1017 11 view .LVU805
 2933 001c 0120     		movs	r0, #1
 2934              	.L198:
1025:Middlewares/Third_Party/FreeRTOS/Source/stream_buffer.c **** /*-----------------------------------------------------------*/
 2935              		.loc 1 1025 1 view .LVU806
 2936 001e 10BD     		pop	{r4, pc}
 2937              	.LVL248:
 2938              	.L207:
 2939              	.LCFI52:
 2940              		.cfi_def_cfa_offset 0
 2941              		.cfi_restore 4
 2942              		.cfi_restore 14
 999:Middlewares/Third_Party/FreeRTOS/Source/stream_buffer.c **** 
 2943              		.loc 1 999 2 is_stmt 1 discriminator 1 view .LVU807
 2944              	.LBB177:
 2945              	.LBI177:
 191:Middlewares/Third_Party/FreeRTOS/Source/portable/GCC/ARM_CM4F/portmacro.h **** {
 2946              		.loc 2 191 30 view .LVU808
 2947              	.LBB178:
 193:Middlewares/Third_Party/FreeRTOS/Source/portable/GCC/ARM_CM4F/portmacro.h **** 
 2948              		.loc 2 193 1 view .LVU809
 195:Middlewares/Third_Party/FreeRTOS/Source/portable/GCC/ARM_CM4F/portmacro.h **** 	(
 2949              		.loc 2 195 2 view .LVU810
 2950              		.syntax unified
 2951              	@ 195 "Middlewares/Third_Party/FreeRTOS/Source/portable/GCC/ARM_CM4F/portmacro.h" 1
 2952 0020 4FF05003 			mov r3, #80												
 2953 0024 83F31188 		msr basepri, r3											
 2954 0028 BFF36F8F 		isb														
 2955 002c BFF34F8F 		dsb														
 2956              	
 2957              	@ 0 "" 2
 2958              		.thumb
 2959              		.syntax unified
 2960              	.L200:
 2961              	.LBE178:
 2962              	.LBE177:
 999:Middlewares/Third_Party/FreeRTOS/Source/stream_buffer.c **** 
 2963              		.loc 1 999 2 view .LVU811
 2964 0030 FEE7     		b	.L200
 2965              	.L203:
 2966              	.LCFI53:
 2967              		.cfi_def_cfa_offset 8
 2968              		.cfi_offset 4, -8
 2969              		.cfi_offset 14, -4
1011:Middlewares/Third_Party/FreeRTOS/Source/stream_buffer.c **** 	}
 2970              		.loc 1 1011 30 is_stmt 0 view .LVU812
 2971 0032 0022     		movs	r2, #0
ARM GAS  D:\temp\TMP\ccub9rRr.s 			page 91


 2972 0034 1446     		mov	r4, r2
 2973 0036 ECE7     		b	.L201
 2974              	.LVL249:
 2975              	.L204:
1021:Middlewares/Third_Party/FreeRTOS/Source/stream_buffer.c **** 	}
 2976              		.loc 1 1021 11 view .LVU813
 2977 0038 0020     		movs	r0, #0
 2978              	.LVL250:
1024:Middlewares/Third_Party/FreeRTOS/Source/stream_buffer.c **** }
 2979              		.loc 1 1024 2 is_stmt 1 view .LVU814
1024:Middlewares/Third_Party/FreeRTOS/Source/stream_buffer.c **** }
 2980              		.loc 1 1024 9 is_stmt 0 view .LVU815
 2981 003a F0E7     		b	.L198
 2982              		.cfi_endproc
 2983              	.LFE20:
 2985              		.section	.text.xStreamBufferSendCompletedFromISR,"ax",%progbits
 2986              		.align	1
 2987              		.global	xStreamBufferSendCompletedFromISR
 2988              		.syntax unified
 2989              		.thumb
 2990              		.thumb_func
 2992              	xStreamBufferSendCompletedFromISR:
 2993              	.LVL251:
 2994              	.LFB21:
1029:Middlewares/Third_Party/FreeRTOS/Source/stream_buffer.c **** StreamBuffer_t * const pxStreamBuffer = xStreamBuffer;
 2995              		.loc 1 1029 1 is_stmt 1 view -0
 2996              		.cfi_startproc
 2997              		@ args = 0, pretend = 0, frame = 0
 2998              		@ frame_needed = 0, uses_anonymous_args = 0
1030:Middlewares/Third_Party/FreeRTOS/Source/stream_buffer.c **** BaseType_t xReturn;
 2999              		.loc 1 1030 1 view .LVU817
1031:Middlewares/Third_Party/FreeRTOS/Source/stream_buffer.c **** UBaseType_t uxSavedInterruptStatus;
 3000              		.loc 1 1031 1 view .LVU818
1032:Middlewares/Third_Party/FreeRTOS/Source/stream_buffer.c **** 
 3001              		.loc 1 1032 1 view .LVU819
1034:Middlewares/Third_Party/FreeRTOS/Source/stream_buffer.c **** 
 3002              		.loc 1 1034 2 view .LVU820
 3003 0000 E8B1     		cbz	r0, .L215
1029:Middlewares/Third_Party/FreeRTOS/Source/stream_buffer.c **** StreamBuffer_t * const pxStreamBuffer = xStreamBuffer;
 3004              		.loc 1 1029 1 is_stmt 0 view .LVU821
 3005 0002 30B5     		push	{r4, r5, lr}
 3006              	.LCFI54:
 3007              		.cfi_def_cfa_offset 12
 3008              		.cfi_offset 4, -12
 3009              		.cfi_offset 5, -8
 3010              		.cfi_offset 14, -4
 3011 0004 83B0     		sub	sp, sp, #12
 3012              	.LCFI55:
 3013              		.cfi_def_cfa_offset 24
 3014 0006 0446     		mov	r4, r0
1034:Middlewares/Third_Party/FreeRTOS/Source/stream_buffer.c **** 
 3015              		.loc 1 1034 32 is_stmt 1 view .LVU822
1036:Middlewares/Third_Party/FreeRTOS/Source/stream_buffer.c **** 	{
 3016              		.loc 1 1036 2 view .LVU823
 3017              	.LBB179:
 3018              	.LBI179:
 207:Middlewares/Third_Party/FreeRTOS/Source/portable/GCC/ARM_CM4F/portmacro.h **** {
ARM GAS  D:\temp\TMP\ccub9rRr.s 			page 92


 3019              		.loc 2 207 34 view .LVU824
 3020              	.LBB180:
 209:Middlewares/Third_Party/FreeRTOS/Source/portable/GCC/ARM_CM4F/portmacro.h **** 
 3021              		.loc 2 209 1 view .LVU825
 211:Middlewares/Third_Party/FreeRTOS/Source/portable/GCC/ARM_CM4F/portmacro.h **** 	(
 3022              		.loc 2 211 2 view .LVU826
 3023              		.syntax unified
 3024              	@ 211 "Middlewares/Third_Party/FreeRTOS/Source/portable/GCC/ARM_CM4F/portmacro.h" 1
 3025 0008 EFF31183 			mrs r3, basepri											
 3026 000c 4FF05002 		mov r2, #80												
 3027 0010 82F31188 		msr basepri, r2											
 3028 0014 BFF36F8F 		isb														
 3029 0018 BFF34F8F 		dsb														
 3030              	
 3031              	@ 0 "" 2
 3032              		.thumb
 3033              		.syntax unified
 3034 001c 1D46     		mov	r5, r3
 223:Middlewares/Third_Party/FreeRTOS/Source/portable/GCC/ARM_CM4F/portmacro.h **** }
 3035              		.loc 2 223 2 view .LVU827
 3036              	.LVL252:
 223:Middlewares/Third_Party/FreeRTOS/Source/portable/GCC/ARM_CM4F/portmacro.h **** }
 3037              		.loc 2 223 2 is_stmt 0 view .LVU828
 3038              	.LBE180:
 3039              	.LBE179:
1038:Middlewares/Third_Party/FreeRTOS/Source/stream_buffer.c **** 		{
 3040              		.loc 1 1038 3 is_stmt 1 view .LVU829
1038:Middlewares/Third_Party/FreeRTOS/Source/stream_buffer.c **** 		{
 3041              		.loc 1 1038 25 is_stmt 0 view .LVU830
 3042 001e 0369     		ldr	r3, [r0, #16]
 3043              	.LVL253:
1038:Middlewares/Third_Party/FreeRTOS/Source/stream_buffer.c **** 		{
 3044              		.loc 1 1038 5 view .LVU831
 3045 0020 B3B1     		cbz	r3, .L212
1040:Middlewares/Third_Party/FreeRTOS/Source/stream_buffer.c **** 										 ( uint32_t ) 0,
 3046              		.loc 1 1040 4 is_stmt 1 view .LVU832
1040:Middlewares/Third_Party/FreeRTOS/Source/stream_buffer.c **** 										 ( uint32_t ) 0,
 3047              		.loc 1 1040 13 is_stmt 0 view .LVU833
 3048 0022 0069     		ldr	r0, [r0, #16]
 3049              	.LVL254:
1040:Middlewares/Third_Party/FreeRTOS/Source/stream_buffer.c **** 										 ( uint32_t ) 0,
 3050              		.loc 1 1040 13 view .LVU834
 3051 0024 0091     		str	r1, [sp]
 3052 0026 0023     		movs	r3, #0
 3053 0028 1A46     		mov	r2, r3
 3054 002a 1946     		mov	r1, r3
 3055              	.LVL255:
1040:Middlewares/Third_Party/FreeRTOS/Source/stream_buffer.c **** 										 ( uint32_t ) 0,
 3056              		.loc 1 1040 13 view .LVU835
 3057 002c FFF7FEFF 		bl	xTaskGenericNotifyFromISR
 3058              	.LVL256:
1044:Middlewares/Third_Party/FreeRTOS/Source/stream_buffer.c **** 			xReturn = pdTRUE;
 3059              		.loc 1 1044 4 is_stmt 1 view .LVU836
1044:Middlewares/Third_Party/FreeRTOS/Source/stream_buffer.c **** 			xReturn = pdTRUE;
 3060              		.loc 1 1044 46 is_stmt 0 view .LVU837
 3061 0030 0023     		movs	r3, #0
 3062 0032 2361     		str	r3, [r4, #16]
ARM GAS  D:\temp\TMP\ccub9rRr.s 			page 93


1045:Middlewares/Third_Party/FreeRTOS/Source/stream_buffer.c **** 		}
 3063              		.loc 1 1045 4 is_stmt 1 view .LVU838
 3064              	.LVL257:
1045:Middlewares/Third_Party/FreeRTOS/Source/stream_buffer.c **** 		}
 3065              		.loc 1 1045 12 is_stmt 0 view .LVU839
 3066 0034 0120     		movs	r0, #1
 3067              	.LVL258:
 3068              	.L211:
1052:Middlewares/Third_Party/FreeRTOS/Source/stream_buffer.c **** 
 3069              		.loc 1 1052 2 is_stmt 1 view .LVU840
 3070              	.LBB181:
 3071              	.LBI181:
 227:Middlewares/Third_Party/FreeRTOS/Source/portable/GCC/ARM_CM4F/portmacro.h **** {
 3072              		.loc 2 227 30 view .LVU841
 3073              	.LBB182:
 229:Middlewares/Third_Party/FreeRTOS/Source/portable/GCC/ARM_CM4F/portmacro.h **** 	(
 3074              		.loc 2 229 2 view .LVU842
 3075              		.syntax unified
 3076              	@ 229 "Middlewares/Third_Party/FreeRTOS/Source/portable/GCC/ARM_CM4F/portmacro.h" 1
 3077 0036 85F31188 			msr basepri, r5	
 3078              	@ 0 "" 2
 3079              		.thumb
 3080              		.syntax unified
 3081              	.LBE182:
 3082              	.LBE181:
1054:Middlewares/Third_Party/FreeRTOS/Source/stream_buffer.c **** }
 3083              		.loc 1 1054 2 view .LVU843
1055:Middlewares/Third_Party/FreeRTOS/Source/stream_buffer.c **** /*-----------------------------------------------------------*/
 3084              		.loc 1 1055 1 is_stmt 0 view .LVU844
 3085 003a 03B0     		add	sp, sp, #12
 3086              	.LCFI56:
 3087              		.cfi_def_cfa_offset 12
 3088              		@ sp needed
 3089 003c 30BD     		pop	{r4, r5, pc}
 3090              	.LVL259:
 3091              	.L215:
 3092              	.LCFI57:
 3093              		.cfi_def_cfa_offset 0
 3094              		.cfi_restore 4
 3095              		.cfi_restore 5
 3096              		.cfi_restore 14
1034:Middlewares/Third_Party/FreeRTOS/Source/stream_buffer.c **** 
 3097              		.loc 1 1034 2 is_stmt 1 discriminator 1 view .LVU845
 3098              	.LBB183:
 3099              	.LBI183:
 191:Middlewares/Third_Party/FreeRTOS/Source/portable/GCC/ARM_CM4F/portmacro.h **** {
 3100              		.loc 2 191 30 view .LVU846
 3101              	.LBB184:
 193:Middlewares/Third_Party/FreeRTOS/Source/portable/GCC/ARM_CM4F/portmacro.h **** 
 3102              		.loc 2 193 1 view .LVU847
 195:Middlewares/Third_Party/FreeRTOS/Source/portable/GCC/ARM_CM4F/portmacro.h **** 	(
 3103              		.loc 2 195 2 view .LVU848
 3104              		.syntax unified
 3105              	@ 195 "Middlewares/Third_Party/FreeRTOS/Source/portable/GCC/ARM_CM4F/portmacro.h" 1
 3106 003e 4FF05003 			mov r3, #80												
 3107 0042 83F31188 		msr basepri, r3											
 3108 0046 BFF36F8F 		isb														
ARM GAS  D:\temp\TMP\ccub9rRr.s 			page 94


 3109 004a BFF34F8F 		dsb														
 3110              	
 3111              	@ 0 "" 2
 3112              		.thumb
 3113              		.syntax unified
 3114              	.L210:
 3115              	.LBE184:
 3116              	.LBE183:
1034:Middlewares/Third_Party/FreeRTOS/Source/stream_buffer.c **** 
 3117              		.loc 1 1034 2 view .LVU849
 3118 004e FEE7     		b	.L210
 3119              	.LVL260:
 3120              	.L212:
 3121              	.LCFI58:
 3122              		.cfi_def_cfa_offset 24
 3123              		.cfi_offset 4, -12
 3124              		.cfi_offset 5, -8
 3125              		.cfi_offset 14, -4
1049:Middlewares/Third_Party/FreeRTOS/Source/stream_buffer.c **** 		}
 3126              		.loc 1 1049 12 is_stmt 0 view .LVU850
 3127 0050 1846     		mov	r0, r3
 3128              	.LVL261:
1049:Middlewares/Third_Party/FreeRTOS/Source/stream_buffer.c **** 		}
 3129              		.loc 1 1049 12 view .LVU851
 3130 0052 F0E7     		b	.L211
 3131              		.cfi_endproc
 3132              	.LFE21:
 3134              		.section	.text.xStreamBufferReceiveCompletedFromISR,"ax",%progbits
 3135              		.align	1
 3136              		.global	xStreamBufferReceiveCompletedFromISR
 3137              		.syntax unified
 3138              		.thumb
 3139              		.thumb_func
 3141              	xStreamBufferReceiveCompletedFromISR:
 3142              	.LVL262:
 3143              	.LFB22:
1059:Middlewares/Third_Party/FreeRTOS/Source/stream_buffer.c **** StreamBuffer_t * const pxStreamBuffer = xStreamBuffer;
 3144              		.loc 1 1059 1 is_stmt 1 view -0
 3145              		.cfi_startproc
 3146              		@ args = 0, pretend = 0, frame = 0
 3147              		@ frame_needed = 0, uses_anonymous_args = 0
1060:Middlewares/Third_Party/FreeRTOS/Source/stream_buffer.c **** BaseType_t xReturn;
 3148              		.loc 1 1060 1 view .LVU853
1061:Middlewares/Third_Party/FreeRTOS/Source/stream_buffer.c **** UBaseType_t uxSavedInterruptStatus;
 3149              		.loc 1 1061 1 view .LVU854
1062:Middlewares/Third_Party/FreeRTOS/Source/stream_buffer.c **** 
 3150              		.loc 1 1062 1 view .LVU855
1064:Middlewares/Third_Party/FreeRTOS/Source/stream_buffer.c **** 
 3151              		.loc 1 1064 2 view .LVU856
 3152 0000 E8B1     		cbz	r0, .L223
1059:Middlewares/Third_Party/FreeRTOS/Source/stream_buffer.c **** StreamBuffer_t * const pxStreamBuffer = xStreamBuffer;
 3153              		.loc 1 1059 1 is_stmt 0 view .LVU857
 3154 0002 30B5     		push	{r4, r5, lr}
 3155              	.LCFI59:
 3156              		.cfi_def_cfa_offset 12
 3157              		.cfi_offset 4, -12
 3158              		.cfi_offset 5, -8
ARM GAS  D:\temp\TMP\ccub9rRr.s 			page 95


 3159              		.cfi_offset 14, -4
 3160 0004 83B0     		sub	sp, sp, #12
 3161              	.LCFI60:
 3162              		.cfi_def_cfa_offset 24
 3163 0006 0446     		mov	r4, r0
1064:Middlewares/Third_Party/FreeRTOS/Source/stream_buffer.c **** 
 3164              		.loc 1 1064 32 is_stmt 1 view .LVU858
1066:Middlewares/Third_Party/FreeRTOS/Source/stream_buffer.c **** 	{
 3165              		.loc 1 1066 2 view .LVU859
 3166              	.LBB185:
 3167              	.LBI185:
 207:Middlewares/Third_Party/FreeRTOS/Source/portable/GCC/ARM_CM4F/portmacro.h **** {
 3168              		.loc 2 207 34 view .LVU860
 3169              	.LBB186:
 209:Middlewares/Third_Party/FreeRTOS/Source/portable/GCC/ARM_CM4F/portmacro.h **** 
 3170              		.loc 2 209 1 view .LVU861
 211:Middlewares/Third_Party/FreeRTOS/Source/portable/GCC/ARM_CM4F/portmacro.h **** 	(
 3171              		.loc 2 211 2 view .LVU862
 3172              		.syntax unified
 3173              	@ 211 "Middlewares/Third_Party/FreeRTOS/Source/portable/GCC/ARM_CM4F/portmacro.h" 1
 3174 0008 EFF31183 			mrs r3, basepri											
 3175 000c 4FF05002 		mov r2, #80												
 3176 0010 82F31188 		msr basepri, r2											
 3177 0014 BFF36F8F 		isb														
 3178 0018 BFF34F8F 		dsb														
 3179              	
 3180              	@ 0 "" 2
 3181              		.thumb
 3182              		.syntax unified
 3183 001c 1D46     		mov	r5, r3
 223:Middlewares/Third_Party/FreeRTOS/Source/portable/GCC/ARM_CM4F/portmacro.h **** }
 3184              		.loc 2 223 2 view .LVU863
 3185              	.LVL263:
 223:Middlewares/Third_Party/FreeRTOS/Source/portable/GCC/ARM_CM4F/portmacro.h **** }
 3186              		.loc 2 223 2 is_stmt 0 view .LVU864
 3187              	.LBE186:
 3188              	.LBE185:
1068:Middlewares/Third_Party/FreeRTOS/Source/stream_buffer.c **** 		{
 3189              		.loc 1 1068 3 is_stmt 1 view .LVU865
1068:Middlewares/Third_Party/FreeRTOS/Source/stream_buffer.c **** 		{
 3190              		.loc 1 1068 25 is_stmt 0 view .LVU866
 3191 001e 4369     		ldr	r3, [r0, #20]
 3192              	.LVL264:
1068:Middlewares/Third_Party/FreeRTOS/Source/stream_buffer.c **** 		{
 3193              		.loc 1 1068 5 view .LVU867
 3194 0020 B3B1     		cbz	r3, .L220
1070:Middlewares/Third_Party/FreeRTOS/Source/stream_buffer.c **** 										 ( uint32_t ) 0,
 3195              		.loc 1 1070 4 is_stmt 1 view .LVU868
1070:Middlewares/Third_Party/FreeRTOS/Source/stream_buffer.c **** 										 ( uint32_t ) 0,
 3196              		.loc 1 1070 13 is_stmt 0 view .LVU869
 3197 0022 4069     		ldr	r0, [r0, #20]
 3198              	.LVL265:
1070:Middlewares/Third_Party/FreeRTOS/Source/stream_buffer.c **** 										 ( uint32_t ) 0,
 3199              		.loc 1 1070 13 view .LVU870
 3200 0024 0091     		str	r1, [sp]
 3201 0026 0023     		movs	r3, #0
 3202 0028 1A46     		mov	r2, r3
ARM GAS  D:\temp\TMP\ccub9rRr.s 			page 96


 3203 002a 1946     		mov	r1, r3
 3204              	.LVL266:
1070:Middlewares/Third_Party/FreeRTOS/Source/stream_buffer.c **** 										 ( uint32_t ) 0,
 3205              		.loc 1 1070 13 view .LVU871
 3206 002c FFF7FEFF 		bl	xTaskGenericNotifyFromISR
 3207              	.LVL267:
1074:Middlewares/Third_Party/FreeRTOS/Source/stream_buffer.c **** 			xReturn = pdTRUE;
 3208              		.loc 1 1074 4 is_stmt 1 view .LVU872
1074:Middlewares/Third_Party/FreeRTOS/Source/stream_buffer.c **** 			xReturn = pdTRUE;
 3209              		.loc 1 1074 43 is_stmt 0 view .LVU873
 3210 0030 0023     		movs	r3, #0
 3211 0032 6361     		str	r3, [r4, #20]
1075:Middlewares/Third_Party/FreeRTOS/Source/stream_buffer.c **** 		}
 3212              		.loc 1 1075 4 is_stmt 1 view .LVU874
 3213              	.LVL268:
1075:Middlewares/Third_Party/FreeRTOS/Source/stream_buffer.c **** 		}
 3214              		.loc 1 1075 12 is_stmt 0 view .LVU875
 3215 0034 0120     		movs	r0, #1
 3216              	.LVL269:
 3217              	.L219:
1082:Middlewares/Third_Party/FreeRTOS/Source/stream_buffer.c **** 
 3218              		.loc 1 1082 2 is_stmt 1 view .LVU876
 3219              	.LBB187:
 3220              	.LBI187:
 227:Middlewares/Third_Party/FreeRTOS/Source/portable/GCC/ARM_CM4F/portmacro.h **** {
 3221              		.loc 2 227 30 view .LVU877
 3222              	.LBB188:
 229:Middlewares/Third_Party/FreeRTOS/Source/portable/GCC/ARM_CM4F/portmacro.h **** 	(
 3223              		.loc 2 229 2 view .LVU878
 3224              		.syntax unified
 3225              	@ 229 "Middlewares/Third_Party/FreeRTOS/Source/portable/GCC/ARM_CM4F/portmacro.h" 1
 3226 0036 85F31188 			msr basepri, r5	
 3227              	@ 0 "" 2
 3228              		.thumb
 3229              		.syntax unified
 3230              	.LBE188:
 3231              	.LBE187:
1084:Middlewares/Third_Party/FreeRTOS/Source/stream_buffer.c **** }
 3232              		.loc 1 1084 2 view .LVU879
1085:Middlewares/Third_Party/FreeRTOS/Source/stream_buffer.c **** /*-----------------------------------------------------------*/
 3233              		.loc 1 1085 1 is_stmt 0 view .LVU880
 3234 003a 03B0     		add	sp, sp, #12
 3235              	.LCFI61:
 3236              		.cfi_def_cfa_offset 12
 3237              		@ sp needed
 3238 003c 30BD     		pop	{r4, r5, pc}
 3239              	.LVL270:
 3240              	.L223:
 3241              	.LCFI62:
 3242              		.cfi_def_cfa_offset 0
 3243              		.cfi_restore 4
 3244              		.cfi_restore 5
 3245              		.cfi_restore 14
1064:Middlewares/Third_Party/FreeRTOS/Source/stream_buffer.c **** 
 3246              		.loc 1 1064 2 is_stmt 1 discriminator 1 view .LVU881
 3247              	.LBB189:
 3248              	.LBI189:
ARM GAS  D:\temp\TMP\ccub9rRr.s 			page 97


 191:Middlewares/Third_Party/FreeRTOS/Source/portable/GCC/ARM_CM4F/portmacro.h **** {
 3249              		.loc 2 191 30 view .LVU882
 3250              	.LBB190:
 193:Middlewares/Third_Party/FreeRTOS/Source/portable/GCC/ARM_CM4F/portmacro.h **** 
 3251              		.loc 2 193 1 view .LVU883
 195:Middlewares/Third_Party/FreeRTOS/Source/portable/GCC/ARM_CM4F/portmacro.h **** 	(
 3252              		.loc 2 195 2 view .LVU884
 3253              		.syntax unified
 3254              	@ 195 "Middlewares/Third_Party/FreeRTOS/Source/portable/GCC/ARM_CM4F/portmacro.h" 1
 3255 003e 4FF05003 			mov r3, #80												
 3256 0042 83F31188 		msr basepri, r3											
 3257 0046 BFF36F8F 		isb														
 3258 004a BFF34F8F 		dsb														
 3259              	
 3260              	@ 0 "" 2
 3261              		.thumb
 3262              		.syntax unified
 3263              	.L218:
 3264              	.LBE190:
 3265              	.LBE189:
1064:Middlewares/Third_Party/FreeRTOS/Source/stream_buffer.c **** 
 3266              		.loc 1 1064 2 view .LVU885
 3267 004e FEE7     		b	.L218
 3268              	.LVL271:
 3269              	.L220:
 3270              	.LCFI63:
 3271              		.cfi_def_cfa_offset 24
 3272              		.cfi_offset 4, -12
 3273              		.cfi_offset 5, -8
 3274              		.cfi_offset 14, -4
1079:Middlewares/Third_Party/FreeRTOS/Source/stream_buffer.c **** 		}
 3275              		.loc 1 1079 12 is_stmt 0 view .LVU886
 3276 0050 1846     		mov	r0, r3
 3277              	.LVL272:
1079:Middlewares/Third_Party/FreeRTOS/Source/stream_buffer.c **** 		}
 3278              		.loc 1 1079 12 view .LVU887
 3279 0052 F0E7     		b	.L219
 3280              		.cfi_endproc
 3281              	.LFE22:
 3283              		.text
 3284              	.Letext0:
 3285              		.file 3 "D:/VS_STM32/gcc-arm-15.2/arm-none-eabi/include/machine/_default_types.h"
 3286              		.file 4 "D:/VS_STM32/gcc-arm-15.2/arm-none-eabi/include/sys/_stdint.h"
 3287              		.file 5 "D:/VS_STM32/gcc-arm-15.2/lib/gcc/arm-none-eabi/15.2.1/include/stddef.h"
 3288              		.file 6 "Middlewares/Third_Party/FreeRTOS/Source/include/FreeRTOS.h"
 3289              		.file 7 "Middlewares/Third_Party/FreeRTOS/Source/include/task.h"
 3290              		.file 8 "Middlewares/Third_Party/FreeRTOS/Source/include/stream_buffer.h"
 3291              		.file 9 "D:/VS_STM32/gcc-arm-15.2/arm-none-eabi/include/string.h"
 3292              		.file 10 "Middlewares/Third_Party/FreeRTOS/Source/include/portable.h"
 3293              		.file 11 "<built-in>"
ARM GAS  D:\temp\TMP\ccub9rRr.s 			page 98


DEFINED SYMBOLS
                            *ABS*:00000000 stream_buffer.c
D:\temp\TMP\ccub9rRr.s:20     .text.prvBytesInBuffer:00000000 $t
D:\temp\TMP\ccub9rRr.s:25     .text.prvBytesInBuffer:00000000 prvBytesInBuffer
D:\temp\TMP\ccub9rRr.s:66     .text.prvInitialiseNewStreamBuffer:00000000 $t
D:\temp\TMP\ccub9rRr.s:71     .text.prvInitialiseNewStreamBuffer:00000000 prvInitialiseNewStreamBuffer
D:\temp\TMP\ccub9rRr.s:160    .text.prvWriteBytesToBuffer:00000000 $t
D:\temp\TMP\ccub9rRr.s:165    .text.prvWriteBytesToBuffer:00000000 prvWriteBytesToBuffer
D:\temp\TMP\ccub9rRr.s:341    .text.prvWriteMessageToBuffer:00000000 $t
D:\temp\TMP\ccub9rRr.s:346    .text.prvWriteMessageToBuffer:00000000 prvWriteMessageToBuffer
D:\temp\TMP\ccub9rRr.s:447    .text.prvReadBytesFromBuffer:00000000 $t
D:\temp\TMP\ccub9rRr.s:452    .text.prvReadBytesFromBuffer:00000000 prvReadBytesFromBuffer
D:\temp\TMP\ccub9rRr.s:626    .text.prvReadMessageFromBuffer:00000000 $t
D:\temp\TMP\ccub9rRr.s:631    .text.prvReadMessageFromBuffer:00000000 prvReadMessageFromBuffer
D:\temp\TMP\ccub9rRr.s:740    .text.xStreamBufferGenericCreate:00000000 $t
D:\temp\TMP\ccub9rRr.s:746    .text.xStreamBufferGenericCreate:00000000 xStreamBufferGenericCreate
D:\temp\TMP\ccub9rRr.s:911    .text.xStreamBufferGenericCreateStatic:00000000 $t
D:\temp\TMP\ccub9rRr.s:917    .text.xStreamBufferGenericCreateStatic:00000000 xStreamBufferGenericCreateStatic
D:\temp\TMP\ccub9rRr.s:1156   .text.vStreamBufferDelete:00000000 $t
D:\temp\TMP\ccub9rRr.s:1162   .text.vStreamBufferDelete:00000000 vStreamBufferDelete
D:\temp\TMP\ccub9rRr.s:1230   .text.xStreamBufferReset:00000000 $t
D:\temp\TMP\ccub9rRr.s:1236   .text.xStreamBufferReset:00000000 xStreamBufferReset
D:\temp\TMP\ccub9rRr.s:1350   .text.xStreamBufferSetTriggerLevel:00000000 $t
D:\temp\TMP\ccub9rRr.s:1356   .text.xStreamBufferSetTriggerLevel:00000000 xStreamBufferSetTriggerLevel
D:\temp\TMP\ccub9rRr.s:1428   .text.xStreamBufferSpacesAvailable:00000000 $t
D:\temp\TMP\ccub9rRr.s:1434   .text.xStreamBufferSpacesAvailable:00000000 xStreamBufferSpacesAvailable
D:\temp\TMP\ccub9rRr.s:1509   .text.xStreamBufferBytesAvailable:00000000 $t
D:\temp\TMP\ccub9rRr.s:1515   .text.xStreamBufferBytesAvailable:00000000 xStreamBufferBytesAvailable
D:\temp\TMP\ccub9rRr.s:1569   .text.xStreamBufferSend:00000000 $t
D:\temp\TMP\ccub9rRr.s:1575   .text.xStreamBufferSend:00000000 xStreamBufferSend
D:\temp\TMP\ccub9rRr.s:1891   .text.xStreamBufferSendFromISR:00000000 $t
D:\temp\TMP\ccub9rRr.s:1897   .text.xStreamBufferSendFromISR:00000000 xStreamBufferSendFromISR
D:\temp\TMP\ccub9rRr.s:2134   .text.xStreamBufferReceive:00000000 $t
D:\temp\TMP\ccub9rRr.s:2140   .text.xStreamBufferReceive:00000000 xStreamBufferReceive
D:\temp\TMP\ccub9rRr.s:2430   .text.xStreamBufferNextMessageLengthBytes:00000000 $t
D:\temp\TMP\ccub9rRr.s:2436   .text.xStreamBufferNextMessageLengthBytes:00000000 xStreamBufferNextMessageLengthBytes
D:\temp\TMP\ccub9rRr.s:2572   .text.xStreamBufferReceiveFromISR:00000000 $t
D:\temp\TMP\ccub9rRr.s:2578   .text.xStreamBufferReceiveFromISR:00000000 xStreamBufferReceiveFromISR
D:\temp\TMP\ccub9rRr.s:2814   .text.xStreamBufferIsEmpty:00000000 $t
D:\temp\TMP\ccub9rRr.s:2820   .text.xStreamBufferIsEmpty:00000000 xStreamBufferIsEmpty
D:\temp\TMP\ccub9rRr.s:2885   .text.xStreamBufferIsFull:00000000 $t
D:\temp\TMP\ccub9rRr.s:2891   .text.xStreamBufferIsFull:00000000 xStreamBufferIsFull
D:\temp\TMP\ccub9rRr.s:2986   .text.xStreamBufferSendCompletedFromISR:00000000 $t
D:\temp\TMP\ccub9rRr.s:2992   .text.xStreamBufferSendCompletedFromISR:00000000 xStreamBufferSendCompletedFromISR
D:\temp\TMP\ccub9rRr.s:3135   .text.xStreamBufferReceiveCompletedFromISR:00000000 $t
D:\temp\TMP\ccub9rRr.s:3141   .text.xStreamBufferReceiveCompletedFromISR:00000000 xStreamBufferReceiveCompletedFromISR

UNDEFINED SYMBOLS
memset
memcpy
pvPortMalloc
vPortFree
vPortEnterCritical
vPortExitCritical
vTaskSetTimeOutState
xTaskNotifyStateClear
xTaskGetCurrentTaskHandle
ARM GAS  D:\temp\TMP\ccub9rRr.s 			page 99


xTaskNotifyWait
xTaskCheckForTimeOut
vTaskSuspendAll
xTaskGenericNotify
xTaskResumeAll
xTaskGenericNotifyFromISR
