ARM GAS  D:\temp\TMP\ccyP8bey.s 			page 1


   1              		.cpu cortex-m7
   2              		.arch armv7e-m
   3              		.fpu fpv5-d16
   4              		.eabi_attribute 28, 1
   5              		.eabi_attribute 20, 1
   6              		.eabi_attribute 21, 1
   7              		.eabi_attribute 23, 3
   8              		.eabi_attribute 24, 1
   9              		.eabi_attribute 25, 1
  10              		.eabi_attribute 26, 1
  11              		.eabi_attribute 30, 1
  12              		.eabi_attribute 34, 1
  13              		.eabi_attribute 18, 4
  14              		.file	"tasks.c"
  15              		.text
  16              	.Ltext0:
  17              		.cfi_sections	.debug_frame
  18              		.file 1 "Middlewares/Third_Party/FreeRTOS/Source/tasks.c"
  19              		.section	.text.prvTaskIsTaskSuspended,"ax",%progbits
  20              		.align	1
  21              		.syntax unified
  22              		.thumb
  23              		.thumb_func
  25              	prvTaskIsTaskSuspended:
  26              	.LVL0:
  27              	.LFB15:
   1:Middlewares/Third_Party/FreeRTOS/Source/tasks.c **** /*
   2:Middlewares/Third_Party/FreeRTOS/Source/tasks.c ****  * FreeRTOS Kernel V10.3.1
   3:Middlewares/Third_Party/FreeRTOS/Source/tasks.c ****  * Copyright (C) 2020 Amazon.com, Inc. or its affiliates.  All Rights Reserved.
   4:Middlewares/Third_Party/FreeRTOS/Source/tasks.c ****  *
   5:Middlewares/Third_Party/FreeRTOS/Source/tasks.c ****  * Permission is hereby granted, free of charge, to any person obtaining a copy of
   6:Middlewares/Third_Party/FreeRTOS/Source/tasks.c ****  * this software and associated documentation files (the "Software"), to deal in
   7:Middlewares/Third_Party/FreeRTOS/Source/tasks.c ****  * the Software without restriction, including without limitation the rights to
   8:Middlewares/Third_Party/FreeRTOS/Source/tasks.c ****  * use, copy, modify, merge, publish, distribute, sublicense, and/or sell copies of
   9:Middlewares/Third_Party/FreeRTOS/Source/tasks.c ****  * the Software, and to permit persons to whom the Software is furnished to do so,
  10:Middlewares/Third_Party/FreeRTOS/Source/tasks.c ****  * subject to the following conditions:
  11:Middlewares/Third_Party/FreeRTOS/Source/tasks.c ****  *
  12:Middlewares/Third_Party/FreeRTOS/Source/tasks.c ****  * The above copyright notice and this permission notice shall be included in all
  13:Middlewares/Third_Party/FreeRTOS/Source/tasks.c ****  * copies or substantial portions of the Software.
  14:Middlewares/Third_Party/FreeRTOS/Source/tasks.c ****  *
  15:Middlewares/Third_Party/FreeRTOS/Source/tasks.c ****  * THE SOFTWARE IS PROVIDED "AS IS", WITHOUT WARRANTY OF ANY KIND, EXPRESS OR
  16:Middlewares/Third_Party/FreeRTOS/Source/tasks.c ****  * IMPLIED, INCLUDING BUT NOT LIMITED TO THE WARRANTIES OF MERCHANTABILITY, FITNESS
  17:Middlewares/Third_Party/FreeRTOS/Source/tasks.c ****  * FOR A PARTICULAR PURPOSE AND NONINFRINGEMENT. IN NO EVENT SHALL THE AUTHORS OR
  18:Middlewares/Third_Party/FreeRTOS/Source/tasks.c ****  * COPYRIGHT HOLDERS BE LIABLE FOR ANY CLAIM, DAMAGES OR OTHER LIABILITY, WHETHER
  19:Middlewares/Third_Party/FreeRTOS/Source/tasks.c ****  * IN AN ACTION OF CONTRACT, TORT OR OTHERWISE, ARISING FROM, OUT OF OR IN
  20:Middlewares/Third_Party/FreeRTOS/Source/tasks.c ****  * CONNECTION WITH THE SOFTWARE OR THE USE OR OTHER DEALINGS IN THE SOFTWARE.
  21:Middlewares/Third_Party/FreeRTOS/Source/tasks.c ****  *
  22:Middlewares/Third_Party/FreeRTOS/Source/tasks.c ****  * http://www.FreeRTOS.org
  23:Middlewares/Third_Party/FreeRTOS/Source/tasks.c ****  * http://aws.amazon.com/freertos
  24:Middlewares/Third_Party/FreeRTOS/Source/tasks.c ****  *
  25:Middlewares/Third_Party/FreeRTOS/Source/tasks.c ****  * 1 tab == 4 spaces!
  26:Middlewares/Third_Party/FreeRTOS/Source/tasks.c ****  */
  27:Middlewares/Third_Party/FreeRTOS/Source/tasks.c **** 
  28:Middlewares/Third_Party/FreeRTOS/Source/tasks.c **** /* Standard includes. */
  29:Middlewares/Third_Party/FreeRTOS/Source/tasks.c **** #include <stdlib.h>
  30:Middlewares/Third_Party/FreeRTOS/Source/tasks.c **** #include <string.h>
  31:Middlewares/Third_Party/FreeRTOS/Source/tasks.c **** 
ARM GAS  D:\temp\TMP\ccyP8bey.s 			page 2


  32:Middlewares/Third_Party/FreeRTOS/Source/tasks.c **** /* Defining MPU_WRAPPERS_INCLUDED_FROM_API_FILE prevents task.h from redefining
  33:Middlewares/Third_Party/FreeRTOS/Source/tasks.c **** all the API functions to use the MPU wrappers.  That should only be done when
  34:Middlewares/Third_Party/FreeRTOS/Source/tasks.c **** task.h is included from an application file. */
  35:Middlewares/Third_Party/FreeRTOS/Source/tasks.c **** #define MPU_WRAPPERS_INCLUDED_FROM_API_FILE
  36:Middlewares/Third_Party/FreeRTOS/Source/tasks.c **** 
  37:Middlewares/Third_Party/FreeRTOS/Source/tasks.c **** /* FreeRTOS includes. */
  38:Middlewares/Third_Party/FreeRTOS/Source/tasks.c **** #include "FreeRTOS.h"
  39:Middlewares/Third_Party/FreeRTOS/Source/tasks.c **** #include "task.h"
  40:Middlewares/Third_Party/FreeRTOS/Source/tasks.c **** #include "timers.h"
  41:Middlewares/Third_Party/FreeRTOS/Source/tasks.c **** #include "stack_macros.h"
  42:Middlewares/Third_Party/FreeRTOS/Source/tasks.c **** 
  43:Middlewares/Third_Party/FreeRTOS/Source/tasks.c **** /* Lint e9021, e961 and e750 are suppressed as a MISRA exception justified
  44:Middlewares/Third_Party/FreeRTOS/Source/tasks.c **** because the MPU ports require MPU_WRAPPERS_INCLUDED_FROM_API_FILE to be defined
  45:Middlewares/Third_Party/FreeRTOS/Source/tasks.c **** for the header files above, but not in this file, in order to generate the
  46:Middlewares/Third_Party/FreeRTOS/Source/tasks.c **** correct privileged Vs unprivileged linkage and placement. */
  47:Middlewares/Third_Party/FreeRTOS/Source/tasks.c **** #undef MPU_WRAPPERS_INCLUDED_FROM_API_FILE /*lint !e961 !e750 !e9021. */
  48:Middlewares/Third_Party/FreeRTOS/Source/tasks.c **** 
  49:Middlewares/Third_Party/FreeRTOS/Source/tasks.c **** /* Set configUSE_STATS_FORMATTING_FUNCTIONS to 2 to include the stats formatting
  50:Middlewares/Third_Party/FreeRTOS/Source/tasks.c **** functions but without including stdio.h here. */
  51:Middlewares/Third_Party/FreeRTOS/Source/tasks.c **** #if ( configUSE_STATS_FORMATTING_FUNCTIONS == 1 )
  52:Middlewares/Third_Party/FreeRTOS/Source/tasks.c **** 	/* At the bottom of this file are two optional functions that can be used
  53:Middlewares/Third_Party/FreeRTOS/Source/tasks.c **** 	to generate human readable text from the raw data generated by the
  54:Middlewares/Third_Party/FreeRTOS/Source/tasks.c **** 	uxTaskGetSystemState() function.  Note the formatting functions are provided
  55:Middlewares/Third_Party/FreeRTOS/Source/tasks.c **** 	for convenience only, and are NOT considered part of the kernel. */
  56:Middlewares/Third_Party/FreeRTOS/Source/tasks.c **** 	#include <stdio.h>
  57:Middlewares/Third_Party/FreeRTOS/Source/tasks.c **** #endif /* configUSE_STATS_FORMATTING_FUNCTIONS == 1 ) */
  58:Middlewares/Third_Party/FreeRTOS/Source/tasks.c **** 
  59:Middlewares/Third_Party/FreeRTOS/Source/tasks.c **** #if( configUSE_PREEMPTION == 0 )
  60:Middlewares/Third_Party/FreeRTOS/Source/tasks.c **** 	/* If the cooperative scheduler is being used then a yield should not be
  61:Middlewares/Third_Party/FreeRTOS/Source/tasks.c **** 	performed just because a higher priority task has been woken. */
  62:Middlewares/Third_Party/FreeRTOS/Source/tasks.c **** 	#define taskYIELD_IF_USING_PREEMPTION()
  63:Middlewares/Third_Party/FreeRTOS/Source/tasks.c **** #else
  64:Middlewares/Third_Party/FreeRTOS/Source/tasks.c **** 	#define taskYIELD_IF_USING_PREEMPTION() portYIELD_WITHIN_API()
  65:Middlewares/Third_Party/FreeRTOS/Source/tasks.c **** #endif
  66:Middlewares/Third_Party/FreeRTOS/Source/tasks.c **** 
  67:Middlewares/Third_Party/FreeRTOS/Source/tasks.c **** /* Values that can be assigned to the ucNotifyState member of the TCB. */
  68:Middlewares/Third_Party/FreeRTOS/Source/tasks.c **** #define taskNOT_WAITING_NOTIFICATION	( ( uint8_t ) 0 )
  69:Middlewares/Third_Party/FreeRTOS/Source/tasks.c **** #define taskWAITING_NOTIFICATION		( ( uint8_t ) 1 )
  70:Middlewares/Third_Party/FreeRTOS/Source/tasks.c **** #define taskNOTIFICATION_RECEIVED		( ( uint8_t ) 2 )
  71:Middlewares/Third_Party/FreeRTOS/Source/tasks.c **** 
  72:Middlewares/Third_Party/FreeRTOS/Source/tasks.c **** /*
  73:Middlewares/Third_Party/FreeRTOS/Source/tasks.c ****  * The value used to fill the stack of a task when the task is created.  This
  74:Middlewares/Third_Party/FreeRTOS/Source/tasks.c ****  * is used purely for checking the high water mark for tasks.
  75:Middlewares/Third_Party/FreeRTOS/Source/tasks.c ****  */
  76:Middlewares/Third_Party/FreeRTOS/Source/tasks.c **** #define tskSTACK_FILL_BYTE	( 0xa5U )
  77:Middlewares/Third_Party/FreeRTOS/Source/tasks.c **** 
  78:Middlewares/Third_Party/FreeRTOS/Source/tasks.c **** /* Bits used to recored how a task's stack and TCB were allocated. */
  79:Middlewares/Third_Party/FreeRTOS/Source/tasks.c **** #define tskDYNAMICALLY_ALLOCATED_STACK_AND_TCB 		( ( uint8_t ) 0 )
  80:Middlewares/Third_Party/FreeRTOS/Source/tasks.c **** #define tskSTATICALLY_ALLOCATED_STACK_ONLY 			( ( uint8_t ) 1 )
  81:Middlewares/Third_Party/FreeRTOS/Source/tasks.c **** #define tskSTATICALLY_ALLOCATED_STACK_AND_TCB		( ( uint8_t ) 2 )
  82:Middlewares/Third_Party/FreeRTOS/Source/tasks.c **** 
  83:Middlewares/Third_Party/FreeRTOS/Source/tasks.c **** /* If any of the following are set then task stacks are filled with a known
  84:Middlewares/Third_Party/FreeRTOS/Source/tasks.c **** value so the high water mark can be determined.  If none of the following are
  85:Middlewares/Third_Party/FreeRTOS/Source/tasks.c **** set then don't fill the stack so there is no unnecessary dependency on memset. */
  86:Middlewares/Third_Party/FreeRTOS/Source/tasks.c **** #if( ( configCHECK_FOR_STACK_OVERFLOW > 1 ) || ( configUSE_TRACE_FACILITY == 1 ) || ( INCLUDE_uxTas
  87:Middlewares/Third_Party/FreeRTOS/Source/tasks.c **** 	#define tskSET_NEW_STACKS_TO_KNOWN_VALUE	1
  88:Middlewares/Third_Party/FreeRTOS/Source/tasks.c **** #else
ARM GAS  D:\temp\TMP\ccyP8bey.s 			page 3


  89:Middlewares/Third_Party/FreeRTOS/Source/tasks.c **** 	#define tskSET_NEW_STACKS_TO_KNOWN_VALUE	0
  90:Middlewares/Third_Party/FreeRTOS/Source/tasks.c **** #endif
  91:Middlewares/Third_Party/FreeRTOS/Source/tasks.c **** 
  92:Middlewares/Third_Party/FreeRTOS/Source/tasks.c **** /*
  93:Middlewares/Third_Party/FreeRTOS/Source/tasks.c ****  * Macros used by vListTask to indicate which state a task is in.
  94:Middlewares/Third_Party/FreeRTOS/Source/tasks.c ****  */
  95:Middlewares/Third_Party/FreeRTOS/Source/tasks.c **** #define tskRUNNING_CHAR		( 'X' )
  96:Middlewares/Third_Party/FreeRTOS/Source/tasks.c **** #define tskBLOCKED_CHAR		( 'B' )
  97:Middlewares/Third_Party/FreeRTOS/Source/tasks.c **** #define tskREADY_CHAR		( 'R' )
  98:Middlewares/Third_Party/FreeRTOS/Source/tasks.c **** #define tskDELETED_CHAR		( 'D' )
  99:Middlewares/Third_Party/FreeRTOS/Source/tasks.c **** #define tskSUSPENDED_CHAR	( 'S' )
 100:Middlewares/Third_Party/FreeRTOS/Source/tasks.c **** 
 101:Middlewares/Third_Party/FreeRTOS/Source/tasks.c **** /*
 102:Middlewares/Third_Party/FreeRTOS/Source/tasks.c ****  * Some kernel aware debuggers require the data the debugger needs access to be
 103:Middlewares/Third_Party/FreeRTOS/Source/tasks.c ****  * global, rather than file scope.
 104:Middlewares/Third_Party/FreeRTOS/Source/tasks.c ****  */
 105:Middlewares/Third_Party/FreeRTOS/Source/tasks.c **** #ifdef portREMOVE_STATIC_QUALIFIER
 106:Middlewares/Third_Party/FreeRTOS/Source/tasks.c **** 	#define static
 107:Middlewares/Third_Party/FreeRTOS/Source/tasks.c **** #endif
 108:Middlewares/Third_Party/FreeRTOS/Source/tasks.c **** 
 109:Middlewares/Third_Party/FreeRTOS/Source/tasks.c **** /* The name allocated to the Idle task.  This can be overridden by defining
 110:Middlewares/Third_Party/FreeRTOS/Source/tasks.c **** configIDLE_TASK_NAME in FreeRTOSConfig.h. */
 111:Middlewares/Third_Party/FreeRTOS/Source/tasks.c **** #ifndef configIDLE_TASK_NAME
 112:Middlewares/Third_Party/FreeRTOS/Source/tasks.c **** 	#define configIDLE_TASK_NAME "IDLE"
 113:Middlewares/Third_Party/FreeRTOS/Source/tasks.c **** #endif
 114:Middlewares/Third_Party/FreeRTOS/Source/tasks.c **** 
 115:Middlewares/Third_Party/FreeRTOS/Source/tasks.c **** #if ( configUSE_PORT_OPTIMISED_TASK_SELECTION == 0 )
 116:Middlewares/Third_Party/FreeRTOS/Source/tasks.c **** 
 117:Middlewares/Third_Party/FreeRTOS/Source/tasks.c **** 	/* If configUSE_PORT_OPTIMISED_TASK_SELECTION is 0 then task selection is
 118:Middlewares/Third_Party/FreeRTOS/Source/tasks.c **** 	performed in a generic way that is not optimised to any particular
 119:Middlewares/Third_Party/FreeRTOS/Source/tasks.c **** 	microcontroller architecture. */
 120:Middlewares/Third_Party/FreeRTOS/Source/tasks.c **** 
 121:Middlewares/Third_Party/FreeRTOS/Source/tasks.c **** 	/* uxTopReadyPriority holds the priority of the highest priority ready
 122:Middlewares/Third_Party/FreeRTOS/Source/tasks.c **** 	state task. */
 123:Middlewares/Third_Party/FreeRTOS/Source/tasks.c **** 	#define taskRECORD_READY_PRIORITY( uxPriority )														\
 124:Middlewares/Third_Party/FreeRTOS/Source/tasks.c **** 	{																									\
 125:Middlewares/Third_Party/FreeRTOS/Source/tasks.c **** 		if( ( uxPriority ) > uxTopReadyPriority )														\
 126:Middlewares/Third_Party/FreeRTOS/Source/tasks.c **** 		{																								\
 127:Middlewares/Third_Party/FreeRTOS/Source/tasks.c **** 			uxTopReadyPriority = ( uxPriority );														\
 128:Middlewares/Third_Party/FreeRTOS/Source/tasks.c **** 		}																								\
 129:Middlewares/Third_Party/FreeRTOS/Source/tasks.c **** 	} /* taskRECORD_READY_PRIORITY */
 130:Middlewares/Third_Party/FreeRTOS/Source/tasks.c **** 
 131:Middlewares/Third_Party/FreeRTOS/Source/tasks.c **** 	/*-----------------------------------------------------------*/
 132:Middlewares/Third_Party/FreeRTOS/Source/tasks.c **** 
 133:Middlewares/Third_Party/FreeRTOS/Source/tasks.c **** 	#define taskSELECT_HIGHEST_PRIORITY_TASK()															\
 134:Middlewares/Third_Party/FreeRTOS/Source/tasks.c **** 	{																									\
 135:Middlewares/Third_Party/FreeRTOS/Source/tasks.c **** 	UBaseType_t uxTopPriority = uxTopReadyPriority;														\
 136:Middlewares/Third_Party/FreeRTOS/Source/tasks.c **** 																										\
 137:Middlewares/Third_Party/FreeRTOS/Source/tasks.c **** 		/* Find the highest priority queue that contains ready tasks. */								\
 138:Middlewares/Third_Party/FreeRTOS/Source/tasks.c **** 		while( listLIST_IS_EMPTY( &( pxReadyTasksLists[ uxTopPriority ] ) ) )							\
 139:Middlewares/Third_Party/FreeRTOS/Source/tasks.c **** 		{																								\
 140:Middlewares/Third_Party/FreeRTOS/Source/tasks.c **** 			configASSERT( uxTopPriority );																\
 141:Middlewares/Third_Party/FreeRTOS/Source/tasks.c **** 			--uxTopPriority;																			\
 142:Middlewares/Third_Party/FreeRTOS/Source/tasks.c **** 		}																								\
 143:Middlewares/Third_Party/FreeRTOS/Source/tasks.c **** 																										\
 144:Middlewares/Third_Party/FreeRTOS/Source/tasks.c **** 		/* listGET_OWNER_OF_NEXT_ENTRY indexes through the list, so the tasks of						\
 145:Middlewares/Third_Party/FreeRTOS/Source/tasks.c **** 		the	same priority get an equal share of the processor time. */									\
ARM GAS  D:\temp\TMP\ccyP8bey.s 			page 4


 146:Middlewares/Third_Party/FreeRTOS/Source/tasks.c **** 		listGET_OWNER_OF_NEXT_ENTRY( pxCurrentTCB, &( pxReadyTasksLists[ uxTopPriority ] ) );			\
 147:Middlewares/Third_Party/FreeRTOS/Source/tasks.c **** 		uxTopReadyPriority = uxTopPriority;																\
 148:Middlewares/Third_Party/FreeRTOS/Source/tasks.c **** 	} /* taskSELECT_HIGHEST_PRIORITY_TASK */
 149:Middlewares/Third_Party/FreeRTOS/Source/tasks.c **** 
 150:Middlewares/Third_Party/FreeRTOS/Source/tasks.c **** 	/*-----------------------------------------------------------*/
 151:Middlewares/Third_Party/FreeRTOS/Source/tasks.c **** 
 152:Middlewares/Third_Party/FreeRTOS/Source/tasks.c **** 	/* Define away taskRESET_READY_PRIORITY() and portRESET_READY_PRIORITY() as
 153:Middlewares/Third_Party/FreeRTOS/Source/tasks.c **** 	they are only required when a port optimised method of task selection is
 154:Middlewares/Third_Party/FreeRTOS/Source/tasks.c **** 	being used. */
 155:Middlewares/Third_Party/FreeRTOS/Source/tasks.c **** 	#define taskRESET_READY_PRIORITY( uxPriority )
 156:Middlewares/Third_Party/FreeRTOS/Source/tasks.c **** 	#define portRESET_READY_PRIORITY( uxPriority, uxTopReadyPriority )
 157:Middlewares/Third_Party/FreeRTOS/Source/tasks.c **** 
 158:Middlewares/Third_Party/FreeRTOS/Source/tasks.c **** #else /* configUSE_PORT_OPTIMISED_TASK_SELECTION */
 159:Middlewares/Third_Party/FreeRTOS/Source/tasks.c **** 
 160:Middlewares/Third_Party/FreeRTOS/Source/tasks.c **** 	/* If configUSE_PORT_OPTIMISED_TASK_SELECTION is 1 then task selection is
 161:Middlewares/Third_Party/FreeRTOS/Source/tasks.c **** 	performed in a way that is tailored to the particular microcontroller
 162:Middlewares/Third_Party/FreeRTOS/Source/tasks.c **** 	architecture being used. */
 163:Middlewares/Third_Party/FreeRTOS/Source/tasks.c **** 
 164:Middlewares/Third_Party/FreeRTOS/Source/tasks.c **** 	/* A port optimised version is provided.  Call the port defined macros. */
 165:Middlewares/Third_Party/FreeRTOS/Source/tasks.c **** 	#define taskRECORD_READY_PRIORITY( uxPriority )	portRECORD_READY_PRIORITY( uxPriority, uxTopReadyP
 166:Middlewares/Third_Party/FreeRTOS/Source/tasks.c **** 
 167:Middlewares/Third_Party/FreeRTOS/Source/tasks.c **** 	/*-----------------------------------------------------------*/
 168:Middlewares/Third_Party/FreeRTOS/Source/tasks.c **** 
 169:Middlewares/Third_Party/FreeRTOS/Source/tasks.c **** 	#define taskSELECT_HIGHEST_PRIORITY_TASK()														\
 170:Middlewares/Third_Party/FreeRTOS/Source/tasks.c **** 	{																								\
 171:Middlewares/Third_Party/FreeRTOS/Source/tasks.c **** 	UBaseType_t uxTopPriority;																		\
 172:Middlewares/Third_Party/FreeRTOS/Source/tasks.c **** 																									\
 173:Middlewares/Third_Party/FreeRTOS/Source/tasks.c **** 		/* Find the highest priority list that contains ready tasks. */								\
 174:Middlewares/Third_Party/FreeRTOS/Source/tasks.c **** 		portGET_HIGHEST_PRIORITY( uxTopPriority, uxTopReadyPriority );								\
 175:Middlewares/Third_Party/FreeRTOS/Source/tasks.c **** 		configASSERT( listCURRENT_LIST_LENGTH( &( pxReadyTasksLists[ uxTopPriority ] ) ) > 0 );		\
 176:Middlewares/Third_Party/FreeRTOS/Source/tasks.c **** 		listGET_OWNER_OF_NEXT_ENTRY( pxCurrentTCB, &( pxReadyTasksLists[ uxTopPriority ] ) );		\
 177:Middlewares/Third_Party/FreeRTOS/Source/tasks.c **** 	} /* taskSELECT_HIGHEST_PRIORITY_TASK() */
 178:Middlewares/Third_Party/FreeRTOS/Source/tasks.c **** 
 179:Middlewares/Third_Party/FreeRTOS/Source/tasks.c **** 	/*-----------------------------------------------------------*/
 180:Middlewares/Third_Party/FreeRTOS/Source/tasks.c **** 
 181:Middlewares/Third_Party/FreeRTOS/Source/tasks.c **** 	/* A port optimised version is provided, call it only if the TCB being reset
 182:Middlewares/Third_Party/FreeRTOS/Source/tasks.c **** 	is being referenced from a ready list.  If it is referenced from a delayed
 183:Middlewares/Third_Party/FreeRTOS/Source/tasks.c **** 	or suspended list then it won't be in a ready list. */
 184:Middlewares/Third_Party/FreeRTOS/Source/tasks.c **** 	#define taskRESET_READY_PRIORITY( uxPriority )														\
 185:Middlewares/Third_Party/FreeRTOS/Source/tasks.c **** 	{																									\
 186:Middlewares/Third_Party/FreeRTOS/Source/tasks.c **** 		if( listCURRENT_LIST_LENGTH( &( pxReadyTasksLists[ ( uxPriority ) ] ) ) == ( UBaseType_t ) 0 )	\
 187:Middlewares/Third_Party/FreeRTOS/Source/tasks.c **** 		{																								\
 188:Middlewares/Third_Party/FreeRTOS/Source/tasks.c **** 			portRESET_READY_PRIORITY( ( uxPriority ), ( uxTopReadyPriority ) );							\
 189:Middlewares/Third_Party/FreeRTOS/Source/tasks.c **** 		}																								\
 190:Middlewares/Third_Party/FreeRTOS/Source/tasks.c **** 	}
 191:Middlewares/Third_Party/FreeRTOS/Source/tasks.c **** 
 192:Middlewares/Third_Party/FreeRTOS/Source/tasks.c **** #endif /* configUSE_PORT_OPTIMISED_TASK_SELECTION */
 193:Middlewares/Third_Party/FreeRTOS/Source/tasks.c **** 
 194:Middlewares/Third_Party/FreeRTOS/Source/tasks.c **** /*-----------------------------------------------------------*/
 195:Middlewares/Third_Party/FreeRTOS/Source/tasks.c **** 
 196:Middlewares/Third_Party/FreeRTOS/Source/tasks.c **** /* pxDelayedTaskList and pxOverflowDelayedTaskList are switched when the tick
 197:Middlewares/Third_Party/FreeRTOS/Source/tasks.c **** count overflows. */
 198:Middlewares/Third_Party/FreeRTOS/Source/tasks.c **** #define taskSWITCH_DELAYED_LISTS()																	\
 199:Middlewares/Third_Party/FreeRTOS/Source/tasks.c **** {																									\
 200:Middlewares/Third_Party/FreeRTOS/Source/tasks.c **** 	List_t *pxTemp;																					\
 201:Middlewares/Third_Party/FreeRTOS/Source/tasks.c **** 																									\
 202:Middlewares/Third_Party/FreeRTOS/Source/tasks.c **** 	/* The delayed tasks list should be empty when the lists are switched. */						\
ARM GAS  D:\temp\TMP\ccyP8bey.s 			page 5


 203:Middlewares/Third_Party/FreeRTOS/Source/tasks.c **** 	configASSERT( ( listLIST_IS_EMPTY( pxDelayedTaskList ) ) );										\
 204:Middlewares/Third_Party/FreeRTOS/Source/tasks.c **** 																									\
 205:Middlewares/Third_Party/FreeRTOS/Source/tasks.c **** 	pxTemp = pxDelayedTaskList;																		\
 206:Middlewares/Third_Party/FreeRTOS/Source/tasks.c **** 	pxDelayedTaskList = pxOverflowDelayedTaskList;													\
 207:Middlewares/Third_Party/FreeRTOS/Source/tasks.c **** 	pxOverflowDelayedTaskList = pxTemp;																\
 208:Middlewares/Third_Party/FreeRTOS/Source/tasks.c **** 	xNumOfOverflows++;																				\
 209:Middlewares/Third_Party/FreeRTOS/Source/tasks.c **** 	prvResetNextTaskUnblockTime();																	\
 210:Middlewares/Third_Party/FreeRTOS/Source/tasks.c **** }
 211:Middlewares/Third_Party/FreeRTOS/Source/tasks.c **** 
 212:Middlewares/Third_Party/FreeRTOS/Source/tasks.c **** /*-----------------------------------------------------------*/
 213:Middlewares/Third_Party/FreeRTOS/Source/tasks.c **** 
 214:Middlewares/Third_Party/FreeRTOS/Source/tasks.c **** /*
 215:Middlewares/Third_Party/FreeRTOS/Source/tasks.c ****  * Place the task represented by pxTCB into the appropriate ready list for
 216:Middlewares/Third_Party/FreeRTOS/Source/tasks.c ****  * the task.  It is inserted at the end of the list.
 217:Middlewares/Third_Party/FreeRTOS/Source/tasks.c ****  */
 218:Middlewares/Third_Party/FreeRTOS/Source/tasks.c **** #define prvAddTaskToReadyList( pxTCB )																\
 219:Middlewares/Third_Party/FreeRTOS/Source/tasks.c **** 	traceMOVED_TASK_TO_READY_STATE( pxTCB );														\
 220:Middlewares/Third_Party/FreeRTOS/Source/tasks.c **** 	taskRECORD_READY_PRIORITY( ( pxTCB )->uxPriority );												\
 221:Middlewares/Third_Party/FreeRTOS/Source/tasks.c **** 	vListInsertEnd( &( pxReadyTasksLists[ ( pxTCB )->uxPriority ] ), &( ( pxTCB )->xStateListItem ) );
 222:Middlewares/Third_Party/FreeRTOS/Source/tasks.c **** 	tracePOST_MOVED_TASK_TO_READY_STATE( pxTCB )
 223:Middlewares/Third_Party/FreeRTOS/Source/tasks.c **** /*-----------------------------------------------------------*/
 224:Middlewares/Third_Party/FreeRTOS/Source/tasks.c **** 
 225:Middlewares/Third_Party/FreeRTOS/Source/tasks.c **** /*
 226:Middlewares/Third_Party/FreeRTOS/Source/tasks.c ****  * Several functions take an TaskHandle_t parameter that can optionally be NULL,
 227:Middlewares/Third_Party/FreeRTOS/Source/tasks.c ****  * where NULL is used to indicate that the handle of the currently executing
 228:Middlewares/Third_Party/FreeRTOS/Source/tasks.c ****  * task should be used in place of the parameter.  This macro simply checks to
 229:Middlewares/Third_Party/FreeRTOS/Source/tasks.c ****  * see if the parameter is NULL and returns a pointer to the appropriate TCB.
 230:Middlewares/Third_Party/FreeRTOS/Source/tasks.c ****  */
 231:Middlewares/Third_Party/FreeRTOS/Source/tasks.c **** #define prvGetTCBFromHandle( pxHandle ) ( ( ( pxHandle ) == NULL ) ? pxCurrentTCB : ( pxHandle ) )
 232:Middlewares/Third_Party/FreeRTOS/Source/tasks.c **** 
 233:Middlewares/Third_Party/FreeRTOS/Source/tasks.c **** /* The item value of the event list item is normally used to hold the priority
 234:Middlewares/Third_Party/FreeRTOS/Source/tasks.c **** of the task to which it belongs (coded to allow it to be held in reverse
 235:Middlewares/Third_Party/FreeRTOS/Source/tasks.c **** priority order).  However, it is occasionally borrowed for other purposes.  It
 236:Middlewares/Third_Party/FreeRTOS/Source/tasks.c **** is important its value is not updated due to a task priority change while it is
 237:Middlewares/Third_Party/FreeRTOS/Source/tasks.c **** being used for another purpose.  The following bit definition is used to inform
 238:Middlewares/Third_Party/FreeRTOS/Source/tasks.c **** the scheduler that the value should not be changed - in which case it is the
 239:Middlewares/Third_Party/FreeRTOS/Source/tasks.c **** responsibility of whichever module is using the value to ensure it gets set back
 240:Middlewares/Third_Party/FreeRTOS/Source/tasks.c **** to its original value when it is released. */
 241:Middlewares/Third_Party/FreeRTOS/Source/tasks.c **** #if( configUSE_16_BIT_TICKS == 1 )
 242:Middlewares/Third_Party/FreeRTOS/Source/tasks.c **** 	#define taskEVENT_LIST_ITEM_VALUE_IN_USE	0x8000U
 243:Middlewares/Third_Party/FreeRTOS/Source/tasks.c **** #else
 244:Middlewares/Third_Party/FreeRTOS/Source/tasks.c **** 	#define taskEVENT_LIST_ITEM_VALUE_IN_USE	0x80000000UL
 245:Middlewares/Third_Party/FreeRTOS/Source/tasks.c **** #endif
 246:Middlewares/Third_Party/FreeRTOS/Source/tasks.c **** 
 247:Middlewares/Third_Party/FreeRTOS/Source/tasks.c **** /*
 248:Middlewares/Third_Party/FreeRTOS/Source/tasks.c ****  * Task control block.  A task control block (TCB) is allocated for each task,
 249:Middlewares/Third_Party/FreeRTOS/Source/tasks.c ****  * and stores task state information, including a pointer to the task's context
 250:Middlewares/Third_Party/FreeRTOS/Source/tasks.c ****  * (the task's run time environment, including register values)
 251:Middlewares/Third_Party/FreeRTOS/Source/tasks.c ****  */
 252:Middlewares/Third_Party/FreeRTOS/Source/tasks.c **** typedef struct tskTaskControlBlock 			/* The old naming convention is used to prevent breaking kern
 253:Middlewares/Third_Party/FreeRTOS/Source/tasks.c **** {
 254:Middlewares/Third_Party/FreeRTOS/Source/tasks.c **** 	volatile StackType_t	*pxTopOfStack;	/*< Points to the location of the last item placed on the task
 255:Middlewares/Third_Party/FreeRTOS/Source/tasks.c **** 
 256:Middlewares/Third_Party/FreeRTOS/Source/tasks.c **** 	#if ( portUSING_MPU_WRAPPERS == 1 )
 257:Middlewares/Third_Party/FreeRTOS/Source/tasks.c **** 		xMPU_SETTINGS	xMPUSettings;		/*< The MPU settings are defined as part of the port layer.  THIS MU
 258:Middlewares/Third_Party/FreeRTOS/Source/tasks.c **** 	#endif
 259:Middlewares/Third_Party/FreeRTOS/Source/tasks.c **** 
ARM GAS  D:\temp\TMP\ccyP8bey.s 			page 6


 260:Middlewares/Third_Party/FreeRTOS/Source/tasks.c **** 	ListItem_t			xStateListItem;	/*< The list that the state list item of a task is reference from den
 261:Middlewares/Third_Party/FreeRTOS/Source/tasks.c **** 	ListItem_t			xEventListItem;		/*< Used to reference a task from an event list. */
 262:Middlewares/Third_Party/FreeRTOS/Source/tasks.c **** 	UBaseType_t			uxPriority;			/*< The priority of the task.  0 is the lowest priority. */
 263:Middlewares/Third_Party/FreeRTOS/Source/tasks.c **** 	StackType_t			*pxStack;			/*< Points to the start of the stack. */
 264:Middlewares/Third_Party/FreeRTOS/Source/tasks.c **** 	char				pcTaskName[ configMAX_TASK_NAME_LEN ];/*< Descriptive name given to the task when created.
 265:Middlewares/Third_Party/FreeRTOS/Source/tasks.c **** 
 266:Middlewares/Third_Party/FreeRTOS/Source/tasks.c **** 	#if ( ( portSTACK_GROWTH > 0 ) || ( configRECORD_STACK_HIGH_ADDRESS == 1 ) )
 267:Middlewares/Third_Party/FreeRTOS/Source/tasks.c **** 		StackType_t		*pxEndOfStack;		/*< Points to the highest valid address for the stack. */
 268:Middlewares/Third_Party/FreeRTOS/Source/tasks.c **** 	#endif
 269:Middlewares/Third_Party/FreeRTOS/Source/tasks.c **** 
 270:Middlewares/Third_Party/FreeRTOS/Source/tasks.c **** 	#if ( portCRITICAL_NESTING_IN_TCB == 1 )
 271:Middlewares/Third_Party/FreeRTOS/Source/tasks.c **** 		UBaseType_t		uxCriticalNesting;	/*< Holds the critical section nesting depth for ports that do no
 272:Middlewares/Third_Party/FreeRTOS/Source/tasks.c **** 	#endif
 273:Middlewares/Third_Party/FreeRTOS/Source/tasks.c **** 
 274:Middlewares/Third_Party/FreeRTOS/Source/tasks.c **** 	#if ( configUSE_TRACE_FACILITY == 1 )
 275:Middlewares/Third_Party/FreeRTOS/Source/tasks.c **** 		UBaseType_t		uxTCBNumber;		/*< Stores a number that increments each time a TCB is created.  It al
 276:Middlewares/Third_Party/FreeRTOS/Source/tasks.c **** 		UBaseType_t		uxTaskNumber;		/*< Stores a number specifically for use by third party trace code. *
 277:Middlewares/Third_Party/FreeRTOS/Source/tasks.c **** 	#endif
 278:Middlewares/Third_Party/FreeRTOS/Source/tasks.c **** 
 279:Middlewares/Third_Party/FreeRTOS/Source/tasks.c **** 	#if ( configUSE_MUTEXES == 1 )
 280:Middlewares/Third_Party/FreeRTOS/Source/tasks.c **** 		UBaseType_t		uxBasePriority;		/*< The priority last assigned to the task - used by the priority i
 281:Middlewares/Third_Party/FreeRTOS/Source/tasks.c **** 		UBaseType_t		uxMutexesHeld;
 282:Middlewares/Third_Party/FreeRTOS/Source/tasks.c **** 	#endif
 283:Middlewares/Third_Party/FreeRTOS/Source/tasks.c **** 
 284:Middlewares/Third_Party/FreeRTOS/Source/tasks.c **** 	#if ( configUSE_APPLICATION_TASK_TAG == 1 )
 285:Middlewares/Third_Party/FreeRTOS/Source/tasks.c **** 		TaskHookFunction_t pxTaskTag;
 286:Middlewares/Third_Party/FreeRTOS/Source/tasks.c **** 	#endif
 287:Middlewares/Third_Party/FreeRTOS/Source/tasks.c **** 
 288:Middlewares/Third_Party/FreeRTOS/Source/tasks.c **** 	#if( configNUM_THREAD_LOCAL_STORAGE_POINTERS > 0 )
 289:Middlewares/Third_Party/FreeRTOS/Source/tasks.c **** 		void			*pvThreadLocalStoragePointers[ configNUM_THREAD_LOCAL_STORAGE_POINTERS ];
 290:Middlewares/Third_Party/FreeRTOS/Source/tasks.c **** 	#endif
 291:Middlewares/Third_Party/FreeRTOS/Source/tasks.c **** 
 292:Middlewares/Third_Party/FreeRTOS/Source/tasks.c **** 	#if( configGENERATE_RUN_TIME_STATS == 1 )
 293:Middlewares/Third_Party/FreeRTOS/Source/tasks.c **** 		uint32_t		ulRunTimeCounter;	/*< Stores the amount of time the task has spent in the Running state
 294:Middlewares/Third_Party/FreeRTOS/Source/tasks.c **** 	#endif
 295:Middlewares/Third_Party/FreeRTOS/Source/tasks.c **** 
 296:Middlewares/Third_Party/FreeRTOS/Source/tasks.c **** 	#if ( configUSE_NEWLIB_REENTRANT == 1 )
 297:Middlewares/Third_Party/FreeRTOS/Source/tasks.c **** 		/* Allocate a Newlib reent structure that is specific to this task.
 298:Middlewares/Third_Party/FreeRTOS/Source/tasks.c **** 		Note Newlib support has been included by popular demand, but is not
 299:Middlewares/Third_Party/FreeRTOS/Source/tasks.c **** 		used by the FreeRTOS maintainers themselves.  FreeRTOS is not
 300:Middlewares/Third_Party/FreeRTOS/Source/tasks.c **** 		responsible for resulting newlib operation.  User must be familiar with
 301:Middlewares/Third_Party/FreeRTOS/Source/tasks.c **** 		newlib and must provide system-wide implementations of the necessary
 302:Middlewares/Third_Party/FreeRTOS/Source/tasks.c **** 		stubs. Be warned that (at the time of writing) the current newlib design
 303:Middlewares/Third_Party/FreeRTOS/Source/tasks.c **** 		implements a system-wide malloc() that must be provided with locks.
 304:Middlewares/Third_Party/FreeRTOS/Source/tasks.c **** 
 305:Middlewares/Third_Party/FreeRTOS/Source/tasks.c **** 		See the third party link http://www.nadler.com/embedded/newlibAndFreeRTOS.html
 306:Middlewares/Third_Party/FreeRTOS/Source/tasks.c **** 		for additional information. */
 307:Middlewares/Third_Party/FreeRTOS/Source/tasks.c **** 		struct	_reent xNewLib_reent;
 308:Middlewares/Third_Party/FreeRTOS/Source/tasks.c **** 	#endif
 309:Middlewares/Third_Party/FreeRTOS/Source/tasks.c **** 
 310:Middlewares/Third_Party/FreeRTOS/Source/tasks.c **** 	#if( configUSE_TASK_NOTIFICATIONS == 1 )
 311:Middlewares/Third_Party/FreeRTOS/Source/tasks.c **** 		volatile uint32_t ulNotifiedValue;
 312:Middlewares/Third_Party/FreeRTOS/Source/tasks.c **** 		volatile uint8_t ucNotifyState;
 313:Middlewares/Third_Party/FreeRTOS/Source/tasks.c **** 	#endif
 314:Middlewares/Third_Party/FreeRTOS/Source/tasks.c **** 
 315:Middlewares/Third_Party/FreeRTOS/Source/tasks.c **** 	/* See the comments in FreeRTOS.h with the definition of
 316:Middlewares/Third_Party/FreeRTOS/Source/tasks.c **** 	tskSTATIC_AND_DYNAMIC_ALLOCATION_POSSIBLE. */
ARM GAS  D:\temp\TMP\ccyP8bey.s 			page 7


 317:Middlewares/Third_Party/FreeRTOS/Source/tasks.c **** 	#if( tskSTATIC_AND_DYNAMIC_ALLOCATION_POSSIBLE != 0 ) /*lint !e731 !e9029 Macro has been consolida
 318:Middlewares/Third_Party/FreeRTOS/Source/tasks.c **** 		uint8_t	ucStaticallyAllocated; 		/*< Set to pdTRUE if the task is a statically allocated to ensur
 319:Middlewares/Third_Party/FreeRTOS/Source/tasks.c **** 	#endif
 320:Middlewares/Third_Party/FreeRTOS/Source/tasks.c **** 
 321:Middlewares/Third_Party/FreeRTOS/Source/tasks.c **** 	#if( INCLUDE_xTaskAbortDelay == 1 )
 322:Middlewares/Third_Party/FreeRTOS/Source/tasks.c **** 		uint8_t ucDelayAborted;
 323:Middlewares/Third_Party/FreeRTOS/Source/tasks.c **** 	#endif
 324:Middlewares/Third_Party/FreeRTOS/Source/tasks.c **** 
 325:Middlewares/Third_Party/FreeRTOS/Source/tasks.c **** 	#if( configUSE_POSIX_ERRNO == 1 )
 326:Middlewares/Third_Party/FreeRTOS/Source/tasks.c **** 		int iTaskErrno;
 327:Middlewares/Third_Party/FreeRTOS/Source/tasks.c **** 	#endif
 328:Middlewares/Third_Party/FreeRTOS/Source/tasks.c **** 
 329:Middlewares/Third_Party/FreeRTOS/Source/tasks.c **** } tskTCB;
 330:Middlewares/Third_Party/FreeRTOS/Source/tasks.c **** 
 331:Middlewares/Third_Party/FreeRTOS/Source/tasks.c **** /* The old tskTCB name is maintained above then typedefed to the new TCB_t name
 332:Middlewares/Third_Party/FreeRTOS/Source/tasks.c **** below to enable the use of older kernel aware debuggers. */
 333:Middlewares/Third_Party/FreeRTOS/Source/tasks.c **** typedef tskTCB TCB_t;
 334:Middlewares/Third_Party/FreeRTOS/Source/tasks.c **** 
 335:Middlewares/Third_Party/FreeRTOS/Source/tasks.c **** /*lint -save -e956 A manual analysis and inspection has been used to determine
 336:Middlewares/Third_Party/FreeRTOS/Source/tasks.c **** which static variables must be declared volatile. */
 337:Middlewares/Third_Party/FreeRTOS/Source/tasks.c **** PRIVILEGED_DATA TCB_t * volatile pxCurrentTCB = NULL;
 338:Middlewares/Third_Party/FreeRTOS/Source/tasks.c **** 
 339:Middlewares/Third_Party/FreeRTOS/Source/tasks.c **** /* Lists for ready and blocked tasks. --------------------
 340:Middlewares/Third_Party/FreeRTOS/Source/tasks.c **** xDelayedTaskList1 and xDelayedTaskList2 could be move to function scople but
 341:Middlewares/Third_Party/FreeRTOS/Source/tasks.c **** doing so breaks some kernel aware debuggers and debuggers that rely on removing
 342:Middlewares/Third_Party/FreeRTOS/Source/tasks.c **** the static qualifier. */
 343:Middlewares/Third_Party/FreeRTOS/Source/tasks.c **** PRIVILEGED_DATA static List_t pxReadyTasksLists[ configMAX_PRIORITIES ];/*< Prioritised ready tasks
 344:Middlewares/Third_Party/FreeRTOS/Source/tasks.c **** PRIVILEGED_DATA static List_t xDelayedTaskList1;						/*< Delayed tasks. */
 345:Middlewares/Third_Party/FreeRTOS/Source/tasks.c **** PRIVILEGED_DATA static List_t xDelayedTaskList2;						/*< Delayed tasks (two lists are used - one f
 346:Middlewares/Third_Party/FreeRTOS/Source/tasks.c **** PRIVILEGED_DATA static List_t * volatile pxDelayedTaskList;				/*< Points to the delayed task list 
 347:Middlewares/Third_Party/FreeRTOS/Source/tasks.c **** PRIVILEGED_DATA static List_t * volatile pxOverflowDelayedTaskList;		/*< Points to the delayed task
 348:Middlewares/Third_Party/FreeRTOS/Source/tasks.c **** PRIVILEGED_DATA static List_t xPendingReadyList;						/*< Tasks that have been readied while the sc
 349:Middlewares/Third_Party/FreeRTOS/Source/tasks.c **** 
 350:Middlewares/Third_Party/FreeRTOS/Source/tasks.c **** #if( INCLUDE_vTaskDelete == 1 )
 351:Middlewares/Third_Party/FreeRTOS/Source/tasks.c **** 
 352:Middlewares/Third_Party/FreeRTOS/Source/tasks.c **** 	PRIVILEGED_DATA static List_t xTasksWaitingTermination;				/*< Tasks that have been deleted - but 
 353:Middlewares/Third_Party/FreeRTOS/Source/tasks.c **** 	PRIVILEGED_DATA static volatile UBaseType_t uxDeletedTasksWaitingCleanUp = ( UBaseType_t ) 0U;
 354:Middlewares/Third_Party/FreeRTOS/Source/tasks.c **** 
 355:Middlewares/Third_Party/FreeRTOS/Source/tasks.c **** #endif
 356:Middlewares/Third_Party/FreeRTOS/Source/tasks.c **** 
 357:Middlewares/Third_Party/FreeRTOS/Source/tasks.c **** #if ( INCLUDE_vTaskSuspend == 1 )
 358:Middlewares/Third_Party/FreeRTOS/Source/tasks.c **** 
 359:Middlewares/Third_Party/FreeRTOS/Source/tasks.c **** 	PRIVILEGED_DATA static List_t xSuspendedTaskList;					/*< Tasks that are currently suspended. */
 360:Middlewares/Third_Party/FreeRTOS/Source/tasks.c **** 
 361:Middlewares/Third_Party/FreeRTOS/Source/tasks.c **** #endif
 362:Middlewares/Third_Party/FreeRTOS/Source/tasks.c **** 
 363:Middlewares/Third_Party/FreeRTOS/Source/tasks.c **** /* Global POSIX errno. Its value is changed upon context switching to match
 364:Middlewares/Third_Party/FreeRTOS/Source/tasks.c **** the errno of the currently running task. */
 365:Middlewares/Third_Party/FreeRTOS/Source/tasks.c **** #if ( configUSE_POSIX_ERRNO == 1 )
 366:Middlewares/Third_Party/FreeRTOS/Source/tasks.c **** 	int FreeRTOS_errno = 0;
 367:Middlewares/Third_Party/FreeRTOS/Source/tasks.c **** #endif
 368:Middlewares/Third_Party/FreeRTOS/Source/tasks.c **** 
 369:Middlewares/Third_Party/FreeRTOS/Source/tasks.c **** /* Other file private variables. --------------------------------*/
 370:Middlewares/Third_Party/FreeRTOS/Source/tasks.c **** PRIVILEGED_DATA static volatile UBaseType_t uxCurrentNumberOfTasks 	= ( UBaseType_t ) 0U;
 371:Middlewares/Third_Party/FreeRTOS/Source/tasks.c **** PRIVILEGED_DATA static volatile TickType_t xTickCount 				= ( TickType_t ) configINITIAL_TICK_COUNT
 372:Middlewares/Third_Party/FreeRTOS/Source/tasks.c **** PRIVILEGED_DATA static volatile UBaseType_t uxTopReadyPriority 		= tskIDLE_PRIORITY;
 373:Middlewares/Third_Party/FreeRTOS/Source/tasks.c **** PRIVILEGED_DATA static volatile BaseType_t xSchedulerRunning 		= pdFALSE;
ARM GAS  D:\temp\TMP\ccyP8bey.s 			page 8


 374:Middlewares/Third_Party/FreeRTOS/Source/tasks.c **** PRIVILEGED_DATA static volatile TickType_t xPendedTicks 			= ( TickType_t ) 0U;
 375:Middlewares/Third_Party/FreeRTOS/Source/tasks.c **** PRIVILEGED_DATA static volatile BaseType_t xYieldPending 			= pdFALSE;
 376:Middlewares/Third_Party/FreeRTOS/Source/tasks.c **** PRIVILEGED_DATA static volatile BaseType_t xNumOfOverflows 			= ( BaseType_t ) 0;
 377:Middlewares/Third_Party/FreeRTOS/Source/tasks.c **** PRIVILEGED_DATA static UBaseType_t uxTaskNumber 					= ( UBaseType_t ) 0U;
 378:Middlewares/Third_Party/FreeRTOS/Source/tasks.c **** PRIVILEGED_DATA static volatile TickType_t xNextTaskUnblockTime		= ( TickType_t ) 0U; /* Initialise
 379:Middlewares/Third_Party/FreeRTOS/Source/tasks.c **** PRIVILEGED_DATA static TaskHandle_t xIdleTaskHandle					= NULL;			/*< Holds the handle of the idle 
 380:Middlewares/Third_Party/FreeRTOS/Source/tasks.c **** 
 381:Middlewares/Third_Party/FreeRTOS/Source/tasks.c **** /* Context switches are held pending while the scheduler is suspended.  Also,
 382:Middlewares/Third_Party/FreeRTOS/Source/tasks.c **** interrupts must not manipulate the xStateListItem of a TCB, or any of the
 383:Middlewares/Third_Party/FreeRTOS/Source/tasks.c **** lists the xStateListItem can be referenced from, if the scheduler is suspended.
 384:Middlewares/Third_Party/FreeRTOS/Source/tasks.c **** If an interrupt needs to unblock a task while the scheduler is suspended then it
 385:Middlewares/Third_Party/FreeRTOS/Source/tasks.c **** moves the task's event list item into the xPendingReadyList, ready for the
 386:Middlewares/Third_Party/FreeRTOS/Source/tasks.c **** kernel to move the task from the pending ready list into the real ready list
 387:Middlewares/Third_Party/FreeRTOS/Source/tasks.c **** when the scheduler is unsuspended.  The pending ready list itself can only be
 388:Middlewares/Third_Party/FreeRTOS/Source/tasks.c **** accessed from a critical section. */
 389:Middlewares/Third_Party/FreeRTOS/Source/tasks.c **** PRIVILEGED_DATA static volatile UBaseType_t uxSchedulerSuspended	= ( UBaseType_t ) pdFALSE;
 390:Middlewares/Third_Party/FreeRTOS/Source/tasks.c **** 
 391:Middlewares/Third_Party/FreeRTOS/Source/tasks.c **** #if ( configGENERATE_RUN_TIME_STATS == 1 )
 392:Middlewares/Third_Party/FreeRTOS/Source/tasks.c **** 
 393:Middlewares/Third_Party/FreeRTOS/Source/tasks.c **** 	/* Do not move these variables to function scope as doing so prevents the
 394:Middlewares/Third_Party/FreeRTOS/Source/tasks.c **** 	code working with debuggers that need to remove the static qualifier. */
 395:Middlewares/Third_Party/FreeRTOS/Source/tasks.c **** 	PRIVILEGED_DATA static uint32_t ulTaskSwitchedInTime = 0UL;	/*< Holds the value of a timer/counter
 396:Middlewares/Third_Party/FreeRTOS/Source/tasks.c **** 	PRIVILEGED_DATA static uint32_t ulTotalRunTime = 0UL;		/*< Holds the total amount of execution tim
 397:Middlewares/Third_Party/FreeRTOS/Source/tasks.c **** 
 398:Middlewares/Third_Party/FreeRTOS/Source/tasks.c **** #endif
 399:Middlewares/Third_Party/FreeRTOS/Source/tasks.c **** 
 400:Middlewares/Third_Party/FreeRTOS/Source/tasks.c **** /*lint -restore */
 401:Middlewares/Third_Party/FreeRTOS/Source/tasks.c **** 
 402:Middlewares/Third_Party/FreeRTOS/Source/tasks.c **** /*-----------------------------------------------------------*/
 403:Middlewares/Third_Party/FreeRTOS/Source/tasks.c **** 
 404:Middlewares/Third_Party/FreeRTOS/Source/tasks.c **** /* Callback function prototypes. --------------------------*/
 405:Middlewares/Third_Party/FreeRTOS/Source/tasks.c **** #if(  configCHECK_FOR_STACK_OVERFLOW > 0 )
 406:Middlewares/Third_Party/FreeRTOS/Source/tasks.c **** 
 407:Middlewares/Third_Party/FreeRTOS/Source/tasks.c **** 	extern void vApplicationStackOverflowHook( TaskHandle_t xTask, char *pcTaskName );
 408:Middlewares/Third_Party/FreeRTOS/Source/tasks.c **** 
 409:Middlewares/Third_Party/FreeRTOS/Source/tasks.c **** #endif
 410:Middlewares/Third_Party/FreeRTOS/Source/tasks.c **** 
 411:Middlewares/Third_Party/FreeRTOS/Source/tasks.c **** #if( configUSE_TICK_HOOK > 0 )
 412:Middlewares/Third_Party/FreeRTOS/Source/tasks.c **** 
 413:Middlewares/Third_Party/FreeRTOS/Source/tasks.c **** 	extern void vApplicationTickHook( void ); /*lint !e526 Symbol not defined as it is an application 
 414:Middlewares/Third_Party/FreeRTOS/Source/tasks.c **** 
 415:Middlewares/Third_Party/FreeRTOS/Source/tasks.c **** #endif
 416:Middlewares/Third_Party/FreeRTOS/Source/tasks.c **** 
 417:Middlewares/Third_Party/FreeRTOS/Source/tasks.c **** #if( configSUPPORT_STATIC_ALLOCATION == 1 )
 418:Middlewares/Third_Party/FreeRTOS/Source/tasks.c **** 
 419:Middlewares/Third_Party/FreeRTOS/Source/tasks.c **** 	extern void vApplicationGetIdleTaskMemory( StaticTask_t **ppxIdleTaskTCBBuffer, StackType_t **ppxI
 420:Middlewares/Third_Party/FreeRTOS/Source/tasks.c **** 
 421:Middlewares/Third_Party/FreeRTOS/Source/tasks.c **** #endif
 422:Middlewares/Third_Party/FreeRTOS/Source/tasks.c **** 
 423:Middlewares/Third_Party/FreeRTOS/Source/tasks.c **** /* File private functions. --------------------------------*/
 424:Middlewares/Third_Party/FreeRTOS/Source/tasks.c **** 
 425:Middlewares/Third_Party/FreeRTOS/Source/tasks.c **** /**
 426:Middlewares/Third_Party/FreeRTOS/Source/tasks.c ****  * Utility task that simply returns pdTRUE if the task referenced by xTask is
 427:Middlewares/Third_Party/FreeRTOS/Source/tasks.c ****  * currently in the Suspended state, or pdFALSE if the task referenced by xTask
 428:Middlewares/Third_Party/FreeRTOS/Source/tasks.c ****  * is in any other state.
 429:Middlewares/Third_Party/FreeRTOS/Source/tasks.c ****  */
 430:Middlewares/Third_Party/FreeRTOS/Source/tasks.c **** #if ( INCLUDE_vTaskSuspend == 1 )
ARM GAS  D:\temp\TMP\ccyP8bey.s 			page 9


 431:Middlewares/Third_Party/FreeRTOS/Source/tasks.c **** 
 432:Middlewares/Third_Party/FreeRTOS/Source/tasks.c **** 	static BaseType_t prvTaskIsTaskSuspended( const TaskHandle_t xTask ) PRIVILEGED_FUNCTION;
 433:Middlewares/Third_Party/FreeRTOS/Source/tasks.c **** 
 434:Middlewares/Third_Party/FreeRTOS/Source/tasks.c **** #endif /* INCLUDE_vTaskSuspend */
 435:Middlewares/Third_Party/FreeRTOS/Source/tasks.c **** 
 436:Middlewares/Third_Party/FreeRTOS/Source/tasks.c **** /*
 437:Middlewares/Third_Party/FreeRTOS/Source/tasks.c ****  * Utility to ready all the lists used by the scheduler.  This is called
 438:Middlewares/Third_Party/FreeRTOS/Source/tasks.c ****  * automatically upon the creation of the first task.
 439:Middlewares/Third_Party/FreeRTOS/Source/tasks.c ****  */
 440:Middlewares/Third_Party/FreeRTOS/Source/tasks.c **** static void prvInitialiseTaskLists( void ) PRIVILEGED_FUNCTION;
 441:Middlewares/Third_Party/FreeRTOS/Source/tasks.c **** 
 442:Middlewares/Third_Party/FreeRTOS/Source/tasks.c **** /*
 443:Middlewares/Third_Party/FreeRTOS/Source/tasks.c ****  * The idle task, which as all tasks is implemented as a never ending loop.
 444:Middlewares/Third_Party/FreeRTOS/Source/tasks.c ****  * The idle task is automatically created and added to the ready lists upon
 445:Middlewares/Third_Party/FreeRTOS/Source/tasks.c ****  * creation of the first user task.
 446:Middlewares/Third_Party/FreeRTOS/Source/tasks.c ****  *
 447:Middlewares/Third_Party/FreeRTOS/Source/tasks.c ****  * The portTASK_FUNCTION_PROTO() macro is used to allow port/compiler specific
 448:Middlewares/Third_Party/FreeRTOS/Source/tasks.c ****  * language extensions.  The equivalent prototype for this function is:
 449:Middlewares/Third_Party/FreeRTOS/Source/tasks.c ****  *
 450:Middlewares/Third_Party/FreeRTOS/Source/tasks.c ****  * void prvIdleTask( void *pvParameters );
 451:Middlewares/Third_Party/FreeRTOS/Source/tasks.c ****  *
 452:Middlewares/Third_Party/FreeRTOS/Source/tasks.c ****  */
 453:Middlewares/Third_Party/FreeRTOS/Source/tasks.c **** static portTASK_FUNCTION_PROTO( prvIdleTask, pvParameters );
 454:Middlewares/Third_Party/FreeRTOS/Source/tasks.c **** 
 455:Middlewares/Third_Party/FreeRTOS/Source/tasks.c **** /*
 456:Middlewares/Third_Party/FreeRTOS/Source/tasks.c ****  * Utility to free all memory allocated by the scheduler to hold a TCB,
 457:Middlewares/Third_Party/FreeRTOS/Source/tasks.c ****  * including the stack pointed to by the TCB.
 458:Middlewares/Third_Party/FreeRTOS/Source/tasks.c ****  *
 459:Middlewares/Third_Party/FreeRTOS/Source/tasks.c ****  * This does not free memory allocated by the task itself (i.e. memory
 460:Middlewares/Third_Party/FreeRTOS/Source/tasks.c ****  * allocated by calls to pvPortMalloc from within the tasks application code).
 461:Middlewares/Third_Party/FreeRTOS/Source/tasks.c ****  */
 462:Middlewares/Third_Party/FreeRTOS/Source/tasks.c **** #if ( INCLUDE_vTaskDelete == 1 )
 463:Middlewares/Third_Party/FreeRTOS/Source/tasks.c **** 
 464:Middlewares/Third_Party/FreeRTOS/Source/tasks.c **** 	static void prvDeleteTCB( TCB_t *pxTCB ) PRIVILEGED_FUNCTION;
 465:Middlewares/Third_Party/FreeRTOS/Source/tasks.c **** 
 466:Middlewares/Third_Party/FreeRTOS/Source/tasks.c **** #endif
 467:Middlewares/Third_Party/FreeRTOS/Source/tasks.c **** 
 468:Middlewares/Third_Party/FreeRTOS/Source/tasks.c **** /*
 469:Middlewares/Third_Party/FreeRTOS/Source/tasks.c ****  * Used only by the idle task.  This checks to see if anything has been placed
 470:Middlewares/Third_Party/FreeRTOS/Source/tasks.c ****  * in the list of tasks waiting to be deleted.  If so the task is cleaned up
 471:Middlewares/Third_Party/FreeRTOS/Source/tasks.c ****  * and its TCB deleted.
 472:Middlewares/Third_Party/FreeRTOS/Source/tasks.c ****  */
 473:Middlewares/Third_Party/FreeRTOS/Source/tasks.c **** static void prvCheckTasksWaitingTermination( void ) PRIVILEGED_FUNCTION;
 474:Middlewares/Third_Party/FreeRTOS/Source/tasks.c **** 
 475:Middlewares/Third_Party/FreeRTOS/Source/tasks.c **** /*
 476:Middlewares/Third_Party/FreeRTOS/Source/tasks.c ****  * The currently executing task is entering the Blocked state.  Add the task to
 477:Middlewares/Third_Party/FreeRTOS/Source/tasks.c ****  * either the current or the overflow delayed task list.
 478:Middlewares/Third_Party/FreeRTOS/Source/tasks.c ****  */
 479:Middlewares/Third_Party/FreeRTOS/Source/tasks.c **** static void prvAddCurrentTaskToDelayedList( TickType_t xTicksToWait, const BaseType_t xCanBlockInde
 480:Middlewares/Third_Party/FreeRTOS/Source/tasks.c **** 
 481:Middlewares/Third_Party/FreeRTOS/Source/tasks.c **** /*
 482:Middlewares/Third_Party/FreeRTOS/Source/tasks.c ****  * Fills an TaskStatus_t structure with information on each task that is
 483:Middlewares/Third_Party/FreeRTOS/Source/tasks.c ****  * referenced from the pxList list (which may be a ready list, a delayed list,
 484:Middlewares/Third_Party/FreeRTOS/Source/tasks.c ****  * a suspended list, etc.).
 485:Middlewares/Third_Party/FreeRTOS/Source/tasks.c ****  *
 486:Middlewares/Third_Party/FreeRTOS/Source/tasks.c ****  * THIS FUNCTION IS INTENDED FOR DEBUGGING ONLY, AND SHOULD NOT BE CALLED FROM
 487:Middlewares/Third_Party/FreeRTOS/Source/tasks.c ****  * NORMAL APPLICATION CODE.
ARM GAS  D:\temp\TMP\ccyP8bey.s 			page 10


 488:Middlewares/Third_Party/FreeRTOS/Source/tasks.c ****  */
 489:Middlewares/Third_Party/FreeRTOS/Source/tasks.c **** #if ( configUSE_TRACE_FACILITY == 1 )
 490:Middlewares/Third_Party/FreeRTOS/Source/tasks.c **** 
 491:Middlewares/Third_Party/FreeRTOS/Source/tasks.c **** 	static UBaseType_t prvListTasksWithinSingleList( TaskStatus_t *pxTaskStatusArray, List_t *pxList, 
 492:Middlewares/Third_Party/FreeRTOS/Source/tasks.c **** 
 493:Middlewares/Third_Party/FreeRTOS/Source/tasks.c **** #endif
 494:Middlewares/Third_Party/FreeRTOS/Source/tasks.c **** 
 495:Middlewares/Third_Party/FreeRTOS/Source/tasks.c **** /*
 496:Middlewares/Third_Party/FreeRTOS/Source/tasks.c ****  * Searches pxList for a task with name pcNameToQuery - returning a handle to
 497:Middlewares/Third_Party/FreeRTOS/Source/tasks.c ****  * the task if it is found, or NULL if the task is not found.
 498:Middlewares/Third_Party/FreeRTOS/Source/tasks.c ****  */
 499:Middlewares/Third_Party/FreeRTOS/Source/tasks.c **** #if ( INCLUDE_xTaskGetHandle == 1 )
 500:Middlewares/Third_Party/FreeRTOS/Source/tasks.c **** 
 501:Middlewares/Third_Party/FreeRTOS/Source/tasks.c **** 	static TCB_t *prvSearchForNameWithinSingleList( List_t *pxList, const char pcNameToQuery[] ) PRIVI
 502:Middlewares/Third_Party/FreeRTOS/Source/tasks.c **** 
 503:Middlewares/Third_Party/FreeRTOS/Source/tasks.c **** #endif
 504:Middlewares/Third_Party/FreeRTOS/Source/tasks.c **** 
 505:Middlewares/Third_Party/FreeRTOS/Source/tasks.c **** /*
 506:Middlewares/Third_Party/FreeRTOS/Source/tasks.c ****  * When a task is created, the stack of the task is filled with a known value.
 507:Middlewares/Third_Party/FreeRTOS/Source/tasks.c ****  * This function determines the 'high water mark' of the task stack by
 508:Middlewares/Third_Party/FreeRTOS/Source/tasks.c ****  * determining how much of the stack remains at the original preset value.
 509:Middlewares/Third_Party/FreeRTOS/Source/tasks.c ****  */
 510:Middlewares/Third_Party/FreeRTOS/Source/tasks.c **** #if ( ( configUSE_TRACE_FACILITY == 1 ) || ( INCLUDE_uxTaskGetStackHighWaterMark == 1 ) || ( INCLUD
 511:Middlewares/Third_Party/FreeRTOS/Source/tasks.c **** 
 512:Middlewares/Third_Party/FreeRTOS/Source/tasks.c **** 	static configSTACK_DEPTH_TYPE prvTaskCheckFreeStackSpace( const uint8_t * pucStackByte ) PRIVILEGE
 513:Middlewares/Third_Party/FreeRTOS/Source/tasks.c **** 
 514:Middlewares/Third_Party/FreeRTOS/Source/tasks.c **** #endif
 515:Middlewares/Third_Party/FreeRTOS/Source/tasks.c **** 
 516:Middlewares/Third_Party/FreeRTOS/Source/tasks.c **** /*
 517:Middlewares/Third_Party/FreeRTOS/Source/tasks.c ****  * Return the amount of time, in ticks, that will pass before the kernel will
 518:Middlewares/Third_Party/FreeRTOS/Source/tasks.c ****  * next move a task from the Blocked state to the Running state.
 519:Middlewares/Third_Party/FreeRTOS/Source/tasks.c ****  *
 520:Middlewares/Third_Party/FreeRTOS/Source/tasks.c ****  * This conditional compilation should use inequality to 0, not equality to 1.
 521:Middlewares/Third_Party/FreeRTOS/Source/tasks.c ****  * This is to ensure portSUPPRESS_TICKS_AND_SLEEP() can be called when user
 522:Middlewares/Third_Party/FreeRTOS/Source/tasks.c ****  * defined low power mode implementations require configUSE_TICKLESS_IDLE to be
 523:Middlewares/Third_Party/FreeRTOS/Source/tasks.c ****  * set to a value other than 1.
 524:Middlewares/Third_Party/FreeRTOS/Source/tasks.c ****  */
 525:Middlewares/Third_Party/FreeRTOS/Source/tasks.c **** #if ( configUSE_TICKLESS_IDLE != 0 )
 526:Middlewares/Third_Party/FreeRTOS/Source/tasks.c **** 
 527:Middlewares/Third_Party/FreeRTOS/Source/tasks.c **** 	static TickType_t prvGetExpectedIdleTime( void ) PRIVILEGED_FUNCTION;
 528:Middlewares/Third_Party/FreeRTOS/Source/tasks.c **** 
 529:Middlewares/Third_Party/FreeRTOS/Source/tasks.c **** #endif
 530:Middlewares/Third_Party/FreeRTOS/Source/tasks.c **** 
 531:Middlewares/Third_Party/FreeRTOS/Source/tasks.c **** /*
 532:Middlewares/Third_Party/FreeRTOS/Source/tasks.c ****  * Set xNextTaskUnblockTime to the time at which the next Blocked state task
 533:Middlewares/Third_Party/FreeRTOS/Source/tasks.c ****  * will exit the Blocked state.
 534:Middlewares/Third_Party/FreeRTOS/Source/tasks.c ****  */
 535:Middlewares/Third_Party/FreeRTOS/Source/tasks.c **** static void prvResetNextTaskUnblockTime( void );
 536:Middlewares/Third_Party/FreeRTOS/Source/tasks.c **** 
 537:Middlewares/Third_Party/FreeRTOS/Source/tasks.c **** #if ( ( configUSE_TRACE_FACILITY == 1 ) && ( configUSE_STATS_FORMATTING_FUNCTIONS > 0 ) )
 538:Middlewares/Third_Party/FreeRTOS/Source/tasks.c **** 
 539:Middlewares/Third_Party/FreeRTOS/Source/tasks.c **** 	/*
 540:Middlewares/Third_Party/FreeRTOS/Source/tasks.c **** 	 * Helper function used to pad task names with spaces when printing out
 541:Middlewares/Third_Party/FreeRTOS/Source/tasks.c **** 	 * human readable tables of task information.
 542:Middlewares/Third_Party/FreeRTOS/Source/tasks.c **** 	 */
 543:Middlewares/Third_Party/FreeRTOS/Source/tasks.c **** 	static char *prvWriteNameToBuffer( char *pcBuffer, const char *pcTaskName ) PRIVILEGED_FUNCTION;
 544:Middlewares/Third_Party/FreeRTOS/Source/tasks.c **** 
ARM GAS  D:\temp\TMP\ccyP8bey.s 			page 11


 545:Middlewares/Third_Party/FreeRTOS/Source/tasks.c **** #endif
 546:Middlewares/Third_Party/FreeRTOS/Source/tasks.c **** 
 547:Middlewares/Third_Party/FreeRTOS/Source/tasks.c **** /*
 548:Middlewares/Third_Party/FreeRTOS/Source/tasks.c ****  * Called after a Task_t structure has been allocated either statically or
 549:Middlewares/Third_Party/FreeRTOS/Source/tasks.c ****  * dynamically to fill in the structure's members.
 550:Middlewares/Third_Party/FreeRTOS/Source/tasks.c ****  */
 551:Middlewares/Third_Party/FreeRTOS/Source/tasks.c **** static void prvInitialiseNewTask( 	TaskFunction_t pxTaskCode,
 552:Middlewares/Third_Party/FreeRTOS/Source/tasks.c **** 									const char * const pcName, 		/*lint !e971 Unqualified char types are allowed for strings a
 553:Middlewares/Third_Party/FreeRTOS/Source/tasks.c **** 									const uint32_t ulStackDepth,
 554:Middlewares/Third_Party/FreeRTOS/Source/tasks.c **** 									void * const pvParameters,
 555:Middlewares/Third_Party/FreeRTOS/Source/tasks.c **** 									UBaseType_t uxPriority,
 556:Middlewares/Third_Party/FreeRTOS/Source/tasks.c **** 									TaskHandle_t * const pxCreatedTask,
 557:Middlewares/Third_Party/FreeRTOS/Source/tasks.c **** 									TCB_t *pxNewTCB,
 558:Middlewares/Third_Party/FreeRTOS/Source/tasks.c **** 									const MemoryRegion_t * const xRegions ) PRIVILEGED_FUNCTION;
 559:Middlewares/Third_Party/FreeRTOS/Source/tasks.c **** 
 560:Middlewares/Third_Party/FreeRTOS/Source/tasks.c **** /*
 561:Middlewares/Third_Party/FreeRTOS/Source/tasks.c ****  * Called after a new task has been created and initialised to place the task
 562:Middlewares/Third_Party/FreeRTOS/Source/tasks.c ****  * under the control of the scheduler.
 563:Middlewares/Third_Party/FreeRTOS/Source/tasks.c ****  */
 564:Middlewares/Third_Party/FreeRTOS/Source/tasks.c **** static void prvAddNewTaskToReadyList( TCB_t *pxNewTCB ) PRIVILEGED_FUNCTION;
 565:Middlewares/Third_Party/FreeRTOS/Source/tasks.c **** 
 566:Middlewares/Third_Party/FreeRTOS/Source/tasks.c **** /*
 567:Middlewares/Third_Party/FreeRTOS/Source/tasks.c ****  * freertos_tasks_c_additions_init() should only be called if the user definable
 568:Middlewares/Third_Party/FreeRTOS/Source/tasks.c ****  * macro FREERTOS_TASKS_C_ADDITIONS_INIT() is defined, as that is the only macro
 569:Middlewares/Third_Party/FreeRTOS/Source/tasks.c ****  * called by the function.
 570:Middlewares/Third_Party/FreeRTOS/Source/tasks.c ****  */
 571:Middlewares/Third_Party/FreeRTOS/Source/tasks.c **** #ifdef FREERTOS_TASKS_C_ADDITIONS_INIT
 572:Middlewares/Third_Party/FreeRTOS/Source/tasks.c **** 
 573:Middlewares/Third_Party/FreeRTOS/Source/tasks.c **** 	static void freertos_tasks_c_additions_init( void ) PRIVILEGED_FUNCTION;
 574:Middlewares/Third_Party/FreeRTOS/Source/tasks.c **** 
 575:Middlewares/Third_Party/FreeRTOS/Source/tasks.c **** #endif
 576:Middlewares/Third_Party/FreeRTOS/Source/tasks.c **** 
 577:Middlewares/Third_Party/FreeRTOS/Source/tasks.c **** /*-----------------------------------------------------------*/
 578:Middlewares/Third_Party/FreeRTOS/Source/tasks.c **** 
 579:Middlewares/Third_Party/FreeRTOS/Source/tasks.c **** #if( configSUPPORT_STATIC_ALLOCATION == 1 )
 580:Middlewares/Third_Party/FreeRTOS/Source/tasks.c **** 
 581:Middlewares/Third_Party/FreeRTOS/Source/tasks.c **** 	TaskHandle_t xTaskCreateStatic(	TaskFunction_t pxTaskCode,
 582:Middlewares/Third_Party/FreeRTOS/Source/tasks.c **** 									const char * const pcName,		/*lint !e971 Unqualified char types are allowed for strings an
 583:Middlewares/Third_Party/FreeRTOS/Source/tasks.c **** 									const uint32_t ulStackDepth,
 584:Middlewares/Third_Party/FreeRTOS/Source/tasks.c **** 									void * const pvParameters,
 585:Middlewares/Third_Party/FreeRTOS/Source/tasks.c **** 									UBaseType_t uxPriority,
 586:Middlewares/Third_Party/FreeRTOS/Source/tasks.c **** 									StackType_t * const puxStackBuffer,
 587:Middlewares/Third_Party/FreeRTOS/Source/tasks.c **** 									StaticTask_t * const pxTaskBuffer )
 588:Middlewares/Third_Party/FreeRTOS/Source/tasks.c **** 	{
 589:Middlewares/Third_Party/FreeRTOS/Source/tasks.c **** 	TCB_t *pxNewTCB;
 590:Middlewares/Third_Party/FreeRTOS/Source/tasks.c **** 	TaskHandle_t xReturn;
 591:Middlewares/Third_Party/FreeRTOS/Source/tasks.c **** 
 592:Middlewares/Third_Party/FreeRTOS/Source/tasks.c **** 		configASSERT( puxStackBuffer != NULL );
 593:Middlewares/Third_Party/FreeRTOS/Source/tasks.c **** 		configASSERT( pxTaskBuffer != NULL );
 594:Middlewares/Third_Party/FreeRTOS/Source/tasks.c **** 
 595:Middlewares/Third_Party/FreeRTOS/Source/tasks.c **** 		#if( configASSERT_DEFINED == 1 )
 596:Middlewares/Third_Party/FreeRTOS/Source/tasks.c **** 		{
 597:Middlewares/Third_Party/FreeRTOS/Source/tasks.c **** 			/* Sanity check that the size of the structure used to declare a
 598:Middlewares/Third_Party/FreeRTOS/Source/tasks.c **** 			variable of type StaticTask_t equals the size of the real task
 599:Middlewares/Third_Party/FreeRTOS/Source/tasks.c **** 			structure. */
 600:Middlewares/Third_Party/FreeRTOS/Source/tasks.c **** 			volatile size_t xSize = sizeof( StaticTask_t );
 601:Middlewares/Third_Party/FreeRTOS/Source/tasks.c **** 			configASSERT( xSize == sizeof( TCB_t ) );
ARM GAS  D:\temp\TMP\ccyP8bey.s 			page 12


 602:Middlewares/Third_Party/FreeRTOS/Source/tasks.c **** 			( void ) xSize; /* Prevent lint warning when configASSERT() is not used. */
 603:Middlewares/Third_Party/FreeRTOS/Source/tasks.c **** 		}
 604:Middlewares/Third_Party/FreeRTOS/Source/tasks.c **** 		#endif /* configASSERT_DEFINED */
 605:Middlewares/Third_Party/FreeRTOS/Source/tasks.c **** 
 606:Middlewares/Third_Party/FreeRTOS/Source/tasks.c **** 
 607:Middlewares/Third_Party/FreeRTOS/Source/tasks.c **** 		if( ( pxTaskBuffer != NULL ) && ( puxStackBuffer != NULL ) )
 608:Middlewares/Third_Party/FreeRTOS/Source/tasks.c **** 		{
 609:Middlewares/Third_Party/FreeRTOS/Source/tasks.c **** 			/* The memory used for the task's TCB and stack are passed into this
 610:Middlewares/Third_Party/FreeRTOS/Source/tasks.c **** 			function - use them. */
 611:Middlewares/Third_Party/FreeRTOS/Source/tasks.c **** 			pxNewTCB = ( TCB_t * ) pxTaskBuffer; /*lint !e740 !e9087 Unusual cast is ok as the structures ar
 612:Middlewares/Third_Party/FreeRTOS/Source/tasks.c **** 			pxNewTCB->pxStack = ( StackType_t * ) puxStackBuffer;
 613:Middlewares/Third_Party/FreeRTOS/Source/tasks.c **** 
 614:Middlewares/Third_Party/FreeRTOS/Source/tasks.c **** 			#if( tskSTATIC_AND_DYNAMIC_ALLOCATION_POSSIBLE != 0 ) /*lint !e731 !e9029 Macro has been consoli
 615:Middlewares/Third_Party/FreeRTOS/Source/tasks.c **** 			{
 616:Middlewares/Third_Party/FreeRTOS/Source/tasks.c **** 				/* Tasks can be created statically or dynamically, so note this
 617:Middlewares/Third_Party/FreeRTOS/Source/tasks.c **** 				task was created statically in case the task is later deleted. */
 618:Middlewares/Third_Party/FreeRTOS/Source/tasks.c **** 				pxNewTCB->ucStaticallyAllocated = tskSTATICALLY_ALLOCATED_STACK_AND_TCB;
 619:Middlewares/Third_Party/FreeRTOS/Source/tasks.c **** 			}
 620:Middlewares/Third_Party/FreeRTOS/Source/tasks.c **** 			#endif /* tskSTATIC_AND_DYNAMIC_ALLOCATION_POSSIBLE */
 621:Middlewares/Third_Party/FreeRTOS/Source/tasks.c **** 
 622:Middlewares/Third_Party/FreeRTOS/Source/tasks.c **** 			prvInitialiseNewTask( pxTaskCode, pcName, ulStackDepth, pvParameters, uxPriority, &xReturn, pxNe
 623:Middlewares/Third_Party/FreeRTOS/Source/tasks.c **** 			prvAddNewTaskToReadyList( pxNewTCB );
 624:Middlewares/Third_Party/FreeRTOS/Source/tasks.c **** 		}
 625:Middlewares/Third_Party/FreeRTOS/Source/tasks.c **** 		else
 626:Middlewares/Third_Party/FreeRTOS/Source/tasks.c **** 		{
 627:Middlewares/Third_Party/FreeRTOS/Source/tasks.c **** 			xReturn = NULL;
 628:Middlewares/Third_Party/FreeRTOS/Source/tasks.c **** 		}
 629:Middlewares/Third_Party/FreeRTOS/Source/tasks.c **** 
 630:Middlewares/Third_Party/FreeRTOS/Source/tasks.c **** 		return xReturn;
 631:Middlewares/Third_Party/FreeRTOS/Source/tasks.c **** 	}
 632:Middlewares/Third_Party/FreeRTOS/Source/tasks.c **** 
 633:Middlewares/Third_Party/FreeRTOS/Source/tasks.c **** #endif /* SUPPORT_STATIC_ALLOCATION */
 634:Middlewares/Third_Party/FreeRTOS/Source/tasks.c **** /*-----------------------------------------------------------*/
 635:Middlewares/Third_Party/FreeRTOS/Source/tasks.c **** 
 636:Middlewares/Third_Party/FreeRTOS/Source/tasks.c **** #if( ( portUSING_MPU_WRAPPERS == 1 ) && ( configSUPPORT_STATIC_ALLOCATION == 1 ) )
 637:Middlewares/Third_Party/FreeRTOS/Source/tasks.c **** 
 638:Middlewares/Third_Party/FreeRTOS/Source/tasks.c **** 	BaseType_t xTaskCreateRestrictedStatic( const TaskParameters_t * const pxTaskDefinition, TaskHandl
 639:Middlewares/Third_Party/FreeRTOS/Source/tasks.c **** 	{
 640:Middlewares/Third_Party/FreeRTOS/Source/tasks.c **** 	TCB_t *pxNewTCB;
 641:Middlewares/Third_Party/FreeRTOS/Source/tasks.c **** 	BaseType_t xReturn = errCOULD_NOT_ALLOCATE_REQUIRED_MEMORY;
 642:Middlewares/Third_Party/FreeRTOS/Source/tasks.c **** 
 643:Middlewares/Third_Party/FreeRTOS/Source/tasks.c **** 		configASSERT( pxTaskDefinition->puxStackBuffer != NULL );
 644:Middlewares/Third_Party/FreeRTOS/Source/tasks.c **** 		configASSERT( pxTaskDefinition->pxTaskBuffer != NULL );
 645:Middlewares/Third_Party/FreeRTOS/Source/tasks.c **** 
 646:Middlewares/Third_Party/FreeRTOS/Source/tasks.c **** 		if( ( pxTaskDefinition->puxStackBuffer != NULL ) && ( pxTaskDefinition->pxTaskBuffer != NULL ) )
 647:Middlewares/Third_Party/FreeRTOS/Source/tasks.c **** 		{
 648:Middlewares/Third_Party/FreeRTOS/Source/tasks.c **** 			/* Allocate space for the TCB.  Where the memory comes from depends
 649:Middlewares/Third_Party/FreeRTOS/Source/tasks.c **** 			on the implementation of the port malloc function and whether or
 650:Middlewares/Third_Party/FreeRTOS/Source/tasks.c **** 			not static allocation is being used. */
 651:Middlewares/Third_Party/FreeRTOS/Source/tasks.c **** 			pxNewTCB = ( TCB_t * ) pxTaskDefinition->pxTaskBuffer;
 652:Middlewares/Third_Party/FreeRTOS/Source/tasks.c **** 
 653:Middlewares/Third_Party/FreeRTOS/Source/tasks.c **** 			/* Store the stack location in the TCB. */
 654:Middlewares/Third_Party/FreeRTOS/Source/tasks.c **** 			pxNewTCB->pxStack = pxTaskDefinition->puxStackBuffer;
 655:Middlewares/Third_Party/FreeRTOS/Source/tasks.c **** 
 656:Middlewares/Third_Party/FreeRTOS/Source/tasks.c **** 			#if( tskSTATIC_AND_DYNAMIC_ALLOCATION_POSSIBLE != 0 )
 657:Middlewares/Third_Party/FreeRTOS/Source/tasks.c **** 			{
 658:Middlewares/Third_Party/FreeRTOS/Source/tasks.c **** 				/* Tasks can be created statically or dynamically, so note this
ARM GAS  D:\temp\TMP\ccyP8bey.s 			page 13


 659:Middlewares/Third_Party/FreeRTOS/Source/tasks.c **** 				task was created statically in case the task is later deleted. */
 660:Middlewares/Third_Party/FreeRTOS/Source/tasks.c **** 				pxNewTCB->ucStaticallyAllocated = tskSTATICALLY_ALLOCATED_STACK_AND_TCB;
 661:Middlewares/Third_Party/FreeRTOS/Source/tasks.c **** 			}
 662:Middlewares/Third_Party/FreeRTOS/Source/tasks.c **** 			#endif /* tskSTATIC_AND_DYNAMIC_ALLOCATION_POSSIBLE */
 663:Middlewares/Third_Party/FreeRTOS/Source/tasks.c **** 
 664:Middlewares/Third_Party/FreeRTOS/Source/tasks.c **** 			prvInitialiseNewTask(	pxTaskDefinition->pvTaskCode,
 665:Middlewares/Third_Party/FreeRTOS/Source/tasks.c **** 									pxTaskDefinition->pcName,
 666:Middlewares/Third_Party/FreeRTOS/Source/tasks.c **** 									( uint32_t ) pxTaskDefinition->usStackDepth,
 667:Middlewares/Third_Party/FreeRTOS/Source/tasks.c **** 									pxTaskDefinition->pvParameters,
 668:Middlewares/Third_Party/FreeRTOS/Source/tasks.c **** 									pxTaskDefinition->uxPriority,
 669:Middlewares/Third_Party/FreeRTOS/Source/tasks.c **** 									pxCreatedTask, pxNewTCB,
 670:Middlewares/Third_Party/FreeRTOS/Source/tasks.c **** 									pxTaskDefinition->xRegions );
 671:Middlewares/Third_Party/FreeRTOS/Source/tasks.c **** 
 672:Middlewares/Third_Party/FreeRTOS/Source/tasks.c **** 			prvAddNewTaskToReadyList( pxNewTCB );
 673:Middlewares/Third_Party/FreeRTOS/Source/tasks.c **** 			xReturn = pdPASS;
 674:Middlewares/Third_Party/FreeRTOS/Source/tasks.c **** 		}
 675:Middlewares/Third_Party/FreeRTOS/Source/tasks.c **** 
 676:Middlewares/Third_Party/FreeRTOS/Source/tasks.c **** 		return xReturn;
 677:Middlewares/Third_Party/FreeRTOS/Source/tasks.c **** 	}
 678:Middlewares/Third_Party/FreeRTOS/Source/tasks.c **** 
 679:Middlewares/Third_Party/FreeRTOS/Source/tasks.c **** #endif /* ( portUSING_MPU_WRAPPERS == 1 ) && ( configSUPPORT_STATIC_ALLOCATION == 1 ) */
 680:Middlewares/Third_Party/FreeRTOS/Source/tasks.c **** /*-----------------------------------------------------------*/
 681:Middlewares/Third_Party/FreeRTOS/Source/tasks.c **** 
 682:Middlewares/Third_Party/FreeRTOS/Source/tasks.c **** #if( ( portUSING_MPU_WRAPPERS == 1 ) && ( configSUPPORT_DYNAMIC_ALLOCATION == 1 ) )
 683:Middlewares/Third_Party/FreeRTOS/Source/tasks.c **** 
 684:Middlewares/Third_Party/FreeRTOS/Source/tasks.c **** 	BaseType_t xTaskCreateRestricted( const TaskParameters_t * const pxTaskDefinition, TaskHandle_t *p
 685:Middlewares/Third_Party/FreeRTOS/Source/tasks.c **** 	{
 686:Middlewares/Third_Party/FreeRTOS/Source/tasks.c **** 	TCB_t *pxNewTCB;
 687:Middlewares/Third_Party/FreeRTOS/Source/tasks.c **** 	BaseType_t xReturn = errCOULD_NOT_ALLOCATE_REQUIRED_MEMORY;
 688:Middlewares/Third_Party/FreeRTOS/Source/tasks.c **** 
 689:Middlewares/Third_Party/FreeRTOS/Source/tasks.c **** 		configASSERT( pxTaskDefinition->puxStackBuffer );
 690:Middlewares/Third_Party/FreeRTOS/Source/tasks.c **** 
 691:Middlewares/Third_Party/FreeRTOS/Source/tasks.c **** 		if( pxTaskDefinition->puxStackBuffer != NULL )
 692:Middlewares/Third_Party/FreeRTOS/Source/tasks.c **** 		{
 693:Middlewares/Third_Party/FreeRTOS/Source/tasks.c **** 			/* Allocate space for the TCB.  Where the memory comes from depends
 694:Middlewares/Third_Party/FreeRTOS/Source/tasks.c **** 			on the implementation of the port malloc function and whether or
 695:Middlewares/Third_Party/FreeRTOS/Source/tasks.c **** 			not static allocation is being used. */
 696:Middlewares/Third_Party/FreeRTOS/Source/tasks.c **** 			pxNewTCB = ( TCB_t * ) pvPortMalloc( sizeof( TCB_t ) );
 697:Middlewares/Third_Party/FreeRTOS/Source/tasks.c **** 
 698:Middlewares/Third_Party/FreeRTOS/Source/tasks.c **** 			if( pxNewTCB != NULL )
 699:Middlewares/Third_Party/FreeRTOS/Source/tasks.c **** 			{
 700:Middlewares/Third_Party/FreeRTOS/Source/tasks.c **** 				/* Store the stack location in the TCB. */
 701:Middlewares/Third_Party/FreeRTOS/Source/tasks.c **** 				pxNewTCB->pxStack = pxTaskDefinition->puxStackBuffer;
 702:Middlewares/Third_Party/FreeRTOS/Source/tasks.c **** 
 703:Middlewares/Third_Party/FreeRTOS/Source/tasks.c **** 				#if( tskSTATIC_AND_DYNAMIC_ALLOCATION_POSSIBLE != 0 )
 704:Middlewares/Third_Party/FreeRTOS/Source/tasks.c **** 				{
 705:Middlewares/Third_Party/FreeRTOS/Source/tasks.c **** 					/* Tasks can be created statically or dynamically, so note
 706:Middlewares/Third_Party/FreeRTOS/Source/tasks.c **** 					this task had a statically allocated stack in case it is
 707:Middlewares/Third_Party/FreeRTOS/Source/tasks.c **** 					later deleted.  The TCB was allocated dynamically. */
 708:Middlewares/Third_Party/FreeRTOS/Source/tasks.c **** 					pxNewTCB->ucStaticallyAllocated = tskSTATICALLY_ALLOCATED_STACK_ONLY;
 709:Middlewares/Third_Party/FreeRTOS/Source/tasks.c **** 				}
 710:Middlewares/Third_Party/FreeRTOS/Source/tasks.c **** 				#endif /* tskSTATIC_AND_DYNAMIC_ALLOCATION_POSSIBLE */
 711:Middlewares/Third_Party/FreeRTOS/Source/tasks.c **** 
 712:Middlewares/Third_Party/FreeRTOS/Source/tasks.c **** 				prvInitialiseNewTask(	pxTaskDefinition->pvTaskCode,
 713:Middlewares/Third_Party/FreeRTOS/Source/tasks.c **** 										pxTaskDefinition->pcName,
 714:Middlewares/Third_Party/FreeRTOS/Source/tasks.c **** 										( uint32_t ) pxTaskDefinition->usStackDepth,
 715:Middlewares/Third_Party/FreeRTOS/Source/tasks.c **** 										pxTaskDefinition->pvParameters,
ARM GAS  D:\temp\TMP\ccyP8bey.s 			page 14


 716:Middlewares/Third_Party/FreeRTOS/Source/tasks.c **** 										pxTaskDefinition->uxPriority,
 717:Middlewares/Third_Party/FreeRTOS/Source/tasks.c **** 										pxCreatedTask, pxNewTCB,
 718:Middlewares/Third_Party/FreeRTOS/Source/tasks.c **** 										pxTaskDefinition->xRegions );
 719:Middlewares/Third_Party/FreeRTOS/Source/tasks.c **** 
 720:Middlewares/Third_Party/FreeRTOS/Source/tasks.c **** 				prvAddNewTaskToReadyList( pxNewTCB );
 721:Middlewares/Third_Party/FreeRTOS/Source/tasks.c **** 				xReturn = pdPASS;
 722:Middlewares/Third_Party/FreeRTOS/Source/tasks.c **** 			}
 723:Middlewares/Third_Party/FreeRTOS/Source/tasks.c **** 		}
 724:Middlewares/Third_Party/FreeRTOS/Source/tasks.c **** 
 725:Middlewares/Third_Party/FreeRTOS/Source/tasks.c **** 		return xReturn;
 726:Middlewares/Third_Party/FreeRTOS/Source/tasks.c **** 	}
 727:Middlewares/Third_Party/FreeRTOS/Source/tasks.c **** 
 728:Middlewares/Third_Party/FreeRTOS/Source/tasks.c **** #endif /* portUSING_MPU_WRAPPERS */
 729:Middlewares/Third_Party/FreeRTOS/Source/tasks.c **** /*-----------------------------------------------------------*/
 730:Middlewares/Third_Party/FreeRTOS/Source/tasks.c **** 
 731:Middlewares/Third_Party/FreeRTOS/Source/tasks.c **** #if( configSUPPORT_DYNAMIC_ALLOCATION == 1 )
 732:Middlewares/Third_Party/FreeRTOS/Source/tasks.c **** 
 733:Middlewares/Third_Party/FreeRTOS/Source/tasks.c **** 	BaseType_t xTaskCreate(	TaskFunction_t pxTaskCode,
 734:Middlewares/Third_Party/FreeRTOS/Source/tasks.c **** 							const char * const pcName,		/*lint !e971 Unqualified char types are allowed for strings and 
 735:Middlewares/Third_Party/FreeRTOS/Source/tasks.c **** 							const configSTACK_DEPTH_TYPE usStackDepth,
 736:Middlewares/Third_Party/FreeRTOS/Source/tasks.c **** 							void * const pvParameters,
 737:Middlewares/Third_Party/FreeRTOS/Source/tasks.c **** 							UBaseType_t uxPriority,
 738:Middlewares/Third_Party/FreeRTOS/Source/tasks.c **** 							TaskHandle_t * const pxCreatedTask )
 739:Middlewares/Third_Party/FreeRTOS/Source/tasks.c **** 	{
 740:Middlewares/Third_Party/FreeRTOS/Source/tasks.c **** 	TCB_t *pxNewTCB;
 741:Middlewares/Third_Party/FreeRTOS/Source/tasks.c **** 	BaseType_t xReturn;
 742:Middlewares/Third_Party/FreeRTOS/Source/tasks.c **** 
 743:Middlewares/Third_Party/FreeRTOS/Source/tasks.c **** 		/* If the stack grows down then allocate the stack then the TCB so the stack
 744:Middlewares/Third_Party/FreeRTOS/Source/tasks.c **** 		does not grow into the TCB.  Likewise if the stack grows up then allocate
 745:Middlewares/Third_Party/FreeRTOS/Source/tasks.c **** 		the TCB then the stack. */
 746:Middlewares/Third_Party/FreeRTOS/Source/tasks.c **** 		#if( portSTACK_GROWTH > 0 )
 747:Middlewares/Third_Party/FreeRTOS/Source/tasks.c **** 		{
 748:Middlewares/Third_Party/FreeRTOS/Source/tasks.c **** 			/* Allocate space for the TCB.  Where the memory comes from depends on
 749:Middlewares/Third_Party/FreeRTOS/Source/tasks.c **** 			the implementation of the port malloc function and whether or not static
 750:Middlewares/Third_Party/FreeRTOS/Source/tasks.c **** 			allocation is being used. */
 751:Middlewares/Third_Party/FreeRTOS/Source/tasks.c **** 			pxNewTCB = ( TCB_t * ) pvPortMalloc( sizeof( TCB_t ) );
 752:Middlewares/Third_Party/FreeRTOS/Source/tasks.c **** 
 753:Middlewares/Third_Party/FreeRTOS/Source/tasks.c **** 			if( pxNewTCB != NULL )
 754:Middlewares/Third_Party/FreeRTOS/Source/tasks.c **** 			{
 755:Middlewares/Third_Party/FreeRTOS/Source/tasks.c **** 				/* Allocate space for the stack used by the task being created.
 756:Middlewares/Third_Party/FreeRTOS/Source/tasks.c **** 				The base of the stack memory stored in the TCB so the task can
 757:Middlewares/Third_Party/FreeRTOS/Source/tasks.c **** 				be deleted later if required. */
 758:Middlewares/Third_Party/FreeRTOS/Source/tasks.c **** 				pxNewTCB->pxStack = ( StackType_t * ) pvPortMalloc( ( ( ( size_t ) usStackDepth ) * sizeof( Sta
 759:Middlewares/Third_Party/FreeRTOS/Source/tasks.c **** 
 760:Middlewares/Third_Party/FreeRTOS/Source/tasks.c **** 				if( pxNewTCB->pxStack == NULL )
 761:Middlewares/Third_Party/FreeRTOS/Source/tasks.c **** 				{
 762:Middlewares/Third_Party/FreeRTOS/Source/tasks.c **** 					/* Could not allocate the stack.  Delete the allocated TCB. */
 763:Middlewares/Third_Party/FreeRTOS/Source/tasks.c **** 					vPortFree( pxNewTCB );
 764:Middlewares/Third_Party/FreeRTOS/Source/tasks.c **** 					pxNewTCB = NULL;
 765:Middlewares/Third_Party/FreeRTOS/Source/tasks.c **** 				}
 766:Middlewares/Third_Party/FreeRTOS/Source/tasks.c **** 			}
 767:Middlewares/Third_Party/FreeRTOS/Source/tasks.c **** 		}
 768:Middlewares/Third_Party/FreeRTOS/Source/tasks.c **** 		#else /* portSTACK_GROWTH */
 769:Middlewares/Third_Party/FreeRTOS/Source/tasks.c **** 		{
 770:Middlewares/Third_Party/FreeRTOS/Source/tasks.c **** 		StackType_t *pxStack;
 771:Middlewares/Third_Party/FreeRTOS/Source/tasks.c **** 
 772:Middlewares/Third_Party/FreeRTOS/Source/tasks.c **** 			/* Allocate space for the stack used by the task being created. */
ARM GAS  D:\temp\TMP\ccyP8bey.s 			page 15


 773:Middlewares/Third_Party/FreeRTOS/Source/tasks.c **** 			pxStack = pvPortMalloc( ( ( ( size_t ) usStackDepth ) * sizeof( StackType_t ) ) ); /*lint !e9079
 774:Middlewares/Third_Party/FreeRTOS/Source/tasks.c **** 
 775:Middlewares/Third_Party/FreeRTOS/Source/tasks.c **** 			if( pxStack != NULL )
 776:Middlewares/Third_Party/FreeRTOS/Source/tasks.c **** 			{
 777:Middlewares/Third_Party/FreeRTOS/Source/tasks.c **** 				/* Allocate space for the TCB. */
 778:Middlewares/Third_Party/FreeRTOS/Source/tasks.c **** 				pxNewTCB = ( TCB_t * ) pvPortMalloc( sizeof( TCB_t ) ); /*lint !e9087 !e9079 All values returne
 779:Middlewares/Third_Party/FreeRTOS/Source/tasks.c **** 
 780:Middlewares/Third_Party/FreeRTOS/Source/tasks.c **** 				if( pxNewTCB != NULL )
 781:Middlewares/Third_Party/FreeRTOS/Source/tasks.c **** 				{
 782:Middlewares/Third_Party/FreeRTOS/Source/tasks.c **** 					/* Store the stack location in the TCB. */
 783:Middlewares/Third_Party/FreeRTOS/Source/tasks.c **** 					pxNewTCB->pxStack = pxStack;
 784:Middlewares/Third_Party/FreeRTOS/Source/tasks.c **** 				}
 785:Middlewares/Third_Party/FreeRTOS/Source/tasks.c **** 				else
 786:Middlewares/Third_Party/FreeRTOS/Source/tasks.c **** 				{
 787:Middlewares/Third_Party/FreeRTOS/Source/tasks.c **** 					/* The stack cannot be used as the TCB was not created.  Free
 788:Middlewares/Third_Party/FreeRTOS/Source/tasks.c **** 					it again. */
 789:Middlewares/Third_Party/FreeRTOS/Source/tasks.c **** 					vPortFree( pxStack );
 790:Middlewares/Third_Party/FreeRTOS/Source/tasks.c **** 				}
 791:Middlewares/Third_Party/FreeRTOS/Source/tasks.c **** 			}
 792:Middlewares/Third_Party/FreeRTOS/Source/tasks.c **** 			else
 793:Middlewares/Third_Party/FreeRTOS/Source/tasks.c **** 			{
 794:Middlewares/Third_Party/FreeRTOS/Source/tasks.c **** 				pxNewTCB = NULL;
 795:Middlewares/Third_Party/FreeRTOS/Source/tasks.c **** 			}
 796:Middlewares/Third_Party/FreeRTOS/Source/tasks.c **** 		}
 797:Middlewares/Third_Party/FreeRTOS/Source/tasks.c **** 		#endif /* portSTACK_GROWTH */
 798:Middlewares/Third_Party/FreeRTOS/Source/tasks.c **** 
 799:Middlewares/Third_Party/FreeRTOS/Source/tasks.c **** 		if( pxNewTCB != NULL )
 800:Middlewares/Third_Party/FreeRTOS/Source/tasks.c **** 		{
 801:Middlewares/Third_Party/FreeRTOS/Source/tasks.c **** 			#if( tskSTATIC_AND_DYNAMIC_ALLOCATION_POSSIBLE != 0 ) /*lint !e9029 !e731 Macro has been consoli
 802:Middlewares/Third_Party/FreeRTOS/Source/tasks.c **** 			{
 803:Middlewares/Third_Party/FreeRTOS/Source/tasks.c **** 				/* Tasks can be created statically or dynamically, so note this
 804:Middlewares/Third_Party/FreeRTOS/Source/tasks.c **** 				task was created dynamically in case it is later deleted. */
 805:Middlewares/Third_Party/FreeRTOS/Source/tasks.c **** 				pxNewTCB->ucStaticallyAllocated = tskDYNAMICALLY_ALLOCATED_STACK_AND_TCB;
 806:Middlewares/Third_Party/FreeRTOS/Source/tasks.c **** 			}
 807:Middlewares/Third_Party/FreeRTOS/Source/tasks.c **** 			#endif /* tskSTATIC_AND_DYNAMIC_ALLOCATION_POSSIBLE */
 808:Middlewares/Third_Party/FreeRTOS/Source/tasks.c **** 
 809:Middlewares/Third_Party/FreeRTOS/Source/tasks.c **** 			prvInitialiseNewTask( pxTaskCode, pcName, ( uint32_t ) usStackDepth, pvParameters, uxPriority, p
 810:Middlewares/Third_Party/FreeRTOS/Source/tasks.c **** 			prvAddNewTaskToReadyList( pxNewTCB );
 811:Middlewares/Third_Party/FreeRTOS/Source/tasks.c **** 			xReturn = pdPASS;
 812:Middlewares/Third_Party/FreeRTOS/Source/tasks.c **** 		}
 813:Middlewares/Third_Party/FreeRTOS/Source/tasks.c **** 		else
 814:Middlewares/Third_Party/FreeRTOS/Source/tasks.c **** 		{
 815:Middlewares/Third_Party/FreeRTOS/Source/tasks.c **** 			xReturn = errCOULD_NOT_ALLOCATE_REQUIRED_MEMORY;
 816:Middlewares/Third_Party/FreeRTOS/Source/tasks.c **** 		}
 817:Middlewares/Third_Party/FreeRTOS/Source/tasks.c **** 
 818:Middlewares/Third_Party/FreeRTOS/Source/tasks.c **** 		return xReturn;
 819:Middlewares/Third_Party/FreeRTOS/Source/tasks.c **** 	}
 820:Middlewares/Third_Party/FreeRTOS/Source/tasks.c **** 
 821:Middlewares/Third_Party/FreeRTOS/Source/tasks.c **** #endif /* configSUPPORT_DYNAMIC_ALLOCATION */
 822:Middlewares/Third_Party/FreeRTOS/Source/tasks.c **** /*-----------------------------------------------------------*/
 823:Middlewares/Third_Party/FreeRTOS/Source/tasks.c **** 
 824:Middlewares/Third_Party/FreeRTOS/Source/tasks.c **** static void prvInitialiseNewTask( 	TaskFunction_t pxTaskCode,
 825:Middlewares/Third_Party/FreeRTOS/Source/tasks.c **** 									const char * const pcName,		/*lint !e971 Unqualified char types are allowed for strings an
 826:Middlewares/Third_Party/FreeRTOS/Source/tasks.c **** 									const uint32_t ulStackDepth,
 827:Middlewares/Third_Party/FreeRTOS/Source/tasks.c **** 									void * const pvParameters,
 828:Middlewares/Third_Party/FreeRTOS/Source/tasks.c **** 									UBaseType_t uxPriority,
 829:Middlewares/Third_Party/FreeRTOS/Source/tasks.c **** 									TaskHandle_t * const pxCreatedTask,
ARM GAS  D:\temp\TMP\ccyP8bey.s 			page 16


 830:Middlewares/Third_Party/FreeRTOS/Source/tasks.c **** 									TCB_t *pxNewTCB,
 831:Middlewares/Third_Party/FreeRTOS/Source/tasks.c **** 									const MemoryRegion_t * const xRegions )
 832:Middlewares/Third_Party/FreeRTOS/Source/tasks.c **** {
 833:Middlewares/Third_Party/FreeRTOS/Source/tasks.c **** StackType_t *pxTopOfStack;
 834:Middlewares/Third_Party/FreeRTOS/Source/tasks.c **** UBaseType_t x;
 835:Middlewares/Third_Party/FreeRTOS/Source/tasks.c **** 
 836:Middlewares/Third_Party/FreeRTOS/Source/tasks.c **** 	#if( portUSING_MPU_WRAPPERS == 1 )
 837:Middlewares/Third_Party/FreeRTOS/Source/tasks.c **** 		/* Should the task be created in privileged mode? */
 838:Middlewares/Third_Party/FreeRTOS/Source/tasks.c **** 		BaseType_t xRunPrivileged;
 839:Middlewares/Third_Party/FreeRTOS/Source/tasks.c **** 		if( ( uxPriority & portPRIVILEGE_BIT ) != 0U )
 840:Middlewares/Third_Party/FreeRTOS/Source/tasks.c **** 		{
 841:Middlewares/Third_Party/FreeRTOS/Source/tasks.c **** 			xRunPrivileged = pdTRUE;
 842:Middlewares/Third_Party/FreeRTOS/Source/tasks.c **** 		}
 843:Middlewares/Third_Party/FreeRTOS/Source/tasks.c **** 		else
 844:Middlewares/Third_Party/FreeRTOS/Source/tasks.c **** 		{
 845:Middlewares/Third_Party/FreeRTOS/Source/tasks.c **** 			xRunPrivileged = pdFALSE;
 846:Middlewares/Third_Party/FreeRTOS/Source/tasks.c **** 		}
 847:Middlewares/Third_Party/FreeRTOS/Source/tasks.c **** 		uxPriority &= ~portPRIVILEGE_BIT;
 848:Middlewares/Third_Party/FreeRTOS/Source/tasks.c **** 	#endif /* portUSING_MPU_WRAPPERS == 1 */
 849:Middlewares/Third_Party/FreeRTOS/Source/tasks.c **** 
 850:Middlewares/Third_Party/FreeRTOS/Source/tasks.c **** 	/* Avoid dependency on memset() if it is not required. */
 851:Middlewares/Third_Party/FreeRTOS/Source/tasks.c **** 	#if( tskSET_NEW_STACKS_TO_KNOWN_VALUE == 1 )
 852:Middlewares/Third_Party/FreeRTOS/Source/tasks.c **** 	{
 853:Middlewares/Third_Party/FreeRTOS/Source/tasks.c **** 		/* Fill the stack with a known value to assist debugging. */
 854:Middlewares/Third_Party/FreeRTOS/Source/tasks.c **** 		( void ) memset( pxNewTCB->pxStack, ( int ) tskSTACK_FILL_BYTE, ( size_t ) ulStackDepth * sizeof(
 855:Middlewares/Third_Party/FreeRTOS/Source/tasks.c **** 	}
 856:Middlewares/Third_Party/FreeRTOS/Source/tasks.c **** 	#endif /* tskSET_NEW_STACKS_TO_KNOWN_VALUE */
 857:Middlewares/Third_Party/FreeRTOS/Source/tasks.c **** 
 858:Middlewares/Third_Party/FreeRTOS/Source/tasks.c **** 	/* Calculate the top of stack address.  This depends on whether the stack
 859:Middlewares/Third_Party/FreeRTOS/Source/tasks.c **** 	grows from high memory to low (as per the 80x86) or vice versa.
 860:Middlewares/Third_Party/FreeRTOS/Source/tasks.c **** 	portSTACK_GROWTH is used to make the result positive or negative as required
 861:Middlewares/Third_Party/FreeRTOS/Source/tasks.c **** 	by the port. */
 862:Middlewares/Third_Party/FreeRTOS/Source/tasks.c **** 	#if( portSTACK_GROWTH < 0 )
 863:Middlewares/Third_Party/FreeRTOS/Source/tasks.c **** 	{
 864:Middlewares/Third_Party/FreeRTOS/Source/tasks.c **** 		pxTopOfStack = &( pxNewTCB->pxStack[ ulStackDepth - ( uint32_t ) 1 ] );
 865:Middlewares/Third_Party/FreeRTOS/Source/tasks.c **** 		pxTopOfStack = ( StackType_t * ) ( ( ( portPOINTER_SIZE_TYPE ) pxTopOfStack ) & ( ~( ( portPOINTE
 866:Middlewares/Third_Party/FreeRTOS/Source/tasks.c **** 
 867:Middlewares/Third_Party/FreeRTOS/Source/tasks.c **** 		/* Check the alignment of the calculated top of stack is correct. */
 868:Middlewares/Third_Party/FreeRTOS/Source/tasks.c **** 		configASSERT( ( ( ( portPOINTER_SIZE_TYPE ) pxTopOfStack & ( portPOINTER_SIZE_TYPE ) portBYTE_ALI
 869:Middlewares/Third_Party/FreeRTOS/Source/tasks.c **** 
 870:Middlewares/Third_Party/FreeRTOS/Source/tasks.c **** 		#if( configRECORD_STACK_HIGH_ADDRESS == 1 )
 871:Middlewares/Third_Party/FreeRTOS/Source/tasks.c **** 		{
 872:Middlewares/Third_Party/FreeRTOS/Source/tasks.c **** 			/* Also record the stack's high address, which may assist
 873:Middlewares/Third_Party/FreeRTOS/Source/tasks.c **** 			debugging. */
 874:Middlewares/Third_Party/FreeRTOS/Source/tasks.c **** 			pxNewTCB->pxEndOfStack = pxTopOfStack;
 875:Middlewares/Third_Party/FreeRTOS/Source/tasks.c **** 		}
 876:Middlewares/Third_Party/FreeRTOS/Source/tasks.c **** 		#endif /* configRECORD_STACK_HIGH_ADDRESS */
 877:Middlewares/Third_Party/FreeRTOS/Source/tasks.c **** 	}
 878:Middlewares/Third_Party/FreeRTOS/Source/tasks.c **** 	#else /* portSTACK_GROWTH */
 879:Middlewares/Third_Party/FreeRTOS/Source/tasks.c **** 	{
 880:Middlewares/Third_Party/FreeRTOS/Source/tasks.c **** 		pxTopOfStack = pxNewTCB->pxStack;
 881:Middlewares/Third_Party/FreeRTOS/Source/tasks.c **** 
 882:Middlewares/Third_Party/FreeRTOS/Source/tasks.c **** 		/* Check the alignment of the stack buffer is correct. */
 883:Middlewares/Third_Party/FreeRTOS/Source/tasks.c **** 		configASSERT( ( ( ( portPOINTER_SIZE_TYPE ) pxNewTCB->pxStack & ( portPOINTER_SIZE_TYPE ) portBYT
 884:Middlewares/Third_Party/FreeRTOS/Source/tasks.c **** 
 885:Middlewares/Third_Party/FreeRTOS/Source/tasks.c **** 		/* The other extreme of the stack space is required if stack checking is
 886:Middlewares/Third_Party/FreeRTOS/Source/tasks.c **** 		performed. */
ARM GAS  D:\temp\TMP\ccyP8bey.s 			page 17


 887:Middlewares/Third_Party/FreeRTOS/Source/tasks.c **** 		pxNewTCB->pxEndOfStack = pxNewTCB->pxStack + ( ulStackDepth - ( uint32_t ) 1 );
 888:Middlewares/Third_Party/FreeRTOS/Source/tasks.c **** 	}
 889:Middlewares/Third_Party/FreeRTOS/Source/tasks.c **** 	#endif /* portSTACK_GROWTH */
 890:Middlewares/Third_Party/FreeRTOS/Source/tasks.c **** 
 891:Middlewares/Third_Party/FreeRTOS/Source/tasks.c **** 	/* Store the task name in the TCB. */
 892:Middlewares/Third_Party/FreeRTOS/Source/tasks.c **** 	if( pcName != NULL )
 893:Middlewares/Third_Party/FreeRTOS/Source/tasks.c **** 	{
 894:Middlewares/Third_Party/FreeRTOS/Source/tasks.c **** 		for( x = ( UBaseType_t ) 0; x < ( UBaseType_t ) configMAX_TASK_NAME_LEN; x++ )
 895:Middlewares/Third_Party/FreeRTOS/Source/tasks.c **** 		{
 896:Middlewares/Third_Party/FreeRTOS/Source/tasks.c **** 			pxNewTCB->pcTaskName[ x ] = pcName[ x ];
 897:Middlewares/Third_Party/FreeRTOS/Source/tasks.c **** 
 898:Middlewares/Third_Party/FreeRTOS/Source/tasks.c **** 			/* Don't copy all configMAX_TASK_NAME_LEN if the string is shorter than
 899:Middlewares/Third_Party/FreeRTOS/Source/tasks.c **** 			configMAX_TASK_NAME_LEN characters just in case the memory after the
 900:Middlewares/Third_Party/FreeRTOS/Source/tasks.c **** 			string is not accessible (extremely unlikely). */
 901:Middlewares/Third_Party/FreeRTOS/Source/tasks.c **** 			if( pcName[ x ] == ( char ) 0x00 )
 902:Middlewares/Third_Party/FreeRTOS/Source/tasks.c **** 			{
 903:Middlewares/Third_Party/FreeRTOS/Source/tasks.c **** 				break;
 904:Middlewares/Third_Party/FreeRTOS/Source/tasks.c **** 			}
 905:Middlewares/Third_Party/FreeRTOS/Source/tasks.c **** 			else
 906:Middlewares/Third_Party/FreeRTOS/Source/tasks.c **** 			{
 907:Middlewares/Third_Party/FreeRTOS/Source/tasks.c **** 				mtCOVERAGE_TEST_MARKER();
 908:Middlewares/Third_Party/FreeRTOS/Source/tasks.c **** 			}
 909:Middlewares/Third_Party/FreeRTOS/Source/tasks.c **** 		}
 910:Middlewares/Third_Party/FreeRTOS/Source/tasks.c **** 
 911:Middlewares/Third_Party/FreeRTOS/Source/tasks.c **** 		/* Ensure the name string is terminated in the case that the string length
 912:Middlewares/Third_Party/FreeRTOS/Source/tasks.c **** 		was greater or equal to configMAX_TASK_NAME_LEN. */
 913:Middlewares/Third_Party/FreeRTOS/Source/tasks.c **** 		pxNewTCB->pcTaskName[ configMAX_TASK_NAME_LEN - 1 ] = '\0';
 914:Middlewares/Third_Party/FreeRTOS/Source/tasks.c **** 	}
 915:Middlewares/Third_Party/FreeRTOS/Source/tasks.c **** 	else
 916:Middlewares/Third_Party/FreeRTOS/Source/tasks.c **** 	{
 917:Middlewares/Third_Party/FreeRTOS/Source/tasks.c **** 		/* The task has not been given a name, so just ensure there is a NULL
 918:Middlewares/Third_Party/FreeRTOS/Source/tasks.c **** 		terminator when it is read out. */
 919:Middlewares/Third_Party/FreeRTOS/Source/tasks.c **** 		pxNewTCB->pcTaskName[ 0 ] = 0x00;
 920:Middlewares/Third_Party/FreeRTOS/Source/tasks.c **** 	}
 921:Middlewares/Third_Party/FreeRTOS/Source/tasks.c **** 
 922:Middlewares/Third_Party/FreeRTOS/Source/tasks.c **** 	/* This is used as an array index so must ensure it's not too large.  First
 923:Middlewares/Third_Party/FreeRTOS/Source/tasks.c **** 	remove the privilege bit if one is present. */
 924:Middlewares/Third_Party/FreeRTOS/Source/tasks.c **** 	if( uxPriority >= ( UBaseType_t ) configMAX_PRIORITIES )
 925:Middlewares/Third_Party/FreeRTOS/Source/tasks.c **** 	{
 926:Middlewares/Third_Party/FreeRTOS/Source/tasks.c **** 		uxPriority = ( UBaseType_t ) configMAX_PRIORITIES - ( UBaseType_t ) 1U;
 927:Middlewares/Third_Party/FreeRTOS/Source/tasks.c **** 	}
 928:Middlewares/Third_Party/FreeRTOS/Source/tasks.c **** 	else
 929:Middlewares/Third_Party/FreeRTOS/Source/tasks.c **** 	{
 930:Middlewares/Third_Party/FreeRTOS/Source/tasks.c **** 		mtCOVERAGE_TEST_MARKER();
 931:Middlewares/Third_Party/FreeRTOS/Source/tasks.c **** 	}
 932:Middlewares/Third_Party/FreeRTOS/Source/tasks.c **** 
 933:Middlewares/Third_Party/FreeRTOS/Source/tasks.c **** 	pxNewTCB->uxPriority = uxPriority;
 934:Middlewares/Third_Party/FreeRTOS/Source/tasks.c **** 	#if ( configUSE_MUTEXES == 1 )
 935:Middlewares/Third_Party/FreeRTOS/Source/tasks.c **** 	{
 936:Middlewares/Third_Party/FreeRTOS/Source/tasks.c **** 		pxNewTCB->uxBasePriority = uxPriority;
 937:Middlewares/Third_Party/FreeRTOS/Source/tasks.c **** 		pxNewTCB->uxMutexesHeld = 0;
 938:Middlewares/Third_Party/FreeRTOS/Source/tasks.c **** 	}
 939:Middlewares/Third_Party/FreeRTOS/Source/tasks.c **** 	#endif /* configUSE_MUTEXES */
 940:Middlewares/Third_Party/FreeRTOS/Source/tasks.c **** 
 941:Middlewares/Third_Party/FreeRTOS/Source/tasks.c **** 	vListInitialiseItem( &( pxNewTCB->xStateListItem ) );
 942:Middlewares/Third_Party/FreeRTOS/Source/tasks.c **** 	vListInitialiseItem( &( pxNewTCB->xEventListItem ) );
 943:Middlewares/Third_Party/FreeRTOS/Source/tasks.c **** 
ARM GAS  D:\temp\TMP\ccyP8bey.s 			page 18


 944:Middlewares/Third_Party/FreeRTOS/Source/tasks.c **** 	/* Set the pxNewTCB as a link back from the ListItem_t.  This is so we can get
 945:Middlewares/Third_Party/FreeRTOS/Source/tasks.c **** 	back to	the containing TCB from a generic item in a list. */
 946:Middlewares/Third_Party/FreeRTOS/Source/tasks.c **** 	listSET_LIST_ITEM_OWNER( &( pxNewTCB->xStateListItem ), pxNewTCB );
 947:Middlewares/Third_Party/FreeRTOS/Source/tasks.c **** 
 948:Middlewares/Third_Party/FreeRTOS/Source/tasks.c **** 	/* Event lists are always in priority order. */
 949:Middlewares/Third_Party/FreeRTOS/Source/tasks.c **** 	listSET_LIST_ITEM_VALUE( &( pxNewTCB->xEventListItem ), ( TickType_t ) configMAX_PRIORITIES - ( Ti
 950:Middlewares/Third_Party/FreeRTOS/Source/tasks.c **** 	listSET_LIST_ITEM_OWNER( &( pxNewTCB->xEventListItem ), pxNewTCB );
 951:Middlewares/Third_Party/FreeRTOS/Source/tasks.c **** 
 952:Middlewares/Third_Party/FreeRTOS/Source/tasks.c **** 	#if ( portCRITICAL_NESTING_IN_TCB == 1 )
 953:Middlewares/Third_Party/FreeRTOS/Source/tasks.c **** 	{
 954:Middlewares/Third_Party/FreeRTOS/Source/tasks.c **** 		pxNewTCB->uxCriticalNesting = ( UBaseType_t ) 0U;
 955:Middlewares/Third_Party/FreeRTOS/Source/tasks.c **** 	}
 956:Middlewares/Third_Party/FreeRTOS/Source/tasks.c **** 	#endif /* portCRITICAL_NESTING_IN_TCB */
 957:Middlewares/Third_Party/FreeRTOS/Source/tasks.c **** 
 958:Middlewares/Third_Party/FreeRTOS/Source/tasks.c **** 	#if ( configUSE_APPLICATION_TASK_TAG == 1 )
 959:Middlewares/Third_Party/FreeRTOS/Source/tasks.c **** 	{
 960:Middlewares/Third_Party/FreeRTOS/Source/tasks.c **** 		pxNewTCB->pxTaskTag = NULL;
 961:Middlewares/Third_Party/FreeRTOS/Source/tasks.c **** 	}
 962:Middlewares/Third_Party/FreeRTOS/Source/tasks.c **** 	#endif /* configUSE_APPLICATION_TASK_TAG */
 963:Middlewares/Third_Party/FreeRTOS/Source/tasks.c **** 
 964:Middlewares/Third_Party/FreeRTOS/Source/tasks.c **** 	#if ( configGENERATE_RUN_TIME_STATS == 1 )
 965:Middlewares/Third_Party/FreeRTOS/Source/tasks.c **** 	{
 966:Middlewares/Third_Party/FreeRTOS/Source/tasks.c **** 		pxNewTCB->ulRunTimeCounter = 0UL;
 967:Middlewares/Third_Party/FreeRTOS/Source/tasks.c **** 	}
 968:Middlewares/Third_Party/FreeRTOS/Source/tasks.c **** 	#endif /* configGENERATE_RUN_TIME_STATS */
 969:Middlewares/Third_Party/FreeRTOS/Source/tasks.c **** 
 970:Middlewares/Third_Party/FreeRTOS/Source/tasks.c **** 	#if ( portUSING_MPU_WRAPPERS == 1 )
 971:Middlewares/Third_Party/FreeRTOS/Source/tasks.c **** 	{
 972:Middlewares/Third_Party/FreeRTOS/Source/tasks.c **** 		vPortStoreTaskMPUSettings( &( pxNewTCB->xMPUSettings ), xRegions, pxNewTCB->pxStack, ulStackDepth
 973:Middlewares/Third_Party/FreeRTOS/Source/tasks.c **** 	}
 974:Middlewares/Third_Party/FreeRTOS/Source/tasks.c **** 	#else
 975:Middlewares/Third_Party/FreeRTOS/Source/tasks.c **** 	{
 976:Middlewares/Third_Party/FreeRTOS/Source/tasks.c **** 		/* Avoid compiler warning about unreferenced parameter. */
 977:Middlewares/Third_Party/FreeRTOS/Source/tasks.c **** 		( void ) xRegions;
 978:Middlewares/Third_Party/FreeRTOS/Source/tasks.c **** 	}
 979:Middlewares/Third_Party/FreeRTOS/Source/tasks.c **** 	#endif
 980:Middlewares/Third_Party/FreeRTOS/Source/tasks.c **** 
 981:Middlewares/Third_Party/FreeRTOS/Source/tasks.c **** 	#if( configNUM_THREAD_LOCAL_STORAGE_POINTERS != 0 )
 982:Middlewares/Third_Party/FreeRTOS/Source/tasks.c **** 	{
 983:Middlewares/Third_Party/FreeRTOS/Source/tasks.c **** 		for( x = 0; x < ( UBaseType_t ) configNUM_THREAD_LOCAL_STORAGE_POINTERS; x++ )
 984:Middlewares/Third_Party/FreeRTOS/Source/tasks.c **** 		{
 985:Middlewares/Third_Party/FreeRTOS/Source/tasks.c **** 			pxNewTCB->pvThreadLocalStoragePointers[ x ] = NULL;
 986:Middlewares/Third_Party/FreeRTOS/Source/tasks.c **** 		}
 987:Middlewares/Third_Party/FreeRTOS/Source/tasks.c **** 	}
 988:Middlewares/Third_Party/FreeRTOS/Source/tasks.c **** 	#endif
 989:Middlewares/Third_Party/FreeRTOS/Source/tasks.c **** 
 990:Middlewares/Third_Party/FreeRTOS/Source/tasks.c **** 	#if ( configUSE_TASK_NOTIFICATIONS == 1 )
 991:Middlewares/Third_Party/FreeRTOS/Source/tasks.c **** 	{
 992:Middlewares/Third_Party/FreeRTOS/Source/tasks.c **** 		pxNewTCB->ulNotifiedValue = 0;
 993:Middlewares/Third_Party/FreeRTOS/Source/tasks.c **** 		pxNewTCB->ucNotifyState = taskNOT_WAITING_NOTIFICATION;
 994:Middlewares/Third_Party/FreeRTOS/Source/tasks.c **** 	}
 995:Middlewares/Third_Party/FreeRTOS/Source/tasks.c **** 	#endif
 996:Middlewares/Third_Party/FreeRTOS/Source/tasks.c **** 
 997:Middlewares/Third_Party/FreeRTOS/Source/tasks.c **** 	#if ( configUSE_NEWLIB_REENTRANT == 1 )
 998:Middlewares/Third_Party/FreeRTOS/Source/tasks.c **** 	{
 999:Middlewares/Third_Party/FreeRTOS/Source/tasks.c **** 		/* Initialise this task's Newlib reent structure.
1000:Middlewares/Third_Party/FreeRTOS/Source/tasks.c **** 		See the third party link http://www.nadler.com/embedded/newlibAndFreeRTOS.html
ARM GAS  D:\temp\TMP\ccyP8bey.s 			page 19


1001:Middlewares/Third_Party/FreeRTOS/Source/tasks.c **** 		for additional information. */
1002:Middlewares/Third_Party/FreeRTOS/Source/tasks.c **** 		_REENT_INIT_PTR( ( &( pxNewTCB->xNewLib_reent ) ) );
1003:Middlewares/Third_Party/FreeRTOS/Source/tasks.c **** 	}
1004:Middlewares/Third_Party/FreeRTOS/Source/tasks.c **** 	#endif
1005:Middlewares/Third_Party/FreeRTOS/Source/tasks.c **** 
1006:Middlewares/Third_Party/FreeRTOS/Source/tasks.c **** 	#if( INCLUDE_xTaskAbortDelay == 1 )
1007:Middlewares/Third_Party/FreeRTOS/Source/tasks.c **** 	{
1008:Middlewares/Third_Party/FreeRTOS/Source/tasks.c **** 		pxNewTCB->ucDelayAborted = pdFALSE;
1009:Middlewares/Third_Party/FreeRTOS/Source/tasks.c **** 	}
1010:Middlewares/Third_Party/FreeRTOS/Source/tasks.c **** 	#endif
1011:Middlewares/Third_Party/FreeRTOS/Source/tasks.c **** 
1012:Middlewares/Third_Party/FreeRTOS/Source/tasks.c **** 	/* Initialize the TCB stack to look as if the task was already running,
1013:Middlewares/Third_Party/FreeRTOS/Source/tasks.c **** 	but had been interrupted by the scheduler.  The return address is set
1014:Middlewares/Third_Party/FreeRTOS/Source/tasks.c **** 	to the start of the task function. Once the stack has been initialised
1015:Middlewares/Third_Party/FreeRTOS/Source/tasks.c **** 	the top of stack variable is updated. */
1016:Middlewares/Third_Party/FreeRTOS/Source/tasks.c **** 	#if( portUSING_MPU_WRAPPERS == 1 )
1017:Middlewares/Third_Party/FreeRTOS/Source/tasks.c **** 	{
1018:Middlewares/Third_Party/FreeRTOS/Source/tasks.c **** 		/* If the port has capability to detect stack overflow,
1019:Middlewares/Third_Party/FreeRTOS/Source/tasks.c **** 		pass the stack end address to the stack initialization
1020:Middlewares/Third_Party/FreeRTOS/Source/tasks.c **** 		function as well. */
1021:Middlewares/Third_Party/FreeRTOS/Source/tasks.c **** 		#if( portHAS_STACK_OVERFLOW_CHECKING == 1 )
1022:Middlewares/Third_Party/FreeRTOS/Source/tasks.c **** 		{
1023:Middlewares/Third_Party/FreeRTOS/Source/tasks.c **** 			#if( portSTACK_GROWTH < 0 )
1024:Middlewares/Third_Party/FreeRTOS/Source/tasks.c **** 			{
1025:Middlewares/Third_Party/FreeRTOS/Source/tasks.c **** 				pxNewTCB->pxTopOfStack = pxPortInitialiseStack( pxTopOfStack, pxNewTCB->pxStack, pxTaskCode, pv
1026:Middlewares/Third_Party/FreeRTOS/Source/tasks.c **** 			}
1027:Middlewares/Third_Party/FreeRTOS/Source/tasks.c **** 			#else /* portSTACK_GROWTH */
1028:Middlewares/Third_Party/FreeRTOS/Source/tasks.c **** 			{
1029:Middlewares/Third_Party/FreeRTOS/Source/tasks.c **** 				pxNewTCB->pxTopOfStack = pxPortInitialiseStack( pxTopOfStack, pxNewTCB->pxEndOfStack, pxTaskCod
1030:Middlewares/Third_Party/FreeRTOS/Source/tasks.c **** 			}
1031:Middlewares/Third_Party/FreeRTOS/Source/tasks.c **** 			#endif /* portSTACK_GROWTH */
1032:Middlewares/Third_Party/FreeRTOS/Source/tasks.c **** 		}
1033:Middlewares/Third_Party/FreeRTOS/Source/tasks.c **** 		#else /* portHAS_STACK_OVERFLOW_CHECKING */
1034:Middlewares/Third_Party/FreeRTOS/Source/tasks.c **** 		{
1035:Middlewares/Third_Party/FreeRTOS/Source/tasks.c **** 			pxNewTCB->pxTopOfStack = pxPortInitialiseStack( pxTopOfStack, pxTaskCode, pvParameters, xRunPriv
1036:Middlewares/Third_Party/FreeRTOS/Source/tasks.c **** 		}
1037:Middlewares/Third_Party/FreeRTOS/Source/tasks.c **** 		#endif /* portHAS_STACK_OVERFLOW_CHECKING */
1038:Middlewares/Third_Party/FreeRTOS/Source/tasks.c **** 	}
1039:Middlewares/Third_Party/FreeRTOS/Source/tasks.c **** 	#else /* portUSING_MPU_WRAPPERS */
1040:Middlewares/Third_Party/FreeRTOS/Source/tasks.c **** 	{
1041:Middlewares/Third_Party/FreeRTOS/Source/tasks.c **** 		/* If the port has capability to detect stack overflow,
1042:Middlewares/Third_Party/FreeRTOS/Source/tasks.c **** 		pass the stack end address to the stack initialization
1043:Middlewares/Third_Party/FreeRTOS/Source/tasks.c **** 		function as well. */
1044:Middlewares/Third_Party/FreeRTOS/Source/tasks.c **** 		#if( portHAS_STACK_OVERFLOW_CHECKING == 1 )
1045:Middlewares/Third_Party/FreeRTOS/Source/tasks.c **** 		{
1046:Middlewares/Third_Party/FreeRTOS/Source/tasks.c **** 			#if( portSTACK_GROWTH < 0 )
1047:Middlewares/Third_Party/FreeRTOS/Source/tasks.c **** 			{
1048:Middlewares/Third_Party/FreeRTOS/Source/tasks.c **** 				pxNewTCB->pxTopOfStack = pxPortInitialiseStack( pxTopOfStack, pxNewTCB->pxStack, pxTaskCode, pv
1049:Middlewares/Third_Party/FreeRTOS/Source/tasks.c **** 			}
1050:Middlewares/Third_Party/FreeRTOS/Source/tasks.c **** 			#else /* portSTACK_GROWTH */
1051:Middlewares/Third_Party/FreeRTOS/Source/tasks.c **** 			{
1052:Middlewares/Third_Party/FreeRTOS/Source/tasks.c **** 				pxNewTCB->pxTopOfStack = pxPortInitialiseStack( pxTopOfStack, pxNewTCB->pxEndOfStack, pxTaskCod
1053:Middlewares/Third_Party/FreeRTOS/Source/tasks.c **** 			}
1054:Middlewares/Third_Party/FreeRTOS/Source/tasks.c **** 			#endif /* portSTACK_GROWTH */
1055:Middlewares/Third_Party/FreeRTOS/Source/tasks.c **** 		}
1056:Middlewares/Third_Party/FreeRTOS/Source/tasks.c **** 		#else /* portHAS_STACK_OVERFLOW_CHECKING */
1057:Middlewares/Third_Party/FreeRTOS/Source/tasks.c **** 		{
ARM GAS  D:\temp\TMP\ccyP8bey.s 			page 20


1058:Middlewares/Third_Party/FreeRTOS/Source/tasks.c **** 			pxNewTCB->pxTopOfStack = pxPortInitialiseStack( pxTopOfStack, pxTaskCode, pvParameters );
1059:Middlewares/Third_Party/FreeRTOS/Source/tasks.c **** 		}
1060:Middlewares/Third_Party/FreeRTOS/Source/tasks.c **** 		#endif /* portHAS_STACK_OVERFLOW_CHECKING */
1061:Middlewares/Third_Party/FreeRTOS/Source/tasks.c **** 	}
1062:Middlewares/Third_Party/FreeRTOS/Source/tasks.c **** 	#endif /* portUSING_MPU_WRAPPERS */
1063:Middlewares/Third_Party/FreeRTOS/Source/tasks.c **** 
1064:Middlewares/Third_Party/FreeRTOS/Source/tasks.c **** 	if( pxCreatedTask != NULL )
1065:Middlewares/Third_Party/FreeRTOS/Source/tasks.c **** 	{
1066:Middlewares/Third_Party/FreeRTOS/Source/tasks.c **** 		/* Pass the handle out in an anonymous way.  The handle can be used to
1067:Middlewares/Third_Party/FreeRTOS/Source/tasks.c **** 		change the created task's priority, delete the created task, etc.*/
1068:Middlewares/Third_Party/FreeRTOS/Source/tasks.c **** 		*pxCreatedTask = ( TaskHandle_t ) pxNewTCB;
1069:Middlewares/Third_Party/FreeRTOS/Source/tasks.c **** 	}
1070:Middlewares/Third_Party/FreeRTOS/Source/tasks.c **** 	else
1071:Middlewares/Third_Party/FreeRTOS/Source/tasks.c **** 	{
1072:Middlewares/Third_Party/FreeRTOS/Source/tasks.c **** 		mtCOVERAGE_TEST_MARKER();
1073:Middlewares/Third_Party/FreeRTOS/Source/tasks.c **** 	}
1074:Middlewares/Third_Party/FreeRTOS/Source/tasks.c **** }
1075:Middlewares/Third_Party/FreeRTOS/Source/tasks.c **** /*-----------------------------------------------------------*/
1076:Middlewares/Third_Party/FreeRTOS/Source/tasks.c **** 
1077:Middlewares/Third_Party/FreeRTOS/Source/tasks.c **** static void prvAddNewTaskToReadyList( TCB_t *pxNewTCB )
1078:Middlewares/Third_Party/FreeRTOS/Source/tasks.c **** {
1079:Middlewares/Third_Party/FreeRTOS/Source/tasks.c **** 	/* Ensure interrupts don't access the task lists while the lists are being
1080:Middlewares/Third_Party/FreeRTOS/Source/tasks.c **** 	updated. */
1081:Middlewares/Third_Party/FreeRTOS/Source/tasks.c **** 	taskENTER_CRITICAL();
1082:Middlewares/Third_Party/FreeRTOS/Source/tasks.c **** 	{
1083:Middlewares/Third_Party/FreeRTOS/Source/tasks.c **** 		uxCurrentNumberOfTasks++;
1084:Middlewares/Third_Party/FreeRTOS/Source/tasks.c **** 		if( pxCurrentTCB == NULL )
1085:Middlewares/Third_Party/FreeRTOS/Source/tasks.c **** 		{
1086:Middlewares/Third_Party/FreeRTOS/Source/tasks.c **** 			/* There are no other tasks, or all the other tasks are in
1087:Middlewares/Third_Party/FreeRTOS/Source/tasks.c **** 			the suspended state - make this the current task. */
1088:Middlewares/Third_Party/FreeRTOS/Source/tasks.c **** 			pxCurrentTCB = pxNewTCB;
1089:Middlewares/Third_Party/FreeRTOS/Source/tasks.c **** 
1090:Middlewares/Third_Party/FreeRTOS/Source/tasks.c **** 			if( uxCurrentNumberOfTasks == ( UBaseType_t ) 1 )
1091:Middlewares/Third_Party/FreeRTOS/Source/tasks.c **** 			{
1092:Middlewares/Third_Party/FreeRTOS/Source/tasks.c **** 				/* This is the first task to be created so do the preliminary
1093:Middlewares/Third_Party/FreeRTOS/Source/tasks.c **** 				initialisation required.  We will not recover if this call
1094:Middlewares/Third_Party/FreeRTOS/Source/tasks.c **** 				fails, but we will report the failure. */
1095:Middlewares/Third_Party/FreeRTOS/Source/tasks.c **** 				prvInitialiseTaskLists();
1096:Middlewares/Third_Party/FreeRTOS/Source/tasks.c **** 			}
1097:Middlewares/Third_Party/FreeRTOS/Source/tasks.c **** 			else
1098:Middlewares/Third_Party/FreeRTOS/Source/tasks.c **** 			{
1099:Middlewares/Third_Party/FreeRTOS/Source/tasks.c **** 				mtCOVERAGE_TEST_MARKER();
1100:Middlewares/Third_Party/FreeRTOS/Source/tasks.c **** 			}
1101:Middlewares/Third_Party/FreeRTOS/Source/tasks.c **** 		}
1102:Middlewares/Third_Party/FreeRTOS/Source/tasks.c **** 		else
1103:Middlewares/Third_Party/FreeRTOS/Source/tasks.c **** 		{
1104:Middlewares/Third_Party/FreeRTOS/Source/tasks.c **** 			/* If the scheduler is not already running, make this task the
1105:Middlewares/Third_Party/FreeRTOS/Source/tasks.c **** 			current task if it is the highest priority task to be created
1106:Middlewares/Third_Party/FreeRTOS/Source/tasks.c **** 			so far. */
1107:Middlewares/Third_Party/FreeRTOS/Source/tasks.c **** 			if( xSchedulerRunning == pdFALSE )
1108:Middlewares/Third_Party/FreeRTOS/Source/tasks.c **** 			{
1109:Middlewares/Third_Party/FreeRTOS/Source/tasks.c **** 				if( pxCurrentTCB->uxPriority <= pxNewTCB->uxPriority )
1110:Middlewares/Third_Party/FreeRTOS/Source/tasks.c **** 				{
1111:Middlewares/Third_Party/FreeRTOS/Source/tasks.c **** 					pxCurrentTCB = pxNewTCB;
1112:Middlewares/Third_Party/FreeRTOS/Source/tasks.c **** 				}
1113:Middlewares/Third_Party/FreeRTOS/Source/tasks.c **** 				else
1114:Middlewares/Third_Party/FreeRTOS/Source/tasks.c **** 				{
ARM GAS  D:\temp\TMP\ccyP8bey.s 			page 21


1115:Middlewares/Third_Party/FreeRTOS/Source/tasks.c **** 					mtCOVERAGE_TEST_MARKER();
1116:Middlewares/Third_Party/FreeRTOS/Source/tasks.c **** 				}
1117:Middlewares/Third_Party/FreeRTOS/Source/tasks.c **** 			}
1118:Middlewares/Third_Party/FreeRTOS/Source/tasks.c **** 			else
1119:Middlewares/Third_Party/FreeRTOS/Source/tasks.c **** 			{
1120:Middlewares/Third_Party/FreeRTOS/Source/tasks.c **** 				mtCOVERAGE_TEST_MARKER();
1121:Middlewares/Third_Party/FreeRTOS/Source/tasks.c **** 			}
1122:Middlewares/Third_Party/FreeRTOS/Source/tasks.c **** 		}
1123:Middlewares/Third_Party/FreeRTOS/Source/tasks.c **** 
1124:Middlewares/Third_Party/FreeRTOS/Source/tasks.c **** 		uxTaskNumber++;
1125:Middlewares/Third_Party/FreeRTOS/Source/tasks.c **** 
1126:Middlewares/Third_Party/FreeRTOS/Source/tasks.c **** 		#if ( configUSE_TRACE_FACILITY == 1 )
1127:Middlewares/Third_Party/FreeRTOS/Source/tasks.c **** 		{
1128:Middlewares/Third_Party/FreeRTOS/Source/tasks.c **** 			/* Add a counter into the TCB for tracing only. */
1129:Middlewares/Third_Party/FreeRTOS/Source/tasks.c **** 			pxNewTCB->uxTCBNumber = uxTaskNumber;
1130:Middlewares/Third_Party/FreeRTOS/Source/tasks.c **** 		}
1131:Middlewares/Third_Party/FreeRTOS/Source/tasks.c **** 		#endif /* configUSE_TRACE_FACILITY */
1132:Middlewares/Third_Party/FreeRTOS/Source/tasks.c **** 		traceTASK_CREATE( pxNewTCB );
1133:Middlewares/Third_Party/FreeRTOS/Source/tasks.c **** 
1134:Middlewares/Third_Party/FreeRTOS/Source/tasks.c **** 		prvAddTaskToReadyList( pxNewTCB );
1135:Middlewares/Third_Party/FreeRTOS/Source/tasks.c **** 
1136:Middlewares/Third_Party/FreeRTOS/Source/tasks.c **** 		portSETUP_TCB( pxNewTCB );
1137:Middlewares/Third_Party/FreeRTOS/Source/tasks.c **** 	}
1138:Middlewares/Third_Party/FreeRTOS/Source/tasks.c **** 	taskEXIT_CRITICAL();
1139:Middlewares/Third_Party/FreeRTOS/Source/tasks.c **** 
1140:Middlewares/Third_Party/FreeRTOS/Source/tasks.c **** 	if( xSchedulerRunning != pdFALSE )
1141:Middlewares/Third_Party/FreeRTOS/Source/tasks.c **** 	{
1142:Middlewares/Third_Party/FreeRTOS/Source/tasks.c **** 		/* If the created task is of a higher priority than the current task
1143:Middlewares/Third_Party/FreeRTOS/Source/tasks.c **** 		then it should run now. */
1144:Middlewares/Third_Party/FreeRTOS/Source/tasks.c **** 		if( pxCurrentTCB->uxPriority < pxNewTCB->uxPriority )
1145:Middlewares/Third_Party/FreeRTOS/Source/tasks.c **** 		{
1146:Middlewares/Third_Party/FreeRTOS/Source/tasks.c **** 			taskYIELD_IF_USING_PREEMPTION();
1147:Middlewares/Third_Party/FreeRTOS/Source/tasks.c **** 		}
1148:Middlewares/Third_Party/FreeRTOS/Source/tasks.c **** 		else
1149:Middlewares/Third_Party/FreeRTOS/Source/tasks.c **** 		{
1150:Middlewares/Third_Party/FreeRTOS/Source/tasks.c **** 			mtCOVERAGE_TEST_MARKER();
1151:Middlewares/Third_Party/FreeRTOS/Source/tasks.c **** 		}
1152:Middlewares/Third_Party/FreeRTOS/Source/tasks.c **** 	}
1153:Middlewares/Third_Party/FreeRTOS/Source/tasks.c **** 	else
1154:Middlewares/Third_Party/FreeRTOS/Source/tasks.c **** 	{
1155:Middlewares/Third_Party/FreeRTOS/Source/tasks.c **** 		mtCOVERAGE_TEST_MARKER();
1156:Middlewares/Third_Party/FreeRTOS/Source/tasks.c **** 	}
1157:Middlewares/Third_Party/FreeRTOS/Source/tasks.c **** }
1158:Middlewares/Third_Party/FreeRTOS/Source/tasks.c **** /*-----------------------------------------------------------*/
1159:Middlewares/Third_Party/FreeRTOS/Source/tasks.c **** 
1160:Middlewares/Third_Party/FreeRTOS/Source/tasks.c **** #if ( INCLUDE_vTaskDelete == 1 )
1161:Middlewares/Third_Party/FreeRTOS/Source/tasks.c **** 
1162:Middlewares/Third_Party/FreeRTOS/Source/tasks.c **** 	void vTaskDelete( TaskHandle_t xTaskToDelete )
1163:Middlewares/Third_Party/FreeRTOS/Source/tasks.c **** 	{
1164:Middlewares/Third_Party/FreeRTOS/Source/tasks.c **** 	TCB_t *pxTCB;
1165:Middlewares/Third_Party/FreeRTOS/Source/tasks.c **** 
1166:Middlewares/Third_Party/FreeRTOS/Source/tasks.c **** 		taskENTER_CRITICAL();
1167:Middlewares/Third_Party/FreeRTOS/Source/tasks.c **** 		{
1168:Middlewares/Third_Party/FreeRTOS/Source/tasks.c **** 			/* If null is passed in here then it is the calling task that is
1169:Middlewares/Third_Party/FreeRTOS/Source/tasks.c **** 			being deleted. */
1170:Middlewares/Third_Party/FreeRTOS/Source/tasks.c **** 			pxTCB = prvGetTCBFromHandle( xTaskToDelete );
1171:Middlewares/Third_Party/FreeRTOS/Source/tasks.c **** 
ARM GAS  D:\temp\TMP\ccyP8bey.s 			page 22


1172:Middlewares/Third_Party/FreeRTOS/Source/tasks.c **** 			/* Remove task from the ready/delayed list. */
1173:Middlewares/Third_Party/FreeRTOS/Source/tasks.c **** 			if( uxListRemove( &( pxTCB->xStateListItem ) ) == ( UBaseType_t ) 0 )
1174:Middlewares/Third_Party/FreeRTOS/Source/tasks.c **** 			{
1175:Middlewares/Third_Party/FreeRTOS/Source/tasks.c **** 				taskRESET_READY_PRIORITY( pxTCB->uxPriority );
1176:Middlewares/Third_Party/FreeRTOS/Source/tasks.c **** 			}
1177:Middlewares/Third_Party/FreeRTOS/Source/tasks.c **** 			else
1178:Middlewares/Third_Party/FreeRTOS/Source/tasks.c **** 			{
1179:Middlewares/Third_Party/FreeRTOS/Source/tasks.c **** 				mtCOVERAGE_TEST_MARKER();
1180:Middlewares/Third_Party/FreeRTOS/Source/tasks.c **** 			}
1181:Middlewares/Third_Party/FreeRTOS/Source/tasks.c **** 
1182:Middlewares/Third_Party/FreeRTOS/Source/tasks.c **** 			/* Is the task waiting on an event also? */
1183:Middlewares/Third_Party/FreeRTOS/Source/tasks.c **** 			if( listLIST_ITEM_CONTAINER( &( pxTCB->xEventListItem ) ) != NULL )
1184:Middlewares/Third_Party/FreeRTOS/Source/tasks.c **** 			{
1185:Middlewares/Third_Party/FreeRTOS/Source/tasks.c **** 				( void ) uxListRemove( &( pxTCB->xEventListItem ) );
1186:Middlewares/Third_Party/FreeRTOS/Source/tasks.c **** 			}
1187:Middlewares/Third_Party/FreeRTOS/Source/tasks.c **** 			else
1188:Middlewares/Third_Party/FreeRTOS/Source/tasks.c **** 			{
1189:Middlewares/Third_Party/FreeRTOS/Source/tasks.c **** 				mtCOVERAGE_TEST_MARKER();
1190:Middlewares/Third_Party/FreeRTOS/Source/tasks.c **** 			}
1191:Middlewares/Third_Party/FreeRTOS/Source/tasks.c **** 
1192:Middlewares/Third_Party/FreeRTOS/Source/tasks.c **** 			/* Increment the uxTaskNumber also so kernel aware debuggers can
1193:Middlewares/Third_Party/FreeRTOS/Source/tasks.c **** 			detect that the task lists need re-generating.  This is done before
1194:Middlewares/Third_Party/FreeRTOS/Source/tasks.c **** 			portPRE_TASK_DELETE_HOOK() as in the Windows port that macro will
1195:Middlewares/Third_Party/FreeRTOS/Source/tasks.c **** 			not return. */
1196:Middlewares/Third_Party/FreeRTOS/Source/tasks.c **** 			uxTaskNumber++;
1197:Middlewares/Third_Party/FreeRTOS/Source/tasks.c **** 
1198:Middlewares/Third_Party/FreeRTOS/Source/tasks.c **** 			if( pxTCB == pxCurrentTCB )
1199:Middlewares/Third_Party/FreeRTOS/Source/tasks.c **** 			{
1200:Middlewares/Third_Party/FreeRTOS/Source/tasks.c **** 				/* A task is deleting itself.  This cannot complete within the
1201:Middlewares/Third_Party/FreeRTOS/Source/tasks.c **** 				task itself, as a context switch to another task is required.
1202:Middlewares/Third_Party/FreeRTOS/Source/tasks.c **** 				Place the task in the termination list.  The idle task will
1203:Middlewares/Third_Party/FreeRTOS/Source/tasks.c **** 				check the termination list and free up any memory allocated by
1204:Middlewares/Third_Party/FreeRTOS/Source/tasks.c **** 				the scheduler for the TCB and stack of the deleted task. */
1205:Middlewares/Third_Party/FreeRTOS/Source/tasks.c **** 				vListInsertEnd( &xTasksWaitingTermination, &( pxTCB->xStateListItem ) );
1206:Middlewares/Third_Party/FreeRTOS/Source/tasks.c **** 
1207:Middlewares/Third_Party/FreeRTOS/Source/tasks.c **** 				/* Increment the ucTasksDeleted variable so the idle task knows
1208:Middlewares/Third_Party/FreeRTOS/Source/tasks.c **** 				there is a task that has been deleted and that it should therefore
1209:Middlewares/Third_Party/FreeRTOS/Source/tasks.c **** 				check the xTasksWaitingTermination list. */
1210:Middlewares/Third_Party/FreeRTOS/Source/tasks.c **** 				++uxDeletedTasksWaitingCleanUp;
1211:Middlewares/Third_Party/FreeRTOS/Source/tasks.c **** 
1212:Middlewares/Third_Party/FreeRTOS/Source/tasks.c **** 				/* Call the delete hook before portPRE_TASK_DELETE_HOOK() as
1213:Middlewares/Third_Party/FreeRTOS/Source/tasks.c **** 				portPRE_TASK_DELETE_HOOK() does not return in the Win32 port. */
1214:Middlewares/Third_Party/FreeRTOS/Source/tasks.c **** 				traceTASK_DELETE( pxTCB );
1215:Middlewares/Third_Party/FreeRTOS/Source/tasks.c **** 
1216:Middlewares/Third_Party/FreeRTOS/Source/tasks.c **** 				/* The pre-delete hook is primarily for the Windows simulator,
1217:Middlewares/Third_Party/FreeRTOS/Source/tasks.c **** 				in which Windows specific clean up operations are performed,
1218:Middlewares/Third_Party/FreeRTOS/Source/tasks.c **** 				after which it is not possible to yield away from this task -
1219:Middlewares/Third_Party/FreeRTOS/Source/tasks.c **** 				hence xYieldPending is used to latch that a context switch is
1220:Middlewares/Third_Party/FreeRTOS/Source/tasks.c **** 				required. */
1221:Middlewares/Third_Party/FreeRTOS/Source/tasks.c **** 				portPRE_TASK_DELETE_HOOK( pxTCB, &xYieldPending );
1222:Middlewares/Third_Party/FreeRTOS/Source/tasks.c **** 			}
1223:Middlewares/Third_Party/FreeRTOS/Source/tasks.c **** 			else
1224:Middlewares/Third_Party/FreeRTOS/Source/tasks.c **** 			{
1225:Middlewares/Third_Party/FreeRTOS/Source/tasks.c **** 				--uxCurrentNumberOfTasks;
1226:Middlewares/Third_Party/FreeRTOS/Source/tasks.c **** 				traceTASK_DELETE( pxTCB );
1227:Middlewares/Third_Party/FreeRTOS/Source/tasks.c **** 				prvDeleteTCB( pxTCB );
1228:Middlewares/Third_Party/FreeRTOS/Source/tasks.c **** 
ARM GAS  D:\temp\TMP\ccyP8bey.s 			page 23


1229:Middlewares/Third_Party/FreeRTOS/Source/tasks.c **** 				/* Reset the next expected unblock time in case it referred to
1230:Middlewares/Third_Party/FreeRTOS/Source/tasks.c **** 				the task that has just been deleted. */
1231:Middlewares/Third_Party/FreeRTOS/Source/tasks.c **** 				prvResetNextTaskUnblockTime();
1232:Middlewares/Third_Party/FreeRTOS/Source/tasks.c **** 			}
1233:Middlewares/Third_Party/FreeRTOS/Source/tasks.c **** 		}
1234:Middlewares/Third_Party/FreeRTOS/Source/tasks.c **** 		taskEXIT_CRITICAL();
1235:Middlewares/Third_Party/FreeRTOS/Source/tasks.c **** 
1236:Middlewares/Third_Party/FreeRTOS/Source/tasks.c **** 		/* Force a reschedule if it is the currently running task that has just
1237:Middlewares/Third_Party/FreeRTOS/Source/tasks.c **** 		been deleted. */
1238:Middlewares/Third_Party/FreeRTOS/Source/tasks.c **** 		if( xSchedulerRunning != pdFALSE )
1239:Middlewares/Third_Party/FreeRTOS/Source/tasks.c **** 		{
1240:Middlewares/Third_Party/FreeRTOS/Source/tasks.c **** 			if( pxTCB == pxCurrentTCB )
1241:Middlewares/Third_Party/FreeRTOS/Source/tasks.c **** 			{
1242:Middlewares/Third_Party/FreeRTOS/Source/tasks.c **** 				configASSERT( uxSchedulerSuspended == 0 );
1243:Middlewares/Third_Party/FreeRTOS/Source/tasks.c **** 				portYIELD_WITHIN_API();
1244:Middlewares/Third_Party/FreeRTOS/Source/tasks.c **** 			}
1245:Middlewares/Third_Party/FreeRTOS/Source/tasks.c **** 			else
1246:Middlewares/Third_Party/FreeRTOS/Source/tasks.c **** 			{
1247:Middlewares/Third_Party/FreeRTOS/Source/tasks.c **** 				mtCOVERAGE_TEST_MARKER();
1248:Middlewares/Third_Party/FreeRTOS/Source/tasks.c **** 			}
1249:Middlewares/Third_Party/FreeRTOS/Source/tasks.c **** 		}
1250:Middlewares/Third_Party/FreeRTOS/Source/tasks.c **** 	}
1251:Middlewares/Third_Party/FreeRTOS/Source/tasks.c **** 
1252:Middlewares/Third_Party/FreeRTOS/Source/tasks.c **** #endif /* INCLUDE_vTaskDelete */
1253:Middlewares/Third_Party/FreeRTOS/Source/tasks.c **** /*-----------------------------------------------------------*/
1254:Middlewares/Third_Party/FreeRTOS/Source/tasks.c **** 
1255:Middlewares/Third_Party/FreeRTOS/Source/tasks.c **** #if ( INCLUDE_vTaskDelayUntil == 1 )
1256:Middlewares/Third_Party/FreeRTOS/Source/tasks.c **** 
1257:Middlewares/Third_Party/FreeRTOS/Source/tasks.c **** 	void vTaskDelayUntil( TickType_t * const pxPreviousWakeTime, const TickType_t xTimeIncrement )
1258:Middlewares/Third_Party/FreeRTOS/Source/tasks.c **** 	{
1259:Middlewares/Third_Party/FreeRTOS/Source/tasks.c **** 	TickType_t xTimeToWake;
1260:Middlewares/Third_Party/FreeRTOS/Source/tasks.c **** 	BaseType_t xAlreadyYielded, xShouldDelay = pdFALSE;
1261:Middlewares/Third_Party/FreeRTOS/Source/tasks.c **** 
1262:Middlewares/Third_Party/FreeRTOS/Source/tasks.c **** 		configASSERT( pxPreviousWakeTime );
1263:Middlewares/Third_Party/FreeRTOS/Source/tasks.c **** 		configASSERT( ( xTimeIncrement > 0U ) );
1264:Middlewares/Third_Party/FreeRTOS/Source/tasks.c **** 		configASSERT( uxSchedulerSuspended == 0 );
1265:Middlewares/Third_Party/FreeRTOS/Source/tasks.c **** 
1266:Middlewares/Third_Party/FreeRTOS/Source/tasks.c **** 		vTaskSuspendAll();
1267:Middlewares/Third_Party/FreeRTOS/Source/tasks.c **** 		{
1268:Middlewares/Third_Party/FreeRTOS/Source/tasks.c **** 			/* Minor optimisation.  The tick count cannot change in this
1269:Middlewares/Third_Party/FreeRTOS/Source/tasks.c **** 			block. */
1270:Middlewares/Third_Party/FreeRTOS/Source/tasks.c **** 			const TickType_t xConstTickCount = xTickCount;
1271:Middlewares/Third_Party/FreeRTOS/Source/tasks.c **** 
1272:Middlewares/Third_Party/FreeRTOS/Source/tasks.c **** 			/* Generate the tick time at which the task wants to wake. */
1273:Middlewares/Third_Party/FreeRTOS/Source/tasks.c **** 			xTimeToWake = *pxPreviousWakeTime + xTimeIncrement;
1274:Middlewares/Third_Party/FreeRTOS/Source/tasks.c **** 
1275:Middlewares/Third_Party/FreeRTOS/Source/tasks.c **** 			if( xConstTickCount < *pxPreviousWakeTime )
1276:Middlewares/Third_Party/FreeRTOS/Source/tasks.c **** 			{
1277:Middlewares/Third_Party/FreeRTOS/Source/tasks.c **** 				/* The tick count has overflowed since this function was
1278:Middlewares/Third_Party/FreeRTOS/Source/tasks.c **** 				lasted called.  In this case the only time we should ever
1279:Middlewares/Third_Party/FreeRTOS/Source/tasks.c **** 				actually delay is if the wake time has also	overflowed,
1280:Middlewares/Third_Party/FreeRTOS/Source/tasks.c **** 				and the wake time is greater than the tick time.  When this
1281:Middlewares/Third_Party/FreeRTOS/Source/tasks.c **** 				is the case it is as if neither time had overflowed. */
1282:Middlewares/Third_Party/FreeRTOS/Source/tasks.c **** 				if( ( xTimeToWake < *pxPreviousWakeTime ) && ( xTimeToWake > xConstTickCount ) )
1283:Middlewares/Third_Party/FreeRTOS/Source/tasks.c **** 				{
1284:Middlewares/Third_Party/FreeRTOS/Source/tasks.c **** 					xShouldDelay = pdTRUE;
1285:Middlewares/Third_Party/FreeRTOS/Source/tasks.c **** 				}
ARM GAS  D:\temp\TMP\ccyP8bey.s 			page 24


1286:Middlewares/Third_Party/FreeRTOS/Source/tasks.c **** 				else
1287:Middlewares/Third_Party/FreeRTOS/Source/tasks.c **** 				{
1288:Middlewares/Third_Party/FreeRTOS/Source/tasks.c **** 					mtCOVERAGE_TEST_MARKER();
1289:Middlewares/Third_Party/FreeRTOS/Source/tasks.c **** 				}
1290:Middlewares/Third_Party/FreeRTOS/Source/tasks.c **** 			}
1291:Middlewares/Third_Party/FreeRTOS/Source/tasks.c **** 			else
1292:Middlewares/Third_Party/FreeRTOS/Source/tasks.c **** 			{
1293:Middlewares/Third_Party/FreeRTOS/Source/tasks.c **** 				/* The tick time has not overflowed.  In this case we will
1294:Middlewares/Third_Party/FreeRTOS/Source/tasks.c **** 				delay if either the wake time has overflowed, and/or the
1295:Middlewares/Third_Party/FreeRTOS/Source/tasks.c **** 				tick time is less than the wake time. */
1296:Middlewares/Third_Party/FreeRTOS/Source/tasks.c **** 				if( ( xTimeToWake < *pxPreviousWakeTime ) || ( xTimeToWake > xConstTickCount ) )
1297:Middlewares/Third_Party/FreeRTOS/Source/tasks.c **** 				{
1298:Middlewares/Third_Party/FreeRTOS/Source/tasks.c **** 					xShouldDelay = pdTRUE;
1299:Middlewares/Third_Party/FreeRTOS/Source/tasks.c **** 				}
1300:Middlewares/Third_Party/FreeRTOS/Source/tasks.c **** 				else
1301:Middlewares/Third_Party/FreeRTOS/Source/tasks.c **** 				{
1302:Middlewares/Third_Party/FreeRTOS/Source/tasks.c **** 					mtCOVERAGE_TEST_MARKER();
1303:Middlewares/Third_Party/FreeRTOS/Source/tasks.c **** 				}
1304:Middlewares/Third_Party/FreeRTOS/Source/tasks.c **** 			}
1305:Middlewares/Third_Party/FreeRTOS/Source/tasks.c **** 
1306:Middlewares/Third_Party/FreeRTOS/Source/tasks.c **** 			/* Update the wake time ready for the next call. */
1307:Middlewares/Third_Party/FreeRTOS/Source/tasks.c **** 			*pxPreviousWakeTime = xTimeToWake;
1308:Middlewares/Third_Party/FreeRTOS/Source/tasks.c **** 
1309:Middlewares/Third_Party/FreeRTOS/Source/tasks.c **** 			if( xShouldDelay != pdFALSE )
1310:Middlewares/Third_Party/FreeRTOS/Source/tasks.c **** 			{
1311:Middlewares/Third_Party/FreeRTOS/Source/tasks.c **** 				traceTASK_DELAY_UNTIL( xTimeToWake );
1312:Middlewares/Third_Party/FreeRTOS/Source/tasks.c **** 
1313:Middlewares/Third_Party/FreeRTOS/Source/tasks.c **** 				/* prvAddCurrentTaskToDelayedList() needs the block time, not
1314:Middlewares/Third_Party/FreeRTOS/Source/tasks.c **** 				the time to wake, so subtract the current tick count. */
1315:Middlewares/Third_Party/FreeRTOS/Source/tasks.c **** 				prvAddCurrentTaskToDelayedList( xTimeToWake - xConstTickCount, pdFALSE );
1316:Middlewares/Third_Party/FreeRTOS/Source/tasks.c **** 			}
1317:Middlewares/Third_Party/FreeRTOS/Source/tasks.c **** 			else
1318:Middlewares/Third_Party/FreeRTOS/Source/tasks.c **** 			{
1319:Middlewares/Third_Party/FreeRTOS/Source/tasks.c **** 				mtCOVERAGE_TEST_MARKER();
1320:Middlewares/Third_Party/FreeRTOS/Source/tasks.c **** 			}
1321:Middlewares/Third_Party/FreeRTOS/Source/tasks.c **** 		}
1322:Middlewares/Third_Party/FreeRTOS/Source/tasks.c **** 		xAlreadyYielded = xTaskResumeAll();
1323:Middlewares/Third_Party/FreeRTOS/Source/tasks.c **** 
1324:Middlewares/Third_Party/FreeRTOS/Source/tasks.c **** 		/* Force a reschedule if xTaskResumeAll has not already done so, we may
1325:Middlewares/Third_Party/FreeRTOS/Source/tasks.c **** 		have put ourselves to sleep. */
1326:Middlewares/Third_Party/FreeRTOS/Source/tasks.c **** 		if( xAlreadyYielded == pdFALSE )
1327:Middlewares/Third_Party/FreeRTOS/Source/tasks.c **** 		{
1328:Middlewares/Third_Party/FreeRTOS/Source/tasks.c **** 			portYIELD_WITHIN_API();
1329:Middlewares/Third_Party/FreeRTOS/Source/tasks.c **** 		}
1330:Middlewares/Third_Party/FreeRTOS/Source/tasks.c **** 		else
1331:Middlewares/Third_Party/FreeRTOS/Source/tasks.c **** 		{
1332:Middlewares/Third_Party/FreeRTOS/Source/tasks.c **** 			mtCOVERAGE_TEST_MARKER();
1333:Middlewares/Third_Party/FreeRTOS/Source/tasks.c **** 		}
1334:Middlewares/Third_Party/FreeRTOS/Source/tasks.c **** 	}
1335:Middlewares/Third_Party/FreeRTOS/Source/tasks.c **** 
1336:Middlewares/Third_Party/FreeRTOS/Source/tasks.c **** #endif /* INCLUDE_vTaskDelayUntil */
1337:Middlewares/Third_Party/FreeRTOS/Source/tasks.c **** /*-----------------------------------------------------------*/
1338:Middlewares/Third_Party/FreeRTOS/Source/tasks.c **** 
1339:Middlewares/Third_Party/FreeRTOS/Source/tasks.c **** #if ( INCLUDE_vTaskDelay == 1 )
1340:Middlewares/Third_Party/FreeRTOS/Source/tasks.c **** 
1341:Middlewares/Third_Party/FreeRTOS/Source/tasks.c **** 	void vTaskDelay( const TickType_t xTicksToDelay )
1342:Middlewares/Third_Party/FreeRTOS/Source/tasks.c **** 	{
ARM GAS  D:\temp\TMP\ccyP8bey.s 			page 25


1343:Middlewares/Third_Party/FreeRTOS/Source/tasks.c **** 	BaseType_t xAlreadyYielded = pdFALSE;
1344:Middlewares/Third_Party/FreeRTOS/Source/tasks.c **** 
1345:Middlewares/Third_Party/FreeRTOS/Source/tasks.c **** 		/* A delay time of zero just forces a reschedule. */
1346:Middlewares/Third_Party/FreeRTOS/Source/tasks.c **** 		if( xTicksToDelay > ( TickType_t ) 0U )
1347:Middlewares/Third_Party/FreeRTOS/Source/tasks.c **** 		{
1348:Middlewares/Third_Party/FreeRTOS/Source/tasks.c **** 			configASSERT( uxSchedulerSuspended == 0 );
1349:Middlewares/Third_Party/FreeRTOS/Source/tasks.c **** 			vTaskSuspendAll();
1350:Middlewares/Third_Party/FreeRTOS/Source/tasks.c **** 			{
1351:Middlewares/Third_Party/FreeRTOS/Source/tasks.c **** 				traceTASK_DELAY();
1352:Middlewares/Third_Party/FreeRTOS/Source/tasks.c **** 
1353:Middlewares/Third_Party/FreeRTOS/Source/tasks.c **** 				/* A task that is removed from the event list while the
1354:Middlewares/Third_Party/FreeRTOS/Source/tasks.c **** 				scheduler is suspended will not get placed in the ready
1355:Middlewares/Third_Party/FreeRTOS/Source/tasks.c **** 				list or removed from the blocked list until the scheduler
1356:Middlewares/Third_Party/FreeRTOS/Source/tasks.c **** 				is resumed.
1357:Middlewares/Third_Party/FreeRTOS/Source/tasks.c **** 
1358:Middlewares/Third_Party/FreeRTOS/Source/tasks.c **** 				This task cannot be in an event list as it is the currently
1359:Middlewares/Third_Party/FreeRTOS/Source/tasks.c **** 				executing task. */
1360:Middlewares/Third_Party/FreeRTOS/Source/tasks.c **** 				prvAddCurrentTaskToDelayedList( xTicksToDelay, pdFALSE );
1361:Middlewares/Third_Party/FreeRTOS/Source/tasks.c **** 			}
1362:Middlewares/Third_Party/FreeRTOS/Source/tasks.c **** 			xAlreadyYielded = xTaskResumeAll();
1363:Middlewares/Third_Party/FreeRTOS/Source/tasks.c **** 		}
1364:Middlewares/Third_Party/FreeRTOS/Source/tasks.c **** 		else
1365:Middlewares/Third_Party/FreeRTOS/Source/tasks.c **** 		{
1366:Middlewares/Third_Party/FreeRTOS/Source/tasks.c **** 			mtCOVERAGE_TEST_MARKER();
1367:Middlewares/Third_Party/FreeRTOS/Source/tasks.c **** 		}
1368:Middlewares/Third_Party/FreeRTOS/Source/tasks.c **** 
1369:Middlewares/Third_Party/FreeRTOS/Source/tasks.c **** 		/* Force a reschedule if xTaskResumeAll has not already done so, we may
1370:Middlewares/Third_Party/FreeRTOS/Source/tasks.c **** 		have put ourselves to sleep. */
1371:Middlewares/Third_Party/FreeRTOS/Source/tasks.c **** 		if( xAlreadyYielded == pdFALSE )
1372:Middlewares/Third_Party/FreeRTOS/Source/tasks.c **** 		{
1373:Middlewares/Third_Party/FreeRTOS/Source/tasks.c **** 			portYIELD_WITHIN_API();
1374:Middlewares/Third_Party/FreeRTOS/Source/tasks.c **** 		}
1375:Middlewares/Third_Party/FreeRTOS/Source/tasks.c **** 		else
1376:Middlewares/Third_Party/FreeRTOS/Source/tasks.c **** 		{
1377:Middlewares/Third_Party/FreeRTOS/Source/tasks.c **** 			mtCOVERAGE_TEST_MARKER();
1378:Middlewares/Third_Party/FreeRTOS/Source/tasks.c **** 		}
1379:Middlewares/Third_Party/FreeRTOS/Source/tasks.c **** 	}
1380:Middlewares/Third_Party/FreeRTOS/Source/tasks.c **** 
1381:Middlewares/Third_Party/FreeRTOS/Source/tasks.c **** #endif /* INCLUDE_vTaskDelay */
1382:Middlewares/Third_Party/FreeRTOS/Source/tasks.c **** /*-----------------------------------------------------------*/
1383:Middlewares/Third_Party/FreeRTOS/Source/tasks.c **** 
1384:Middlewares/Third_Party/FreeRTOS/Source/tasks.c **** #if( ( INCLUDE_eTaskGetState == 1 ) || ( configUSE_TRACE_FACILITY == 1 ) || ( INCLUDE_xTaskAbortDel
1385:Middlewares/Third_Party/FreeRTOS/Source/tasks.c **** 
1386:Middlewares/Third_Party/FreeRTOS/Source/tasks.c **** 	eTaskState eTaskGetState( TaskHandle_t xTask )
1387:Middlewares/Third_Party/FreeRTOS/Source/tasks.c **** 	{
1388:Middlewares/Third_Party/FreeRTOS/Source/tasks.c **** 	eTaskState eReturn;
1389:Middlewares/Third_Party/FreeRTOS/Source/tasks.c **** 	List_t const * pxStateList, *pxDelayedList, *pxOverflowedDelayedList;
1390:Middlewares/Third_Party/FreeRTOS/Source/tasks.c **** 	const TCB_t * const pxTCB = xTask;
1391:Middlewares/Third_Party/FreeRTOS/Source/tasks.c **** 
1392:Middlewares/Third_Party/FreeRTOS/Source/tasks.c **** 		configASSERT( pxTCB );
1393:Middlewares/Third_Party/FreeRTOS/Source/tasks.c **** 
1394:Middlewares/Third_Party/FreeRTOS/Source/tasks.c **** 		if( pxTCB == pxCurrentTCB )
1395:Middlewares/Third_Party/FreeRTOS/Source/tasks.c **** 		{
1396:Middlewares/Third_Party/FreeRTOS/Source/tasks.c **** 			/* The task calling this function is querying its own state. */
1397:Middlewares/Third_Party/FreeRTOS/Source/tasks.c **** 			eReturn = eRunning;
1398:Middlewares/Third_Party/FreeRTOS/Source/tasks.c **** 		}
1399:Middlewares/Third_Party/FreeRTOS/Source/tasks.c **** 		else
ARM GAS  D:\temp\TMP\ccyP8bey.s 			page 26


1400:Middlewares/Third_Party/FreeRTOS/Source/tasks.c **** 		{
1401:Middlewares/Third_Party/FreeRTOS/Source/tasks.c **** 			taskENTER_CRITICAL();
1402:Middlewares/Third_Party/FreeRTOS/Source/tasks.c **** 			{
1403:Middlewares/Third_Party/FreeRTOS/Source/tasks.c **** 				pxStateList = listLIST_ITEM_CONTAINER( &( pxTCB->xStateListItem ) );
1404:Middlewares/Third_Party/FreeRTOS/Source/tasks.c **** 				pxDelayedList = pxDelayedTaskList;
1405:Middlewares/Third_Party/FreeRTOS/Source/tasks.c **** 				pxOverflowedDelayedList = pxOverflowDelayedTaskList;
1406:Middlewares/Third_Party/FreeRTOS/Source/tasks.c **** 			}
1407:Middlewares/Third_Party/FreeRTOS/Source/tasks.c **** 			taskEXIT_CRITICAL();
1408:Middlewares/Third_Party/FreeRTOS/Source/tasks.c **** 
1409:Middlewares/Third_Party/FreeRTOS/Source/tasks.c **** 			if( ( pxStateList == pxDelayedList ) || ( pxStateList == pxOverflowedDelayedList ) )
1410:Middlewares/Third_Party/FreeRTOS/Source/tasks.c **** 			{
1411:Middlewares/Third_Party/FreeRTOS/Source/tasks.c **** 				/* The task being queried is referenced from one of the Blocked
1412:Middlewares/Third_Party/FreeRTOS/Source/tasks.c **** 				lists. */
1413:Middlewares/Third_Party/FreeRTOS/Source/tasks.c **** 				eReturn = eBlocked;
1414:Middlewares/Third_Party/FreeRTOS/Source/tasks.c **** 			}
1415:Middlewares/Third_Party/FreeRTOS/Source/tasks.c **** 
1416:Middlewares/Third_Party/FreeRTOS/Source/tasks.c **** 			#if ( INCLUDE_vTaskSuspend == 1 )
1417:Middlewares/Third_Party/FreeRTOS/Source/tasks.c **** 				else if( pxStateList == &xSuspendedTaskList )
1418:Middlewares/Third_Party/FreeRTOS/Source/tasks.c **** 				{
1419:Middlewares/Third_Party/FreeRTOS/Source/tasks.c **** 					/* The task being queried is referenced from the suspended
1420:Middlewares/Third_Party/FreeRTOS/Source/tasks.c **** 					list.  Is it genuinely suspended or is it blocked
1421:Middlewares/Third_Party/FreeRTOS/Source/tasks.c **** 					indefinitely? */
1422:Middlewares/Third_Party/FreeRTOS/Source/tasks.c **** 					if( listLIST_ITEM_CONTAINER( &( pxTCB->xEventListItem ) ) == NULL )
1423:Middlewares/Third_Party/FreeRTOS/Source/tasks.c **** 					{
1424:Middlewares/Third_Party/FreeRTOS/Source/tasks.c **** 						#if( configUSE_TASK_NOTIFICATIONS == 1 )
1425:Middlewares/Third_Party/FreeRTOS/Source/tasks.c **** 						{
1426:Middlewares/Third_Party/FreeRTOS/Source/tasks.c **** 							/* The task does not appear on the event list item of
1427:Middlewares/Third_Party/FreeRTOS/Source/tasks.c **** 							and of the RTOS objects, but could still be in the
1428:Middlewares/Third_Party/FreeRTOS/Source/tasks.c **** 							blocked state if it is waiting on its notification
1429:Middlewares/Third_Party/FreeRTOS/Source/tasks.c **** 							rather than waiting on an object. */
1430:Middlewares/Third_Party/FreeRTOS/Source/tasks.c **** 							if( pxTCB->ucNotifyState == taskWAITING_NOTIFICATION )
1431:Middlewares/Third_Party/FreeRTOS/Source/tasks.c **** 							{
1432:Middlewares/Third_Party/FreeRTOS/Source/tasks.c **** 								eReturn = eBlocked;
1433:Middlewares/Third_Party/FreeRTOS/Source/tasks.c **** 							}
1434:Middlewares/Third_Party/FreeRTOS/Source/tasks.c **** 							else
1435:Middlewares/Third_Party/FreeRTOS/Source/tasks.c **** 							{
1436:Middlewares/Third_Party/FreeRTOS/Source/tasks.c **** 								eReturn = eSuspended;
1437:Middlewares/Third_Party/FreeRTOS/Source/tasks.c **** 							}
1438:Middlewares/Third_Party/FreeRTOS/Source/tasks.c **** 						}
1439:Middlewares/Third_Party/FreeRTOS/Source/tasks.c **** 						#else
1440:Middlewares/Third_Party/FreeRTOS/Source/tasks.c **** 						{
1441:Middlewares/Third_Party/FreeRTOS/Source/tasks.c **** 							eReturn = eSuspended;
1442:Middlewares/Third_Party/FreeRTOS/Source/tasks.c **** 						}
1443:Middlewares/Third_Party/FreeRTOS/Source/tasks.c **** 						#endif
1444:Middlewares/Third_Party/FreeRTOS/Source/tasks.c **** 					}
1445:Middlewares/Third_Party/FreeRTOS/Source/tasks.c **** 					else
1446:Middlewares/Third_Party/FreeRTOS/Source/tasks.c **** 					{
1447:Middlewares/Third_Party/FreeRTOS/Source/tasks.c **** 						eReturn = eBlocked;
1448:Middlewares/Third_Party/FreeRTOS/Source/tasks.c **** 					}
1449:Middlewares/Third_Party/FreeRTOS/Source/tasks.c **** 				}
1450:Middlewares/Third_Party/FreeRTOS/Source/tasks.c **** 			#endif
1451:Middlewares/Third_Party/FreeRTOS/Source/tasks.c **** 
1452:Middlewares/Third_Party/FreeRTOS/Source/tasks.c **** 			#if ( INCLUDE_vTaskDelete == 1 )
1453:Middlewares/Third_Party/FreeRTOS/Source/tasks.c **** 				else if( ( pxStateList == &xTasksWaitingTermination ) || ( pxStateList == NULL ) )
1454:Middlewares/Third_Party/FreeRTOS/Source/tasks.c **** 				{
1455:Middlewares/Third_Party/FreeRTOS/Source/tasks.c **** 					/* The task being queried is referenced from the deleted
1456:Middlewares/Third_Party/FreeRTOS/Source/tasks.c **** 					tasks list, or it is not referenced from any lists at
ARM GAS  D:\temp\TMP\ccyP8bey.s 			page 27


1457:Middlewares/Third_Party/FreeRTOS/Source/tasks.c **** 					all. */
1458:Middlewares/Third_Party/FreeRTOS/Source/tasks.c **** 					eReturn = eDeleted;
1459:Middlewares/Third_Party/FreeRTOS/Source/tasks.c **** 				}
1460:Middlewares/Third_Party/FreeRTOS/Source/tasks.c **** 			#endif
1461:Middlewares/Third_Party/FreeRTOS/Source/tasks.c **** 
1462:Middlewares/Third_Party/FreeRTOS/Source/tasks.c **** 			else /*lint !e525 Negative indentation is intended to make use of pre-processor clearer. */
1463:Middlewares/Third_Party/FreeRTOS/Source/tasks.c **** 			{
1464:Middlewares/Third_Party/FreeRTOS/Source/tasks.c **** 				/* If the task is not in any other state, it must be in the
1465:Middlewares/Third_Party/FreeRTOS/Source/tasks.c **** 				Ready (including pending ready) state. */
1466:Middlewares/Third_Party/FreeRTOS/Source/tasks.c **** 				eReturn = eReady;
1467:Middlewares/Third_Party/FreeRTOS/Source/tasks.c **** 			}
1468:Middlewares/Third_Party/FreeRTOS/Source/tasks.c **** 		}
1469:Middlewares/Third_Party/FreeRTOS/Source/tasks.c **** 
1470:Middlewares/Third_Party/FreeRTOS/Source/tasks.c **** 		return eReturn;
1471:Middlewares/Third_Party/FreeRTOS/Source/tasks.c **** 	} /*lint !e818 xTask cannot be a pointer to const because it is a typedef. */
1472:Middlewares/Third_Party/FreeRTOS/Source/tasks.c **** 
1473:Middlewares/Third_Party/FreeRTOS/Source/tasks.c **** #endif /* INCLUDE_eTaskGetState */
1474:Middlewares/Third_Party/FreeRTOS/Source/tasks.c **** /*-----------------------------------------------------------*/
1475:Middlewares/Third_Party/FreeRTOS/Source/tasks.c **** 
1476:Middlewares/Third_Party/FreeRTOS/Source/tasks.c **** #if ( INCLUDE_uxTaskPriorityGet == 1 )
1477:Middlewares/Third_Party/FreeRTOS/Source/tasks.c **** 
1478:Middlewares/Third_Party/FreeRTOS/Source/tasks.c **** 	UBaseType_t uxTaskPriorityGet( const TaskHandle_t xTask )
1479:Middlewares/Third_Party/FreeRTOS/Source/tasks.c **** 	{
1480:Middlewares/Third_Party/FreeRTOS/Source/tasks.c **** 	TCB_t const *pxTCB;
1481:Middlewares/Third_Party/FreeRTOS/Source/tasks.c **** 	UBaseType_t uxReturn;
1482:Middlewares/Third_Party/FreeRTOS/Source/tasks.c **** 
1483:Middlewares/Third_Party/FreeRTOS/Source/tasks.c **** 		taskENTER_CRITICAL();
1484:Middlewares/Third_Party/FreeRTOS/Source/tasks.c **** 		{
1485:Middlewares/Third_Party/FreeRTOS/Source/tasks.c **** 			/* If null is passed in here then it is the priority of the task
1486:Middlewares/Third_Party/FreeRTOS/Source/tasks.c **** 			that called uxTaskPriorityGet() that is being queried. */
1487:Middlewares/Third_Party/FreeRTOS/Source/tasks.c **** 			pxTCB = prvGetTCBFromHandle( xTask );
1488:Middlewares/Third_Party/FreeRTOS/Source/tasks.c **** 			uxReturn = pxTCB->uxPriority;
1489:Middlewares/Third_Party/FreeRTOS/Source/tasks.c **** 		}
1490:Middlewares/Third_Party/FreeRTOS/Source/tasks.c **** 		taskEXIT_CRITICAL();
1491:Middlewares/Third_Party/FreeRTOS/Source/tasks.c **** 
1492:Middlewares/Third_Party/FreeRTOS/Source/tasks.c **** 		return uxReturn;
1493:Middlewares/Third_Party/FreeRTOS/Source/tasks.c **** 	}
1494:Middlewares/Third_Party/FreeRTOS/Source/tasks.c **** 
1495:Middlewares/Third_Party/FreeRTOS/Source/tasks.c **** #endif /* INCLUDE_uxTaskPriorityGet */
1496:Middlewares/Third_Party/FreeRTOS/Source/tasks.c **** /*-----------------------------------------------------------*/
1497:Middlewares/Third_Party/FreeRTOS/Source/tasks.c **** 
1498:Middlewares/Third_Party/FreeRTOS/Source/tasks.c **** #if ( INCLUDE_uxTaskPriorityGet == 1 )
1499:Middlewares/Third_Party/FreeRTOS/Source/tasks.c **** 
1500:Middlewares/Third_Party/FreeRTOS/Source/tasks.c **** 	UBaseType_t uxTaskPriorityGetFromISR( const TaskHandle_t xTask )
1501:Middlewares/Third_Party/FreeRTOS/Source/tasks.c **** 	{
1502:Middlewares/Third_Party/FreeRTOS/Source/tasks.c **** 	TCB_t const *pxTCB;
1503:Middlewares/Third_Party/FreeRTOS/Source/tasks.c **** 	UBaseType_t uxReturn, uxSavedInterruptState;
1504:Middlewares/Third_Party/FreeRTOS/Source/tasks.c **** 
1505:Middlewares/Third_Party/FreeRTOS/Source/tasks.c **** 		/* RTOS ports that support interrupt nesting have the concept of a
1506:Middlewares/Third_Party/FreeRTOS/Source/tasks.c **** 		maximum	system call (or maximum API call) interrupt priority.
1507:Middlewares/Third_Party/FreeRTOS/Source/tasks.c **** 		Interrupts that are	above the maximum system call priority are keep
1508:Middlewares/Third_Party/FreeRTOS/Source/tasks.c **** 		permanently enabled, even when the RTOS kernel is in a critical section,
1509:Middlewares/Third_Party/FreeRTOS/Source/tasks.c **** 		but cannot make any calls to FreeRTOS API functions.  If configASSERT()
1510:Middlewares/Third_Party/FreeRTOS/Source/tasks.c **** 		is defined in FreeRTOSConfig.h then
1511:Middlewares/Third_Party/FreeRTOS/Source/tasks.c **** 		portASSERT_IF_INTERRUPT_PRIORITY_INVALID() will result in an assertion
1512:Middlewares/Third_Party/FreeRTOS/Source/tasks.c **** 		failure if a FreeRTOS API function is called from an interrupt that has
1513:Middlewares/Third_Party/FreeRTOS/Source/tasks.c **** 		been assigned a priority above the configured maximum system call
ARM GAS  D:\temp\TMP\ccyP8bey.s 			page 28


1514:Middlewares/Third_Party/FreeRTOS/Source/tasks.c **** 		priority.  Only FreeRTOS functions that end in FromISR can be called
1515:Middlewares/Third_Party/FreeRTOS/Source/tasks.c **** 		from interrupts	that have been assigned a priority at or (logically)
1516:Middlewares/Third_Party/FreeRTOS/Source/tasks.c **** 		below the maximum system call interrupt priority.  FreeRTOS maintains a
1517:Middlewares/Third_Party/FreeRTOS/Source/tasks.c **** 		separate interrupt safe API to ensure interrupt entry is as fast and as
1518:Middlewares/Third_Party/FreeRTOS/Source/tasks.c **** 		simple as possible.  More information (albeit Cortex-M specific) is
1519:Middlewares/Third_Party/FreeRTOS/Source/tasks.c **** 		provided on the following link:
1520:Middlewares/Third_Party/FreeRTOS/Source/tasks.c **** 		https://www.freertos.org/RTOS-Cortex-M3-M4.html */
1521:Middlewares/Third_Party/FreeRTOS/Source/tasks.c **** 		portASSERT_IF_INTERRUPT_PRIORITY_INVALID();
1522:Middlewares/Third_Party/FreeRTOS/Source/tasks.c **** 
1523:Middlewares/Third_Party/FreeRTOS/Source/tasks.c **** 		uxSavedInterruptState = portSET_INTERRUPT_MASK_FROM_ISR();
1524:Middlewares/Third_Party/FreeRTOS/Source/tasks.c **** 		{
1525:Middlewares/Third_Party/FreeRTOS/Source/tasks.c **** 			/* If null is passed in here then it is the priority of the calling
1526:Middlewares/Third_Party/FreeRTOS/Source/tasks.c **** 			task that is being queried. */
1527:Middlewares/Third_Party/FreeRTOS/Source/tasks.c **** 			pxTCB = prvGetTCBFromHandle( xTask );
1528:Middlewares/Third_Party/FreeRTOS/Source/tasks.c **** 			uxReturn = pxTCB->uxPriority;
1529:Middlewares/Third_Party/FreeRTOS/Source/tasks.c **** 		}
1530:Middlewares/Third_Party/FreeRTOS/Source/tasks.c **** 		portCLEAR_INTERRUPT_MASK_FROM_ISR( uxSavedInterruptState );
1531:Middlewares/Third_Party/FreeRTOS/Source/tasks.c **** 
1532:Middlewares/Third_Party/FreeRTOS/Source/tasks.c **** 		return uxReturn;
1533:Middlewares/Third_Party/FreeRTOS/Source/tasks.c **** 	}
1534:Middlewares/Third_Party/FreeRTOS/Source/tasks.c **** 
1535:Middlewares/Third_Party/FreeRTOS/Source/tasks.c **** #endif /* INCLUDE_uxTaskPriorityGet */
1536:Middlewares/Third_Party/FreeRTOS/Source/tasks.c **** /*-----------------------------------------------------------*/
1537:Middlewares/Third_Party/FreeRTOS/Source/tasks.c **** 
1538:Middlewares/Third_Party/FreeRTOS/Source/tasks.c **** #if ( INCLUDE_vTaskPrioritySet == 1 )
1539:Middlewares/Third_Party/FreeRTOS/Source/tasks.c **** 
1540:Middlewares/Third_Party/FreeRTOS/Source/tasks.c **** 	void vTaskPrioritySet( TaskHandle_t xTask, UBaseType_t uxNewPriority )
1541:Middlewares/Third_Party/FreeRTOS/Source/tasks.c **** 	{
1542:Middlewares/Third_Party/FreeRTOS/Source/tasks.c **** 	TCB_t *pxTCB;
1543:Middlewares/Third_Party/FreeRTOS/Source/tasks.c **** 	UBaseType_t uxCurrentBasePriority, uxPriorityUsedOnEntry;
1544:Middlewares/Third_Party/FreeRTOS/Source/tasks.c **** 	BaseType_t xYieldRequired = pdFALSE;
1545:Middlewares/Third_Party/FreeRTOS/Source/tasks.c **** 
1546:Middlewares/Third_Party/FreeRTOS/Source/tasks.c **** 		configASSERT( ( uxNewPriority < configMAX_PRIORITIES ) );
1547:Middlewares/Third_Party/FreeRTOS/Source/tasks.c **** 
1548:Middlewares/Third_Party/FreeRTOS/Source/tasks.c **** 		/* Ensure the new priority is valid. */
1549:Middlewares/Third_Party/FreeRTOS/Source/tasks.c **** 		if( uxNewPriority >= ( UBaseType_t ) configMAX_PRIORITIES )
1550:Middlewares/Third_Party/FreeRTOS/Source/tasks.c **** 		{
1551:Middlewares/Third_Party/FreeRTOS/Source/tasks.c **** 			uxNewPriority = ( UBaseType_t ) configMAX_PRIORITIES - ( UBaseType_t ) 1U;
1552:Middlewares/Third_Party/FreeRTOS/Source/tasks.c **** 		}
1553:Middlewares/Third_Party/FreeRTOS/Source/tasks.c **** 		else
1554:Middlewares/Third_Party/FreeRTOS/Source/tasks.c **** 		{
1555:Middlewares/Third_Party/FreeRTOS/Source/tasks.c **** 			mtCOVERAGE_TEST_MARKER();
1556:Middlewares/Third_Party/FreeRTOS/Source/tasks.c **** 		}
1557:Middlewares/Third_Party/FreeRTOS/Source/tasks.c **** 
1558:Middlewares/Third_Party/FreeRTOS/Source/tasks.c **** 		taskENTER_CRITICAL();
1559:Middlewares/Third_Party/FreeRTOS/Source/tasks.c **** 		{
1560:Middlewares/Third_Party/FreeRTOS/Source/tasks.c **** 			/* If null is passed in here then it is the priority of the calling
1561:Middlewares/Third_Party/FreeRTOS/Source/tasks.c **** 			task that is being changed. */
1562:Middlewares/Third_Party/FreeRTOS/Source/tasks.c **** 			pxTCB = prvGetTCBFromHandle( xTask );
1563:Middlewares/Third_Party/FreeRTOS/Source/tasks.c **** 
1564:Middlewares/Third_Party/FreeRTOS/Source/tasks.c **** 			traceTASK_PRIORITY_SET( pxTCB, uxNewPriority );
1565:Middlewares/Third_Party/FreeRTOS/Source/tasks.c **** 
1566:Middlewares/Third_Party/FreeRTOS/Source/tasks.c **** 			#if ( configUSE_MUTEXES == 1 )
1567:Middlewares/Third_Party/FreeRTOS/Source/tasks.c **** 			{
1568:Middlewares/Third_Party/FreeRTOS/Source/tasks.c **** 				uxCurrentBasePriority = pxTCB->uxBasePriority;
1569:Middlewares/Third_Party/FreeRTOS/Source/tasks.c **** 			}
1570:Middlewares/Third_Party/FreeRTOS/Source/tasks.c **** 			#else
ARM GAS  D:\temp\TMP\ccyP8bey.s 			page 29


1571:Middlewares/Third_Party/FreeRTOS/Source/tasks.c **** 			{
1572:Middlewares/Third_Party/FreeRTOS/Source/tasks.c **** 				uxCurrentBasePriority = pxTCB->uxPriority;
1573:Middlewares/Third_Party/FreeRTOS/Source/tasks.c **** 			}
1574:Middlewares/Third_Party/FreeRTOS/Source/tasks.c **** 			#endif
1575:Middlewares/Third_Party/FreeRTOS/Source/tasks.c **** 
1576:Middlewares/Third_Party/FreeRTOS/Source/tasks.c **** 			if( uxCurrentBasePriority != uxNewPriority )
1577:Middlewares/Third_Party/FreeRTOS/Source/tasks.c **** 			{
1578:Middlewares/Third_Party/FreeRTOS/Source/tasks.c **** 				/* The priority change may have readied a task of higher
1579:Middlewares/Third_Party/FreeRTOS/Source/tasks.c **** 				priority than the calling task. */
1580:Middlewares/Third_Party/FreeRTOS/Source/tasks.c **** 				if( uxNewPriority > uxCurrentBasePriority )
1581:Middlewares/Third_Party/FreeRTOS/Source/tasks.c **** 				{
1582:Middlewares/Third_Party/FreeRTOS/Source/tasks.c **** 					if( pxTCB != pxCurrentTCB )
1583:Middlewares/Third_Party/FreeRTOS/Source/tasks.c **** 					{
1584:Middlewares/Third_Party/FreeRTOS/Source/tasks.c **** 						/* The priority of a task other than the currently
1585:Middlewares/Third_Party/FreeRTOS/Source/tasks.c **** 						running task is being raised.  Is the priority being
1586:Middlewares/Third_Party/FreeRTOS/Source/tasks.c **** 						raised above that of the running task? */
1587:Middlewares/Third_Party/FreeRTOS/Source/tasks.c **** 						if( uxNewPriority >= pxCurrentTCB->uxPriority )
1588:Middlewares/Third_Party/FreeRTOS/Source/tasks.c **** 						{
1589:Middlewares/Third_Party/FreeRTOS/Source/tasks.c **** 							xYieldRequired = pdTRUE;
1590:Middlewares/Third_Party/FreeRTOS/Source/tasks.c **** 						}
1591:Middlewares/Third_Party/FreeRTOS/Source/tasks.c **** 						else
1592:Middlewares/Third_Party/FreeRTOS/Source/tasks.c **** 						{
1593:Middlewares/Third_Party/FreeRTOS/Source/tasks.c **** 							mtCOVERAGE_TEST_MARKER();
1594:Middlewares/Third_Party/FreeRTOS/Source/tasks.c **** 						}
1595:Middlewares/Third_Party/FreeRTOS/Source/tasks.c **** 					}
1596:Middlewares/Third_Party/FreeRTOS/Source/tasks.c **** 					else
1597:Middlewares/Third_Party/FreeRTOS/Source/tasks.c **** 					{
1598:Middlewares/Third_Party/FreeRTOS/Source/tasks.c **** 						/* The priority of the running task is being raised,
1599:Middlewares/Third_Party/FreeRTOS/Source/tasks.c **** 						but the running task must already be the highest
1600:Middlewares/Third_Party/FreeRTOS/Source/tasks.c **** 						priority task able to run so no yield is required. */
1601:Middlewares/Third_Party/FreeRTOS/Source/tasks.c **** 					}
1602:Middlewares/Third_Party/FreeRTOS/Source/tasks.c **** 				}
1603:Middlewares/Third_Party/FreeRTOS/Source/tasks.c **** 				else if( pxTCB == pxCurrentTCB )
1604:Middlewares/Third_Party/FreeRTOS/Source/tasks.c **** 				{
1605:Middlewares/Third_Party/FreeRTOS/Source/tasks.c **** 					/* Setting the priority of the running task down means
1606:Middlewares/Third_Party/FreeRTOS/Source/tasks.c **** 					there may now be another task of higher priority that
1607:Middlewares/Third_Party/FreeRTOS/Source/tasks.c **** 					is ready to execute. */
1608:Middlewares/Third_Party/FreeRTOS/Source/tasks.c **** 					xYieldRequired = pdTRUE;
1609:Middlewares/Third_Party/FreeRTOS/Source/tasks.c **** 				}
1610:Middlewares/Third_Party/FreeRTOS/Source/tasks.c **** 				else
1611:Middlewares/Third_Party/FreeRTOS/Source/tasks.c **** 				{
1612:Middlewares/Third_Party/FreeRTOS/Source/tasks.c **** 					/* Setting the priority of any other task down does not
1613:Middlewares/Third_Party/FreeRTOS/Source/tasks.c **** 					require a yield as the running task must be above the
1614:Middlewares/Third_Party/FreeRTOS/Source/tasks.c **** 					new priority of the task being modified. */
1615:Middlewares/Third_Party/FreeRTOS/Source/tasks.c **** 				}
1616:Middlewares/Third_Party/FreeRTOS/Source/tasks.c **** 
1617:Middlewares/Third_Party/FreeRTOS/Source/tasks.c **** 				/* Remember the ready list the task might be referenced from
1618:Middlewares/Third_Party/FreeRTOS/Source/tasks.c **** 				before its uxPriority member is changed so the
1619:Middlewares/Third_Party/FreeRTOS/Source/tasks.c **** 				taskRESET_READY_PRIORITY() macro can function correctly. */
1620:Middlewares/Third_Party/FreeRTOS/Source/tasks.c **** 				uxPriorityUsedOnEntry = pxTCB->uxPriority;
1621:Middlewares/Third_Party/FreeRTOS/Source/tasks.c **** 
1622:Middlewares/Third_Party/FreeRTOS/Source/tasks.c **** 				#if ( configUSE_MUTEXES == 1 )
1623:Middlewares/Third_Party/FreeRTOS/Source/tasks.c **** 				{
1624:Middlewares/Third_Party/FreeRTOS/Source/tasks.c **** 					/* Only change the priority being used if the task is not
1625:Middlewares/Third_Party/FreeRTOS/Source/tasks.c **** 					currently using an inherited priority. */
1626:Middlewares/Third_Party/FreeRTOS/Source/tasks.c **** 					if( pxTCB->uxBasePriority == pxTCB->uxPriority )
1627:Middlewares/Third_Party/FreeRTOS/Source/tasks.c **** 					{
ARM GAS  D:\temp\TMP\ccyP8bey.s 			page 30


1628:Middlewares/Third_Party/FreeRTOS/Source/tasks.c **** 						pxTCB->uxPriority = uxNewPriority;
1629:Middlewares/Third_Party/FreeRTOS/Source/tasks.c **** 					}
1630:Middlewares/Third_Party/FreeRTOS/Source/tasks.c **** 					else
1631:Middlewares/Third_Party/FreeRTOS/Source/tasks.c **** 					{
1632:Middlewares/Third_Party/FreeRTOS/Source/tasks.c **** 						mtCOVERAGE_TEST_MARKER();
1633:Middlewares/Third_Party/FreeRTOS/Source/tasks.c **** 					}
1634:Middlewares/Third_Party/FreeRTOS/Source/tasks.c **** 
1635:Middlewares/Third_Party/FreeRTOS/Source/tasks.c **** 					/* The base priority gets set whatever. */
1636:Middlewares/Third_Party/FreeRTOS/Source/tasks.c **** 					pxTCB->uxBasePriority = uxNewPriority;
1637:Middlewares/Third_Party/FreeRTOS/Source/tasks.c **** 				}
1638:Middlewares/Third_Party/FreeRTOS/Source/tasks.c **** 				#else
1639:Middlewares/Third_Party/FreeRTOS/Source/tasks.c **** 				{
1640:Middlewares/Third_Party/FreeRTOS/Source/tasks.c **** 					pxTCB->uxPriority = uxNewPriority;
1641:Middlewares/Third_Party/FreeRTOS/Source/tasks.c **** 				}
1642:Middlewares/Third_Party/FreeRTOS/Source/tasks.c **** 				#endif
1643:Middlewares/Third_Party/FreeRTOS/Source/tasks.c **** 
1644:Middlewares/Third_Party/FreeRTOS/Source/tasks.c **** 				/* Only reset the event list item value if the value is not
1645:Middlewares/Third_Party/FreeRTOS/Source/tasks.c **** 				being used for anything else. */
1646:Middlewares/Third_Party/FreeRTOS/Source/tasks.c **** 				if( ( listGET_LIST_ITEM_VALUE( &( pxTCB->xEventListItem ) ) & taskEVENT_LIST_ITEM_VALUE_IN_USE 
1647:Middlewares/Third_Party/FreeRTOS/Source/tasks.c **** 				{
1648:Middlewares/Third_Party/FreeRTOS/Source/tasks.c **** 					listSET_LIST_ITEM_VALUE( &( pxTCB->xEventListItem ), ( ( TickType_t ) configMAX_PRIORITIES - (
1649:Middlewares/Third_Party/FreeRTOS/Source/tasks.c **** 				}
1650:Middlewares/Third_Party/FreeRTOS/Source/tasks.c **** 				else
1651:Middlewares/Third_Party/FreeRTOS/Source/tasks.c **** 				{
1652:Middlewares/Third_Party/FreeRTOS/Source/tasks.c **** 					mtCOVERAGE_TEST_MARKER();
1653:Middlewares/Third_Party/FreeRTOS/Source/tasks.c **** 				}
1654:Middlewares/Third_Party/FreeRTOS/Source/tasks.c **** 
1655:Middlewares/Third_Party/FreeRTOS/Source/tasks.c **** 				/* If the task is in the blocked or suspended list we need do
1656:Middlewares/Third_Party/FreeRTOS/Source/tasks.c **** 				nothing more than change its priority variable. However, if
1657:Middlewares/Third_Party/FreeRTOS/Source/tasks.c **** 				the task is in a ready list it needs to be removed and placed
1658:Middlewares/Third_Party/FreeRTOS/Source/tasks.c **** 				in the list appropriate to its new priority. */
1659:Middlewares/Third_Party/FreeRTOS/Source/tasks.c **** 				if( listIS_CONTAINED_WITHIN( &( pxReadyTasksLists[ uxPriorityUsedOnEntry ] ), &( pxTCB->xStateL
1660:Middlewares/Third_Party/FreeRTOS/Source/tasks.c **** 				{
1661:Middlewares/Third_Party/FreeRTOS/Source/tasks.c **** 					/* The task is currently in its ready list - remove before
1662:Middlewares/Third_Party/FreeRTOS/Source/tasks.c **** 					adding it to it's new ready list.  As we are in a critical
1663:Middlewares/Third_Party/FreeRTOS/Source/tasks.c **** 					section we can do this even if the scheduler is suspended. */
1664:Middlewares/Third_Party/FreeRTOS/Source/tasks.c **** 					if( uxListRemove( &( pxTCB->xStateListItem ) ) == ( UBaseType_t ) 0 )
1665:Middlewares/Third_Party/FreeRTOS/Source/tasks.c **** 					{
1666:Middlewares/Third_Party/FreeRTOS/Source/tasks.c **** 						/* It is known that the task is in its ready list so
1667:Middlewares/Third_Party/FreeRTOS/Source/tasks.c **** 						there is no need to check again and the port level
1668:Middlewares/Third_Party/FreeRTOS/Source/tasks.c **** 						reset macro can be called directly. */
1669:Middlewares/Third_Party/FreeRTOS/Source/tasks.c **** 						portRESET_READY_PRIORITY( uxPriorityUsedOnEntry, uxTopReadyPriority );
1670:Middlewares/Third_Party/FreeRTOS/Source/tasks.c **** 					}
1671:Middlewares/Third_Party/FreeRTOS/Source/tasks.c **** 					else
1672:Middlewares/Third_Party/FreeRTOS/Source/tasks.c **** 					{
1673:Middlewares/Third_Party/FreeRTOS/Source/tasks.c **** 						mtCOVERAGE_TEST_MARKER();
1674:Middlewares/Third_Party/FreeRTOS/Source/tasks.c **** 					}
1675:Middlewares/Third_Party/FreeRTOS/Source/tasks.c **** 					prvAddTaskToReadyList( pxTCB );
1676:Middlewares/Third_Party/FreeRTOS/Source/tasks.c **** 				}
1677:Middlewares/Third_Party/FreeRTOS/Source/tasks.c **** 				else
1678:Middlewares/Third_Party/FreeRTOS/Source/tasks.c **** 				{
1679:Middlewares/Third_Party/FreeRTOS/Source/tasks.c **** 					mtCOVERAGE_TEST_MARKER();
1680:Middlewares/Third_Party/FreeRTOS/Source/tasks.c **** 				}
1681:Middlewares/Third_Party/FreeRTOS/Source/tasks.c **** 
1682:Middlewares/Third_Party/FreeRTOS/Source/tasks.c **** 				if( xYieldRequired != pdFALSE )
1683:Middlewares/Third_Party/FreeRTOS/Source/tasks.c **** 				{
1684:Middlewares/Third_Party/FreeRTOS/Source/tasks.c **** 					taskYIELD_IF_USING_PREEMPTION();
ARM GAS  D:\temp\TMP\ccyP8bey.s 			page 31


1685:Middlewares/Third_Party/FreeRTOS/Source/tasks.c **** 				}
1686:Middlewares/Third_Party/FreeRTOS/Source/tasks.c **** 				else
1687:Middlewares/Third_Party/FreeRTOS/Source/tasks.c **** 				{
1688:Middlewares/Third_Party/FreeRTOS/Source/tasks.c **** 					mtCOVERAGE_TEST_MARKER();
1689:Middlewares/Third_Party/FreeRTOS/Source/tasks.c **** 				}
1690:Middlewares/Third_Party/FreeRTOS/Source/tasks.c **** 
1691:Middlewares/Third_Party/FreeRTOS/Source/tasks.c **** 				/* Remove compiler warning about unused variables when the port
1692:Middlewares/Third_Party/FreeRTOS/Source/tasks.c **** 				optimised task selection is not being used. */
1693:Middlewares/Third_Party/FreeRTOS/Source/tasks.c **** 				( void ) uxPriorityUsedOnEntry;
1694:Middlewares/Third_Party/FreeRTOS/Source/tasks.c **** 			}
1695:Middlewares/Third_Party/FreeRTOS/Source/tasks.c **** 		}
1696:Middlewares/Third_Party/FreeRTOS/Source/tasks.c **** 		taskEXIT_CRITICAL();
1697:Middlewares/Third_Party/FreeRTOS/Source/tasks.c **** 	}
1698:Middlewares/Third_Party/FreeRTOS/Source/tasks.c **** 
1699:Middlewares/Third_Party/FreeRTOS/Source/tasks.c **** #endif /* INCLUDE_vTaskPrioritySet */
1700:Middlewares/Third_Party/FreeRTOS/Source/tasks.c **** /*-----------------------------------------------------------*/
1701:Middlewares/Third_Party/FreeRTOS/Source/tasks.c **** 
1702:Middlewares/Third_Party/FreeRTOS/Source/tasks.c **** #if ( INCLUDE_vTaskSuspend == 1 )
1703:Middlewares/Third_Party/FreeRTOS/Source/tasks.c **** 
1704:Middlewares/Third_Party/FreeRTOS/Source/tasks.c **** 	void vTaskSuspend( TaskHandle_t xTaskToSuspend )
1705:Middlewares/Third_Party/FreeRTOS/Source/tasks.c **** 	{
1706:Middlewares/Third_Party/FreeRTOS/Source/tasks.c **** 	TCB_t *pxTCB;
1707:Middlewares/Third_Party/FreeRTOS/Source/tasks.c **** 
1708:Middlewares/Third_Party/FreeRTOS/Source/tasks.c **** 		taskENTER_CRITICAL();
1709:Middlewares/Third_Party/FreeRTOS/Source/tasks.c **** 		{
1710:Middlewares/Third_Party/FreeRTOS/Source/tasks.c **** 			/* If null is passed in here then it is the running task that is
1711:Middlewares/Third_Party/FreeRTOS/Source/tasks.c **** 			being suspended. */
1712:Middlewares/Third_Party/FreeRTOS/Source/tasks.c **** 			pxTCB = prvGetTCBFromHandle( xTaskToSuspend );
1713:Middlewares/Third_Party/FreeRTOS/Source/tasks.c **** 
1714:Middlewares/Third_Party/FreeRTOS/Source/tasks.c **** 			traceTASK_SUSPEND( pxTCB );
1715:Middlewares/Third_Party/FreeRTOS/Source/tasks.c **** 
1716:Middlewares/Third_Party/FreeRTOS/Source/tasks.c **** 			/* Remove task from the ready/delayed list and place in the
1717:Middlewares/Third_Party/FreeRTOS/Source/tasks.c **** 			suspended list. */
1718:Middlewares/Third_Party/FreeRTOS/Source/tasks.c **** 			if( uxListRemove( &( pxTCB->xStateListItem ) ) == ( UBaseType_t ) 0 )
1719:Middlewares/Third_Party/FreeRTOS/Source/tasks.c **** 			{
1720:Middlewares/Third_Party/FreeRTOS/Source/tasks.c **** 				taskRESET_READY_PRIORITY( pxTCB->uxPriority );
1721:Middlewares/Third_Party/FreeRTOS/Source/tasks.c **** 			}
1722:Middlewares/Third_Party/FreeRTOS/Source/tasks.c **** 			else
1723:Middlewares/Third_Party/FreeRTOS/Source/tasks.c **** 			{
1724:Middlewares/Third_Party/FreeRTOS/Source/tasks.c **** 				mtCOVERAGE_TEST_MARKER();
1725:Middlewares/Third_Party/FreeRTOS/Source/tasks.c **** 			}
1726:Middlewares/Third_Party/FreeRTOS/Source/tasks.c **** 
1727:Middlewares/Third_Party/FreeRTOS/Source/tasks.c **** 			/* Is the task waiting on an event also? */
1728:Middlewares/Third_Party/FreeRTOS/Source/tasks.c **** 			if( listLIST_ITEM_CONTAINER( &( pxTCB->xEventListItem ) ) != NULL )
1729:Middlewares/Third_Party/FreeRTOS/Source/tasks.c **** 			{
1730:Middlewares/Third_Party/FreeRTOS/Source/tasks.c **** 				( void ) uxListRemove( &( pxTCB->xEventListItem ) );
1731:Middlewares/Third_Party/FreeRTOS/Source/tasks.c **** 			}
1732:Middlewares/Third_Party/FreeRTOS/Source/tasks.c **** 			else
1733:Middlewares/Third_Party/FreeRTOS/Source/tasks.c **** 			{
1734:Middlewares/Third_Party/FreeRTOS/Source/tasks.c **** 				mtCOVERAGE_TEST_MARKER();
1735:Middlewares/Third_Party/FreeRTOS/Source/tasks.c **** 			}
1736:Middlewares/Third_Party/FreeRTOS/Source/tasks.c **** 
1737:Middlewares/Third_Party/FreeRTOS/Source/tasks.c **** 			vListInsertEnd( &xSuspendedTaskList, &( pxTCB->xStateListItem ) );
1738:Middlewares/Third_Party/FreeRTOS/Source/tasks.c **** 
1739:Middlewares/Third_Party/FreeRTOS/Source/tasks.c **** 			#if( configUSE_TASK_NOTIFICATIONS == 1 )
1740:Middlewares/Third_Party/FreeRTOS/Source/tasks.c **** 			{
1741:Middlewares/Third_Party/FreeRTOS/Source/tasks.c **** 				if( pxTCB->ucNotifyState == taskWAITING_NOTIFICATION )
ARM GAS  D:\temp\TMP\ccyP8bey.s 			page 32


1742:Middlewares/Third_Party/FreeRTOS/Source/tasks.c **** 				{
1743:Middlewares/Third_Party/FreeRTOS/Source/tasks.c **** 					/* The task was blocked to wait for a notification, but is
1744:Middlewares/Third_Party/FreeRTOS/Source/tasks.c **** 					now suspended, so no notification was received. */
1745:Middlewares/Third_Party/FreeRTOS/Source/tasks.c **** 					pxTCB->ucNotifyState = taskNOT_WAITING_NOTIFICATION;
1746:Middlewares/Third_Party/FreeRTOS/Source/tasks.c **** 				}
1747:Middlewares/Third_Party/FreeRTOS/Source/tasks.c **** 			}
1748:Middlewares/Third_Party/FreeRTOS/Source/tasks.c **** 			#endif
1749:Middlewares/Third_Party/FreeRTOS/Source/tasks.c **** 		}
1750:Middlewares/Third_Party/FreeRTOS/Source/tasks.c **** 		taskEXIT_CRITICAL();
1751:Middlewares/Third_Party/FreeRTOS/Source/tasks.c **** 
1752:Middlewares/Third_Party/FreeRTOS/Source/tasks.c **** 		if( xSchedulerRunning != pdFALSE )
1753:Middlewares/Third_Party/FreeRTOS/Source/tasks.c **** 		{
1754:Middlewares/Third_Party/FreeRTOS/Source/tasks.c **** 			/* Reset the next expected unblock time in case it referred to the
1755:Middlewares/Third_Party/FreeRTOS/Source/tasks.c **** 			task that is now in the Suspended state. */
1756:Middlewares/Third_Party/FreeRTOS/Source/tasks.c **** 			taskENTER_CRITICAL();
1757:Middlewares/Third_Party/FreeRTOS/Source/tasks.c **** 			{
1758:Middlewares/Third_Party/FreeRTOS/Source/tasks.c **** 				prvResetNextTaskUnblockTime();
1759:Middlewares/Third_Party/FreeRTOS/Source/tasks.c **** 			}
1760:Middlewares/Third_Party/FreeRTOS/Source/tasks.c **** 			taskEXIT_CRITICAL();
1761:Middlewares/Third_Party/FreeRTOS/Source/tasks.c **** 		}
1762:Middlewares/Third_Party/FreeRTOS/Source/tasks.c **** 		else
1763:Middlewares/Third_Party/FreeRTOS/Source/tasks.c **** 		{
1764:Middlewares/Third_Party/FreeRTOS/Source/tasks.c **** 			mtCOVERAGE_TEST_MARKER();
1765:Middlewares/Third_Party/FreeRTOS/Source/tasks.c **** 		}
1766:Middlewares/Third_Party/FreeRTOS/Source/tasks.c **** 
1767:Middlewares/Third_Party/FreeRTOS/Source/tasks.c **** 		if( pxTCB == pxCurrentTCB )
1768:Middlewares/Third_Party/FreeRTOS/Source/tasks.c **** 		{
1769:Middlewares/Third_Party/FreeRTOS/Source/tasks.c **** 			if( xSchedulerRunning != pdFALSE )
1770:Middlewares/Third_Party/FreeRTOS/Source/tasks.c **** 			{
1771:Middlewares/Third_Party/FreeRTOS/Source/tasks.c **** 				/* The current task has just been suspended. */
1772:Middlewares/Third_Party/FreeRTOS/Source/tasks.c **** 				configASSERT( uxSchedulerSuspended == 0 );
1773:Middlewares/Third_Party/FreeRTOS/Source/tasks.c **** 				portYIELD_WITHIN_API();
1774:Middlewares/Third_Party/FreeRTOS/Source/tasks.c **** 			}
1775:Middlewares/Third_Party/FreeRTOS/Source/tasks.c **** 			else
1776:Middlewares/Third_Party/FreeRTOS/Source/tasks.c **** 			{
1777:Middlewares/Third_Party/FreeRTOS/Source/tasks.c **** 				/* The scheduler is not running, but the task that was pointed
1778:Middlewares/Third_Party/FreeRTOS/Source/tasks.c **** 				to by pxCurrentTCB has just been suspended and pxCurrentTCB
1779:Middlewares/Third_Party/FreeRTOS/Source/tasks.c **** 				must be adjusted to point to a different task. */
1780:Middlewares/Third_Party/FreeRTOS/Source/tasks.c **** 				if( listCURRENT_LIST_LENGTH( &xSuspendedTaskList ) == uxCurrentNumberOfTasks ) /*lint !e931 Rig
1781:Middlewares/Third_Party/FreeRTOS/Source/tasks.c **** 				{
1782:Middlewares/Third_Party/FreeRTOS/Source/tasks.c **** 					/* No other tasks are ready, so set pxCurrentTCB back to
1783:Middlewares/Third_Party/FreeRTOS/Source/tasks.c **** 					NULL so when the next task is created pxCurrentTCB will
1784:Middlewares/Third_Party/FreeRTOS/Source/tasks.c **** 					be set to point to it no matter what its relative priority
1785:Middlewares/Third_Party/FreeRTOS/Source/tasks.c **** 					is. */
1786:Middlewares/Third_Party/FreeRTOS/Source/tasks.c **** 					pxCurrentTCB = NULL;
1787:Middlewares/Third_Party/FreeRTOS/Source/tasks.c **** 				}
1788:Middlewares/Third_Party/FreeRTOS/Source/tasks.c **** 				else
1789:Middlewares/Third_Party/FreeRTOS/Source/tasks.c **** 				{
1790:Middlewares/Third_Party/FreeRTOS/Source/tasks.c **** 					vTaskSwitchContext();
1791:Middlewares/Third_Party/FreeRTOS/Source/tasks.c **** 				}
1792:Middlewares/Third_Party/FreeRTOS/Source/tasks.c **** 			}
1793:Middlewares/Third_Party/FreeRTOS/Source/tasks.c **** 		}
1794:Middlewares/Third_Party/FreeRTOS/Source/tasks.c **** 		else
1795:Middlewares/Third_Party/FreeRTOS/Source/tasks.c **** 		{
1796:Middlewares/Third_Party/FreeRTOS/Source/tasks.c **** 			mtCOVERAGE_TEST_MARKER();
1797:Middlewares/Third_Party/FreeRTOS/Source/tasks.c **** 		}
1798:Middlewares/Third_Party/FreeRTOS/Source/tasks.c **** 	}
ARM GAS  D:\temp\TMP\ccyP8bey.s 			page 33


1799:Middlewares/Third_Party/FreeRTOS/Source/tasks.c **** 
1800:Middlewares/Third_Party/FreeRTOS/Source/tasks.c **** #endif /* INCLUDE_vTaskSuspend */
1801:Middlewares/Third_Party/FreeRTOS/Source/tasks.c **** /*-----------------------------------------------------------*/
1802:Middlewares/Third_Party/FreeRTOS/Source/tasks.c **** 
1803:Middlewares/Third_Party/FreeRTOS/Source/tasks.c **** #if ( INCLUDE_vTaskSuspend == 1 )
1804:Middlewares/Third_Party/FreeRTOS/Source/tasks.c **** 
1805:Middlewares/Third_Party/FreeRTOS/Source/tasks.c **** 	static BaseType_t prvTaskIsTaskSuspended( const TaskHandle_t xTask )
1806:Middlewares/Third_Party/FreeRTOS/Source/tasks.c **** 	{
  28              		.loc 1 1806 2 view -0
  29              		.cfi_startproc
  30              		@ args = 0, pretend = 0, frame = 0
  31              		@ frame_needed = 0, uses_anonymous_args = 0
  32              		@ link register save eliminated.
1807:Middlewares/Third_Party/FreeRTOS/Source/tasks.c **** 	BaseType_t xReturn = pdFALSE;
  33              		.loc 1 1807 2 view .LVU1
1808:Middlewares/Third_Party/FreeRTOS/Source/tasks.c **** 	const TCB_t * const pxTCB = xTask;
  34              		.loc 1 1808 2 view .LVU2
1809:Middlewares/Third_Party/FreeRTOS/Source/tasks.c **** 
1810:Middlewares/Third_Party/FreeRTOS/Source/tasks.c **** 		/* Accesses xPendingReadyList so must be called from a critical
1811:Middlewares/Third_Party/FreeRTOS/Source/tasks.c **** 		section. */
1812:Middlewares/Third_Party/FreeRTOS/Source/tasks.c **** 
1813:Middlewares/Third_Party/FreeRTOS/Source/tasks.c **** 		/* It does not make sense to check if the calling task is suspended. */
1814:Middlewares/Third_Party/FreeRTOS/Source/tasks.c **** 		configASSERT( xTask );
  35              		.loc 1 1814 3 view .LVU3
  36 0000 28B1     		cbz	r0, .L8
  37              		.loc 1 1814 24 view .LVU4
1815:Middlewares/Third_Party/FreeRTOS/Source/tasks.c **** 
1816:Middlewares/Third_Party/FreeRTOS/Source/tasks.c **** 		/* Is the task being resumed actually in the suspended list? */
1817:Middlewares/Third_Party/FreeRTOS/Source/tasks.c **** 		if( listIS_CONTAINED_WITHIN( &xSuspendedTaskList, &( pxTCB->xStateListItem ) ) != pdFALSE )
  38              		.loc 1 1817 3 view .LVU5
  39              		.loc 1 1817 7 is_stmt 0 view .LVU6
  40 0002 4169     		ldr	r1, [r0, #20]
  41              		.loc 1 1817 5 view .LVU7
  42 0004 0C4A     		ldr	r2, .L10
  43 0006 9142     		cmp	r1, r2
  44 0008 0AD0     		beq	.L9
1807:Middlewares/Third_Party/FreeRTOS/Source/tasks.c **** 	const TCB_t * const pxTCB = xTask;
  45              		.loc 1 1807 13 view .LVU8
  46 000a 0020     		movs	r0, #0
  47              	.LVL1:
1807:Middlewares/Third_Party/FreeRTOS/Source/tasks.c **** 	const TCB_t * const pxTCB = xTask;
  48              		.loc 1 1807 13 view .LVU9
  49 000c 7047     		bx	lr
  50              	.LVL2:
  51              	.L8:
1814:Middlewares/Third_Party/FreeRTOS/Source/tasks.c **** 
  52              		.loc 1 1814 3 is_stmt 1 discriminator 1 view .LVU10
  53              	.LBB110:
  54              	.LBI110:
  55              		.file 2 "Middlewares/Third_Party/FreeRTOS/Source/portable/GCC/ARM_CM4F/portmacro.h"
   1:Middlewares/Third_Party/FreeRTOS/Source/portable/GCC/ARM_CM4F/portmacro.h **** /*
   2:Middlewares/Third_Party/FreeRTOS/Source/portable/GCC/ARM_CM4F/portmacro.h ****  * FreeRTOS Kernel V10.3.1
   3:Middlewares/Third_Party/FreeRTOS/Source/portable/GCC/ARM_CM4F/portmacro.h ****  * Copyright (C) 2020 Amazon.com, Inc. or its affiliates.  All Rights Reserved.
   4:Middlewares/Third_Party/FreeRTOS/Source/portable/GCC/ARM_CM4F/portmacro.h ****  *
   5:Middlewares/Third_Party/FreeRTOS/Source/portable/GCC/ARM_CM4F/portmacro.h ****  * Permission is hereby granted, free of charge, to any person obtaining a copy of
   6:Middlewares/Third_Party/FreeRTOS/Source/portable/GCC/ARM_CM4F/portmacro.h ****  * this software and associated documentation files (the "Software"), to deal in
   7:Middlewares/Third_Party/FreeRTOS/Source/portable/GCC/ARM_CM4F/portmacro.h ****  * the Software without restriction, including without limitation the rights to
ARM GAS  D:\temp\TMP\ccyP8bey.s 			page 34


   8:Middlewares/Third_Party/FreeRTOS/Source/portable/GCC/ARM_CM4F/portmacro.h ****  * use, copy, modify, merge, publish, distribute, sublicense, and/or sell copies of
   9:Middlewares/Third_Party/FreeRTOS/Source/portable/GCC/ARM_CM4F/portmacro.h ****  * the Software, and to permit persons to whom the Software is furnished to do so,
  10:Middlewares/Third_Party/FreeRTOS/Source/portable/GCC/ARM_CM4F/portmacro.h ****  * subject to the following conditions:
  11:Middlewares/Third_Party/FreeRTOS/Source/portable/GCC/ARM_CM4F/portmacro.h ****  *
  12:Middlewares/Third_Party/FreeRTOS/Source/portable/GCC/ARM_CM4F/portmacro.h ****  * The above copyright notice and this permission notice shall be included in all
  13:Middlewares/Third_Party/FreeRTOS/Source/portable/GCC/ARM_CM4F/portmacro.h ****  * copies or substantial portions of the Software.
  14:Middlewares/Third_Party/FreeRTOS/Source/portable/GCC/ARM_CM4F/portmacro.h ****  *
  15:Middlewares/Third_Party/FreeRTOS/Source/portable/GCC/ARM_CM4F/portmacro.h ****  * THE SOFTWARE IS PROVIDED "AS IS", WITHOUT WARRANTY OF ANY KIND, EXPRESS OR
  16:Middlewares/Third_Party/FreeRTOS/Source/portable/GCC/ARM_CM4F/portmacro.h ****  * IMPLIED, INCLUDING BUT NOT LIMITED TO THE WARRANTIES OF MERCHANTABILITY, FITNESS
  17:Middlewares/Third_Party/FreeRTOS/Source/portable/GCC/ARM_CM4F/portmacro.h ****  * FOR A PARTICULAR PURPOSE AND NONINFRINGEMENT. IN NO EVENT SHALL THE AUTHORS OR
  18:Middlewares/Third_Party/FreeRTOS/Source/portable/GCC/ARM_CM4F/portmacro.h ****  * COPYRIGHT HOLDERS BE LIABLE FOR ANY CLAIM, DAMAGES OR OTHER LIABILITY, WHETHER
  19:Middlewares/Third_Party/FreeRTOS/Source/portable/GCC/ARM_CM4F/portmacro.h ****  * IN AN ACTION OF CONTRACT, TORT OR OTHERWISE, ARISING FROM, OUT OF OR IN
  20:Middlewares/Third_Party/FreeRTOS/Source/portable/GCC/ARM_CM4F/portmacro.h ****  * CONNECTION WITH THE SOFTWARE OR THE USE OR OTHER DEALINGS IN THE SOFTWARE.
  21:Middlewares/Third_Party/FreeRTOS/Source/portable/GCC/ARM_CM4F/portmacro.h ****  *
  22:Middlewares/Third_Party/FreeRTOS/Source/portable/GCC/ARM_CM4F/portmacro.h ****  * http://www.FreeRTOS.org
  23:Middlewares/Third_Party/FreeRTOS/Source/portable/GCC/ARM_CM4F/portmacro.h ****  * http://aws.amazon.com/freertos
  24:Middlewares/Third_Party/FreeRTOS/Source/portable/GCC/ARM_CM4F/portmacro.h ****  *
  25:Middlewares/Third_Party/FreeRTOS/Source/portable/GCC/ARM_CM4F/portmacro.h ****  * 1 tab == 4 spaces!
  26:Middlewares/Third_Party/FreeRTOS/Source/portable/GCC/ARM_CM4F/portmacro.h ****  */
  27:Middlewares/Third_Party/FreeRTOS/Source/portable/GCC/ARM_CM4F/portmacro.h **** 
  28:Middlewares/Third_Party/FreeRTOS/Source/portable/GCC/ARM_CM4F/portmacro.h **** 
  29:Middlewares/Third_Party/FreeRTOS/Source/portable/GCC/ARM_CM4F/portmacro.h **** #ifndef PORTMACRO_H
  30:Middlewares/Third_Party/FreeRTOS/Source/portable/GCC/ARM_CM4F/portmacro.h **** #define PORTMACRO_H
  31:Middlewares/Third_Party/FreeRTOS/Source/portable/GCC/ARM_CM4F/portmacro.h **** 
  32:Middlewares/Third_Party/FreeRTOS/Source/portable/GCC/ARM_CM4F/portmacro.h **** #ifdef __cplusplus
  33:Middlewares/Third_Party/FreeRTOS/Source/portable/GCC/ARM_CM4F/portmacro.h **** extern "C" {
  34:Middlewares/Third_Party/FreeRTOS/Source/portable/GCC/ARM_CM4F/portmacro.h **** #endif
  35:Middlewares/Third_Party/FreeRTOS/Source/portable/GCC/ARM_CM4F/portmacro.h **** 
  36:Middlewares/Third_Party/FreeRTOS/Source/portable/GCC/ARM_CM4F/portmacro.h **** /*-----------------------------------------------------------
  37:Middlewares/Third_Party/FreeRTOS/Source/portable/GCC/ARM_CM4F/portmacro.h ****  * Port specific definitions.
  38:Middlewares/Third_Party/FreeRTOS/Source/portable/GCC/ARM_CM4F/portmacro.h ****  *
  39:Middlewares/Third_Party/FreeRTOS/Source/portable/GCC/ARM_CM4F/portmacro.h ****  * The settings in this file configure FreeRTOS correctly for the
  40:Middlewares/Third_Party/FreeRTOS/Source/portable/GCC/ARM_CM4F/portmacro.h ****  * given hardware and compiler.
  41:Middlewares/Third_Party/FreeRTOS/Source/portable/GCC/ARM_CM4F/portmacro.h ****  *
  42:Middlewares/Third_Party/FreeRTOS/Source/portable/GCC/ARM_CM4F/portmacro.h ****  * These settings should not be altered.
  43:Middlewares/Third_Party/FreeRTOS/Source/portable/GCC/ARM_CM4F/portmacro.h ****  *-----------------------------------------------------------
  44:Middlewares/Third_Party/FreeRTOS/Source/portable/GCC/ARM_CM4F/portmacro.h ****  */
  45:Middlewares/Third_Party/FreeRTOS/Source/portable/GCC/ARM_CM4F/portmacro.h **** 
  46:Middlewares/Third_Party/FreeRTOS/Source/portable/GCC/ARM_CM4F/portmacro.h **** /* Type definitions. */
  47:Middlewares/Third_Party/FreeRTOS/Source/portable/GCC/ARM_CM4F/portmacro.h **** #define portCHAR		char
  48:Middlewares/Third_Party/FreeRTOS/Source/portable/GCC/ARM_CM4F/portmacro.h **** #define portFLOAT		float
  49:Middlewares/Third_Party/FreeRTOS/Source/portable/GCC/ARM_CM4F/portmacro.h **** #define portDOUBLE		double
  50:Middlewares/Third_Party/FreeRTOS/Source/portable/GCC/ARM_CM4F/portmacro.h **** #define portLONG		long
  51:Middlewares/Third_Party/FreeRTOS/Source/portable/GCC/ARM_CM4F/portmacro.h **** #define portSHORT		short
  52:Middlewares/Third_Party/FreeRTOS/Source/portable/GCC/ARM_CM4F/portmacro.h **** #define portSTACK_TYPE	uint32_t
  53:Middlewares/Third_Party/FreeRTOS/Source/portable/GCC/ARM_CM4F/portmacro.h **** #define portBASE_TYPE	long
  54:Middlewares/Third_Party/FreeRTOS/Source/portable/GCC/ARM_CM4F/portmacro.h **** 
  55:Middlewares/Third_Party/FreeRTOS/Source/portable/GCC/ARM_CM4F/portmacro.h **** typedef portSTACK_TYPE StackType_t;
  56:Middlewares/Third_Party/FreeRTOS/Source/portable/GCC/ARM_CM4F/portmacro.h **** typedef long BaseType_t;
  57:Middlewares/Third_Party/FreeRTOS/Source/portable/GCC/ARM_CM4F/portmacro.h **** typedef unsigned long UBaseType_t;
  58:Middlewares/Third_Party/FreeRTOS/Source/portable/GCC/ARM_CM4F/portmacro.h **** 
  59:Middlewares/Third_Party/FreeRTOS/Source/portable/GCC/ARM_CM4F/portmacro.h **** #if( configUSE_16_BIT_TICKS == 1 )
  60:Middlewares/Third_Party/FreeRTOS/Source/portable/GCC/ARM_CM4F/portmacro.h **** 	typedef uint16_t TickType_t;
  61:Middlewares/Third_Party/FreeRTOS/Source/portable/GCC/ARM_CM4F/portmacro.h **** 	#define portMAX_DELAY ( TickType_t ) 0xffff
  62:Middlewares/Third_Party/FreeRTOS/Source/portable/GCC/ARM_CM4F/portmacro.h **** #else
  63:Middlewares/Third_Party/FreeRTOS/Source/portable/GCC/ARM_CM4F/portmacro.h **** 	typedef uint32_t TickType_t;
  64:Middlewares/Third_Party/FreeRTOS/Source/portable/GCC/ARM_CM4F/portmacro.h **** 	#define portMAX_DELAY ( TickType_t ) 0xffffffffUL
ARM GAS  D:\temp\TMP\ccyP8bey.s 			page 35


  65:Middlewares/Third_Party/FreeRTOS/Source/portable/GCC/ARM_CM4F/portmacro.h **** 
  66:Middlewares/Third_Party/FreeRTOS/Source/portable/GCC/ARM_CM4F/portmacro.h **** 	/* 32-bit tick type on a 32-bit architecture, so reads of the tick count do
  67:Middlewares/Third_Party/FreeRTOS/Source/portable/GCC/ARM_CM4F/portmacro.h **** 	not need to be guarded with a critical section. */
  68:Middlewares/Third_Party/FreeRTOS/Source/portable/GCC/ARM_CM4F/portmacro.h **** 	#define portTICK_TYPE_IS_ATOMIC 1
  69:Middlewares/Third_Party/FreeRTOS/Source/portable/GCC/ARM_CM4F/portmacro.h **** #endif
  70:Middlewares/Third_Party/FreeRTOS/Source/portable/GCC/ARM_CM4F/portmacro.h **** /*-----------------------------------------------------------*/
  71:Middlewares/Third_Party/FreeRTOS/Source/portable/GCC/ARM_CM4F/portmacro.h **** 
  72:Middlewares/Third_Party/FreeRTOS/Source/portable/GCC/ARM_CM4F/portmacro.h **** /* Architecture specifics. */
  73:Middlewares/Third_Party/FreeRTOS/Source/portable/GCC/ARM_CM4F/portmacro.h **** #define portSTACK_GROWTH			( -1 )
  74:Middlewares/Third_Party/FreeRTOS/Source/portable/GCC/ARM_CM4F/portmacro.h **** #define portTICK_PERIOD_MS			( ( TickType_t ) 1000 / configTICK_RATE_HZ )
  75:Middlewares/Third_Party/FreeRTOS/Source/portable/GCC/ARM_CM4F/portmacro.h **** #define portBYTE_ALIGNMENT			8
  76:Middlewares/Third_Party/FreeRTOS/Source/portable/GCC/ARM_CM4F/portmacro.h **** /*-----------------------------------------------------------*/
  77:Middlewares/Third_Party/FreeRTOS/Source/portable/GCC/ARM_CM4F/portmacro.h **** 
  78:Middlewares/Third_Party/FreeRTOS/Source/portable/GCC/ARM_CM4F/portmacro.h **** /* Scheduler utilities. */
  79:Middlewares/Third_Party/FreeRTOS/Source/portable/GCC/ARM_CM4F/portmacro.h **** #define portYIELD() 															\
  80:Middlewares/Third_Party/FreeRTOS/Source/portable/GCC/ARM_CM4F/portmacro.h **** {																				\
  81:Middlewares/Third_Party/FreeRTOS/Source/portable/GCC/ARM_CM4F/portmacro.h **** 	/* Set a PendSV to request a context switch. */								\
  82:Middlewares/Third_Party/FreeRTOS/Source/portable/GCC/ARM_CM4F/portmacro.h **** 	portNVIC_INT_CTRL_REG = portNVIC_PENDSVSET_BIT;								\
  83:Middlewares/Third_Party/FreeRTOS/Source/portable/GCC/ARM_CM4F/portmacro.h **** 																				\
  84:Middlewares/Third_Party/FreeRTOS/Source/portable/GCC/ARM_CM4F/portmacro.h **** 	/* Barriers are normally not required but do ensure the code is completely	\
  85:Middlewares/Third_Party/FreeRTOS/Source/portable/GCC/ARM_CM4F/portmacro.h **** 	within the specified behaviour for the architecture. */						\
  86:Middlewares/Third_Party/FreeRTOS/Source/portable/GCC/ARM_CM4F/portmacro.h **** 	__asm volatile( "dsb" ::: "memory" );										\
  87:Middlewares/Third_Party/FreeRTOS/Source/portable/GCC/ARM_CM4F/portmacro.h **** 	__asm volatile( "isb" );													\
  88:Middlewares/Third_Party/FreeRTOS/Source/portable/GCC/ARM_CM4F/portmacro.h **** }
  89:Middlewares/Third_Party/FreeRTOS/Source/portable/GCC/ARM_CM4F/portmacro.h **** 
  90:Middlewares/Third_Party/FreeRTOS/Source/portable/GCC/ARM_CM4F/portmacro.h **** #define portNVIC_INT_CTRL_REG		( * ( ( volatile uint32_t * ) 0xe000ed04 ) )
  91:Middlewares/Third_Party/FreeRTOS/Source/portable/GCC/ARM_CM4F/portmacro.h **** #define portNVIC_PENDSVSET_BIT		( 1UL << 28UL )
  92:Middlewares/Third_Party/FreeRTOS/Source/portable/GCC/ARM_CM4F/portmacro.h **** #define portEND_SWITCHING_ISR( xSwitchRequired ) if( xSwitchRequired != pdFALSE ) portYIELD()
  93:Middlewares/Third_Party/FreeRTOS/Source/portable/GCC/ARM_CM4F/portmacro.h **** #define portYIELD_FROM_ISR( x ) portEND_SWITCHING_ISR( x )
  94:Middlewares/Third_Party/FreeRTOS/Source/portable/GCC/ARM_CM4F/portmacro.h **** /*-----------------------------------------------------------*/
  95:Middlewares/Third_Party/FreeRTOS/Source/portable/GCC/ARM_CM4F/portmacro.h **** 
  96:Middlewares/Third_Party/FreeRTOS/Source/portable/GCC/ARM_CM4F/portmacro.h **** /* Critical section management. */
  97:Middlewares/Third_Party/FreeRTOS/Source/portable/GCC/ARM_CM4F/portmacro.h **** extern void vPortEnterCritical( void );
  98:Middlewares/Third_Party/FreeRTOS/Source/portable/GCC/ARM_CM4F/portmacro.h **** extern void vPortExitCritical( void );
  99:Middlewares/Third_Party/FreeRTOS/Source/portable/GCC/ARM_CM4F/portmacro.h **** #define portSET_INTERRUPT_MASK_FROM_ISR()		ulPortRaiseBASEPRI()
 100:Middlewares/Third_Party/FreeRTOS/Source/portable/GCC/ARM_CM4F/portmacro.h **** #define portCLEAR_INTERRUPT_MASK_FROM_ISR(x)	vPortSetBASEPRI(x)
 101:Middlewares/Third_Party/FreeRTOS/Source/portable/GCC/ARM_CM4F/portmacro.h **** #define portDISABLE_INTERRUPTS()				vPortRaiseBASEPRI()
 102:Middlewares/Third_Party/FreeRTOS/Source/portable/GCC/ARM_CM4F/portmacro.h **** #define portENABLE_INTERRUPTS()					vPortSetBASEPRI(0)
 103:Middlewares/Third_Party/FreeRTOS/Source/portable/GCC/ARM_CM4F/portmacro.h **** #define portENTER_CRITICAL()					vPortEnterCritical()
 104:Middlewares/Third_Party/FreeRTOS/Source/portable/GCC/ARM_CM4F/portmacro.h **** #define portEXIT_CRITICAL()						vPortExitCritical()
 105:Middlewares/Third_Party/FreeRTOS/Source/portable/GCC/ARM_CM4F/portmacro.h **** 
 106:Middlewares/Third_Party/FreeRTOS/Source/portable/GCC/ARM_CM4F/portmacro.h **** /*-----------------------------------------------------------*/
 107:Middlewares/Third_Party/FreeRTOS/Source/portable/GCC/ARM_CM4F/portmacro.h **** 
 108:Middlewares/Third_Party/FreeRTOS/Source/portable/GCC/ARM_CM4F/portmacro.h **** /* Task function macros as described on the FreeRTOS.org WEB site.  These are
 109:Middlewares/Third_Party/FreeRTOS/Source/portable/GCC/ARM_CM4F/portmacro.h **** not necessary for to use this port.  They are defined so the common demo files
 110:Middlewares/Third_Party/FreeRTOS/Source/portable/GCC/ARM_CM4F/portmacro.h **** (which build with all the ports) will build. */
 111:Middlewares/Third_Party/FreeRTOS/Source/portable/GCC/ARM_CM4F/portmacro.h **** #define portTASK_FUNCTION_PROTO( vFunction, pvParameters ) void vFunction( void *pvParameters )
 112:Middlewares/Third_Party/FreeRTOS/Source/portable/GCC/ARM_CM4F/portmacro.h **** #define portTASK_FUNCTION( vFunction, pvParameters ) void vFunction( void *pvParameters )
 113:Middlewares/Third_Party/FreeRTOS/Source/portable/GCC/ARM_CM4F/portmacro.h **** /*-----------------------------------------------------------*/
 114:Middlewares/Third_Party/FreeRTOS/Source/portable/GCC/ARM_CM4F/portmacro.h **** 
 115:Middlewares/Third_Party/FreeRTOS/Source/portable/GCC/ARM_CM4F/portmacro.h **** /* Tickless idle/low power functionality. */
 116:Middlewares/Third_Party/FreeRTOS/Source/portable/GCC/ARM_CM4F/portmacro.h **** #ifndef portSUPPRESS_TICKS_AND_SLEEP
 117:Middlewares/Third_Party/FreeRTOS/Source/portable/GCC/ARM_CM4F/portmacro.h **** 	extern void vPortSuppressTicksAndSleep( TickType_t xExpectedIdleTime );
 118:Middlewares/Third_Party/FreeRTOS/Source/portable/GCC/ARM_CM4F/portmacro.h **** 	#define portSUPPRESS_TICKS_AND_SLEEP( xExpectedIdleTime ) vPortSuppressTicksAndSleep( xExpectedIdl
 119:Middlewares/Third_Party/FreeRTOS/Source/portable/GCC/ARM_CM4F/portmacro.h **** #endif
 120:Middlewares/Third_Party/FreeRTOS/Source/portable/GCC/ARM_CM4F/portmacro.h **** /*-----------------------------------------------------------*/
 121:Middlewares/Third_Party/FreeRTOS/Source/portable/GCC/ARM_CM4F/portmacro.h **** 
ARM GAS  D:\temp\TMP\ccyP8bey.s 			page 36


 122:Middlewares/Third_Party/FreeRTOS/Source/portable/GCC/ARM_CM4F/portmacro.h **** /* Architecture specific optimisations. */
 123:Middlewares/Third_Party/FreeRTOS/Source/portable/GCC/ARM_CM4F/portmacro.h **** #ifndef configUSE_PORT_OPTIMISED_TASK_SELECTION
 124:Middlewares/Third_Party/FreeRTOS/Source/portable/GCC/ARM_CM4F/portmacro.h **** 	#define configUSE_PORT_OPTIMISED_TASK_SELECTION 1
 125:Middlewares/Third_Party/FreeRTOS/Source/portable/GCC/ARM_CM4F/portmacro.h **** #endif
 126:Middlewares/Third_Party/FreeRTOS/Source/portable/GCC/ARM_CM4F/portmacro.h **** 
 127:Middlewares/Third_Party/FreeRTOS/Source/portable/GCC/ARM_CM4F/portmacro.h **** #if configUSE_PORT_OPTIMISED_TASK_SELECTION == 1
 128:Middlewares/Third_Party/FreeRTOS/Source/portable/GCC/ARM_CM4F/portmacro.h **** 
 129:Middlewares/Third_Party/FreeRTOS/Source/portable/GCC/ARM_CM4F/portmacro.h **** 	/* Generic helper function. */
 130:Middlewares/Third_Party/FreeRTOS/Source/portable/GCC/ARM_CM4F/portmacro.h **** 	__attribute__( ( always_inline ) ) static inline uint8_t ucPortCountLeadingZeros( uint32_t ulBitma
 131:Middlewares/Third_Party/FreeRTOS/Source/portable/GCC/ARM_CM4F/portmacro.h **** 	{
 132:Middlewares/Third_Party/FreeRTOS/Source/portable/GCC/ARM_CM4F/portmacro.h **** 	uint8_t ucReturn;
 133:Middlewares/Third_Party/FreeRTOS/Source/portable/GCC/ARM_CM4F/portmacro.h **** 
 134:Middlewares/Third_Party/FreeRTOS/Source/portable/GCC/ARM_CM4F/portmacro.h **** 		__asm volatile ( "clz %0, %1" : "=r" ( ucReturn ) : "r" ( ulBitmap ) : "memory" );
 135:Middlewares/Third_Party/FreeRTOS/Source/portable/GCC/ARM_CM4F/portmacro.h **** 		return ucReturn;
 136:Middlewares/Third_Party/FreeRTOS/Source/portable/GCC/ARM_CM4F/portmacro.h **** 	}
 137:Middlewares/Third_Party/FreeRTOS/Source/portable/GCC/ARM_CM4F/portmacro.h **** 
 138:Middlewares/Third_Party/FreeRTOS/Source/portable/GCC/ARM_CM4F/portmacro.h **** 	/* Check the configuration. */
 139:Middlewares/Third_Party/FreeRTOS/Source/portable/GCC/ARM_CM4F/portmacro.h **** 	#if( configMAX_PRIORITIES > 32 )
 140:Middlewares/Third_Party/FreeRTOS/Source/portable/GCC/ARM_CM4F/portmacro.h **** 		#error configUSE_PORT_OPTIMISED_TASK_SELECTION can only be set to 1 when configMAX_PRIORITIES is 
 141:Middlewares/Third_Party/FreeRTOS/Source/portable/GCC/ARM_CM4F/portmacro.h **** 	#endif
 142:Middlewares/Third_Party/FreeRTOS/Source/portable/GCC/ARM_CM4F/portmacro.h **** 
 143:Middlewares/Third_Party/FreeRTOS/Source/portable/GCC/ARM_CM4F/portmacro.h **** 	/* Store/clear the ready priorities in a bit map. */
 144:Middlewares/Third_Party/FreeRTOS/Source/portable/GCC/ARM_CM4F/portmacro.h **** 	#define portRECORD_READY_PRIORITY( uxPriority, uxReadyPriorities ) ( uxReadyPriorities ) |= ( 1UL 
 145:Middlewares/Third_Party/FreeRTOS/Source/portable/GCC/ARM_CM4F/portmacro.h **** 	#define portRESET_READY_PRIORITY( uxPriority, uxReadyPriorities ) ( uxReadyPriorities ) &= ~( 1UL 
 146:Middlewares/Third_Party/FreeRTOS/Source/portable/GCC/ARM_CM4F/portmacro.h **** 
 147:Middlewares/Third_Party/FreeRTOS/Source/portable/GCC/ARM_CM4F/portmacro.h **** 	/*-----------------------------------------------------------*/
 148:Middlewares/Third_Party/FreeRTOS/Source/portable/GCC/ARM_CM4F/portmacro.h **** 
 149:Middlewares/Third_Party/FreeRTOS/Source/portable/GCC/ARM_CM4F/portmacro.h **** 	#define portGET_HIGHEST_PRIORITY( uxTopPriority, uxReadyPriorities ) uxTopPriority = ( 31UL - ( ui
 150:Middlewares/Third_Party/FreeRTOS/Source/portable/GCC/ARM_CM4F/portmacro.h **** 
 151:Middlewares/Third_Party/FreeRTOS/Source/portable/GCC/ARM_CM4F/portmacro.h **** #endif /* configUSE_PORT_OPTIMISED_TASK_SELECTION */
 152:Middlewares/Third_Party/FreeRTOS/Source/portable/GCC/ARM_CM4F/portmacro.h **** 
 153:Middlewares/Third_Party/FreeRTOS/Source/portable/GCC/ARM_CM4F/portmacro.h **** /*-----------------------------------------------------------*/
 154:Middlewares/Third_Party/FreeRTOS/Source/portable/GCC/ARM_CM4F/portmacro.h **** 
 155:Middlewares/Third_Party/FreeRTOS/Source/portable/GCC/ARM_CM4F/portmacro.h **** #ifdef configASSERT
 156:Middlewares/Third_Party/FreeRTOS/Source/portable/GCC/ARM_CM4F/portmacro.h **** 	void vPortValidateInterruptPriority( void );
 157:Middlewares/Third_Party/FreeRTOS/Source/portable/GCC/ARM_CM4F/portmacro.h **** 	#define portASSERT_IF_INTERRUPT_PRIORITY_INVALID() 	vPortValidateInterruptPriority()
 158:Middlewares/Third_Party/FreeRTOS/Source/portable/GCC/ARM_CM4F/portmacro.h **** #endif
 159:Middlewares/Third_Party/FreeRTOS/Source/portable/GCC/ARM_CM4F/portmacro.h **** 
 160:Middlewares/Third_Party/FreeRTOS/Source/portable/GCC/ARM_CM4F/portmacro.h **** /* portNOP() is not required by this port. */
 161:Middlewares/Third_Party/FreeRTOS/Source/portable/GCC/ARM_CM4F/portmacro.h **** #define portNOP()
 162:Middlewares/Third_Party/FreeRTOS/Source/portable/GCC/ARM_CM4F/portmacro.h **** 
 163:Middlewares/Third_Party/FreeRTOS/Source/portable/GCC/ARM_CM4F/portmacro.h **** #define portINLINE	__inline
 164:Middlewares/Third_Party/FreeRTOS/Source/portable/GCC/ARM_CM4F/portmacro.h **** 
 165:Middlewares/Third_Party/FreeRTOS/Source/portable/GCC/ARM_CM4F/portmacro.h **** #ifndef portFORCE_INLINE
 166:Middlewares/Third_Party/FreeRTOS/Source/portable/GCC/ARM_CM4F/portmacro.h **** 	#define portFORCE_INLINE inline __attribute__(( always_inline))
 167:Middlewares/Third_Party/FreeRTOS/Source/portable/GCC/ARM_CM4F/portmacro.h **** #endif
 168:Middlewares/Third_Party/FreeRTOS/Source/portable/GCC/ARM_CM4F/portmacro.h **** 
 169:Middlewares/Third_Party/FreeRTOS/Source/portable/GCC/ARM_CM4F/portmacro.h **** portFORCE_INLINE static BaseType_t xPortIsInsideInterrupt( void )
 170:Middlewares/Third_Party/FreeRTOS/Source/portable/GCC/ARM_CM4F/portmacro.h **** {
 171:Middlewares/Third_Party/FreeRTOS/Source/portable/GCC/ARM_CM4F/portmacro.h **** uint32_t ulCurrentInterrupt;
 172:Middlewares/Third_Party/FreeRTOS/Source/portable/GCC/ARM_CM4F/portmacro.h **** BaseType_t xReturn;
 173:Middlewares/Third_Party/FreeRTOS/Source/portable/GCC/ARM_CM4F/portmacro.h **** 
 174:Middlewares/Third_Party/FreeRTOS/Source/portable/GCC/ARM_CM4F/portmacro.h **** 	/* Obtain the number of the currently executing interrupt. */
 175:Middlewares/Third_Party/FreeRTOS/Source/portable/GCC/ARM_CM4F/portmacro.h **** 	__asm volatile( "mrs %0, ipsr" : "=r"( ulCurrentInterrupt ) :: "memory" );
 176:Middlewares/Third_Party/FreeRTOS/Source/portable/GCC/ARM_CM4F/portmacro.h **** 
 177:Middlewares/Third_Party/FreeRTOS/Source/portable/GCC/ARM_CM4F/portmacro.h **** 	if( ulCurrentInterrupt == 0 )
 178:Middlewares/Third_Party/FreeRTOS/Source/portable/GCC/ARM_CM4F/portmacro.h **** 	{
ARM GAS  D:\temp\TMP\ccyP8bey.s 			page 37


 179:Middlewares/Third_Party/FreeRTOS/Source/portable/GCC/ARM_CM4F/portmacro.h **** 		xReturn = pdFALSE;
 180:Middlewares/Third_Party/FreeRTOS/Source/portable/GCC/ARM_CM4F/portmacro.h **** 	}
 181:Middlewares/Third_Party/FreeRTOS/Source/portable/GCC/ARM_CM4F/portmacro.h **** 	else
 182:Middlewares/Third_Party/FreeRTOS/Source/portable/GCC/ARM_CM4F/portmacro.h **** 	{
 183:Middlewares/Third_Party/FreeRTOS/Source/portable/GCC/ARM_CM4F/portmacro.h **** 		xReturn = pdTRUE;
 184:Middlewares/Third_Party/FreeRTOS/Source/portable/GCC/ARM_CM4F/portmacro.h **** 	}
 185:Middlewares/Third_Party/FreeRTOS/Source/portable/GCC/ARM_CM4F/portmacro.h **** 
 186:Middlewares/Third_Party/FreeRTOS/Source/portable/GCC/ARM_CM4F/portmacro.h **** 	return xReturn;
 187:Middlewares/Third_Party/FreeRTOS/Source/portable/GCC/ARM_CM4F/portmacro.h **** }
 188:Middlewares/Third_Party/FreeRTOS/Source/portable/GCC/ARM_CM4F/portmacro.h **** 
 189:Middlewares/Third_Party/FreeRTOS/Source/portable/GCC/ARM_CM4F/portmacro.h **** /*-----------------------------------------------------------*/
 190:Middlewares/Third_Party/FreeRTOS/Source/portable/GCC/ARM_CM4F/portmacro.h **** 
 191:Middlewares/Third_Party/FreeRTOS/Source/portable/GCC/ARM_CM4F/portmacro.h **** portFORCE_INLINE static void vPortRaiseBASEPRI( void )
  56              		.loc 2 191 30 view .LVU11
  57              	.LBB111:
 192:Middlewares/Third_Party/FreeRTOS/Source/portable/GCC/ARM_CM4F/portmacro.h **** {
 193:Middlewares/Third_Party/FreeRTOS/Source/portable/GCC/ARM_CM4F/portmacro.h **** uint32_t ulNewBASEPRI;
  58              		.loc 2 193 1 view .LVU12
 194:Middlewares/Third_Party/FreeRTOS/Source/portable/GCC/ARM_CM4F/portmacro.h **** 
 195:Middlewares/Third_Party/FreeRTOS/Source/portable/GCC/ARM_CM4F/portmacro.h **** 	__asm volatile
  59              		.loc 2 195 2 view .LVU13
  60              		.syntax unified
  61              	@ 195 "Middlewares/Third_Party/FreeRTOS/Source/portable/GCC/ARM_CM4F/portmacro.h" 1
  62 000e 4FF05003 			mov r3, #80												
  63 0012 83F31188 		msr basepri, r3											
  64 0016 BFF36F8F 		isb														
  65 001a BFF34F8F 		dsb														
  66              	
  67              	@ 0 "" 2
  68              		.thumb
  69              		.syntax unified
  70              	.L3:
  71              	.LBE111:
  72              	.LBE110:
1814:Middlewares/Third_Party/FreeRTOS/Source/tasks.c **** 
  73              		.loc 1 1814 3 view .LVU14
  74 001e FEE7     		b	.L3
  75              	.L9:
1818:Middlewares/Third_Party/FreeRTOS/Source/tasks.c **** 		{
1819:Middlewares/Third_Party/FreeRTOS/Source/tasks.c **** 			/* Has the task already been resumed from within an ISR? */
1820:Middlewares/Third_Party/FreeRTOS/Source/tasks.c **** 			if( listIS_CONTAINED_WITHIN( &xPendingReadyList, &( pxTCB->xEventListItem ) ) == pdFALSE )
  76              		.loc 1 1820 4 view .LVU15
  77              		.loc 1 1820 8 is_stmt 0 view .LVU16
  78 0020 836A     		ldr	r3, [r0, #40]
  79              		.loc 1 1820 6 view .LVU17
  80 0022 064A     		ldr	r2, .L10+4
  81 0024 9342     		cmp	r3, r2
  82 0026 02D0     		beq	.L6
1821:Middlewares/Third_Party/FreeRTOS/Source/tasks.c **** 			{
1822:Middlewares/Third_Party/FreeRTOS/Source/tasks.c **** 				/* Is it in the suspended list because it is in the	Suspended
1823:Middlewares/Third_Party/FreeRTOS/Source/tasks.c **** 				state, or because is is blocked with no timeout? */
1824:Middlewares/Third_Party/FreeRTOS/Source/tasks.c **** 				if( listIS_CONTAINED_WITHIN( NULL, &( pxTCB->xEventListItem ) ) != pdFALSE ) /*lint !e961.  The
  83              		.loc 1 1824 5 is_stmt 1 view .LVU18
  84              		.loc 1 1824 7 is_stmt 0 view .LVU19
  85 0028 1BB1     		cbz	r3, .L7
1807:Middlewares/Third_Party/FreeRTOS/Source/tasks.c **** 	const TCB_t * const pxTCB = xTask;
  86              		.loc 1 1807 13 view .LVU20
ARM GAS  D:\temp\TMP\ccyP8bey.s 			page 38


  87 002a 0020     		movs	r0, #0
  88              	.LVL3:
1807:Middlewares/Third_Party/FreeRTOS/Source/tasks.c **** 	const TCB_t * const pxTCB = xTask;
  89              		.loc 1 1807 13 view .LVU21
  90 002c 7047     		bx	lr
  91              	.LVL4:
  92              	.L6:
1807:Middlewares/Third_Party/FreeRTOS/Source/tasks.c **** 	const TCB_t * const pxTCB = xTask;
  93              		.loc 1 1807 13 view .LVU22
  94 002e 0020     		movs	r0, #0
  95              	.LVL5:
1807:Middlewares/Third_Party/FreeRTOS/Source/tasks.c **** 	const TCB_t * const pxTCB = xTask;
  96              		.loc 1 1807 13 view .LVU23
  97 0030 7047     		bx	lr
  98              	.LVL6:
  99              	.L7:
1825:Middlewares/Third_Party/FreeRTOS/Source/tasks.c **** 				{
1826:Middlewares/Third_Party/FreeRTOS/Source/tasks.c **** 					xReturn = pdTRUE;
 100              		.loc 1 1826 14 view .LVU24
 101 0032 0120     		movs	r0, #1
 102              	.LVL7:
1827:Middlewares/Third_Party/FreeRTOS/Source/tasks.c **** 				}
1828:Middlewares/Third_Party/FreeRTOS/Source/tasks.c **** 				else
1829:Middlewares/Third_Party/FreeRTOS/Source/tasks.c **** 				{
1830:Middlewares/Third_Party/FreeRTOS/Source/tasks.c **** 					mtCOVERAGE_TEST_MARKER();
1831:Middlewares/Third_Party/FreeRTOS/Source/tasks.c **** 				}
1832:Middlewares/Third_Party/FreeRTOS/Source/tasks.c **** 			}
1833:Middlewares/Third_Party/FreeRTOS/Source/tasks.c **** 			else
1834:Middlewares/Third_Party/FreeRTOS/Source/tasks.c **** 			{
1835:Middlewares/Third_Party/FreeRTOS/Source/tasks.c **** 				mtCOVERAGE_TEST_MARKER();
1836:Middlewares/Third_Party/FreeRTOS/Source/tasks.c **** 			}
1837:Middlewares/Third_Party/FreeRTOS/Source/tasks.c **** 		}
1838:Middlewares/Third_Party/FreeRTOS/Source/tasks.c **** 		else
1839:Middlewares/Third_Party/FreeRTOS/Source/tasks.c **** 		{
1840:Middlewares/Third_Party/FreeRTOS/Source/tasks.c **** 			mtCOVERAGE_TEST_MARKER();
 103              		.loc 1 1840 28 is_stmt 1 view .LVU25
1841:Middlewares/Third_Party/FreeRTOS/Source/tasks.c **** 		}
1842:Middlewares/Third_Party/FreeRTOS/Source/tasks.c **** 
1843:Middlewares/Third_Party/FreeRTOS/Source/tasks.c **** 		return xReturn;
 104              		.loc 1 1843 3 view .LVU26
1844:Middlewares/Third_Party/FreeRTOS/Source/tasks.c **** 	} /*lint !e818 xTask cannot be a pointer to const because it is a typedef. */
 105              		.loc 1 1844 2 is_stmt 0 view .LVU27
 106 0034 7047     		bx	lr
 107              	.L11:
 108 0036 00BF     		.align	2
 109              	.L10:
 110 0038 00000000 		.word	xSuspendedTaskList
 111 003c 00000000 		.word	xPendingReadyList
 112              		.cfi_endproc
 113              	.LFE15:
 115              		.section	.text.prvResetNextTaskUnblockTime,"ax",%progbits
 116              		.align	1
 117              		.syntax unified
 118              		.thumb
 119              		.thumb_func
 121              	prvResetNextTaskUnblockTime:
 122              	.LFB41:
ARM GAS  D:\temp\TMP\ccyP8bey.s 			page 39


1845:Middlewares/Third_Party/FreeRTOS/Source/tasks.c **** 
1846:Middlewares/Third_Party/FreeRTOS/Source/tasks.c **** #endif /* INCLUDE_vTaskSuspend */
1847:Middlewares/Third_Party/FreeRTOS/Source/tasks.c **** /*-----------------------------------------------------------*/
1848:Middlewares/Third_Party/FreeRTOS/Source/tasks.c **** 
1849:Middlewares/Third_Party/FreeRTOS/Source/tasks.c **** #if ( INCLUDE_vTaskSuspend == 1 )
1850:Middlewares/Third_Party/FreeRTOS/Source/tasks.c **** 
1851:Middlewares/Third_Party/FreeRTOS/Source/tasks.c **** 	void vTaskResume( TaskHandle_t xTaskToResume )
1852:Middlewares/Third_Party/FreeRTOS/Source/tasks.c **** 	{
1853:Middlewares/Third_Party/FreeRTOS/Source/tasks.c **** 	TCB_t * const pxTCB = xTaskToResume;
1854:Middlewares/Third_Party/FreeRTOS/Source/tasks.c **** 
1855:Middlewares/Third_Party/FreeRTOS/Source/tasks.c **** 		/* It does not make sense to resume the calling task. */
1856:Middlewares/Third_Party/FreeRTOS/Source/tasks.c **** 		configASSERT( xTaskToResume );
1857:Middlewares/Third_Party/FreeRTOS/Source/tasks.c **** 
1858:Middlewares/Third_Party/FreeRTOS/Source/tasks.c **** 		/* The parameter cannot be NULL as it is impossible to resume the
1859:Middlewares/Third_Party/FreeRTOS/Source/tasks.c **** 		currently executing task. */
1860:Middlewares/Third_Party/FreeRTOS/Source/tasks.c **** 		if( ( pxTCB != pxCurrentTCB ) && ( pxTCB != NULL ) )
1861:Middlewares/Third_Party/FreeRTOS/Source/tasks.c **** 		{
1862:Middlewares/Third_Party/FreeRTOS/Source/tasks.c **** 			taskENTER_CRITICAL();
1863:Middlewares/Third_Party/FreeRTOS/Source/tasks.c **** 			{
1864:Middlewares/Third_Party/FreeRTOS/Source/tasks.c **** 				if( prvTaskIsTaskSuspended( pxTCB ) != pdFALSE )
1865:Middlewares/Third_Party/FreeRTOS/Source/tasks.c **** 				{
1866:Middlewares/Third_Party/FreeRTOS/Source/tasks.c **** 					traceTASK_RESUME( pxTCB );
1867:Middlewares/Third_Party/FreeRTOS/Source/tasks.c **** 
1868:Middlewares/Third_Party/FreeRTOS/Source/tasks.c **** 					/* The ready list can be accessed even if the scheduler is
1869:Middlewares/Third_Party/FreeRTOS/Source/tasks.c **** 					suspended because this is inside a critical section. */
1870:Middlewares/Third_Party/FreeRTOS/Source/tasks.c **** 					( void ) uxListRemove(  &( pxTCB->xStateListItem ) );
1871:Middlewares/Third_Party/FreeRTOS/Source/tasks.c **** 					prvAddTaskToReadyList( pxTCB );
1872:Middlewares/Third_Party/FreeRTOS/Source/tasks.c **** 
1873:Middlewares/Third_Party/FreeRTOS/Source/tasks.c **** 					/* A higher priority task may have just been resumed. */
1874:Middlewares/Third_Party/FreeRTOS/Source/tasks.c **** 					if( pxTCB->uxPriority >= pxCurrentTCB->uxPriority )
1875:Middlewares/Third_Party/FreeRTOS/Source/tasks.c **** 					{
1876:Middlewares/Third_Party/FreeRTOS/Source/tasks.c **** 						/* This yield may not cause the task just resumed to run,
1877:Middlewares/Third_Party/FreeRTOS/Source/tasks.c **** 						but will leave the lists in the correct state for the
1878:Middlewares/Third_Party/FreeRTOS/Source/tasks.c **** 						next yield. */
1879:Middlewares/Third_Party/FreeRTOS/Source/tasks.c **** 						taskYIELD_IF_USING_PREEMPTION();
1880:Middlewares/Third_Party/FreeRTOS/Source/tasks.c **** 					}
1881:Middlewares/Third_Party/FreeRTOS/Source/tasks.c **** 					else
1882:Middlewares/Third_Party/FreeRTOS/Source/tasks.c **** 					{
1883:Middlewares/Third_Party/FreeRTOS/Source/tasks.c **** 						mtCOVERAGE_TEST_MARKER();
1884:Middlewares/Third_Party/FreeRTOS/Source/tasks.c **** 					}
1885:Middlewares/Third_Party/FreeRTOS/Source/tasks.c **** 				}
1886:Middlewares/Third_Party/FreeRTOS/Source/tasks.c **** 				else
1887:Middlewares/Third_Party/FreeRTOS/Source/tasks.c **** 				{
1888:Middlewares/Third_Party/FreeRTOS/Source/tasks.c **** 					mtCOVERAGE_TEST_MARKER();
1889:Middlewares/Third_Party/FreeRTOS/Source/tasks.c **** 				}
1890:Middlewares/Third_Party/FreeRTOS/Source/tasks.c **** 			}
1891:Middlewares/Third_Party/FreeRTOS/Source/tasks.c **** 			taskEXIT_CRITICAL();
1892:Middlewares/Third_Party/FreeRTOS/Source/tasks.c **** 		}
1893:Middlewares/Third_Party/FreeRTOS/Source/tasks.c **** 		else
1894:Middlewares/Third_Party/FreeRTOS/Source/tasks.c **** 		{
1895:Middlewares/Third_Party/FreeRTOS/Source/tasks.c **** 			mtCOVERAGE_TEST_MARKER();
1896:Middlewares/Third_Party/FreeRTOS/Source/tasks.c **** 		}
1897:Middlewares/Third_Party/FreeRTOS/Source/tasks.c **** 	}
1898:Middlewares/Third_Party/FreeRTOS/Source/tasks.c **** 
1899:Middlewares/Third_Party/FreeRTOS/Source/tasks.c **** #endif /* INCLUDE_vTaskSuspend */
1900:Middlewares/Third_Party/FreeRTOS/Source/tasks.c **** 
1901:Middlewares/Third_Party/FreeRTOS/Source/tasks.c **** /*-----------------------------------------------------------*/
ARM GAS  D:\temp\TMP\ccyP8bey.s 			page 40


1902:Middlewares/Third_Party/FreeRTOS/Source/tasks.c **** 
1903:Middlewares/Third_Party/FreeRTOS/Source/tasks.c **** #if ( ( INCLUDE_xTaskResumeFromISR == 1 ) && ( INCLUDE_vTaskSuspend == 1 ) )
1904:Middlewares/Third_Party/FreeRTOS/Source/tasks.c **** 
1905:Middlewares/Third_Party/FreeRTOS/Source/tasks.c **** 	BaseType_t xTaskResumeFromISR( TaskHandle_t xTaskToResume )
1906:Middlewares/Third_Party/FreeRTOS/Source/tasks.c **** 	{
1907:Middlewares/Third_Party/FreeRTOS/Source/tasks.c **** 	BaseType_t xYieldRequired = pdFALSE;
1908:Middlewares/Third_Party/FreeRTOS/Source/tasks.c **** 	TCB_t * const pxTCB = xTaskToResume;
1909:Middlewares/Third_Party/FreeRTOS/Source/tasks.c **** 	UBaseType_t uxSavedInterruptStatus;
1910:Middlewares/Third_Party/FreeRTOS/Source/tasks.c **** 
1911:Middlewares/Third_Party/FreeRTOS/Source/tasks.c **** 		configASSERT( xTaskToResume );
1912:Middlewares/Third_Party/FreeRTOS/Source/tasks.c **** 
1913:Middlewares/Third_Party/FreeRTOS/Source/tasks.c **** 		/* RTOS ports that support interrupt nesting have the concept of a
1914:Middlewares/Third_Party/FreeRTOS/Source/tasks.c **** 		maximum	system call (or maximum API call) interrupt priority.
1915:Middlewares/Third_Party/FreeRTOS/Source/tasks.c **** 		Interrupts that are	above the maximum system call priority are keep
1916:Middlewares/Third_Party/FreeRTOS/Source/tasks.c **** 		permanently enabled, even when the RTOS kernel is in a critical section,
1917:Middlewares/Third_Party/FreeRTOS/Source/tasks.c **** 		but cannot make any calls to FreeRTOS API functions.  If configASSERT()
1918:Middlewares/Third_Party/FreeRTOS/Source/tasks.c **** 		is defined in FreeRTOSConfig.h then
1919:Middlewares/Third_Party/FreeRTOS/Source/tasks.c **** 		portASSERT_IF_INTERRUPT_PRIORITY_INVALID() will result in an assertion
1920:Middlewares/Third_Party/FreeRTOS/Source/tasks.c **** 		failure if a FreeRTOS API function is called from an interrupt that has
1921:Middlewares/Third_Party/FreeRTOS/Source/tasks.c **** 		been assigned a priority above the configured maximum system call
1922:Middlewares/Third_Party/FreeRTOS/Source/tasks.c **** 		priority.  Only FreeRTOS functions that end in FromISR can be called
1923:Middlewares/Third_Party/FreeRTOS/Source/tasks.c **** 		from interrupts	that have been assigned a priority at or (logically)
1924:Middlewares/Third_Party/FreeRTOS/Source/tasks.c **** 		below the maximum system call interrupt priority.  FreeRTOS maintains a
1925:Middlewares/Third_Party/FreeRTOS/Source/tasks.c **** 		separate interrupt safe API to ensure interrupt entry is as fast and as
1926:Middlewares/Third_Party/FreeRTOS/Source/tasks.c **** 		simple as possible.  More information (albeit Cortex-M specific) is
1927:Middlewares/Third_Party/FreeRTOS/Source/tasks.c **** 		provided on the following link:
1928:Middlewares/Third_Party/FreeRTOS/Source/tasks.c **** 		https://www.freertos.org/RTOS-Cortex-M3-M4.html */
1929:Middlewares/Third_Party/FreeRTOS/Source/tasks.c **** 		portASSERT_IF_INTERRUPT_PRIORITY_INVALID();
1930:Middlewares/Third_Party/FreeRTOS/Source/tasks.c **** 
1931:Middlewares/Third_Party/FreeRTOS/Source/tasks.c **** 		uxSavedInterruptStatus = portSET_INTERRUPT_MASK_FROM_ISR();
1932:Middlewares/Third_Party/FreeRTOS/Source/tasks.c **** 		{
1933:Middlewares/Third_Party/FreeRTOS/Source/tasks.c **** 			if( prvTaskIsTaskSuspended( pxTCB ) != pdFALSE )
1934:Middlewares/Third_Party/FreeRTOS/Source/tasks.c **** 			{
1935:Middlewares/Third_Party/FreeRTOS/Source/tasks.c **** 				traceTASK_RESUME_FROM_ISR( pxTCB );
1936:Middlewares/Third_Party/FreeRTOS/Source/tasks.c **** 
1937:Middlewares/Third_Party/FreeRTOS/Source/tasks.c **** 				/* Check the ready lists can be accessed. */
1938:Middlewares/Third_Party/FreeRTOS/Source/tasks.c **** 				if( uxSchedulerSuspended == ( UBaseType_t ) pdFALSE )
1939:Middlewares/Third_Party/FreeRTOS/Source/tasks.c **** 				{
1940:Middlewares/Third_Party/FreeRTOS/Source/tasks.c **** 					/* Ready lists can be accessed so move the task from the
1941:Middlewares/Third_Party/FreeRTOS/Source/tasks.c **** 					suspended list to the ready list directly. */
1942:Middlewares/Third_Party/FreeRTOS/Source/tasks.c **** 					if( pxTCB->uxPriority >= pxCurrentTCB->uxPriority )
1943:Middlewares/Third_Party/FreeRTOS/Source/tasks.c **** 					{
1944:Middlewares/Third_Party/FreeRTOS/Source/tasks.c **** 						xYieldRequired = pdTRUE;
1945:Middlewares/Third_Party/FreeRTOS/Source/tasks.c **** 					}
1946:Middlewares/Third_Party/FreeRTOS/Source/tasks.c **** 					else
1947:Middlewares/Third_Party/FreeRTOS/Source/tasks.c **** 					{
1948:Middlewares/Third_Party/FreeRTOS/Source/tasks.c **** 						mtCOVERAGE_TEST_MARKER();
1949:Middlewares/Third_Party/FreeRTOS/Source/tasks.c **** 					}
1950:Middlewares/Third_Party/FreeRTOS/Source/tasks.c **** 
1951:Middlewares/Third_Party/FreeRTOS/Source/tasks.c **** 					( void ) uxListRemove( &( pxTCB->xStateListItem ) );
1952:Middlewares/Third_Party/FreeRTOS/Source/tasks.c **** 					prvAddTaskToReadyList( pxTCB );
1953:Middlewares/Third_Party/FreeRTOS/Source/tasks.c **** 				}
1954:Middlewares/Third_Party/FreeRTOS/Source/tasks.c **** 				else
1955:Middlewares/Third_Party/FreeRTOS/Source/tasks.c **** 				{
1956:Middlewares/Third_Party/FreeRTOS/Source/tasks.c **** 					/* The delayed or ready lists cannot be accessed so the task
1957:Middlewares/Third_Party/FreeRTOS/Source/tasks.c **** 					is held in the pending ready list until the scheduler is
1958:Middlewares/Third_Party/FreeRTOS/Source/tasks.c **** 					unsuspended. */
ARM GAS  D:\temp\TMP\ccyP8bey.s 			page 41


1959:Middlewares/Third_Party/FreeRTOS/Source/tasks.c **** 					vListInsertEnd( &( xPendingReadyList ), &( pxTCB->xEventListItem ) );
1960:Middlewares/Third_Party/FreeRTOS/Source/tasks.c **** 				}
1961:Middlewares/Third_Party/FreeRTOS/Source/tasks.c **** 			}
1962:Middlewares/Third_Party/FreeRTOS/Source/tasks.c **** 			else
1963:Middlewares/Third_Party/FreeRTOS/Source/tasks.c **** 			{
1964:Middlewares/Third_Party/FreeRTOS/Source/tasks.c **** 				mtCOVERAGE_TEST_MARKER();
1965:Middlewares/Third_Party/FreeRTOS/Source/tasks.c **** 			}
1966:Middlewares/Third_Party/FreeRTOS/Source/tasks.c **** 		}
1967:Middlewares/Third_Party/FreeRTOS/Source/tasks.c **** 		portCLEAR_INTERRUPT_MASK_FROM_ISR( uxSavedInterruptStatus );
1968:Middlewares/Third_Party/FreeRTOS/Source/tasks.c **** 
1969:Middlewares/Third_Party/FreeRTOS/Source/tasks.c **** 		return xYieldRequired;
1970:Middlewares/Third_Party/FreeRTOS/Source/tasks.c **** 	}
1971:Middlewares/Third_Party/FreeRTOS/Source/tasks.c **** 
1972:Middlewares/Third_Party/FreeRTOS/Source/tasks.c **** #endif /* ( ( INCLUDE_xTaskResumeFromISR == 1 ) && ( INCLUDE_vTaskSuspend == 1 ) ) */
1973:Middlewares/Third_Party/FreeRTOS/Source/tasks.c **** /*-----------------------------------------------------------*/
1974:Middlewares/Third_Party/FreeRTOS/Source/tasks.c **** 
1975:Middlewares/Third_Party/FreeRTOS/Source/tasks.c **** void vTaskStartScheduler( void )
1976:Middlewares/Third_Party/FreeRTOS/Source/tasks.c **** {
1977:Middlewares/Third_Party/FreeRTOS/Source/tasks.c **** BaseType_t xReturn;
1978:Middlewares/Third_Party/FreeRTOS/Source/tasks.c **** 
1979:Middlewares/Third_Party/FreeRTOS/Source/tasks.c **** 	/* Add the idle task at the lowest priority. */
1980:Middlewares/Third_Party/FreeRTOS/Source/tasks.c **** 	#if( configSUPPORT_STATIC_ALLOCATION == 1 )
1981:Middlewares/Third_Party/FreeRTOS/Source/tasks.c **** 	{
1982:Middlewares/Third_Party/FreeRTOS/Source/tasks.c **** 		StaticTask_t *pxIdleTaskTCBBuffer = NULL;
1983:Middlewares/Third_Party/FreeRTOS/Source/tasks.c **** 		StackType_t *pxIdleTaskStackBuffer = NULL;
1984:Middlewares/Third_Party/FreeRTOS/Source/tasks.c **** 		uint32_t ulIdleTaskStackSize;
1985:Middlewares/Third_Party/FreeRTOS/Source/tasks.c **** 
1986:Middlewares/Third_Party/FreeRTOS/Source/tasks.c **** 		/* The Idle task is created using user provided RAM - obtain the
1987:Middlewares/Third_Party/FreeRTOS/Source/tasks.c **** 		address of the RAM then create the idle task. */
1988:Middlewares/Third_Party/FreeRTOS/Source/tasks.c **** 		vApplicationGetIdleTaskMemory( &pxIdleTaskTCBBuffer, &pxIdleTaskStackBuffer, &ulIdleTaskStackSize
1989:Middlewares/Third_Party/FreeRTOS/Source/tasks.c **** 		xIdleTaskHandle = xTaskCreateStatic(	prvIdleTask,
1990:Middlewares/Third_Party/FreeRTOS/Source/tasks.c **** 												configIDLE_TASK_NAME,
1991:Middlewares/Third_Party/FreeRTOS/Source/tasks.c **** 												ulIdleTaskStackSize,
1992:Middlewares/Third_Party/FreeRTOS/Source/tasks.c **** 												( void * ) NULL, /*lint !e961.  The cast is not redundant for all compilers. */
1993:Middlewares/Third_Party/FreeRTOS/Source/tasks.c **** 												portPRIVILEGE_BIT, /* In effect ( tskIDLE_PRIORITY | portPRIVILEGE_BIT ), but tskIDLE_P
1994:Middlewares/Third_Party/FreeRTOS/Source/tasks.c **** 												pxIdleTaskStackBuffer,
1995:Middlewares/Third_Party/FreeRTOS/Source/tasks.c **** 												pxIdleTaskTCBBuffer ); /*lint !e961 MISRA exception, justified as it is not a redundant
1996:Middlewares/Third_Party/FreeRTOS/Source/tasks.c **** 
1997:Middlewares/Third_Party/FreeRTOS/Source/tasks.c **** 		if( xIdleTaskHandle != NULL )
1998:Middlewares/Third_Party/FreeRTOS/Source/tasks.c **** 		{
1999:Middlewares/Third_Party/FreeRTOS/Source/tasks.c **** 			xReturn = pdPASS;
2000:Middlewares/Third_Party/FreeRTOS/Source/tasks.c **** 		}
2001:Middlewares/Third_Party/FreeRTOS/Source/tasks.c **** 		else
2002:Middlewares/Third_Party/FreeRTOS/Source/tasks.c **** 		{
2003:Middlewares/Third_Party/FreeRTOS/Source/tasks.c **** 			xReturn = pdFAIL;
2004:Middlewares/Third_Party/FreeRTOS/Source/tasks.c **** 		}
2005:Middlewares/Third_Party/FreeRTOS/Source/tasks.c **** 	}
2006:Middlewares/Third_Party/FreeRTOS/Source/tasks.c **** 	#else
2007:Middlewares/Third_Party/FreeRTOS/Source/tasks.c **** 	{
2008:Middlewares/Third_Party/FreeRTOS/Source/tasks.c **** 		/* The Idle task is being created using dynamically allocated RAM. */
2009:Middlewares/Third_Party/FreeRTOS/Source/tasks.c **** 		xReturn = xTaskCreate(	prvIdleTask,
2010:Middlewares/Third_Party/FreeRTOS/Source/tasks.c **** 								configIDLE_TASK_NAME,
2011:Middlewares/Third_Party/FreeRTOS/Source/tasks.c **** 								configMINIMAL_STACK_SIZE,
2012:Middlewares/Third_Party/FreeRTOS/Source/tasks.c **** 								( void * ) NULL,
2013:Middlewares/Third_Party/FreeRTOS/Source/tasks.c **** 								portPRIVILEGE_BIT, /* In effect ( tskIDLE_PRIORITY | portPRIVILEGE_BIT ), but tskIDLE_PRIOR
2014:Middlewares/Third_Party/FreeRTOS/Source/tasks.c **** 								&xIdleTaskHandle ); /*lint !e961 MISRA exception, justified as it is not a redundant explic
2015:Middlewares/Third_Party/FreeRTOS/Source/tasks.c **** 	}
ARM GAS  D:\temp\TMP\ccyP8bey.s 			page 42


2016:Middlewares/Third_Party/FreeRTOS/Source/tasks.c **** 	#endif /* configSUPPORT_STATIC_ALLOCATION */
2017:Middlewares/Third_Party/FreeRTOS/Source/tasks.c **** 
2018:Middlewares/Third_Party/FreeRTOS/Source/tasks.c **** 	#if ( configUSE_TIMERS == 1 )
2019:Middlewares/Third_Party/FreeRTOS/Source/tasks.c **** 	{
2020:Middlewares/Third_Party/FreeRTOS/Source/tasks.c **** 		if( xReturn == pdPASS )
2021:Middlewares/Third_Party/FreeRTOS/Source/tasks.c **** 		{
2022:Middlewares/Third_Party/FreeRTOS/Source/tasks.c **** 			xReturn = xTimerCreateTimerTask();
2023:Middlewares/Third_Party/FreeRTOS/Source/tasks.c **** 		}
2024:Middlewares/Third_Party/FreeRTOS/Source/tasks.c **** 		else
2025:Middlewares/Third_Party/FreeRTOS/Source/tasks.c **** 		{
2026:Middlewares/Third_Party/FreeRTOS/Source/tasks.c **** 			mtCOVERAGE_TEST_MARKER();
2027:Middlewares/Third_Party/FreeRTOS/Source/tasks.c **** 		}
2028:Middlewares/Third_Party/FreeRTOS/Source/tasks.c **** 	}
2029:Middlewares/Third_Party/FreeRTOS/Source/tasks.c **** 	#endif /* configUSE_TIMERS */
2030:Middlewares/Third_Party/FreeRTOS/Source/tasks.c **** 
2031:Middlewares/Third_Party/FreeRTOS/Source/tasks.c **** 	if( xReturn == pdPASS )
2032:Middlewares/Third_Party/FreeRTOS/Source/tasks.c **** 	{
2033:Middlewares/Third_Party/FreeRTOS/Source/tasks.c **** 		/* freertos_tasks_c_additions_init() should only be called if the user
2034:Middlewares/Third_Party/FreeRTOS/Source/tasks.c **** 		definable macro FREERTOS_TASKS_C_ADDITIONS_INIT() is defined, as that is
2035:Middlewares/Third_Party/FreeRTOS/Source/tasks.c **** 		the only macro called by the function. */
2036:Middlewares/Third_Party/FreeRTOS/Source/tasks.c **** 		#ifdef FREERTOS_TASKS_C_ADDITIONS_INIT
2037:Middlewares/Third_Party/FreeRTOS/Source/tasks.c **** 		{
2038:Middlewares/Third_Party/FreeRTOS/Source/tasks.c **** 			freertos_tasks_c_additions_init();
2039:Middlewares/Third_Party/FreeRTOS/Source/tasks.c **** 		}
2040:Middlewares/Third_Party/FreeRTOS/Source/tasks.c **** 		#endif
2041:Middlewares/Third_Party/FreeRTOS/Source/tasks.c **** 
2042:Middlewares/Third_Party/FreeRTOS/Source/tasks.c **** 		/* Interrupts are turned off here, to ensure a tick does not occur
2043:Middlewares/Third_Party/FreeRTOS/Source/tasks.c **** 		before or during the call to xPortStartScheduler().  The stacks of
2044:Middlewares/Third_Party/FreeRTOS/Source/tasks.c **** 		the created tasks contain a status word with interrupts switched on
2045:Middlewares/Third_Party/FreeRTOS/Source/tasks.c **** 		so interrupts will automatically get re-enabled when the first task
2046:Middlewares/Third_Party/FreeRTOS/Source/tasks.c **** 		starts to run. */
2047:Middlewares/Third_Party/FreeRTOS/Source/tasks.c **** 		portDISABLE_INTERRUPTS();
2048:Middlewares/Third_Party/FreeRTOS/Source/tasks.c **** 
2049:Middlewares/Third_Party/FreeRTOS/Source/tasks.c **** 		#if ( configUSE_NEWLIB_REENTRANT == 1 )
2050:Middlewares/Third_Party/FreeRTOS/Source/tasks.c **** 		{
2051:Middlewares/Third_Party/FreeRTOS/Source/tasks.c **** 			/* Switch Newlib's _impure_ptr variable to point to the _reent
2052:Middlewares/Third_Party/FreeRTOS/Source/tasks.c **** 			structure specific to the task that will run first.
2053:Middlewares/Third_Party/FreeRTOS/Source/tasks.c **** 			See the third party link http://www.nadler.com/embedded/newlibAndFreeRTOS.html
2054:Middlewares/Third_Party/FreeRTOS/Source/tasks.c **** 			for additional information. */
2055:Middlewares/Third_Party/FreeRTOS/Source/tasks.c **** 			_impure_ptr = &( pxCurrentTCB->xNewLib_reent );
2056:Middlewares/Third_Party/FreeRTOS/Source/tasks.c **** 		}
2057:Middlewares/Third_Party/FreeRTOS/Source/tasks.c **** 		#endif /* configUSE_NEWLIB_REENTRANT */
2058:Middlewares/Third_Party/FreeRTOS/Source/tasks.c **** 
2059:Middlewares/Third_Party/FreeRTOS/Source/tasks.c **** 		xNextTaskUnblockTime = portMAX_DELAY;
2060:Middlewares/Third_Party/FreeRTOS/Source/tasks.c **** 		xSchedulerRunning = pdTRUE;
2061:Middlewares/Third_Party/FreeRTOS/Source/tasks.c **** 		xTickCount = ( TickType_t ) configINITIAL_TICK_COUNT;
2062:Middlewares/Third_Party/FreeRTOS/Source/tasks.c **** 
2063:Middlewares/Third_Party/FreeRTOS/Source/tasks.c **** 		/* If configGENERATE_RUN_TIME_STATS is defined then the following
2064:Middlewares/Third_Party/FreeRTOS/Source/tasks.c **** 		macro must be defined to configure the timer/counter used to generate
2065:Middlewares/Third_Party/FreeRTOS/Source/tasks.c **** 		the run time counter time base.   NOTE:  If configGENERATE_RUN_TIME_STATS
2066:Middlewares/Third_Party/FreeRTOS/Source/tasks.c **** 		is set to 0 and the following line fails to build then ensure you do not
2067:Middlewares/Third_Party/FreeRTOS/Source/tasks.c **** 		have portCONFIGURE_TIMER_FOR_RUN_TIME_STATS() defined in your
2068:Middlewares/Third_Party/FreeRTOS/Source/tasks.c **** 		FreeRTOSConfig.h file. */
2069:Middlewares/Third_Party/FreeRTOS/Source/tasks.c **** 		portCONFIGURE_TIMER_FOR_RUN_TIME_STATS();
2070:Middlewares/Third_Party/FreeRTOS/Source/tasks.c **** 
2071:Middlewares/Third_Party/FreeRTOS/Source/tasks.c **** 		traceTASK_SWITCHED_IN();
2072:Middlewares/Third_Party/FreeRTOS/Source/tasks.c **** 
ARM GAS  D:\temp\TMP\ccyP8bey.s 			page 43


2073:Middlewares/Third_Party/FreeRTOS/Source/tasks.c **** 		/* Setting up the timer tick is hardware specific and thus in the
2074:Middlewares/Third_Party/FreeRTOS/Source/tasks.c **** 		portable interface. */
2075:Middlewares/Third_Party/FreeRTOS/Source/tasks.c **** 		if( xPortStartScheduler() != pdFALSE )
2076:Middlewares/Third_Party/FreeRTOS/Source/tasks.c **** 		{
2077:Middlewares/Third_Party/FreeRTOS/Source/tasks.c **** 			/* Should not reach here as if the scheduler is running the
2078:Middlewares/Third_Party/FreeRTOS/Source/tasks.c **** 			function will not return. */
2079:Middlewares/Third_Party/FreeRTOS/Source/tasks.c **** 		}
2080:Middlewares/Third_Party/FreeRTOS/Source/tasks.c **** 		else
2081:Middlewares/Third_Party/FreeRTOS/Source/tasks.c **** 		{
2082:Middlewares/Third_Party/FreeRTOS/Source/tasks.c **** 			/* Should only reach here if a task calls xTaskEndScheduler(). */
2083:Middlewares/Third_Party/FreeRTOS/Source/tasks.c **** 		}
2084:Middlewares/Third_Party/FreeRTOS/Source/tasks.c **** 	}
2085:Middlewares/Third_Party/FreeRTOS/Source/tasks.c **** 	else
2086:Middlewares/Third_Party/FreeRTOS/Source/tasks.c **** 	{
2087:Middlewares/Third_Party/FreeRTOS/Source/tasks.c **** 		/* This line will only be reached if the kernel could not be started,
2088:Middlewares/Third_Party/FreeRTOS/Source/tasks.c **** 		because there was not enough FreeRTOS heap to create the idle task
2089:Middlewares/Third_Party/FreeRTOS/Source/tasks.c **** 		or the timer task. */
2090:Middlewares/Third_Party/FreeRTOS/Source/tasks.c **** 		configASSERT( xReturn != errCOULD_NOT_ALLOCATE_REQUIRED_MEMORY );
2091:Middlewares/Third_Party/FreeRTOS/Source/tasks.c **** 	}
2092:Middlewares/Third_Party/FreeRTOS/Source/tasks.c **** 
2093:Middlewares/Third_Party/FreeRTOS/Source/tasks.c **** 	/* Prevent compiler warnings if INCLUDE_xTaskGetIdleTaskHandle is set to 0,
2094:Middlewares/Third_Party/FreeRTOS/Source/tasks.c **** 	meaning xIdleTaskHandle is not used anywhere else. */
2095:Middlewares/Third_Party/FreeRTOS/Source/tasks.c **** 	( void ) xIdleTaskHandle;
2096:Middlewares/Third_Party/FreeRTOS/Source/tasks.c **** }
2097:Middlewares/Third_Party/FreeRTOS/Source/tasks.c **** /*-----------------------------------------------------------*/
2098:Middlewares/Third_Party/FreeRTOS/Source/tasks.c **** 
2099:Middlewares/Third_Party/FreeRTOS/Source/tasks.c **** void vTaskEndScheduler( void )
2100:Middlewares/Third_Party/FreeRTOS/Source/tasks.c **** {
2101:Middlewares/Third_Party/FreeRTOS/Source/tasks.c **** 	/* Stop the scheduler interrupts and call the portable scheduler end
2102:Middlewares/Third_Party/FreeRTOS/Source/tasks.c **** 	routine so the original ISRs can be restored if necessary.  The port
2103:Middlewares/Third_Party/FreeRTOS/Source/tasks.c **** 	layer must ensure interrupts enable	bit is left in the correct state. */
2104:Middlewares/Third_Party/FreeRTOS/Source/tasks.c **** 	portDISABLE_INTERRUPTS();
2105:Middlewares/Third_Party/FreeRTOS/Source/tasks.c **** 	xSchedulerRunning = pdFALSE;
2106:Middlewares/Third_Party/FreeRTOS/Source/tasks.c **** 	vPortEndScheduler();
2107:Middlewares/Third_Party/FreeRTOS/Source/tasks.c **** }
2108:Middlewares/Third_Party/FreeRTOS/Source/tasks.c **** /*----------------------------------------------------------*/
2109:Middlewares/Third_Party/FreeRTOS/Source/tasks.c **** 
2110:Middlewares/Third_Party/FreeRTOS/Source/tasks.c **** void vTaskSuspendAll( void )
2111:Middlewares/Third_Party/FreeRTOS/Source/tasks.c **** {
2112:Middlewares/Third_Party/FreeRTOS/Source/tasks.c **** 	/* A critical section is not required as the variable is of type
2113:Middlewares/Third_Party/FreeRTOS/Source/tasks.c **** 	BaseType_t.  Please read Richard Barry's reply in the following link to a
2114:Middlewares/Third_Party/FreeRTOS/Source/tasks.c **** 	post in the FreeRTOS support forum before reporting this as a bug! -
2115:Middlewares/Third_Party/FreeRTOS/Source/tasks.c **** 	http://goo.gl/wu4acr */
2116:Middlewares/Third_Party/FreeRTOS/Source/tasks.c **** 
2117:Middlewares/Third_Party/FreeRTOS/Source/tasks.c **** 	/* portSOFRWARE_BARRIER() is only implemented for emulated/simulated ports that
2118:Middlewares/Third_Party/FreeRTOS/Source/tasks.c **** 	do not otherwise exhibit real time behaviour. */
2119:Middlewares/Third_Party/FreeRTOS/Source/tasks.c **** 	portSOFTWARE_BARRIER();
2120:Middlewares/Third_Party/FreeRTOS/Source/tasks.c **** 
2121:Middlewares/Third_Party/FreeRTOS/Source/tasks.c **** 	/* The scheduler is suspended if uxSchedulerSuspended is non-zero.  An increment
2122:Middlewares/Third_Party/FreeRTOS/Source/tasks.c **** 	is used to allow calls to vTaskSuspendAll() to nest. */
2123:Middlewares/Third_Party/FreeRTOS/Source/tasks.c **** 	++uxSchedulerSuspended;
2124:Middlewares/Third_Party/FreeRTOS/Source/tasks.c **** 
2125:Middlewares/Third_Party/FreeRTOS/Source/tasks.c **** 	/* Enforces ordering for ports and optimised compilers that may otherwise place
2126:Middlewares/Third_Party/FreeRTOS/Source/tasks.c **** 	the above increment elsewhere. */
2127:Middlewares/Third_Party/FreeRTOS/Source/tasks.c **** 	portMEMORY_BARRIER();
2128:Middlewares/Third_Party/FreeRTOS/Source/tasks.c **** }
2129:Middlewares/Third_Party/FreeRTOS/Source/tasks.c **** /*----------------------------------------------------------*/
ARM GAS  D:\temp\TMP\ccyP8bey.s 			page 44


2130:Middlewares/Third_Party/FreeRTOS/Source/tasks.c **** 
2131:Middlewares/Third_Party/FreeRTOS/Source/tasks.c **** #if ( configUSE_TICKLESS_IDLE != 0 )
2132:Middlewares/Third_Party/FreeRTOS/Source/tasks.c **** 
2133:Middlewares/Third_Party/FreeRTOS/Source/tasks.c **** 	static TickType_t prvGetExpectedIdleTime( void )
2134:Middlewares/Third_Party/FreeRTOS/Source/tasks.c **** 	{
2135:Middlewares/Third_Party/FreeRTOS/Source/tasks.c **** 	TickType_t xReturn;
2136:Middlewares/Third_Party/FreeRTOS/Source/tasks.c **** 	UBaseType_t uxHigherPriorityReadyTasks = pdFALSE;
2137:Middlewares/Third_Party/FreeRTOS/Source/tasks.c **** 
2138:Middlewares/Third_Party/FreeRTOS/Source/tasks.c **** 		/* uxHigherPriorityReadyTasks takes care of the case where
2139:Middlewares/Third_Party/FreeRTOS/Source/tasks.c **** 		configUSE_PREEMPTION is 0, so there may be tasks above the idle priority
2140:Middlewares/Third_Party/FreeRTOS/Source/tasks.c **** 		task that are in the Ready state, even though the idle task is
2141:Middlewares/Third_Party/FreeRTOS/Source/tasks.c **** 		running. */
2142:Middlewares/Third_Party/FreeRTOS/Source/tasks.c **** 		#if( configUSE_PORT_OPTIMISED_TASK_SELECTION == 0 )
2143:Middlewares/Third_Party/FreeRTOS/Source/tasks.c **** 		{
2144:Middlewares/Third_Party/FreeRTOS/Source/tasks.c **** 			if( uxTopReadyPriority > tskIDLE_PRIORITY )
2145:Middlewares/Third_Party/FreeRTOS/Source/tasks.c **** 			{
2146:Middlewares/Third_Party/FreeRTOS/Source/tasks.c **** 				uxHigherPriorityReadyTasks = pdTRUE;
2147:Middlewares/Third_Party/FreeRTOS/Source/tasks.c **** 			}
2148:Middlewares/Third_Party/FreeRTOS/Source/tasks.c **** 		}
2149:Middlewares/Third_Party/FreeRTOS/Source/tasks.c **** 		#else
2150:Middlewares/Third_Party/FreeRTOS/Source/tasks.c **** 		{
2151:Middlewares/Third_Party/FreeRTOS/Source/tasks.c **** 			const UBaseType_t uxLeastSignificantBit = ( UBaseType_t ) 0x01;
2152:Middlewares/Third_Party/FreeRTOS/Source/tasks.c **** 
2153:Middlewares/Third_Party/FreeRTOS/Source/tasks.c **** 			/* When port optimised task selection is used the uxTopReadyPriority
2154:Middlewares/Third_Party/FreeRTOS/Source/tasks.c **** 			variable is used as a bit map.  If bits other than the least
2155:Middlewares/Third_Party/FreeRTOS/Source/tasks.c **** 			significant bit are set then there are tasks that have a priority
2156:Middlewares/Third_Party/FreeRTOS/Source/tasks.c **** 			above the idle priority that are in the Ready state.  This takes
2157:Middlewares/Third_Party/FreeRTOS/Source/tasks.c **** 			care of the case where the co-operative scheduler is in use. */
2158:Middlewares/Third_Party/FreeRTOS/Source/tasks.c **** 			if( uxTopReadyPriority > uxLeastSignificantBit )
2159:Middlewares/Third_Party/FreeRTOS/Source/tasks.c **** 			{
2160:Middlewares/Third_Party/FreeRTOS/Source/tasks.c **** 				uxHigherPriorityReadyTasks = pdTRUE;
2161:Middlewares/Third_Party/FreeRTOS/Source/tasks.c **** 			}
2162:Middlewares/Third_Party/FreeRTOS/Source/tasks.c **** 		}
2163:Middlewares/Third_Party/FreeRTOS/Source/tasks.c **** 		#endif
2164:Middlewares/Third_Party/FreeRTOS/Source/tasks.c **** 
2165:Middlewares/Third_Party/FreeRTOS/Source/tasks.c **** 		if( pxCurrentTCB->uxPriority > tskIDLE_PRIORITY )
2166:Middlewares/Third_Party/FreeRTOS/Source/tasks.c **** 		{
2167:Middlewares/Third_Party/FreeRTOS/Source/tasks.c **** 			xReturn = 0;
2168:Middlewares/Third_Party/FreeRTOS/Source/tasks.c **** 		}
2169:Middlewares/Third_Party/FreeRTOS/Source/tasks.c **** 		else if( listCURRENT_LIST_LENGTH( &( pxReadyTasksLists[ tskIDLE_PRIORITY ] ) ) > 1 )
2170:Middlewares/Third_Party/FreeRTOS/Source/tasks.c **** 		{
2171:Middlewares/Third_Party/FreeRTOS/Source/tasks.c **** 			/* There are other idle priority tasks in the ready state.  If
2172:Middlewares/Third_Party/FreeRTOS/Source/tasks.c **** 			time slicing is used then the very next tick interrupt must be
2173:Middlewares/Third_Party/FreeRTOS/Source/tasks.c **** 			processed. */
2174:Middlewares/Third_Party/FreeRTOS/Source/tasks.c **** 			xReturn = 0;
2175:Middlewares/Third_Party/FreeRTOS/Source/tasks.c **** 		}
2176:Middlewares/Third_Party/FreeRTOS/Source/tasks.c **** 		else if( uxHigherPriorityReadyTasks != pdFALSE )
2177:Middlewares/Third_Party/FreeRTOS/Source/tasks.c **** 		{
2178:Middlewares/Third_Party/FreeRTOS/Source/tasks.c **** 			/* There are tasks in the Ready state that have a priority above the
2179:Middlewares/Third_Party/FreeRTOS/Source/tasks.c **** 			idle priority.  This path can only be reached if
2180:Middlewares/Third_Party/FreeRTOS/Source/tasks.c **** 			configUSE_PREEMPTION is 0. */
2181:Middlewares/Third_Party/FreeRTOS/Source/tasks.c **** 			xReturn = 0;
2182:Middlewares/Third_Party/FreeRTOS/Source/tasks.c **** 		}
2183:Middlewares/Third_Party/FreeRTOS/Source/tasks.c **** 		else
2184:Middlewares/Third_Party/FreeRTOS/Source/tasks.c **** 		{
2185:Middlewares/Third_Party/FreeRTOS/Source/tasks.c **** 			xReturn = xNextTaskUnblockTime - xTickCount;
2186:Middlewares/Third_Party/FreeRTOS/Source/tasks.c **** 		}
ARM GAS  D:\temp\TMP\ccyP8bey.s 			page 45


2187:Middlewares/Third_Party/FreeRTOS/Source/tasks.c **** 
2188:Middlewares/Third_Party/FreeRTOS/Source/tasks.c **** 		return xReturn;
2189:Middlewares/Third_Party/FreeRTOS/Source/tasks.c **** 	}
2190:Middlewares/Third_Party/FreeRTOS/Source/tasks.c **** 
2191:Middlewares/Third_Party/FreeRTOS/Source/tasks.c **** #endif /* configUSE_TICKLESS_IDLE */
2192:Middlewares/Third_Party/FreeRTOS/Source/tasks.c **** /*----------------------------------------------------------*/
2193:Middlewares/Third_Party/FreeRTOS/Source/tasks.c **** 
2194:Middlewares/Third_Party/FreeRTOS/Source/tasks.c **** BaseType_t xTaskResumeAll( void )
2195:Middlewares/Third_Party/FreeRTOS/Source/tasks.c **** {
2196:Middlewares/Third_Party/FreeRTOS/Source/tasks.c **** TCB_t *pxTCB = NULL;
2197:Middlewares/Third_Party/FreeRTOS/Source/tasks.c **** BaseType_t xAlreadyYielded = pdFALSE;
2198:Middlewares/Third_Party/FreeRTOS/Source/tasks.c **** 
2199:Middlewares/Third_Party/FreeRTOS/Source/tasks.c **** 	/* If uxSchedulerSuspended is zero then this function does not match a
2200:Middlewares/Third_Party/FreeRTOS/Source/tasks.c **** 	previous call to vTaskSuspendAll(). */
2201:Middlewares/Third_Party/FreeRTOS/Source/tasks.c **** 	configASSERT( uxSchedulerSuspended );
2202:Middlewares/Third_Party/FreeRTOS/Source/tasks.c **** 
2203:Middlewares/Third_Party/FreeRTOS/Source/tasks.c **** 	/* It is possible that an ISR caused a task to be removed from an event
2204:Middlewares/Third_Party/FreeRTOS/Source/tasks.c **** 	list while the scheduler was suspended.  If this was the case then the
2205:Middlewares/Third_Party/FreeRTOS/Source/tasks.c **** 	removed task will have been added to the xPendingReadyList.  Once the
2206:Middlewares/Third_Party/FreeRTOS/Source/tasks.c **** 	scheduler has been resumed it is safe to move all the pending ready
2207:Middlewares/Third_Party/FreeRTOS/Source/tasks.c **** 	tasks from this list into their appropriate ready list. */
2208:Middlewares/Third_Party/FreeRTOS/Source/tasks.c **** 	taskENTER_CRITICAL();
2209:Middlewares/Third_Party/FreeRTOS/Source/tasks.c **** 	{
2210:Middlewares/Third_Party/FreeRTOS/Source/tasks.c **** 		--uxSchedulerSuspended;
2211:Middlewares/Third_Party/FreeRTOS/Source/tasks.c **** 
2212:Middlewares/Third_Party/FreeRTOS/Source/tasks.c **** 		if( uxSchedulerSuspended == ( UBaseType_t ) pdFALSE )
2213:Middlewares/Third_Party/FreeRTOS/Source/tasks.c **** 		{
2214:Middlewares/Third_Party/FreeRTOS/Source/tasks.c **** 			if( uxCurrentNumberOfTasks > ( UBaseType_t ) 0U )
2215:Middlewares/Third_Party/FreeRTOS/Source/tasks.c **** 			{
2216:Middlewares/Third_Party/FreeRTOS/Source/tasks.c **** 				/* Move any readied tasks from the pending list into the
2217:Middlewares/Third_Party/FreeRTOS/Source/tasks.c **** 				appropriate ready list. */
2218:Middlewares/Third_Party/FreeRTOS/Source/tasks.c **** 				while( listLIST_IS_EMPTY( &xPendingReadyList ) == pdFALSE )
2219:Middlewares/Third_Party/FreeRTOS/Source/tasks.c **** 				{
2220:Middlewares/Third_Party/FreeRTOS/Source/tasks.c **** 					pxTCB = listGET_OWNER_OF_HEAD_ENTRY( ( &xPendingReadyList ) ); /*lint !e9079 void * is used as
2221:Middlewares/Third_Party/FreeRTOS/Source/tasks.c **** 					( void ) uxListRemove( &( pxTCB->xEventListItem ) );
2222:Middlewares/Third_Party/FreeRTOS/Source/tasks.c **** 					( void ) uxListRemove( &( pxTCB->xStateListItem ) );
2223:Middlewares/Third_Party/FreeRTOS/Source/tasks.c **** 					prvAddTaskToReadyList( pxTCB );
2224:Middlewares/Third_Party/FreeRTOS/Source/tasks.c **** 
2225:Middlewares/Third_Party/FreeRTOS/Source/tasks.c **** 					/* If the moved task has a priority higher than the current
2226:Middlewares/Third_Party/FreeRTOS/Source/tasks.c **** 					task then a yield must be performed. */
2227:Middlewares/Third_Party/FreeRTOS/Source/tasks.c **** 					if( pxTCB->uxPriority >= pxCurrentTCB->uxPriority )
2228:Middlewares/Third_Party/FreeRTOS/Source/tasks.c **** 					{
2229:Middlewares/Third_Party/FreeRTOS/Source/tasks.c **** 						xYieldPending = pdTRUE;
2230:Middlewares/Third_Party/FreeRTOS/Source/tasks.c **** 					}
2231:Middlewares/Third_Party/FreeRTOS/Source/tasks.c **** 					else
2232:Middlewares/Third_Party/FreeRTOS/Source/tasks.c **** 					{
2233:Middlewares/Third_Party/FreeRTOS/Source/tasks.c **** 						mtCOVERAGE_TEST_MARKER();
2234:Middlewares/Third_Party/FreeRTOS/Source/tasks.c **** 					}
2235:Middlewares/Third_Party/FreeRTOS/Source/tasks.c **** 				}
2236:Middlewares/Third_Party/FreeRTOS/Source/tasks.c **** 
2237:Middlewares/Third_Party/FreeRTOS/Source/tasks.c **** 				if( pxTCB != NULL )
2238:Middlewares/Third_Party/FreeRTOS/Source/tasks.c **** 				{
2239:Middlewares/Third_Party/FreeRTOS/Source/tasks.c **** 					/* A task was unblocked while the scheduler was suspended,
2240:Middlewares/Third_Party/FreeRTOS/Source/tasks.c **** 					which may have prevented the next unblock time from being
2241:Middlewares/Third_Party/FreeRTOS/Source/tasks.c **** 					re-calculated, in which case re-calculate it now.  Mainly
2242:Middlewares/Third_Party/FreeRTOS/Source/tasks.c **** 					important for low power tickless implementations, where
2243:Middlewares/Third_Party/FreeRTOS/Source/tasks.c **** 					this can prevent an unnecessary exit from low power
ARM GAS  D:\temp\TMP\ccyP8bey.s 			page 46


2244:Middlewares/Third_Party/FreeRTOS/Source/tasks.c **** 					state. */
2245:Middlewares/Third_Party/FreeRTOS/Source/tasks.c **** 					prvResetNextTaskUnblockTime();
2246:Middlewares/Third_Party/FreeRTOS/Source/tasks.c **** 				}
2247:Middlewares/Third_Party/FreeRTOS/Source/tasks.c **** 
2248:Middlewares/Third_Party/FreeRTOS/Source/tasks.c **** 				/* If any ticks occurred while the scheduler was suspended then
2249:Middlewares/Third_Party/FreeRTOS/Source/tasks.c **** 				they should be processed now.  This ensures the tick count does
2250:Middlewares/Third_Party/FreeRTOS/Source/tasks.c **** 				not	slip, and that any delayed tasks are resumed at the correct
2251:Middlewares/Third_Party/FreeRTOS/Source/tasks.c **** 				time. */
2252:Middlewares/Third_Party/FreeRTOS/Source/tasks.c **** 				{
2253:Middlewares/Third_Party/FreeRTOS/Source/tasks.c **** 					TickType_t xPendedCounts = xPendedTicks; /* Non-volatile copy. */
2254:Middlewares/Third_Party/FreeRTOS/Source/tasks.c **** 
2255:Middlewares/Third_Party/FreeRTOS/Source/tasks.c **** 					if( xPendedCounts > ( TickType_t ) 0U )
2256:Middlewares/Third_Party/FreeRTOS/Source/tasks.c **** 					{
2257:Middlewares/Third_Party/FreeRTOS/Source/tasks.c **** 						do
2258:Middlewares/Third_Party/FreeRTOS/Source/tasks.c **** 						{
2259:Middlewares/Third_Party/FreeRTOS/Source/tasks.c **** 							if( xTaskIncrementTick() != pdFALSE )
2260:Middlewares/Third_Party/FreeRTOS/Source/tasks.c **** 							{
2261:Middlewares/Third_Party/FreeRTOS/Source/tasks.c **** 								xYieldPending = pdTRUE;
2262:Middlewares/Third_Party/FreeRTOS/Source/tasks.c **** 							}
2263:Middlewares/Third_Party/FreeRTOS/Source/tasks.c **** 							else
2264:Middlewares/Third_Party/FreeRTOS/Source/tasks.c **** 							{
2265:Middlewares/Third_Party/FreeRTOS/Source/tasks.c **** 								mtCOVERAGE_TEST_MARKER();
2266:Middlewares/Third_Party/FreeRTOS/Source/tasks.c **** 							}
2267:Middlewares/Third_Party/FreeRTOS/Source/tasks.c **** 							--xPendedCounts;
2268:Middlewares/Third_Party/FreeRTOS/Source/tasks.c **** 						} while( xPendedCounts > ( TickType_t ) 0U );
2269:Middlewares/Third_Party/FreeRTOS/Source/tasks.c **** 
2270:Middlewares/Third_Party/FreeRTOS/Source/tasks.c **** 						xPendedTicks = 0;
2271:Middlewares/Third_Party/FreeRTOS/Source/tasks.c **** 					}
2272:Middlewares/Third_Party/FreeRTOS/Source/tasks.c **** 					else
2273:Middlewares/Third_Party/FreeRTOS/Source/tasks.c **** 					{
2274:Middlewares/Third_Party/FreeRTOS/Source/tasks.c **** 						mtCOVERAGE_TEST_MARKER();
2275:Middlewares/Third_Party/FreeRTOS/Source/tasks.c **** 					}
2276:Middlewares/Third_Party/FreeRTOS/Source/tasks.c **** 				}
2277:Middlewares/Third_Party/FreeRTOS/Source/tasks.c **** 
2278:Middlewares/Third_Party/FreeRTOS/Source/tasks.c **** 				if( xYieldPending != pdFALSE )
2279:Middlewares/Third_Party/FreeRTOS/Source/tasks.c **** 				{
2280:Middlewares/Third_Party/FreeRTOS/Source/tasks.c **** 					#if( configUSE_PREEMPTION != 0 )
2281:Middlewares/Third_Party/FreeRTOS/Source/tasks.c **** 					{
2282:Middlewares/Third_Party/FreeRTOS/Source/tasks.c **** 						xAlreadyYielded = pdTRUE;
2283:Middlewares/Third_Party/FreeRTOS/Source/tasks.c **** 					}
2284:Middlewares/Third_Party/FreeRTOS/Source/tasks.c **** 					#endif
2285:Middlewares/Third_Party/FreeRTOS/Source/tasks.c **** 					taskYIELD_IF_USING_PREEMPTION();
2286:Middlewares/Third_Party/FreeRTOS/Source/tasks.c **** 				}
2287:Middlewares/Third_Party/FreeRTOS/Source/tasks.c **** 				else
2288:Middlewares/Third_Party/FreeRTOS/Source/tasks.c **** 				{
2289:Middlewares/Third_Party/FreeRTOS/Source/tasks.c **** 					mtCOVERAGE_TEST_MARKER();
2290:Middlewares/Third_Party/FreeRTOS/Source/tasks.c **** 				}
2291:Middlewares/Third_Party/FreeRTOS/Source/tasks.c **** 			}
2292:Middlewares/Third_Party/FreeRTOS/Source/tasks.c **** 		}
2293:Middlewares/Third_Party/FreeRTOS/Source/tasks.c **** 		else
2294:Middlewares/Third_Party/FreeRTOS/Source/tasks.c **** 		{
2295:Middlewares/Third_Party/FreeRTOS/Source/tasks.c **** 			mtCOVERAGE_TEST_MARKER();
2296:Middlewares/Third_Party/FreeRTOS/Source/tasks.c **** 		}
2297:Middlewares/Third_Party/FreeRTOS/Source/tasks.c **** 	}
2298:Middlewares/Third_Party/FreeRTOS/Source/tasks.c **** 	taskEXIT_CRITICAL();
2299:Middlewares/Third_Party/FreeRTOS/Source/tasks.c **** 
2300:Middlewares/Third_Party/FreeRTOS/Source/tasks.c **** 	return xAlreadyYielded;
ARM GAS  D:\temp\TMP\ccyP8bey.s 			page 47


2301:Middlewares/Third_Party/FreeRTOS/Source/tasks.c **** }
2302:Middlewares/Third_Party/FreeRTOS/Source/tasks.c **** /*-----------------------------------------------------------*/
2303:Middlewares/Third_Party/FreeRTOS/Source/tasks.c **** 
2304:Middlewares/Third_Party/FreeRTOS/Source/tasks.c **** TickType_t xTaskGetTickCount( void )
2305:Middlewares/Third_Party/FreeRTOS/Source/tasks.c **** {
2306:Middlewares/Third_Party/FreeRTOS/Source/tasks.c **** TickType_t xTicks;
2307:Middlewares/Third_Party/FreeRTOS/Source/tasks.c **** 
2308:Middlewares/Third_Party/FreeRTOS/Source/tasks.c **** 	/* Critical section required if running on a 16 bit processor. */
2309:Middlewares/Third_Party/FreeRTOS/Source/tasks.c **** 	portTICK_TYPE_ENTER_CRITICAL();
2310:Middlewares/Third_Party/FreeRTOS/Source/tasks.c **** 	{
2311:Middlewares/Third_Party/FreeRTOS/Source/tasks.c **** 		xTicks = xTickCount;
2312:Middlewares/Third_Party/FreeRTOS/Source/tasks.c **** 	}
2313:Middlewares/Third_Party/FreeRTOS/Source/tasks.c **** 	portTICK_TYPE_EXIT_CRITICAL();
2314:Middlewares/Third_Party/FreeRTOS/Source/tasks.c **** 
2315:Middlewares/Third_Party/FreeRTOS/Source/tasks.c **** 	return xTicks;
2316:Middlewares/Third_Party/FreeRTOS/Source/tasks.c **** }
2317:Middlewares/Third_Party/FreeRTOS/Source/tasks.c **** /*-----------------------------------------------------------*/
2318:Middlewares/Third_Party/FreeRTOS/Source/tasks.c **** 
2319:Middlewares/Third_Party/FreeRTOS/Source/tasks.c **** TickType_t xTaskGetTickCountFromISR( void )
2320:Middlewares/Third_Party/FreeRTOS/Source/tasks.c **** {
2321:Middlewares/Third_Party/FreeRTOS/Source/tasks.c **** TickType_t xReturn;
2322:Middlewares/Third_Party/FreeRTOS/Source/tasks.c **** UBaseType_t uxSavedInterruptStatus;
2323:Middlewares/Third_Party/FreeRTOS/Source/tasks.c **** 
2324:Middlewares/Third_Party/FreeRTOS/Source/tasks.c **** 	/* RTOS ports that support interrupt nesting have the concept of a maximum
2325:Middlewares/Third_Party/FreeRTOS/Source/tasks.c **** 	system call (or maximum API call) interrupt priority.  Interrupts that are
2326:Middlewares/Third_Party/FreeRTOS/Source/tasks.c **** 	above the maximum system call priority are kept permanently enabled, even
2327:Middlewares/Third_Party/FreeRTOS/Source/tasks.c **** 	when the RTOS kernel is in a critical section, but cannot make any calls to
2328:Middlewares/Third_Party/FreeRTOS/Source/tasks.c **** 	FreeRTOS API functions.  If configASSERT() is defined in FreeRTOSConfig.h
2329:Middlewares/Third_Party/FreeRTOS/Source/tasks.c **** 	then portASSERT_IF_INTERRUPT_PRIORITY_INVALID() will result in an assertion
2330:Middlewares/Third_Party/FreeRTOS/Source/tasks.c **** 	failure if a FreeRTOS API function is called from an interrupt that has been
2331:Middlewares/Third_Party/FreeRTOS/Source/tasks.c **** 	assigned a priority above the configured maximum system call priority.
2332:Middlewares/Third_Party/FreeRTOS/Source/tasks.c **** 	Only FreeRTOS functions that end in FromISR can be called from interrupts
2333:Middlewares/Third_Party/FreeRTOS/Source/tasks.c **** 	that have been assigned a priority at or (logically) below the maximum
2334:Middlewares/Third_Party/FreeRTOS/Source/tasks.c **** 	system call	interrupt priority.  FreeRTOS maintains a separate interrupt
2335:Middlewares/Third_Party/FreeRTOS/Source/tasks.c **** 	safe API to ensure interrupt entry is as fast and as simple as possible.
2336:Middlewares/Third_Party/FreeRTOS/Source/tasks.c **** 	More information (albeit Cortex-M specific) is provided on the following
2337:Middlewares/Third_Party/FreeRTOS/Source/tasks.c **** 	link: https://www.freertos.org/RTOS-Cortex-M3-M4.html */
2338:Middlewares/Third_Party/FreeRTOS/Source/tasks.c **** 	portASSERT_IF_INTERRUPT_PRIORITY_INVALID();
2339:Middlewares/Third_Party/FreeRTOS/Source/tasks.c **** 
2340:Middlewares/Third_Party/FreeRTOS/Source/tasks.c **** 	uxSavedInterruptStatus = portTICK_TYPE_SET_INTERRUPT_MASK_FROM_ISR();
2341:Middlewares/Third_Party/FreeRTOS/Source/tasks.c **** 	{
2342:Middlewares/Third_Party/FreeRTOS/Source/tasks.c **** 		xReturn = xTickCount;
2343:Middlewares/Third_Party/FreeRTOS/Source/tasks.c **** 	}
2344:Middlewares/Third_Party/FreeRTOS/Source/tasks.c **** 	portTICK_TYPE_CLEAR_INTERRUPT_MASK_FROM_ISR( uxSavedInterruptStatus );
2345:Middlewares/Third_Party/FreeRTOS/Source/tasks.c **** 
2346:Middlewares/Third_Party/FreeRTOS/Source/tasks.c **** 	return xReturn;
2347:Middlewares/Third_Party/FreeRTOS/Source/tasks.c **** }
2348:Middlewares/Third_Party/FreeRTOS/Source/tasks.c **** /*-----------------------------------------------------------*/
2349:Middlewares/Third_Party/FreeRTOS/Source/tasks.c **** 
2350:Middlewares/Third_Party/FreeRTOS/Source/tasks.c **** UBaseType_t uxTaskGetNumberOfTasks( void )
2351:Middlewares/Third_Party/FreeRTOS/Source/tasks.c **** {
2352:Middlewares/Third_Party/FreeRTOS/Source/tasks.c **** 	/* A critical section is not required because the variables are of type
2353:Middlewares/Third_Party/FreeRTOS/Source/tasks.c **** 	BaseType_t. */
2354:Middlewares/Third_Party/FreeRTOS/Source/tasks.c **** 	return uxCurrentNumberOfTasks;
2355:Middlewares/Third_Party/FreeRTOS/Source/tasks.c **** }
2356:Middlewares/Third_Party/FreeRTOS/Source/tasks.c **** /*-----------------------------------------------------------*/
2357:Middlewares/Third_Party/FreeRTOS/Source/tasks.c **** 
ARM GAS  D:\temp\TMP\ccyP8bey.s 			page 48


2358:Middlewares/Third_Party/FreeRTOS/Source/tasks.c **** char *pcTaskGetName( TaskHandle_t xTaskToQuery ) /*lint !e971 Unqualified char types are allowed fo
2359:Middlewares/Third_Party/FreeRTOS/Source/tasks.c **** {
2360:Middlewares/Third_Party/FreeRTOS/Source/tasks.c **** TCB_t *pxTCB;
2361:Middlewares/Third_Party/FreeRTOS/Source/tasks.c **** 
2362:Middlewares/Third_Party/FreeRTOS/Source/tasks.c **** 	/* If null is passed in here then the name of the calling task is being
2363:Middlewares/Third_Party/FreeRTOS/Source/tasks.c **** 	queried. */
2364:Middlewares/Third_Party/FreeRTOS/Source/tasks.c **** 	pxTCB = prvGetTCBFromHandle( xTaskToQuery );
2365:Middlewares/Third_Party/FreeRTOS/Source/tasks.c **** 	configASSERT( pxTCB );
2366:Middlewares/Third_Party/FreeRTOS/Source/tasks.c **** 	return &( pxTCB->pcTaskName[ 0 ] );
2367:Middlewares/Third_Party/FreeRTOS/Source/tasks.c **** }
2368:Middlewares/Third_Party/FreeRTOS/Source/tasks.c **** /*-----------------------------------------------------------*/
2369:Middlewares/Third_Party/FreeRTOS/Source/tasks.c **** 
2370:Middlewares/Third_Party/FreeRTOS/Source/tasks.c **** #if ( INCLUDE_xTaskGetHandle == 1 )
2371:Middlewares/Third_Party/FreeRTOS/Source/tasks.c **** 
2372:Middlewares/Third_Party/FreeRTOS/Source/tasks.c **** 	static TCB_t *prvSearchForNameWithinSingleList( List_t *pxList, const char pcNameToQuery[] )
2373:Middlewares/Third_Party/FreeRTOS/Source/tasks.c **** 	{
2374:Middlewares/Third_Party/FreeRTOS/Source/tasks.c **** 	TCB_t *pxNextTCB, *pxFirstTCB, *pxReturn = NULL;
2375:Middlewares/Third_Party/FreeRTOS/Source/tasks.c **** 	UBaseType_t x;
2376:Middlewares/Third_Party/FreeRTOS/Source/tasks.c **** 	char cNextChar;
2377:Middlewares/Third_Party/FreeRTOS/Source/tasks.c **** 	BaseType_t xBreakLoop;
2378:Middlewares/Third_Party/FreeRTOS/Source/tasks.c **** 
2379:Middlewares/Third_Party/FreeRTOS/Source/tasks.c **** 		/* This function is called with the scheduler suspended. */
2380:Middlewares/Third_Party/FreeRTOS/Source/tasks.c **** 
2381:Middlewares/Third_Party/FreeRTOS/Source/tasks.c **** 		if( listCURRENT_LIST_LENGTH( pxList ) > ( UBaseType_t ) 0 )
2382:Middlewares/Third_Party/FreeRTOS/Source/tasks.c **** 		{
2383:Middlewares/Third_Party/FreeRTOS/Source/tasks.c **** 			listGET_OWNER_OF_NEXT_ENTRY( pxFirstTCB, pxList );  /*lint !e9079 void * is used as this macro i
2384:Middlewares/Third_Party/FreeRTOS/Source/tasks.c **** 
2385:Middlewares/Third_Party/FreeRTOS/Source/tasks.c **** 			do
2386:Middlewares/Third_Party/FreeRTOS/Source/tasks.c **** 			{
2387:Middlewares/Third_Party/FreeRTOS/Source/tasks.c **** 				listGET_OWNER_OF_NEXT_ENTRY( pxNextTCB, pxList ); /*lint !e9079 void * is used as this macro is
2388:Middlewares/Third_Party/FreeRTOS/Source/tasks.c **** 
2389:Middlewares/Third_Party/FreeRTOS/Source/tasks.c **** 				/* Check each character in the name looking for a match or
2390:Middlewares/Third_Party/FreeRTOS/Source/tasks.c **** 				mismatch. */
2391:Middlewares/Third_Party/FreeRTOS/Source/tasks.c **** 				xBreakLoop = pdFALSE;
2392:Middlewares/Third_Party/FreeRTOS/Source/tasks.c **** 				for( x = ( UBaseType_t ) 0; x < ( UBaseType_t ) configMAX_TASK_NAME_LEN; x++ )
2393:Middlewares/Third_Party/FreeRTOS/Source/tasks.c **** 				{
2394:Middlewares/Third_Party/FreeRTOS/Source/tasks.c **** 					cNextChar = pxNextTCB->pcTaskName[ x ];
2395:Middlewares/Third_Party/FreeRTOS/Source/tasks.c **** 
2396:Middlewares/Third_Party/FreeRTOS/Source/tasks.c **** 					if( cNextChar != pcNameToQuery[ x ] )
2397:Middlewares/Third_Party/FreeRTOS/Source/tasks.c **** 					{
2398:Middlewares/Third_Party/FreeRTOS/Source/tasks.c **** 						/* Characters didn't match. */
2399:Middlewares/Third_Party/FreeRTOS/Source/tasks.c **** 						xBreakLoop = pdTRUE;
2400:Middlewares/Third_Party/FreeRTOS/Source/tasks.c **** 					}
2401:Middlewares/Third_Party/FreeRTOS/Source/tasks.c **** 					else if( cNextChar == ( char ) 0x00 )
2402:Middlewares/Third_Party/FreeRTOS/Source/tasks.c **** 					{
2403:Middlewares/Third_Party/FreeRTOS/Source/tasks.c **** 						/* Both strings terminated, a match must have been
2404:Middlewares/Third_Party/FreeRTOS/Source/tasks.c **** 						found. */
2405:Middlewares/Third_Party/FreeRTOS/Source/tasks.c **** 						pxReturn = pxNextTCB;
2406:Middlewares/Third_Party/FreeRTOS/Source/tasks.c **** 						xBreakLoop = pdTRUE;
2407:Middlewares/Third_Party/FreeRTOS/Source/tasks.c **** 					}
2408:Middlewares/Third_Party/FreeRTOS/Source/tasks.c **** 					else
2409:Middlewares/Third_Party/FreeRTOS/Source/tasks.c **** 					{
2410:Middlewares/Third_Party/FreeRTOS/Source/tasks.c **** 						mtCOVERAGE_TEST_MARKER();
2411:Middlewares/Third_Party/FreeRTOS/Source/tasks.c **** 					}
2412:Middlewares/Third_Party/FreeRTOS/Source/tasks.c **** 
2413:Middlewares/Third_Party/FreeRTOS/Source/tasks.c **** 					if( xBreakLoop != pdFALSE )
2414:Middlewares/Third_Party/FreeRTOS/Source/tasks.c **** 					{
ARM GAS  D:\temp\TMP\ccyP8bey.s 			page 49


2415:Middlewares/Third_Party/FreeRTOS/Source/tasks.c **** 						break;
2416:Middlewares/Third_Party/FreeRTOS/Source/tasks.c **** 					}
2417:Middlewares/Third_Party/FreeRTOS/Source/tasks.c **** 				}
2418:Middlewares/Third_Party/FreeRTOS/Source/tasks.c **** 
2419:Middlewares/Third_Party/FreeRTOS/Source/tasks.c **** 				if( pxReturn != NULL )
2420:Middlewares/Third_Party/FreeRTOS/Source/tasks.c **** 				{
2421:Middlewares/Third_Party/FreeRTOS/Source/tasks.c **** 					/* The handle has been found. */
2422:Middlewares/Third_Party/FreeRTOS/Source/tasks.c **** 					break;
2423:Middlewares/Third_Party/FreeRTOS/Source/tasks.c **** 				}
2424:Middlewares/Third_Party/FreeRTOS/Source/tasks.c **** 
2425:Middlewares/Third_Party/FreeRTOS/Source/tasks.c **** 			} while( pxNextTCB != pxFirstTCB );
2426:Middlewares/Third_Party/FreeRTOS/Source/tasks.c **** 		}
2427:Middlewares/Third_Party/FreeRTOS/Source/tasks.c **** 		else
2428:Middlewares/Third_Party/FreeRTOS/Source/tasks.c **** 		{
2429:Middlewares/Third_Party/FreeRTOS/Source/tasks.c **** 			mtCOVERAGE_TEST_MARKER();
2430:Middlewares/Third_Party/FreeRTOS/Source/tasks.c **** 		}
2431:Middlewares/Third_Party/FreeRTOS/Source/tasks.c **** 
2432:Middlewares/Third_Party/FreeRTOS/Source/tasks.c **** 		return pxReturn;
2433:Middlewares/Third_Party/FreeRTOS/Source/tasks.c **** 	}
2434:Middlewares/Third_Party/FreeRTOS/Source/tasks.c **** 
2435:Middlewares/Third_Party/FreeRTOS/Source/tasks.c **** #endif /* INCLUDE_xTaskGetHandle */
2436:Middlewares/Third_Party/FreeRTOS/Source/tasks.c **** /*-----------------------------------------------------------*/
2437:Middlewares/Third_Party/FreeRTOS/Source/tasks.c **** 
2438:Middlewares/Third_Party/FreeRTOS/Source/tasks.c **** #if ( INCLUDE_xTaskGetHandle == 1 )
2439:Middlewares/Third_Party/FreeRTOS/Source/tasks.c **** 
2440:Middlewares/Third_Party/FreeRTOS/Source/tasks.c **** 	TaskHandle_t xTaskGetHandle( const char *pcNameToQuery ) /*lint !e971 Unqualified char types are a
2441:Middlewares/Third_Party/FreeRTOS/Source/tasks.c **** 	{
2442:Middlewares/Third_Party/FreeRTOS/Source/tasks.c **** 	UBaseType_t uxQueue = configMAX_PRIORITIES;
2443:Middlewares/Third_Party/FreeRTOS/Source/tasks.c **** 	TCB_t* pxTCB;
2444:Middlewares/Third_Party/FreeRTOS/Source/tasks.c **** 
2445:Middlewares/Third_Party/FreeRTOS/Source/tasks.c **** 		/* Task names will be truncated to configMAX_TASK_NAME_LEN - 1 bytes. */
2446:Middlewares/Third_Party/FreeRTOS/Source/tasks.c **** 		configASSERT( strlen( pcNameToQuery ) < configMAX_TASK_NAME_LEN );
2447:Middlewares/Third_Party/FreeRTOS/Source/tasks.c **** 
2448:Middlewares/Third_Party/FreeRTOS/Source/tasks.c **** 		vTaskSuspendAll();
2449:Middlewares/Third_Party/FreeRTOS/Source/tasks.c **** 		{
2450:Middlewares/Third_Party/FreeRTOS/Source/tasks.c **** 			/* Search the ready lists. */
2451:Middlewares/Third_Party/FreeRTOS/Source/tasks.c **** 			do
2452:Middlewares/Third_Party/FreeRTOS/Source/tasks.c **** 			{
2453:Middlewares/Third_Party/FreeRTOS/Source/tasks.c **** 				uxQueue--;
2454:Middlewares/Third_Party/FreeRTOS/Source/tasks.c **** 				pxTCB = prvSearchForNameWithinSingleList( ( List_t * ) &( pxReadyTasksLists[ uxQueue ] ), pcNam
2455:Middlewares/Third_Party/FreeRTOS/Source/tasks.c **** 
2456:Middlewares/Third_Party/FreeRTOS/Source/tasks.c **** 				if( pxTCB != NULL )
2457:Middlewares/Third_Party/FreeRTOS/Source/tasks.c **** 				{
2458:Middlewares/Third_Party/FreeRTOS/Source/tasks.c **** 					/* Found the handle. */
2459:Middlewares/Third_Party/FreeRTOS/Source/tasks.c **** 					break;
2460:Middlewares/Third_Party/FreeRTOS/Source/tasks.c **** 				}
2461:Middlewares/Third_Party/FreeRTOS/Source/tasks.c **** 
2462:Middlewares/Third_Party/FreeRTOS/Source/tasks.c **** 			} while( uxQueue > ( UBaseType_t ) tskIDLE_PRIORITY ); /*lint !e961 MISRA exception as the casts
2463:Middlewares/Third_Party/FreeRTOS/Source/tasks.c **** 
2464:Middlewares/Third_Party/FreeRTOS/Source/tasks.c **** 			/* Search the delayed lists. */
2465:Middlewares/Third_Party/FreeRTOS/Source/tasks.c **** 			if( pxTCB == NULL )
2466:Middlewares/Third_Party/FreeRTOS/Source/tasks.c **** 			{
2467:Middlewares/Third_Party/FreeRTOS/Source/tasks.c **** 				pxTCB = prvSearchForNameWithinSingleList( ( List_t * ) pxDelayedTaskList, pcNameToQuery );
2468:Middlewares/Third_Party/FreeRTOS/Source/tasks.c **** 			}
2469:Middlewares/Third_Party/FreeRTOS/Source/tasks.c **** 
2470:Middlewares/Third_Party/FreeRTOS/Source/tasks.c **** 			if( pxTCB == NULL )
2471:Middlewares/Third_Party/FreeRTOS/Source/tasks.c **** 			{
ARM GAS  D:\temp\TMP\ccyP8bey.s 			page 50


2472:Middlewares/Third_Party/FreeRTOS/Source/tasks.c **** 				pxTCB = prvSearchForNameWithinSingleList( ( List_t * ) pxOverflowDelayedTaskList, pcNameToQuery
2473:Middlewares/Third_Party/FreeRTOS/Source/tasks.c **** 			}
2474:Middlewares/Third_Party/FreeRTOS/Source/tasks.c **** 
2475:Middlewares/Third_Party/FreeRTOS/Source/tasks.c **** 			#if ( INCLUDE_vTaskSuspend == 1 )
2476:Middlewares/Third_Party/FreeRTOS/Source/tasks.c **** 			{
2477:Middlewares/Third_Party/FreeRTOS/Source/tasks.c **** 				if( pxTCB == NULL )
2478:Middlewares/Third_Party/FreeRTOS/Source/tasks.c **** 				{
2479:Middlewares/Third_Party/FreeRTOS/Source/tasks.c **** 					/* Search the suspended list. */
2480:Middlewares/Third_Party/FreeRTOS/Source/tasks.c **** 					pxTCB = prvSearchForNameWithinSingleList( &xSuspendedTaskList, pcNameToQuery );
2481:Middlewares/Third_Party/FreeRTOS/Source/tasks.c **** 				}
2482:Middlewares/Third_Party/FreeRTOS/Source/tasks.c **** 			}
2483:Middlewares/Third_Party/FreeRTOS/Source/tasks.c **** 			#endif
2484:Middlewares/Third_Party/FreeRTOS/Source/tasks.c **** 
2485:Middlewares/Third_Party/FreeRTOS/Source/tasks.c **** 			#if( INCLUDE_vTaskDelete == 1 )
2486:Middlewares/Third_Party/FreeRTOS/Source/tasks.c **** 			{
2487:Middlewares/Third_Party/FreeRTOS/Source/tasks.c **** 				if( pxTCB == NULL )
2488:Middlewares/Third_Party/FreeRTOS/Source/tasks.c **** 				{
2489:Middlewares/Third_Party/FreeRTOS/Source/tasks.c **** 					/* Search the deleted list. */
2490:Middlewares/Third_Party/FreeRTOS/Source/tasks.c **** 					pxTCB = prvSearchForNameWithinSingleList( &xTasksWaitingTermination, pcNameToQuery );
2491:Middlewares/Third_Party/FreeRTOS/Source/tasks.c **** 				}
2492:Middlewares/Third_Party/FreeRTOS/Source/tasks.c **** 			}
2493:Middlewares/Third_Party/FreeRTOS/Source/tasks.c **** 			#endif
2494:Middlewares/Third_Party/FreeRTOS/Source/tasks.c **** 		}
2495:Middlewares/Third_Party/FreeRTOS/Source/tasks.c **** 		( void ) xTaskResumeAll();
2496:Middlewares/Third_Party/FreeRTOS/Source/tasks.c **** 
2497:Middlewares/Third_Party/FreeRTOS/Source/tasks.c **** 		return pxTCB;
2498:Middlewares/Third_Party/FreeRTOS/Source/tasks.c **** 	}
2499:Middlewares/Third_Party/FreeRTOS/Source/tasks.c **** 
2500:Middlewares/Third_Party/FreeRTOS/Source/tasks.c **** #endif /* INCLUDE_xTaskGetHandle */
2501:Middlewares/Third_Party/FreeRTOS/Source/tasks.c **** /*-----------------------------------------------------------*/
2502:Middlewares/Third_Party/FreeRTOS/Source/tasks.c **** 
2503:Middlewares/Third_Party/FreeRTOS/Source/tasks.c **** #if ( configUSE_TRACE_FACILITY == 1 )
2504:Middlewares/Third_Party/FreeRTOS/Source/tasks.c **** 
2505:Middlewares/Third_Party/FreeRTOS/Source/tasks.c **** 	UBaseType_t uxTaskGetSystemState( TaskStatus_t * const pxTaskStatusArray, const UBaseType_t uxArra
2506:Middlewares/Third_Party/FreeRTOS/Source/tasks.c **** 	{
2507:Middlewares/Third_Party/FreeRTOS/Source/tasks.c **** 	UBaseType_t uxTask = 0, uxQueue = configMAX_PRIORITIES;
2508:Middlewares/Third_Party/FreeRTOS/Source/tasks.c **** 
2509:Middlewares/Third_Party/FreeRTOS/Source/tasks.c **** 		vTaskSuspendAll();
2510:Middlewares/Third_Party/FreeRTOS/Source/tasks.c **** 		{
2511:Middlewares/Third_Party/FreeRTOS/Source/tasks.c **** 			/* Is there a space in the array for each task in the system? */
2512:Middlewares/Third_Party/FreeRTOS/Source/tasks.c **** 			if( uxArraySize >= uxCurrentNumberOfTasks )
2513:Middlewares/Third_Party/FreeRTOS/Source/tasks.c **** 			{
2514:Middlewares/Third_Party/FreeRTOS/Source/tasks.c **** 				/* Fill in an TaskStatus_t structure with information on each
2515:Middlewares/Third_Party/FreeRTOS/Source/tasks.c **** 				task in the Ready state. */
2516:Middlewares/Third_Party/FreeRTOS/Source/tasks.c **** 				do
2517:Middlewares/Third_Party/FreeRTOS/Source/tasks.c **** 				{
2518:Middlewares/Third_Party/FreeRTOS/Source/tasks.c **** 					uxQueue--;
2519:Middlewares/Third_Party/FreeRTOS/Source/tasks.c **** 					uxTask += prvListTasksWithinSingleList( &( pxTaskStatusArray[ uxTask ] ), &( pxReadyTasksLists
2520:Middlewares/Third_Party/FreeRTOS/Source/tasks.c **** 
2521:Middlewares/Third_Party/FreeRTOS/Source/tasks.c **** 				} while( uxQueue > ( UBaseType_t ) tskIDLE_PRIORITY ); /*lint !e961 MISRA exception as the cast
2522:Middlewares/Third_Party/FreeRTOS/Source/tasks.c **** 
2523:Middlewares/Third_Party/FreeRTOS/Source/tasks.c **** 				/* Fill in an TaskStatus_t structure with information on each
2524:Middlewares/Third_Party/FreeRTOS/Source/tasks.c **** 				task in the Blocked state. */
2525:Middlewares/Third_Party/FreeRTOS/Source/tasks.c **** 				uxTask += prvListTasksWithinSingleList( &( pxTaskStatusArray[ uxTask ] ), ( List_t * ) pxDelaye
2526:Middlewares/Third_Party/FreeRTOS/Source/tasks.c **** 				uxTask += prvListTasksWithinSingleList( &( pxTaskStatusArray[ uxTask ] ), ( List_t * ) pxOverfl
2527:Middlewares/Third_Party/FreeRTOS/Source/tasks.c **** 
2528:Middlewares/Third_Party/FreeRTOS/Source/tasks.c **** 				#if( INCLUDE_vTaskDelete == 1 )
ARM GAS  D:\temp\TMP\ccyP8bey.s 			page 51


2529:Middlewares/Third_Party/FreeRTOS/Source/tasks.c **** 				{
2530:Middlewares/Third_Party/FreeRTOS/Source/tasks.c **** 					/* Fill in an TaskStatus_t structure with information on
2531:Middlewares/Third_Party/FreeRTOS/Source/tasks.c **** 					each task that has been deleted but not yet cleaned up. */
2532:Middlewares/Third_Party/FreeRTOS/Source/tasks.c **** 					uxTask += prvListTasksWithinSingleList( &( pxTaskStatusArray[ uxTask ] ), &xTasksWaitingTermin
2533:Middlewares/Third_Party/FreeRTOS/Source/tasks.c **** 				}
2534:Middlewares/Third_Party/FreeRTOS/Source/tasks.c **** 				#endif
2535:Middlewares/Third_Party/FreeRTOS/Source/tasks.c **** 
2536:Middlewares/Third_Party/FreeRTOS/Source/tasks.c **** 				#if ( INCLUDE_vTaskSuspend == 1 )
2537:Middlewares/Third_Party/FreeRTOS/Source/tasks.c **** 				{
2538:Middlewares/Third_Party/FreeRTOS/Source/tasks.c **** 					/* Fill in an TaskStatus_t structure with information on
2539:Middlewares/Third_Party/FreeRTOS/Source/tasks.c **** 					each task in the Suspended state. */
2540:Middlewares/Third_Party/FreeRTOS/Source/tasks.c **** 					uxTask += prvListTasksWithinSingleList( &( pxTaskStatusArray[ uxTask ] ), &xSuspendedTaskList,
2541:Middlewares/Third_Party/FreeRTOS/Source/tasks.c **** 				}
2542:Middlewares/Third_Party/FreeRTOS/Source/tasks.c **** 				#endif
2543:Middlewares/Third_Party/FreeRTOS/Source/tasks.c **** 
2544:Middlewares/Third_Party/FreeRTOS/Source/tasks.c **** 				#if ( configGENERATE_RUN_TIME_STATS == 1)
2545:Middlewares/Third_Party/FreeRTOS/Source/tasks.c **** 				{
2546:Middlewares/Third_Party/FreeRTOS/Source/tasks.c **** 					if( pulTotalRunTime != NULL )
2547:Middlewares/Third_Party/FreeRTOS/Source/tasks.c **** 					{
2548:Middlewares/Third_Party/FreeRTOS/Source/tasks.c **** 						#ifdef portALT_GET_RUN_TIME_COUNTER_VALUE
2549:Middlewares/Third_Party/FreeRTOS/Source/tasks.c **** 							portALT_GET_RUN_TIME_COUNTER_VALUE( ( *pulTotalRunTime ) );
2550:Middlewares/Third_Party/FreeRTOS/Source/tasks.c **** 						#else
2551:Middlewares/Third_Party/FreeRTOS/Source/tasks.c **** 							*pulTotalRunTime = portGET_RUN_TIME_COUNTER_VALUE();
2552:Middlewares/Third_Party/FreeRTOS/Source/tasks.c **** 						#endif
2553:Middlewares/Third_Party/FreeRTOS/Source/tasks.c **** 					}
2554:Middlewares/Third_Party/FreeRTOS/Source/tasks.c **** 				}
2555:Middlewares/Third_Party/FreeRTOS/Source/tasks.c **** 				#else
2556:Middlewares/Third_Party/FreeRTOS/Source/tasks.c **** 				{
2557:Middlewares/Third_Party/FreeRTOS/Source/tasks.c **** 					if( pulTotalRunTime != NULL )
2558:Middlewares/Third_Party/FreeRTOS/Source/tasks.c **** 					{
2559:Middlewares/Third_Party/FreeRTOS/Source/tasks.c **** 						*pulTotalRunTime = 0;
2560:Middlewares/Third_Party/FreeRTOS/Source/tasks.c **** 					}
2561:Middlewares/Third_Party/FreeRTOS/Source/tasks.c **** 				}
2562:Middlewares/Third_Party/FreeRTOS/Source/tasks.c **** 				#endif
2563:Middlewares/Third_Party/FreeRTOS/Source/tasks.c **** 			}
2564:Middlewares/Third_Party/FreeRTOS/Source/tasks.c **** 			else
2565:Middlewares/Third_Party/FreeRTOS/Source/tasks.c **** 			{
2566:Middlewares/Third_Party/FreeRTOS/Source/tasks.c **** 				mtCOVERAGE_TEST_MARKER();
2567:Middlewares/Third_Party/FreeRTOS/Source/tasks.c **** 			}
2568:Middlewares/Third_Party/FreeRTOS/Source/tasks.c **** 		}
2569:Middlewares/Third_Party/FreeRTOS/Source/tasks.c **** 		( void ) xTaskResumeAll();
2570:Middlewares/Third_Party/FreeRTOS/Source/tasks.c **** 
2571:Middlewares/Third_Party/FreeRTOS/Source/tasks.c **** 		return uxTask;
2572:Middlewares/Third_Party/FreeRTOS/Source/tasks.c **** 	}
2573:Middlewares/Third_Party/FreeRTOS/Source/tasks.c **** 
2574:Middlewares/Third_Party/FreeRTOS/Source/tasks.c **** #endif /* configUSE_TRACE_FACILITY */
2575:Middlewares/Third_Party/FreeRTOS/Source/tasks.c **** /*----------------------------------------------------------*/
2576:Middlewares/Third_Party/FreeRTOS/Source/tasks.c **** 
2577:Middlewares/Third_Party/FreeRTOS/Source/tasks.c **** #if ( INCLUDE_xTaskGetIdleTaskHandle == 1 )
2578:Middlewares/Third_Party/FreeRTOS/Source/tasks.c **** 
2579:Middlewares/Third_Party/FreeRTOS/Source/tasks.c **** 	TaskHandle_t xTaskGetIdleTaskHandle( void )
2580:Middlewares/Third_Party/FreeRTOS/Source/tasks.c **** 	{
2581:Middlewares/Third_Party/FreeRTOS/Source/tasks.c **** 		/* If xTaskGetIdleTaskHandle() is called before the scheduler has been
2582:Middlewares/Third_Party/FreeRTOS/Source/tasks.c **** 		started, then xIdleTaskHandle will be NULL. */
2583:Middlewares/Third_Party/FreeRTOS/Source/tasks.c **** 		configASSERT( ( xIdleTaskHandle != NULL ) );
2584:Middlewares/Third_Party/FreeRTOS/Source/tasks.c **** 		return xIdleTaskHandle;
2585:Middlewares/Third_Party/FreeRTOS/Source/tasks.c **** 	}
ARM GAS  D:\temp\TMP\ccyP8bey.s 			page 52


2586:Middlewares/Third_Party/FreeRTOS/Source/tasks.c **** 
2587:Middlewares/Third_Party/FreeRTOS/Source/tasks.c **** #endif /* INCLUDE_xTaskGetIdleTaskHandle */
2588:Middlewares/Third_Party/FreeRTOS/Source/tasks.c **** /*----------------------------------------------------------*/
2589:Middlewares/Third_Party/FreeRTOS/Source/tasks.c **** 
2590:Middlewares/Third_Party/FreeRTOS/Source/tasks.c **** /* This conditional compilation should use inequality to 0, not equality to 1.
2591:Middlewares/Third_Party/FreeRTOS/Source/tasks.c **** This is to ensure vTaskStepTick() is available when user defined low power mode
2592:Middlewares/Third_Party/FreeRTOS/Source/tasks.c **** implementations require configUSE_TICKLESS_IDLE to be set to a value other than
2593:Middlewares/Third_Party/FreeRTOS/Source/tasks.c **** 1. */
2594:Middlewares/Third_Party/FreeRTOS/Source/tasks.c **** #if ( configUSE_TICKLESS_IDLE != 0 )
2595:Middlewares/Third_Party/FreeRTOS/Source/tasks.c **** 
2596:Middlewares/Third_Party/FreeRTOS/Source/tasks.c **** 	void vTaskStepTick( const TickType_t xTicksToJump )
2597:Middlewares/Third_Party/FreeRTOS/Source/tasks.c **** 	{
2598:Middlewares/Third_Party/FreeRTOS/Source/tasks.c **** 		/* Correct the tick count value after a period during which the tick
2599:Middlewares/Third_Party/FreeRTOS/Source/tasks.c **** 		was suppressed.  Note this does *not* call the tick hook function for
2600:Middlewares/Third_Party/FreeRTOS/Source/tasks.c **** 		each stepped tick. */
2601:Middlewares/Third_Party/FreeRTOS/Source/tasks.c **** 		configASSERT( ( xTickCount + xTicksToJump ) <= xNextTaskUnblockTime );
2602:Middlewares/Third_Party/FreeRTOS/Source/tasks.c **** 		xTickCount += xTicksToJump;
2603:Middlewares/Third_Party/FreeRTOS/Source/tasks.c **** 		traceINCREASE_TICK_COUNT( xTicksToJump );
2604:Middlewares/Third_Party/FreeRTOS/Source/tasks.c **** 	}
2605:Middlewares/Third_Party/FreeRTOS/Source/tasks.c **** 
2606:Middlewares/Third_Party/FreeRTOS/Source/tasks.c **** #endif /* configUSE_TICKLESS_IDLE */
2607:Middlewares/Third_Party/FreeRTOS/Source/tasks.c **** /*----------------------------------------------------------*/
2608:Middlewares/Third_Party/FreeRTOS/Source/tasks.c **** 
2609:Middlewares/Third_Party/FreeRTOS/Source/tasks.c **** BaseType_t xTaskCatchUpTicks( TickType_t xTicksToCatchUp )
2610:Middlewares/Third_Party/FreeRTOS/Source/tasks.c **** {
2611:Middlewares/Third_Party/FreeRTOS/Source/tasks.c **** BaseType_t xYieldRequired = pdFALSE;
2612:Middlewares/Third_Party/FreeRTOS/Source/tasks.c **** 
2613:Middlewares/Third_Party/FreeRTOS/Source/tasks.c **** 	/* Must not be called with the scheduler suspended as the implementation
2614:Middlewares/Third_Party/FreeRTOS/Source/tasks.c **** 	relies on xPendedTicks being wound down to 0 in xTaskResumeAll(). */
2615:Middlewares/Third_Party/FreeRTOS/Source/tasks.c **** 	configASSERT( uxSchedulerSuspended == 0 );
2616:Middlewares/Third_Party/FreeRTOS/Source/tasks.c **** 
2617:Middlewares/Third_Party/FreeRTOS/Source/tasks.c **** 	/* Use xPendedTicks to mimic xTicksToCatchUp number of ticks occurring when
2618:Middlewares/Third_Party/FreeRTOS/Source/tasks.c **** 	the scheduler is suspended so the ticks are executed in xTaskResumeAll(). */
2619:Middlewares/Third_Party/FreeRTOS/Source/tasks.c **** 	vTaskSuspendAll();
2620:Middlewares/Third_Party/FreeRTOS/Source/tasks.c **** 	xPendedTicks += xTicksToCatchUp;
2621:Middlewares/Third_Party/FreeRTOS/Source/tasks.c **** 	xYieldRequired = xTaskResumeAll();
2622:Middlewares/Third_Party/FreeRTOS/Source/tasks.c **** 
2623:Middlewares/Third_Party/FreeRTOS/Source/tasks.c **** 	return xYieldRequired;
2624:Middlewares/Third_Party/FreeRTOS/Source/tasks.c **** }
2625:Middlewares/Third_Party/FreeRTOS/Source/tasks.c **** /*----------------------------------------------------------*/
2626:Middlewares/Third_Party/FreeRTOS/Source/tasks.c **** 
2627:Middlewares/Third_Party/FreeRTOS/Source/tasks.c **** #if ( INCLUDE_xTaskAbortDelay == 1 )
2628:Middlewares/Third_Party/FreeRTOS/Source/tasks.c **** 
2629:Middlewares/Third_Party/FreeRTOS/Source/tasks.c **** 	BaseType_t xTaskAbortDelay( TaskHandle_t xTask )
2630:Middlewares/Third_Party/FreeRTOS/Source/tasks.c **** 	{
2631:Middlewares/Third_Party/FreeRTOS/Source/tasks.c **** 	TCB_t *pxTCB = xTask;
2632:Middlewares/Third_Party/FreeRTOS/Source/tasks.c **** 	BaseType_t xReturn;
2633:Middlewares/Third_Party/FreeRTOS/Source/tasks.c **** 
2634:Middlewares/Third_Party/FreeRTOS/Source/tasks.c **** 		configASSERT( pxTCB );
2635:Middlewares/Third_Party/FreeRTOS/Source/tasks.c **** 
2636:Middlewares/Third_Party/FreeRTOS/Source/tasks.c **** 		vTaskSuspendAll();
2637:Middlewares/Third_Party/FreeRTOS/Source/tasks.c **** 		{
2638:Middlewares/Third_Party/FreeRTOS/Source/tasks.c **** 			/* A task can only be prematurely removed from the Blocked state if
2639:Middlewares/Third_Party/FreeRTOS/Source/tasks.c **** 			it is actually in the Blocked state. */
2640:Middlewares/Third_Party/FreeRTOS/Source/tasks.c **** 			if( eTaskGetState( xTask ) == eBlocked )
2641:Middlewares/Third_Party/FreeRTOS/Source/tasks.c **** 			{
2642:Middlewares/Third_Party/FreeRTOS/Source/tasks.c **** 				xReturn = pdPASS;
ARM GAS  D:\temp\TMP\ccyP8bey.s 			page 53


2643:Middlewares/Third_Party/FreeRTOS/Source/tasks.c **** 
2644:Middlewares/Third_Party/FreeRTOS/Source/tasks.c **** 				/* Remove the reference to the task from the blocked list.  An
2645:Middlewares/Third_Party/FreeRTOS/Source/tasks.c **** 				interrupt won't touch the xStateListItem because the
2646:Middlewares/Third_Party/FreeRTOS/Source/tasks.c **** 				scheduler is suspended. */
2647:Middlewares/Third_Party/FreeRTOS/Source/tasks.c **** 				( void ) uxListRemove( &( pxTCB->xStateListItem ) );
2648:Middlewares/Third_Party/FreeRTOS/Source/tasks.c **** 
2649:Middlewares/Third_Party/FreeRTOS/Source/tasks.c **** 				/* Is the task waiting on an event also?  If so remove it from
2650:Middlewares/Third_Party/FreeRTOS/Source/tasks.c **** 				the event list too.  Interrupts can touch the event list item,
2651:Middlewares/Third_Party/FreeRTOS/Source/tasks.c **** 				even though the scheduler is suspended, so a critical section
2652:Middlewares/Third_Party/FreeRTOS/Source/tasks.c **** 				is used. */
2653:Middlewares/Third_Party/FreeRTOS/Source/tasks.c **** 				taskENTER_CRITICAL();
2654:Middlewares/Third_Party/FreeRTOS/Source/tasks.c **** 				{
2655:Middlewares/Third_Party/FreeRTOS/Source/tasks.c **** 					if( listLIST_ITEM_CONTAINER( &( pxTCB->xEventListItem ) ) != NULL )
2656:Middlewares/Third_Party/FreeRTOS/Source/tasks.c **** 					{
2657:Middlewares/Third_Party/FreeRTOS/Source/tasks.c **** 						( void ) uxListRemove( &( pxTCB->xEventListItem ) );
2658:Middlewares/Third_Party/FreeRTOS/Source/tasks.c **** 
2659:Middlewares/Third_Party/FreeRTOS/Source/tasks.c **** 						/* This lets the task know it was forcibly removed from the
2660:Middlewares/Third_Party/FreeRTOS/Source/tasks.c **** 						blocked state so it should not re-evaluate its block time and
2661:Middlewares/Third_Party/FreeRTOS/Source/tasks.c **** 						then block again. */
2662:Middlewares/Third_Party/FreeRTOS/Source/tasks.c **** 						pxTCB->ucDelayAborted = pdTRUE;
2663:Middlewares/Third_Party/FreeRTOS/Source/tasks.c **** 					}
2664:Middlewares/Third_Party/FreeRTOS/Source/tasks.c **** 					else
2665:Middlewares/Third_Party/FreeRTOS/Source/tasks.c **** 					{
2666:Middlewares/Third_Party/FreeRTOS/Source/tasks.c **** 						mtCOVERAGE_TEST_MARKER();
2667:Middlewares/Third_Party/FreeRTOS/Source/tasks.c **** 					}
2668:Middlewares/Third_Party/FreeRTOS/Source/tasks.c **** 				}
2669:Middlewares/Third_Party/FreeRTOS/Source/tasks.c **** 				taskEXIT_CRITICAL();
2670:Middlewares/Third_Party/FreeRTOS/Source/tasks.c **** 
2671:Middlewares/Third_Party/FreeRTOS/Source/tasks.c **** 				/* Place the unblocked task into the appropriate ready list. */
2672:Middlewares/Third_Party/FreeRTOS/Source/tasks.c **** 				prvAddTaskToReadyList( pxTCB );
2673:Middlewares/Third_Party/FreeRTOS/Source/tasks.c **** 
2674:Middlewares/Third_Party/FreeRTOS/Source/tasks.c **** 				/* A task being unblocked cannot cause an immediate context
2675:Middlewares/Third_Party/FreeRTOS/Source/tasks.c **** 				switch if preemption is turned off. */
2676:Middlewares/Third_Party/FreeRTOS/Source/tasks.c **** 				#if (  configUSE_PREEMPTION == 1 )
2677:Middlewares/Third_Party/FreeRTOS/Source/tasks.c **** 				{
2678:Middlewares/Third_Party/FreeRTOS/Source/tasks.c **** 					/* Preemption is on, but a context switch should only be
2679:Middlewares/Third_Party/FreeRTOS/Source/tasks.c **** 					performed if the unblocked task has a priority that is
2680:Middlewares/Third_Party/FreeRTOS/Source/tasks.c **** 					equal to or higher than the currently executing task. */
2681:Middlewares/Third_Party/FreeRTOS/Source/tasks.c **** 					if( pxTCB->uxPriority > pxCurrentTCB->uxPriority )
2682:Middlewares/Third_Party/FreeRTOS/Source/tasks.c **** 					{
2683:Middlewares/Third_Party/FreeRTOS/Source/tasks.c **** 						/* Pend the yield to be performed when the scheduler
2684:Middlewares/Third_Party/FreeRTOS/Source/tasks.c **** 						is unsuspended. */
2685:Middlewares/Third_Party/FreeRTOS/Source/tasks.c **** 						xYieldPending = pdTRUE;
2686:Middlewares/Third_Party/FreeRTOS/Source/tasks.c **** 					}
2687:Middlewares/Third_Party/FreeRTOS/Source/tasks.c **** 					else
2688:Middlewares/Third_Party/FreeRTOS/Source/tasks.c **** 					{
2689:Middlewares/Third_Party/FreeRTOS/Source/tasks.c **** 						mtCOVERAGE_TEST_MARKER();
2690:Middlewares/Third_Party/FreeRTOS/Source/tasks.c **** 					}
2691:Middlewares/Third_Party/FreeRTOS/Source/tasks.c **** 				}
2692:Middlewares/Third_Party/FreeRTOS/Source/tasks.c **** 				#endif /* configUSE_PREEMPTION */
2693:Middlewares/Third_Party/FreeRTOS/Source/tasks.c **** 			}
2694:Middlewares/Third_Party/FreeRTOS/Source/tasks.c **** 			else
2695:Middlewares/Third_Party/FreeRTOS/Source/tasks.c **** 			{
2696:Middlewares/Third_Party/FreeRTOS/Source/tasks.c **** 				xReturn = pdFAIL;
2697:Middlewares/Third_Party/FreeRTOS/Source/tasks.c **** 			}
2698:Middlewares/Third_Party/FreeRTOS/Source/tasks.c **** 		}
2699:Middlewares/Third_Party/FreeRTOS/Source/tasks.c **** 		( void ) xTaskResumeAll();
ARM GAS  D:\temp\TMP\ccyP8bey.s 			page 54


2700:Middlewares/Third_Party/FreeRTOS/Source/tasks.c **** 
2701:Middlewares/Third_Party/FreeRTOS/Source/tasks.c **** 		return xReturn;
2702:Middlewares/Third_Party/FreeRTOS/Source/tasks.c **** 	}
2703:Middlewares/Third_Party/FreeRTOS/Source/tasks.c **** 
2704:Middlewares/Third_Party/FreeRTOS/Source/tasks.c **** #endif /* INCLUDE_xTaskAbortDelay */
2705:Middlewares/Third_Party/FreeRTOS/Source/tasks.c **** /*----------------------------------------------------------*/
2706:Middlewares/Third_Party/FreeRTOS/Source/tasks.c **** 
2707:Middlewares/Third_Party/FreeRTOS/Source/tasks.c **** BaseType_t xTaskIncrementTick( void )
2708:Middlewares/Third_Party/FreeRTOS/Source/tasks.c **** {
2709:Middlewares/Third_Party/FreeRTOS/Source/tasks.c **** TCB_t * pxTCB;
2710:Middlewares/Third_Party/FreeRTOS/Source/tasks.c **** TickType_t xItemValue;
2711:Middlewares/Third_Party/FreeRTOS/Source/tasks.c **** BaseType_t xSwitchRequired = pdFALSE;
2712:Middlewares/Third_Party/FreeRTOS/Source/tasks.c **** 
2713:Middlewares/Third_Party/FreeRTOS/Source/tasks.c **** 	/* Called by the portable layer each time a tick interrupt occurs.
2714:Middlewares/Third_Party/FreeRTOS/Source/tasks.c **** 	Increments the tick then checks to see if the new tick value will cause any
2715:Middlewares/Third_Party/FreeRTOS/Source/tasks.c **** 	tasks to be unblocked. */
2716:Middlewares/Third_Party/FreeRTOS/Source/tasks.c **** 	traceTASK_INCREMENT_TICK( xTickCount );
2717:Middlewares/Third_Party/FreeRTOS/Source/tasks.c **** 	if( uxSchedulerSuspended == ( UBaseType_t ) pdFALSE )
2718:Middlewares/Third_Party/FreeRTOS/Source/tasks.c **** 	{
2719:Middlewares/Third_Party/FreeRTOS/Source/tasks.c **** 		/* Minor optimisation.  The tick count cannot change in this
2720:Middlewares/Third_Party/FreeRTOS/Source/tasks.c **** 		block. */
2721:Middlewares/Third_Party/FreeRTOS/Source/tasks.c **** 		const TickType_t xConstTickCount = xTickCount + ( TickType_t ) 1;
2722:Middlewares/Third_Party/FreeRTOS/Source/tasks.c **** 
2723:Middlewares/Third_Party/FreeRTOS/Source/tasks.c **** 		/* Increment the RTOS tick, switching the delayed and overflowed
2724:Middlewares/Third_Party/FreeRTOS/Source/tasks.c **** 		delayed lists if it wraps to 0. */
2725:Middlewares/Third_Party/FreeRTOS/Source/tasks.c **** 		xTickCount = xConstTickCount;
2726:Middlewares/Third_Party/FreeRTOS/Source/tasks.c **** 
2727:Middlewares/Third_Party/FreeRTOS/Source/tasks.c **** 		if( xConstTickCount == ( TickType_t ) 0U ) /*lint !e774 'if' does not always evaluate to false as
2728:Middlewares/Third_Party/FreeRTOS/Source/tasks.c **** 		{
2729:Middlewares/Third_Party/FreeRTOS/Source/tasks.c **** 			taskSWITCH_DELAYED_LISTS();
2730:Middlewares/Third_Party/FreeRTOS/Source/tasks.c **** 		}
2731:Middlewares/Third_Party/FreeRTOS/Source/tasks.c **** 		else
2732:Middlewares/Third_Party/FreeRTOS/Source/tasks.c **** 		{
2733:Middlewares/Third_Party/FreeRTOS/Source/tasks.c **** 			mtCOVERAGE_TEST_MARKER();
2734:Middlewares/Third_Party/FreeRTOS/Source/tasks.c **** 		}
2735:Middlewares/Third_Party/FreeRTOS/Source/tasks.c **** 
2736:Middlewares/Third_Party/FreeRTOS/Source/tasks.c **** 		/* See if this tick has made a timeout expire.  Tasks are stored in
2737:Middlewares/Third_Party/FreeRTOS/Source/tasks.c **** 		the	queue in the order of their wake time - meaning once one task
2738:Middlewares/Third_Party/FreeRTOS/Source/tasks.c **** 		has been found whose block time has not expired there is no need to
2739:Middlewares/Third_Party/FreeRTOS/Source/tasks.c **** 		look any further down the list. */
2740:Middlewares/Third_Party/FreeRTOS/Source/tasks.c **** 		if( xConstTickCount >= xNextTaskUnblockTime )
2741:Middlewares/Third_Party/FreeRTOS/Source/tasks.c **** 		{
2742:Middlewares/Third_Party/FreeRTOS/Source/tasks.c **** 			for( ;; )
2743:Middlewares/Third_Party/FreeRTOS/Source/tasks.c **** 			{
2744:Middlewares/Third_Party/FreeRTOS/Source/tasks.c **** 				if( listLIST_IS_EMPTY( pxDelayedTaskList ) != pdFALSE )
2745:Middlewares/Third_Party/FreeRTOS/Source/tasks.c **** 				{
2746:Middlewares/Third_Party/FreeRTOS/Source/tasks.c **** 					/* The delayed list is empty.  Set xNextTaskUnblockTime
2747:Middlewares/Third_Party/FreeRTOS/Source/tasks.c **** 					to the maximum possible value so it is extremely
2748:Middlewares/Third_Party/FreeRTOS/Source/tasks.c **** 					unlikely that the
2749:Middlewares/Third_Party/FreeRTOS/Source/tasks.c **** 					if( xTickCount >= xNextTaskUnblockTime ) test will pass
2750:Middlewares/Third_Party/FreeRTOS/Source/tasks.c **** 					next time through. */
2751:Middlewares/Third_Party/FreeRTOS/Source/tasks.c **** 					xNextTaskUnblockTime = portMAX_DELAY; /*lint !e961 MISRA exception as the casts are only redun
2752:Middlewares/Third_Party/FreeRTOS/Source/tasks.c **** 					break;
2753:Middlewares/Third_Party/FreeRTOS/Source/tasks.c **** 				}
2754:Middlewares/Third_Party/FreeRTOS/Source/tasks.c **** 				else
2755:Middlewares/Third_Party/FreeRTOS/Source/tasks.c **** 				{
2756:Middlewares/Third_Party/FreeRTOS/Source/tasks.c **** 					/* The delayed list is not empty, get the value of the
ARM GAS  D:\temp\TMP\ccyP8bey.s 			page 55


2757:Middlewares/Third_Party/FreeRTOS/Source/tasks.c **** 					item at the head of the delayed list.  This is the time
2758:Middlewares/Third_Party/FreeRTOS/Source/tasks.c **** 					at which the task at the head of the delayed list must
2759:Middlewares/Third_Party/FreeRTOS/Source/tasks.c **** 					be removed from the Blocked state. */
2760:Middlewares/Third_Party/FreeRTOS/Source/tasks.c **** 					pxTCB = listGET_OWNER_OF_HEAD_ENTRY( pxDelayedTaskList ); /*lint !e9079 void * is used as this
2761:Middlewares/Third_Party/FreeRTOS/Source/tasks.c **** 					xItemValue = listGET_LIST_ITEM_VALUE( &( pxTCB->xStateListItem ) );
2762:Middlewares/Third_Party/FreeRTOS/Source/tasks.c **** 
2763:Middlewares/Third_Party/FreeRTOS/Source/tasks.c **** 					if( xConstTickCount < xItemValue )
2764:Middlewares/Third_Party/FreeRTOS/Source/tasks.c **** 					{
2765:Middlewares/Third_Party/FreeRTOS/Source/tasks.c **** 						/* It is not time to unblock this item yet, but the
2766:Middlewares/Third_Party/FreeRTOS/Source/tasks.c **** 						item value is the time at which the task at the head
2767:Middlewares/Third_Party/FreeRTOS/Source/tasks.c **** 						of the blocked list must be removed from the Blocked
2768:Middlewares/Third_Party/FreeRTOS/Source/tasks.c **** 						state -	so record the item value in
2769:Middlewares/Third_Party/FreeRTOS/Source/tasks.c **** 						xNextTaskUnblockTime. */
2770:Middlewares/Third_Party/FreeRTOS/Source/tasks.c **** 						xNextTaskUnblockTime = xItemValue;
2771:Middlewares/Third_Party/FreeRTOS/Source/tasks.c **** 						break; /*lint !e9011 Code structure here is deedmed easier to understand with multiple breaks
2772:Middlewares/Third_Party/FreeRTOS/Source/tasks.c **** 					}
2773:Middlewares/Third_Party/FreeRTOS/Source/tasks.c **** 					else
2774:Middlewares/Third_Party/FreeRTOS/Source/tasks.c **** 					{
2775:Middlewares/Third_Party/FreeRTOS/Source/tasks.c **** 						mtCOVERAGE_TEST_MARKER();
2776:Middlewares/Third_Party/FreeRTOS/Source/tasks.c **** 					}
2777:Middlewares/Third_Party/FreeRTOS/Source/tasks.c **** 
2778:Middlewares/Third_Party/FreeRTOS/Source/tasks.c **** 					/* It is time to remove the item from the Blocked state. */
2779:Middlewares/Third_Party/FreeRTOS/Source/tasks.c **** 					( void ) uxListRemove( &( pxTCB->xStateListItem ) );
2780:Middlewares/Third_Party/FreeRTOS/Source/tasks.c **** 
2781:Middlewares/Third_Party/FreeRTOS/Source/tasks.c **** 					/* Is the task waiting on an event also?  If so remove
2782:Middlewares/Third_Party/FreeRTOS/Source/tasks.c **** 					it from the event list. */
2783:Middlewares/Third_Party/FreeRTOS/Source/tasks.c **** 					if( listLIST_ITEM_CONTAINER( &( pxTCB->xEventListItem ) ) != NULL )
2784:Middlewares/Third_Party/FreeRTOS/Source/tasks.c **** 					{
2785:Middlewares/Third_Party/FreeRTOS/Source/tasks.c **** 						( void ) uxListRemove( &( pxTCB->xEventListItem ) );
2786:Middlewares/Third_Party/FreeRTOS/Source/tasks.c **** 					}
2787:Middlewares/Third_Party/FreeRTOS/Source/tasks.c **** 					else
2788:Middlewares/Third_Party/FreeRTOS/Source/tasks.c **** 					{
2789:Middlewares/Third_Party/FreeRTOS/Source/tasks.c **** 						mtCOVERAGE_TEST_MARKER();
2790:Middlewares/Third_Party/FreeRTOS/Source/tasks.c **** 					}
2791:Middlewares/Third_Party/FreeRTOS/Source/tasks.c **** 
2792:Middlewares/Third_Party/FreeRTOS/Source/tasks.c **** 					/* Place the unblocked task into the appropriate ready
2793:Middlewares/Third_Party/FreeRTOS/Source/tasks.c **** 					list. */
2794:Middlewares/Third_Party/FreeRTOS/Source/tasks.c **** 					prvAddTaskToReadyList( pxTCB );
2795:Middlewares/Third_Party/FreeRTOS/Source/tasks.c **** 
2796:Middlewares/Third_Party/FreeRTOS/Source/tasks.c **** 					/* A task being unblocked cannot cause an immediate
2797:Middlewares/Third_Party/FreeRTOS/Source/tasks.c **** 					context switch if preemption is turned off. */
2798:Middlewares/Third_Party/FreeRTOS/Source/tasks.c **** 					#if (  configUSE_PREEMPTION == 1 )
2799:Middlewares/Third_Party/FreeRTOS/Source/tasks.c **** 					{
2800:Middlewares/Third_Party/FreeRTOS/Source/tasks.c **** 						/* Preemption is on, but a context switch should
2801:Middlewares/Third_Party/FreeRTOS/Source/tasks.c **** 						only be performed if the unblocked task has a
2802:Middlewares/Third_Party/FreeRTOS/Source/tasks.c **** 						priority that is equal to or higher than the
2803:Middlewares/Third_Party/FreeRTOS/Source/tasks.c **** 						currently executing task. */
2804:Middlewares/Third_Party/FreeRTOS/Source/tasks.c **** 						if( pxTCB->uxPriority >= pxCurrentTCB->uxPriority )
2805:Middlewares/Third_Party/FreeRTOS/Source/tasks.c **** 						{
2806:Middlewares/Third_Party/FreeRTOS/Source/tasks.c **** 							xSwitchRequired = pdTRUE;
2807:Middlewares/Third_Party/FreeRTOS/Source/tasks.c **** 						}
2808:Middlewares/Third_Party/FreeRTOS/Source/tasks.c **** 						else
2809:Middlewares/Third_Party/FreeRTOS/Source/tasks.c **** 						{
2810:Middlewares/Third_Party/FreeRTOS/Source/tasks.c **** 							mtCOVERAGE_TEST_MARKER();
2811:Middlewares/Third_Party/FreeRTOS/Source/tasks.c **** 						}
2812:Middlewares/Third_Party/FreeRTOS/Source/tasks.c **** 					}
2813:Middlewares/Third_Party/FreeRTOS/Source/tasks.c **** 					#endif /* configUSE_PREEMPTION */
ARM GAS  D:\temp\TMP\ccyP8bey.s 			page 56


2814:Middlewares/Third_Party/FreeRTOS/Source/tasks.c **** 				}
2815:Middlewares/Third_Party/FreeRTOS/Source/tasks.c **** 			}
2816:Middlewares/Third_Party/FreeRTOS/Source/tasks.c **** 		}
2817:Middlewares/Third_Party/FreeRTOS/Source/tasks.c **** 
2818:Middlewares/Third_Party/FreeRTOS/Source/tasks.c **** 		/* Tasks of equal priority to the currently running task will share
2819:Middlewares/Third_Party/FreeRTOS/Source/tasks.c **** 		processing time (time slice) if preemption is on, and the application
2820:Middlewares/Third_Party/FreeRTOS/Source/tasks.c **** 		writer has not explicitly turned time slicing off. */
2821:Middlewares/Third_Party/FreeRTOS/Source/tasks.c **** 		#if ( ( configUSE_PREEMPTION == 1 ) && ( configUSE_TIME_SLICING == 1 ) )
2822:Middlewares/Third_Party/FreeRTOS/Source/tasks.c **** 		{
2823:Middlewares/Third_Party/FreeRTOS/Source/tasks.c **** 			if( listCURRENT_LIST_LENGTH( &( pxReadyTasksLists[ pxCurrentTCB->uxPriority ] ) ) > ( UBaseType_
2824:Middlewares/Third_Party/FreeRTOS/Source/tasks.c **** 			{
2825:Middlewares/Third_Party/FreeRTOS/Source/tasks.c **** 				xSwitchRequired = pdTRUE;
2826:Middlewares/Third_Party/FreeRTOS/Source/tasks.c **** 			}
2827:Middlewares/Third_Party/FreeRTOS/Source/tasks.c **** 			else
2828:Middlewares/Third_Party/FreeRTOS/Source/tasks.c **** 			{
2829:Middlewares/Third_Party/FreeRTOS/Source/tasks.c **** 				mtCOVERAGE_TEST_MARKER();
2830:Middlewares/Third_Party/FreeRTOS/Source/tasks.c **** 			}
2831:Middlewares/Third_Party/FreeRTOS/Source/tasks.c **** 		}
2832:Middlewares/Third_Party/FreeRTOS/Source/tasks.c **** 		#endif /* ( ( configUSE_PREEMPTION == 1 ) && ( configUSE_TIME_SLICING == 1 ) ) */
2833:Middlewares/Third_Party/FreeRTOS/Source/tasks.c **** 
2834:Middlewares/Third_Party/FreeRTOS/Source/tasks.c **** 		#if ( configUSE_TICK_HOOK == 1 )
2835:Middlewares/Third_Party/FreeRTOS/Source/tasks.c **** 		{
2836:Middlewares/Third_Party/FreeRTOS/Source/tasks.c **** 			/* Guard against the tick hook being called when the pended tick
2837:Middlewares/Third_Party/FreeRTOS/Source/tasks.c **** 			count is being unwound (when the scheduler is being unlocked). */
2838:Middlewares/Third_Party/FreeRTOS/Source/tasks.c **** 			if( xPendedTicks == ( TickType_t ) 0 )
2839:Middlewares/Third_Party/FreeRTOS/Source/tasks.c **** 			{
2840:Middlewares/Third_Party/FreeRTOS/Source/tasks.c **** 				vApplicationTickHook();
2841:Middlewares/Third_Party/FreeRTOS/Source/tasks.c **** 			}
2842:Middlewares/Third_Party/FreeRTOS/Source/tasks.c **** 			else
2843:Middlewares/Third_Party/FreeRTOS/Source/tasks.c **** 			{
2844:Middlewares/Third_Party/FreeRTOS/Source/tasks.c **** 				mtCOVERAGE_TEST_MARKER();
2845:Middlewares/Third_Party/FreeRTOS/Source/tasks.c **** 			}
2846:Middlewares/Third_Party/FreeRTOS/Source/tasks.c **** 		}
2847:Middlewares/Third_Party/FreeRTOS/Source/tasks.c **** 		#endif /* configUSE_TICK_HOOK */
2848:Middlewares/Third_Party/FreeRTOS/Source/tasks.c **** 
2849:Middlewares/Third_Party/FreeRTOS/Source/tasks.c **** 		#if ( configUSE_PREEMPTION == 1 )
2850:Middlewares/Third_Party/FreeRTOS/Source/tasks.c **** 		{
2851:Middlewares/Third_Party/FreeRTOS/Source/tasks.c **** 			if( xYieldPending != pdFALSE )
2852:Middlewares/Third_Party/FreeRTOS/Source/tasks.c **** 			{
2853:Middlewares/Third_Party/FreeRTOS/Source/tasks.c **** 				xSwitchRequired = pdTRUE;
2854:Middlewares/Third_Party/FreeRTOS/Source/tasks.c **** 			}
2855:Middlewares/Third_Party/FreeRTOS/Source/tasks.c **** 			else
2856:Middlewares/Third_Party/FreeRTOS/Source/tasks.c **** 			{
2857:Middlewares/Third_Party/FreeRTOS/Source/tasks.c **** 				mtCOVERAGE_TEST_MARKER();
2858:Middlewares/Third_Party/FreeRTOS/Source/tasks.c **** 			}
2859:Middlewares/Third_Party/FreeRTOS/Source/tasks.c **** 		}
2860:Middlewares/Third_Party/FreeRTOS/Source/tasks.c **** 		#endif /* configUSE_PREEMPTION */
2861:Middlewares/Third_Party/FreeRTOS/Source/tasks.c **** 	}
2862:Middlewares/Third_Party/FreeRTOS/Source/tasks.c **** 	else
2863:Middlewares/Third_Party/FreeRTOS/Source/tasks.c **** 	{
2864:Middlewares/Third_Party/FreeRTOS/Source/tasks.c **** 		++xPendedTicks;
2865:Middlewares/Third_Party/FreeRTOS/Source/tasks.c **** 
2866:Middlewares/Third_Party/FreeRTOS/Source/tasks.c **** 		/* The tick hook gets called at regular intervals, even if the
2867:Middlewares/Third_Party/FreeRTOS/Source/tasks.c **** 		scheduler is locked. */
2868:Middlewares/Third_Party/FreeRTOS/Source/tasks.c **** 		#if ( configUSE_TICK_HOOK == 1 )
2869:Middlewares/Third_Party/FreeRTOS/Source/tasks.c **** 		{
2870:Middlewares/Third_Party/FreeRTOS/Source/tasks.c **** 			vApplicationTickHook();
ARM GAS  D:\temp\TMP\ccyP8bey.s 			page 57


2871:Middlewares/Third_Party/FreeRTOS/Source/tasks.c **** 		}
2872:Middlewares/Third_Party/FreeRTOS/Source/tasks.c **** 		#endif
2873:Middlewares/Third_Party/FreeRTOS/Source/tasks.c **** 	}
2874:Middlewares/Third_Party/FreeRTOS/Source/tasks.c **** 
2875:Middlewares/Third_Party/FreeRTOS/Source/tasks.c **** 	return xSwitchRequired;
2876:Middlewares/Third_Party/FreeRTOS/Source/tasks.c **** }
2877:Middlewares/Third_Party/FreeRTOS/Source/tasks.c **** /*-----------------------------------------------------------*/
2878:Middlewares/Third_Party/FreeRTOS/Source/tasks.c **** 
2879:Middlewares/Third_Party/FreeRTOS/Source/tasks.c **** #if ( configUSE_APPLICATION_TASK_TAG == 1 )
2880:Middlewares/Third_Party/FreeRTOS/Source/tasks.c **** 
2881:Middlewares/Third_Party/FreeRTOS/Source/tasks.c **** 	void vTaskSetApplicationTaskTag( TaskHandle_t xTask, TaskHookFunction_t pxHookFunction )
2882:Middlewares/Third_Party/FreeRTOS/Source/tasks.c **** 	{
2883:Middlewares/Third_Party/FreeRTOS/Source/tasks.c **** 	TCB_t *xTCB;
2884:Middlewares/Third_Party/FreeRTOS/Source/tasks.c **** 
2885:Middlewares/Third_Party/FreeRTOS/Source/tasks.c **** 		/* If xTask is NULL then it is the task hook of the calling task that is
2886:Middlewares/Third_Party/FreeRTOS/Source/tasks.c **** 		getting set. */
2887:Middlewares/Third_Party/FreeRTOS/Source/tasks.c **** 		if( xTask == NULL )
2888:Middlewares/Third_Party/FreeRTOS/Source/tasks.c **** 		{
2889:Middlewares/Third_Party/FreeRTOS/Source/tasks.c **** 			xTCB = ( TCB_t * ) pxCurrentTCB;
2890:Middlewares/Third_Party/FreeRTOS/Source/tasks.c **** 		}
2891:Middlewares/Third_Party/FreeRTOS/Source/tasks.c **** 		else
2892:Middlewares/Third_Party/FreeRTOS/Source/tasks.c **** 		{
2893:Middlewares/Third_Party/FreeRTOS/Source/tasks.c **** 			xTCB = xTask;
2894:Middlewares/Third_Party/FreeRTOS/Source/tasks.c **** 		}
2895:Middlewares/Third_Party/FreeRTOS/Source/tasks.c **** 
2896:Middlewares/Third_Party/FreeRTOS/Source/tasks.c **** 		/* Save the hook function in the TCB.  A critical section is required as
2897:Middlewares/Third_Party/FreeRTOS/Source/tasks.c **** 		the value can be accessed from an interrupt. */
2898:Middlewares/Third_Party/FreeRTOS/Source/tasks.c **** 		taskENTER_CRITICAL();
2899:Middlewares/Third_Party/FreeRTOS/Source/tasks.c **** 		{
2900:Middlewares/Third_Party/FreeRTOS/Source/tasks.c **** 			xTCB->pxTaskTag = pxHookFunction;
2901:Middlewares/Third_Party/FreeRTOS/Source/tasks.c **** 		}
2902:Middlewares/Third_Party/FreeRTOS/Source/tasks.c **** 		taskEXIT_CRITICAL();
2903:Middlewares/Third_Party/FreeRTOS/Source/tasks.c **** 	}
2904:Middlewares/Third_Party/FreeRTOS/Source/tasks.c **** 
2905:Middlewares/Third_Party/FreeRTOS/Source/tasks.c **** #endif /* configUSE_APPLICATION_TASK_TAG */
2906:Middlewares/Third_Party/FreeRTOS/Source/tasks.c **** /*-----------------------------------------------------------*/
2907:Middlewares/Third_Party/FreeRTOS/Source/tasks.c **** 
2908:Middlewares/Third_Party/FreeRTOS/Source/tasks.c **** #if ( configUSE_APPLICATION_TASK_TAG == 1 )
2909:Middlewares/Third_Party/FreeRTOS/Source/tasks.c **** 
2910:Middlewares/Third_Party/FreeRTOS/Source/tasks.c **** 	TaskHookFunction_t xTaskGetApplicationTaskTag( TaskHandle_t xTask )
2911:Middlewares/Third_Party/FreeRTOS/Source/tasks.c **** 	{
2912:Middlewares/Third_Party/FreeRTOS/Source/tasks.c **** 	TCB_t *pxTCB;
2913:Middlewares/Third_Party/FreeRTOS/Source/tasks.c **** 	TaskHookFunction_t xReturn;
2914:Middlewares/Third_Party/FreeRTOS/Source/tasks.c **** 
2915:Middlewares/Third_Party/FreeRTOS/Source/tasks.c **** 		/* If xTask is NULL then set the calling task's hook. */
2916:Middlewares/Third_Party/FreeRTOS/Source/tasks.c **** 		pxTCB = prvGetTCBFromHandle( xTask );
2917:Middlewares/Third_Party/FreeRTOS/Source/tasks.c **** 
2918:Middlewares/Third_Party/FreeRTOS/Source/tasks.c **** 		/* Save the hook function in the TCB.  A critical section is required as
2919:Middlewares/Third_Party/FreeRTOS/Source/tasks.c **** 		the value can be accessed from an interrupt. */
2920:Middlewares/Third_Party/FreeRTOS/Source/tasks.c **** 		taskENTER_CRITICAL();
2921:Middlewares/Third_Party/FreeRTOS/Source/tasks.c **** 		{
2922:Middlewares/Third_Party/FreeRTOS/Source/tasks.c **** 			xReturn = pxTCB->pxTaskTag;
2923:Middlewares/Third_Party/FreeRTOS/Source/tasks.c **** 		}
2924:Middlewares/Third_Party/FreeRTOS/Source/tasks.c **** 		taskEXIT_CRITICAL();
2925:Middlewares/Third_Party/FreeRTOS/Source/tasks.c **** 
2926:Middlewares/Third_Party/FreeRTOS/Source/tasks.c **** 		return xReturn;
2927:Middlewares/Third_Party/FreeRTOS/Source/tasks.c **** 	}
ARM GAS  D:\temp\TMP\ccyP8bey.s 			page 58


2928:Middlewares/Third_Party/FreeRTOS/Source/tasks.c **** 
2929:Middlewares/Third_Party/FreeRTOS/Source/tasks.c **** #endif /* configUSE_APPLICATION_TASK_TAG */
2930:Middlewares/Third_Party/FreeRTOS/Source/tasks.c **** /*-----------------------------------------------------------*/
2931:Middlewares/Third_Party/FreeRTOS/Source/tasks.c **** 
2932:Middlewares/Third_Party/FreeRTOS/Source/tasks.c **** #if ( configUSE_APPLICATION_TASK_TAG == 1 )
2933:Middlewares/Third_Party/FreeRTOS/Source/tasks.c **** 
2934:Middlewares/Third_Party/FreeRTOS/Source/tasks.c **** 	TaskHookFunction_t xTaskGetApplicationTaskTagFromISR( TaskHandle_t xTask )
2935:Middlewares/Third_Party/FreeRTOS/Source/tasks.c **** 	{
2936:Middlewares/Third_Party/FreeRTOS/Source/tasks.c **** 	TCB_t *pxTCB;
2937:Middlewares/Third_Party/FreeRTOS/Source/tasks.c **** 	TaskHookFunction_t xReturn;
2938:Middlewares/Third_Party/FreeRTOS/Source/tasks.c **** 	UBaseType_t uxSavedInterruptStatus;
2939:Middlewares/Third_Party/FreeRTOS/Source/tasks.c **** 
2940:Middlewares/Third_Party/FreeRTOS/Source/tasks.c **** 		/* If xTask is NULL then set the calling task's hook. */
2941:Middlewares/Third_Party/FreeRTOS/Source/tasks.c **** 		pxTCB = prvGetTCBFromHandle( xTask );
2942:Middlewares/Third_Party/FreeRTOS/Source/tasks.c **** 
2943:Middlewares/Third_Party/FreeRTOS/Source/tasks.c **** 		/* Save the hook function in the TCB.  A critical section is required as
2944:Middlewares/Third_Party/FreeRTOS/Source/tasks.c **** 		the value can be accessed from an interrupt. */
2945:Middlewares/Third_Party/FreeRTOS/Source/tasks.c **** 		uxSavedInterruptStatus = portSET_INTERRUPT_MASK_FROM_ISR();
2946:Middlewares/Third_Party/FreeRTOS/Source/tasks.c **** 		{
2947:Middlewares/Third_Party/FreeRTOS/Source/tasks.c **** 			xReturn = pxTCB->pxTaskTag;
2948:Middlewares/Third_Party/FreeRTOS/Source/tasks.c **** 		}
2949:Middlewares/Third_Party/FreeRTOS/Source/tasks.c **** 		portCLEAR_INTERRUPT_MASK_FROM_ISR( uxSavedInterruptStatus );
2950:Middlewares/Third_Party/FreeRTOS/Source/tasks.c **** 
2951:Middlewares/Third_Party/FreeRTOS/Source/tasks.c **** 		return xReturn;
2952:Middlewares/Third_Party/FreeRTOS/Source/tasks.c **** 	}
2953:Middlewares/Third_Party/FreeRTOS/Source/tasks.c **** 
2954:Middlewares/Third_Party/FreeRTOS/Source/tasks.c **** #endif /* configUSE_APPLICATION_TASK_TAG */
2955:Middlewares/Third_Party/FreeRTOS/Source/tasks.c **** /*-----------------------------------------------------------*/
2956:Middlewares/Third_Party/FreeRTOS/Source/tasks.c **** 
2957:Middlewares/Third_Party/FreeRTOS/Source/tasks.c **** #if ( configUSE_APPLICATION_TASK_TAG == 1 )
2958:Middlewares/Third_Party/FreeRTOS/Source/tasks.c **** 
2959:Middlewares/Third_Party/FreeRTOS/Source/tasks.c **** 	BaseType_t xTaskCallApplicationTaskHook( TaskHandle_t xTask, void *pvParameter )
2960:Middlewares/Third_Party/FreeRTOS/Source/tasks.c **** 	{
2961:Middlewares/Third_Party/FreeRTOS/Source/tasks.c **** 	TCB_t *xTCB;
2962:Middlewares/Third_Party/FreeRTOS/Source/tasks.c **** 	BaseType_t xReturn;
2963:Middlewares/Third_Party/FreeRTOS/Source/tasks.c **** 
2964:Middlewares/Third_Party/FreeRTOS/Source/tasks.c **** 		/* If xTask is NULL then we are calling our own task hook. */
2965:Middlewares/Third_Party/FreeRTOS/Source/tasks.c **** 		if( xTask == NULL )
2966:Middlewares/Third_Party/FreeRTOS/Source/tasks.c **** 		{
2967:Middlewares/Third_Party/FreeRTOS/Source/tasks.c **** 			xTCB = pxCurrentTCB;
2968:Middlewares/Third_Party/FreeRTOS/Source/tasks.c **** 		}
2969:Middlewares/Third_Party/FreeRTOS/Source/tasks.c **** 		else
2970:Middlewares/Third_Party/FreeRTOS/Source/tasks.c **** 		{
2971:Middlewares/Third_Party/FreeRTOS/Source/tasks.c **** 			xTCB = xTask;
2972:Middlewares/Third_Party/FreeRTOS/Source/tasks.c **** 		}
2973:Middlewares/Third_Party/FreeRTOS/Source/tasks.c **** 
2974:Middlewares/Third_Party/FreeRTOS/Source/tasks.c **** 		if( xTCB->pxTaskTag != NULL )
2975:Middlewares/Third_Party/FreeRTOS/Source/tasks.c **** 		{
2976:Middlewares/Third_Party/FreeRTOS/Source/tasks.c **** 			xReturn = xTCB->pxTaskTag( pvParameter );
2977:Middlewares/Third_Party/FreeRTOS/Source/tasks.c **** 		}
2978:Middlewares/Third_Party/FreeRTOS/Source/tasks.c **** 		else
2979:Middlewares/Third_Party/FreeRTOS/Source/tasks.c **** 		{
2980:Middlewares/Third_Party/FreeRTOS/Source/tasks.c **** 			xReturn = pdFAIL;
2981:Middlewares/Third_Party/FreeRTOS/Source/tasks.c **** 		}
2982:Middlewares/Third_Party/FreeRTOS/Source/tasks.c **** 
2983:Middlewares/Third_Party/FreeRTOS/Source/tasks.c **** 		return xReturn;
2984:Middlewares/Third_Party/FreeRTOS/Source/tasks.c **** 	}
ARM GAS  D:\temp\TMP\ccyP8bey.s 			page 59


2985:Middlewares/Third_Party/FreeRTOS/Source/tasks.c **** 
2986:Middlewares/Third_Party/FreeRTOS/Source/tasks.c **** #endif /* configUSE_APPLICATION_TASK_TAG */
2987:Middlewares/Third_Party/FreeRTOS/Source/tasks.c **** /*-----------------------------------------------------------*/
2988:Middlewares/Third_Party/FreeRTOS/Source/tasks.c **** 
2989:Middlewares/Third_Party/FreeRTOS/Source/tasks.c **** void vTaskSwitchContext( void )
2990:Middlewares/Third_Party/FreeRTOS/Source/tasks.c **** {
2991:Middlewares/Third_Party/FreeRTOS/Source/tasks.c **** 	if( uxSchedulerSuspended != ( UBaseType_t ) pdFALSE )
2992:Middlewares/Third_Party/FreeRTOS/Source/tasks.c **** 	{
2993:Middlewares/Third_Party/FreeRTOS/Source/tasks.c **** 		/* The scheduler is currently suspended - do not allow a context
2994:Middlewares/Third_Party/FreeRTOS/Source/tasks.c **** 		switch. */
2995:Middlewares/Third_Party/FreeRTOS/Source/tasks.c **** 		xYieldPending = pdTRUE;
2996:Middlewares/Third_Party/FreeRTOS/Source/tasks.c **** 	}
2997:Middlewares/Third_Party/FreeRTOS/Source/tasks.c **** 	else
2998:Middlewares/Third_Party/FreeRTOS/Source/tasks.c **** 	{
2999:Middlewares/Third_Party/FreeRTOS/Source/tasks.c **** 		xYieldPending = pdFALSE;
3000:Middlewares/Third_Party/FreeRTOS/Source/tasks.c **** 		traceTASK_SWITCHED_OUT();
3001:Middlewares/Third_Party/FreeRTOS/Source/tasks.c **** 
3002:Middlewares/Third_Party/FreeRTOS/Source/tasks.c **** 		#if ( configGENERATE_RUN_TIME_STATS == 1 )
3003:Middlewares/Third_Party/FreeRTOS/Source/tasks.c **** 		{
3004:Middlewares/Third_Party/FreeRTOS/Source/tasks.c **** 			#ifdef portALT_GET_RUN_TIME_COUNTER_VALUE
3005:Middlewares/Third_Party/FreeRTOS/Source/tasks.c **** 				portALT_GET_RUN_TIME_COUNTER_VALUE( ulTotalRunTime );
3006:Middlewares/Third_Party/FreeRTOS/Source/tasks.c **** 			#else
3007:Middlewares/Third_Party/FreeRTOS/Source/tasks.c **** 				ulTotalRunTime = portGET_RUN_TIME_COUNTER_VALUE();
3008:Middlewares/Third_Party/FreeRTOS/Source/tasks.c **** 			#endif
3009:Middlewares/Third_Party/FreeRTOS/Source/tasks.c **** 
3010:Middlewares/Third_Party/FreeRTOS/Source/tasks.c **** 			/* Add the amount of time the task has been running to the
3011:Middlewares/Third_Party/FreeRTOS/Source/tasks.c **** 			accumulated time so far.  The time the task started running was
3012:Middlewares/Third_Party/FreeRTOS/Source/tasks.c **** 			stored in ulTaskSwitchedInTime.  Note that there is no overflow
3013:Middlewares/Third_Party/FreeRTOS/Source/tasks.c **** 			protection here so count values are only valid until the timer
3014:Middlewares/Third_Party/FreeRTOS/Source/tasks.c **** 			overflows.  The guard against negative values is to protect
3015:Middlewares/Third_Party/FreeRTOS/Source/tasks.c **** 			against suspect run time stat counter implementations - which
3016:Middlewares/Third_Party/FreeRTOS/Source/tasks.c **** 			are provided by the application, not the kernel. */
3017:Middlewares/Third_Party/FreeRTOS/Source/tasks.c **** 			if( ulTotalRunTime > ulTaskSwitchedInTime )
3018:Middlewares/Third_Party/FreeRTOS/Source/tasks.c **** 			{
3019:Middlewares/Third_Party/FreeRTOS/Source/tasks.c **** 				pxCurrentTCB->ulRunTimeCounter += ( ulTotalRunTime - ulTaskSwitchedInTime );
3020:Middlewares/Third_Party/FreeRTOS/Source/tasks.c **** 			}
3021:Middlewares/Third_Party/FreeRTOS/Source/tasks.c **** 			else
3022:Middlewares/Third_Party/FreeRTOS/Source/tasks.c **** 			{
3023:Middlewares/Third_Party/FreeRTOS/Source/tasks.c **** 				mtCOVERAGE_TEST_MARKER();
3024:Middlewares/Third_Party/FreeRTOS/Source/tasks.c **** 			}
3025:Middlewares/Third_Party/FreeRTOS/Source/tasks.c **** 			ulTaskSwitchedInTime = ulTotalRunTime;
3026:Middlewares/Third_Party/FreeRTOS/Source/tasks.c **** 		}
3027:Middlewares/Third_Party/FreeRTOS/Source/tasks.c **** 		#endif /* configGENERATE_RUN_TIME_STATS */
3028:Middlewares/Third_Party/FreeRTOS/Source/tasks.c **** 
3029:Middlewares/Third_Party/FreeRTOS/Source/tasks.c **** 		/* Check for stack overflow, if configured. */
3030:Middlewares/Third_Party/FreeRTOS/Source/tasks.c **** 		taskCHECK_FOR_STACK_OVERFLOW();
3031:Middlewares/Third_Party/FreeRTOS/Source/tasks.c **** 
3032:Middlewares/Third_Party/FreeRTOS/Source/tasks.c **** 		/* Before the currently running task is switched out, save its errno. */
3033:Middlewares/Third_Party/FreeRTOS/Source/tasks.c **** 		#if( configUSE_POSIX_ERRNO == 1 )
3034:Middlewares/Third_Party/FreeRTOS/Source/tasks.c **** 		{
3035:Middlewares/Third_Party/FreeRTOS/Source/tasks.c **** 			pxCurrentTCB->iTaskErrno = FreeRTOS_errno;
3036:Middlewares/Third_Party/FreeRTOS/Source/tasks.c **** 		}
3037:Middlewares/Third_Party/FreeRTOS/Source/tasks.c **** 		#endif
3038:Middlewares/Third_Party/FreeRTOS/Source/tasks.c **** 
3039:Middlewares/Third_Party/FreeRTOS/Source/tasks.c **** 		/* Select a new task to run using either the generic C or port
3040:Middlewares/Third_Party/FreeRTOS/Source/tasks.c **** 		optimised asm code. */
3041:Middlewares/Third_Party/FreeRTOS/Source/tasks.c **** 		taskSELECT_HIGHEST_PRIORITY_TASK(); /*lint !e9079 void * is used as this macro is used with timer
ARM GAS  D:\temp\TMP\ccyP8bey.s 			page 60


3042:Middlewares/Third_Party/FreeRTOS/Source/tasks.c **** 		traceTASK_SWITCHED_IN();
3043:Middlewares/Third_Party/FreeRTOS/Source/tasks.c **** 
3044:Middlewares/Third_Party/FreeRTOS/Source/tasks.c **** 		/* After the new task is switched in, update the global errno. */
3045:Middlewares/Third_Party/FreeRTOS/Source/tasks.c **** 		#if( configUSE_POSIX_ERRNO == 1 )
3046:Middlewares/Third_Party/FreeRTOS/Source/tasks.c **** 		{
3047:Middlewares/Third_Party/FreeRTOS/Source/tasks.c **** 			FreeRTOS_errno = pxCurrentTCB->iTaskErrno;
3048:Middlewares/Third_Party/FreeRTOS/Source/tasks.c **** 		}
3049:Middlewares/Third_Party/FreeRTOS/Source/tasks.c **** 		#endif
3050:Middlewares/Third_Party/FreeRTOS/Source/tasks.c **** 
3051:Middlewares/Third_Party/FreeRTOS/Source/tasks.c **** 		#if ( configUSE_NEWLIB_REENTRANT == 1 )
3052:Middlewares/Third_Party/FreeRTOS/Source/tasks.c **** 		{
3053:Middlewares/Third_Party/FreeRTOS/Source/tasks.c **** 			/* Switch Newlib's _impure_ptr variable to point to the _reent
3054:Middlewares/Third_Party/FreeRTOS/Source/tasks.c **** 			structure specific to this task.
3055:Middlewares/Third_Party/FreeRTOS/Source/tasks.c **** 			See the third party link http://www.nadler.com/embedded/newlibAndFreeRTOS.html
3056:Middlewares/Third_Party/FreeRTOS/Source/tasks.c **** 			for additional information. */
3057:Middlewares/Third_Party/FreeRTOS/Source/tasks.c **** 			_impure_ptr = &( pxCurrentTCB->xNewLib_reent );
3058:Middlewares/Third_Party/FreeRTOS/Source/tasks.c **** 		}
3059:Middlewares/Third_Party/FreeRTOS/Source/tasks.c **** 		#endif /* configUSE_NEWLIB_REENTRANT */
3060:Middlewares/Third_Party/FreeRTOS/Source/tasks.c **** 	}
3061:Middlewares/Third_Party/FreeRTOS/Source/tasks.c **** }
3062:Middlewares/Third_Party/FreeRTOS/Source/tasks.c **** /*-----------------------------------------------------------*/
3063:Middlewares/Third_Party/FreeRTOS/Source/tasks.c **** 
3064:Middlewares/Third_Party/FreeRTOS/Source/tasks.c **** void vTaskPlaceOnEventList( List_t * const pxEventList, const TickType_t xTicksToWait )
3065:Middlewares/Third_Party/FreeRTOS/Source/tasks.c **** {
3066:Middlewares/Third_Party/FreeRTOS/Source/tasks.c **** 	configASSERT( pxEventList );
3067:Middlewares/Third_Party/FreeRTOS/Source/tasks.c **** 
3068:Middlewares/Third_Party/FreeRTOS/Source/tasks.c **** 	/* THIS FUNCTION MUST BE CALLED WITH EITHER INTERRUPTS DISABLED OR THE
3069:Middlewares/Third_Party/FreeRTOS/Source/tasks.c **** 	SCHEDULER SUSPENDED AND THE QUEUE BEING ACCESSED LOCKED. */
3070:Middlewares/Third_Party/FreeRTOS/Source/tasks.c **** 
3071:Middlewares/Third_Party/FreeRTOS/Source/tasks.c **** 	/* Place the event list item of the TCB in the appropriate event list.
3072:Middlewares/Third_Party/FreeRTOS/Source/tasks.c **** 	This is placed in the list in priority order so the highest priority task
3073:Middlewares/Third_Party/FreeRTOS/Source/tasks.c **** 	is the first to be woken by the event.  The queue that contains the event
3074:Middlewares/Third_Party/FreeRTOS/Source/tasks.c **** 	list is locked, preventing simultaneous access from interrupts. */
3075:Middlewares/Third_Party/FreeRTOS/Source/tasks.c **** 	vListInsert( pxEventList, &( pxCurrentTCB->xEventListItem ) );
3076:Middlewares/Third_Party/FreeRTOS/Source/tasks.c **** 
3077:Middlewares/Third_Party/FreeRTOS/Source/tasks.c **** 	prvAddCurrentTaskToDelayedList( xTicksToWait, pdTRUE );
3078:Middlewares/Third_Party/FreeRTOS/Source/tasks.c **** }
3079:Middlewares/Third_Party/FreeRTOS/Source/tasks.c **** /*-----------------------------------------------------------*/
3080:Middlewares/Third_Party/FreeRTOS/Source/tasks.c **** 
3081:Middlewares/Third_Party/FreeRTOS/Source/tasks.c **** void vTaskPlaceOnUnorderedEventList( List_t * pxEventList, const TickType_t xItemValue, const TickT
3082:Middlewares/Third_Party/FreeRTOS/Source/tasks.c **** {
3083:Middlewares/Third_Party/FreeRTOS/Source/tasks.c **** 	configASSERT( pxEventList );
3084:Middlewares/Third_Party/FreeRTOS/Source/tasks.c **** 
3085:Middlewares/Third_Party/FreeRTOS/Source/tasks.c **** 	/* THIS FUNCTION MUST BE CALLED WITH THE SCHEDULER SUSPENDED.  It is used by
3086:Middlewares/Third_Party/FreeRTOS/Source/tasks.c **** 	the event groups implementation. */
3087:Middlewares/Third_Party/FreeRTOS/Source/tasks.c **** 	configASSERT( uxSchedulerSuspended != 0 );
3088:Middlewares/Third_Party/FreeRTOS/Source/tasks.c **** 
3089:Middlewares/Third_Party/FreeRTOS/Source/tasks.c **** 	/* Store the item value in the event list item.  It is safe to access the
3090:Middlewares/Third_Party/FreeRTOS/Source/tasks.c **** 	event list item here as interrupts won't access the event list item of a
3091:Middlewares/Third_Party/FreeRTOS/Source/tasks.c **** 	task that is not in the Blocked state. */
3092:Middlewares/Third_Party/FreeRTOS/Source/tasks.c **** 	listSET_LIST_ITEM_VALUE( &( pxCurrentTCB->xEventListItem ), xItemValue | taskEVENT_LIST_ITEM_VALUE
3093:Middlewares/Third_Party/FreeRTOS/Source/tasks.c **** 
3094:Middlewares/Third_Party/FreeRTOS/Source/tasks.c **** 	/* Place the event list item of the TCB at the end of the appropriate event
3095:Middlewares/Third_Party/FreeRTOS/Source/tasks.c **** 	list.  It is safe to access the event list here because it is part of an
3096:Middlewares/Third_Party/FreeRTOS/Source/tasks.c **** 	event group implementation - and interrupts don't access event groups
3097:Middlewares/Third_Party/FreeRTOS/Source/tasks.c **** 	directly (instead they access them indirectly by pending function calls to
3098:Middlewares/Third_Party/FreeRTOS/Source/tasks.c **** 	the task level). */
ARM GAS  D:\temp\TMP\ccyP8bey.s 			page 61


3099:Middlewares/Third_Party/FreeRTOS/Source/tasks.c **** 	vListInsertEnd( pxEventList, &( pxCurrentTCB->xEventListItem ) );
3100:Middlewares/Third_Party/FreeRTOS/Source/tasks.c **** 
3101:Middlewares/Third_Party/FreeRTOS/Source/tasks.c **** 	prvAddCurrentTaskToDelayedList( xTicksToWait, pdTRUE );
3102:Middlewares/Third_Party/FreeRTOS/Source/tasks.c **** }
3103:Middlewares/Third_Party/FreeRTOS/Source/tasks.c **** /*-----------------------------------------------------------*/
3104:Middlewares/Third_Party/FreeRTOS/Source/tasks.c **** 
3105:Middlewares/Third_Party/FreeRTOS/Source/tasks.c **** #if( configUSE_TIMERS == 1 )
3106:Middlewares/Third_Party/FreeRTOS/Source/tasks.c **** 
3107:Middlewares/Third_Party/FreeRTOS/Source/tasks.c **** 	void vTaskPlaceOnEventListRestricted( List_t * const pxEventList, TickType_t xTicksToWait, const B
3108:Middlewares/Third_Party/FreeRTOS/Source/tasks.c **** 	{
3109:Middlewares/Third_Party/FreeRTOS/Source/tasks.c **** 		configASSERT( pxEventList );
3110:Middlewares/Third_Party/FreeRTOS/Source/tasks.c **** 
3111:Middlewares/Third_Party/FreeRTOS/Source/tasks.c **** 		/* This function should not be called by application code hence the
3112:Middlewares/Third_Party/FreeRTOS/Source/tasks.c **** 		'Restricted' in its name.  It is not part of the public API.  It is
3113:Middlewares/Third_Party/FreeRTOS/Source/tasks.c **** 		designed for use by kernel code, and has special calling requirements -
3114:Middlewares/Third_Party/FreeRTOS/Source/tasks.c **** 		it should be called with the scheduler suspended. */
3115:Middlewares/Third_Party/FreeRTOS/Source/tasks.c **** 
3116:Middlewares/Third_Party/FreeRTOS/Source/tasks.c **** 
3117:Middlewares/Third_Party/FreeRTOS/Source/tasks.c **** 		/* Place the event list item of the TCB in the appropriate event list.
3118:Middlewares/Third_Party/FreeRTOS/Source/tasks.c **** 		In this case it is assume that this is the only task that is going to
3119:Middlewares/Third_Party/FreeRTOS/Source/tasks.c **** 		be waiting on this event list, so the faster vListInsertEnd() function
3120:Middlewares/Third_Party/FreeRTOS/Source/tasks.c **** 		can be used in place of vListInsert. */
3121:Middlewares/Third_Party/FreeRTOS/Source/tasks.c **** 		vListInsertEnd( pxEventList, &( pxCurrentTCB->xEventListItem ) );
3122:Middlewares/Third_Party/FreeRTOS/Source/tasks.c **** 
3123:Middlewares/Third_Party/FreeRTOS/Source/tasks.c **** 		/* If the task should block indefinitely then set the block time to a
3124:Middlewares/Third_Party/FreeRTOS/Source/tasks.c **** 		value that will be recognised as an indefinite delay inside the
3125:Middlewares/Third_Party/FreeRTOS/Source/tasks.c **** 		prvAddCurrentTaskToDelayedList() function. */
3126:Middlewares/Third_Party/FreeRTOS/Source/tasks.c **** 		if( xWaitIndefinitely != pdFALSE )
3127:Middlewares/Third_Party/FreeRTOS/Source/tasks.c **** 		{
3128:Middlewares/Third_Party/FreeRTOS/Source/tasks.c **** 			xTicksToWait = portMAX_DELAY;
3129:Middlewares/Third_Party/FreeRTOS/Source/tasks.c **** 		}
3130:Middlewares/Third_Party/FreeRTOS/Source/tasks.c **** 
3131:Middlewares/Third_Party/FreeRTOS/Source/tasks.c **** 		traceTASK_DELAY_UNTIL( ( xTickCount + xTicksToWait ) );
3132:Middlewares/Third_Party/FreeRTOS/Source/tasks.c **** 		prvAddCurrentTaskToDelayedList( xTicksToWait, xWaitIndefinitely );
3133:Middlewares/Third_Party/FreeRTOS/Source/tasks.c **** 	}
3134:Middlewares/Third_Party/FreeRTOS/Source/tasks.c **** 
3135:Middlewares/Third_Party/FreeRTOS/Source/tasks.c **** #endif /* configUSE_TIMERS */
3136:Middlewares/Third_Party/FreeRTOS/Source/tasks.c **** /*-----------------------------------------------------------*/
3137:Middlewares/Third_Party/FreeRTOS/Source/tasks.c **** 
3138:Middlewares/Third_Party/FreeRTOS/Source/tasks.c **** BaseType_t xTaskRemoveFromEventList( const List_t * const pxEventList )
3139:Middlewares/Third_Party/FreeRTOS/Source/tasks.c **** {
3140:Middlewares/Third_Party/FreeRTOS/Source/tasks.c **** TCB_t *pxUnblockedTCB;
3141:Middlewares/Third_Party/FreeRTOS/Source/tasks.c **** BaseType_t xReturn;
3142:Middlewares/Third_Party/FreeRTOS/Source/tasks.c **** 
3143:Middlewares/Third_Party/FreeRTOS/Source/tasks.c **** 	/* THIS FUNCTION MUST BE CALLED FROM A CRITICAL SECTION.  It can also be
3144:Middlewares/Third_Party/FreeRTOS/Source/tasks.c **** 	called from a critical section within an ISR. */
3145:Middlewares/Third_Party/FreeRTOS/Source/tasks.c **** 
3146:Middlewares/Third_Party/FreeRTOS/Source/tasks.c **** 	/* The event list is sorted in priority order, so the first in the list can
3147:Middlewares/Third_Party/FreeRTOS/Source/tasks.c **** 	be removed as it is known to be the highest priority.  Remove the TCB from
3148:Middlewares/Third_Party/FreeRTOS/Source/tasks.c **** 	the delayed list, and add it to the ready list.
3149:Middlewares/Third_Party/FreeRTOS/Source/tasks.c **** 
3150:Middlewares/Third_Party/FreeRTOS/Source/tasks.c **** 	If an event is for a queue that is locked then this function will never
3151:Middlewares/Third_Party/FreeRTOS/Source/tasks.c **** 	get called - the lock count on the queue will get modified instead.  This
3152:Middlewares/Third_Party/FreeRTOS/Source/tasks.c **** 	means exclusive access to the event list is guaranteed here.
3153:Middlewares/Third_Party/FreeRTOS/Source/tasks.c **** 
3154:Middlewares/Third_Party/FreeRTOS/Source/tasks.c **** 	This function assumes that a check has already been made to ensure that
3155:Middlewares/Third_Party/FreeRTOS/Source/tasks.c **** 	pxEventList is not empty. */
ARM GAS  D:\temp\TMP\ccyP8bey.s 			page 62


3156:Middlewares/Third_Party/FreeRTOS/Source/tasks.c **** 	pxUnblockedTCB = listGET_OWNER_OF_HEAD_ENTRY( pxEventList ); /*lint !e9079 void * is used as this 
3157:Middlewares/Third_Party/FreeRTOS/Source/tasks.c **** 	configASSERT( pxUnblockedTCB );
3158:Middlewares/Third_Party/FreeRTOS/Source/tasks.c **** 	( void ) uxListRemove( &( pxUnblockedTCB->xEventListItem ) );
3159:Middlewares/Third_Party/FreeRTOS/Source/tasks.c **** 
3160:Middlewares/Third_Party/FreeRTOS/Source/tasks.c **** 	if( uxSchedulerSuspended == ( UBaseType_t ) pdFALSE )
3161:Middlewares/Third_Party/FreeRTOS/Source/tasks.c **** 	{
3162:Middlewares/Third_Party/FreeRTOS/Source/tasks.c **** 		( void ) uxListRemove( &( pxUnblockedTCB->xStateListItem ) );
3163:Middlewares/Third_Party/FreeRTOS/Source/tasks.c **** 		prvAddTaskToReadyList( pxUnblockedTCB );
3164:Middlewares/Third_Party/FreeRTOS/Source/tasks.c **** 
3165:Middlewares/Third_Party/FreeRTOS/Source/tasks.c **** 		#if( configUSE_TICKLESS_IDLE != 0 )
3166:Middlewares/Third_Party/FreeRTOS/Source/tasks.c **** 		{
3167:Middlewares/Third_Party/FreeRTOS/Source/tasks.c **** 			/* If a task is blocked on a kernel object then xNextTaskUnblockTime
3168:Middlewares/Third_Party/FreeRTOS/Source/tasks.c **** 			might be set to the blocked task's time out time.  If the task is
3169:Middlewares/Third_Party/FreeRTOS/Source/tasks.c **** 			unblocked for a reason other than a timeout xNextTaskUnblockTime is
3170:Middlewares/Third_Party/FreeRTOS/Source/tasks.c **** 			normally left unchanged, because it is automatically reset to a new
3171:Middlewares/Third_Party/FreeRTOS/Source/tasks.c **** 			value when the tick count equals xNextTaskUnblockTime.  However if
3172:Middlewares/Third_Party/FreeRTOS/Source/tasks.c **** 			tickless idling is used it might be more important to enter sleep mode
3173:Middlewares/Third_Party/FreeRTOS/Source/tasks.c **** 			at the earliest possible time - so reset xNextTaskUnblockTime here to
3174:Middlewares/Third_Party/FreeRTOS/Source/tasks.c **** 			ensure it is updated at the earliest possible time. */
3175:Middlewares/Third_Party/FreeRTOS/Source/tasks.c **** 			prvResetNextTaskUnblockTime();
3176:Middlewares/Third_Party/FreeRTOS/Source/tasks.c **** 		}
3177:Middlewares/Third_Party/FreeRTOS/Source/tasks.c **** 		#endif
3178:Middlewares/Third_Party/FreeRTOS/Source/tasks.c **** 	}
3179:Middlewares/Third_Party/FreeRTOS/Source/tasks.c **** 	else
3180:Middlewares/Third_Party/FreeRTOS/Source/tasks.c **** 	{
3181:Middlewares/Third_Party/FreeRTOS/Source/tasks.c **** 		/* The delayed and ready lists cannot be accessed, so hold this task
3182:Middlewares/Third_Party/FreeRTOS/Source/tasks.c **** 		pending until the scheduler is resumed. */
3183:Middlewares/Third_Party/FreeRTOS/Source/tasks.c **** 		vListInsertEnd( &( xPendingReadyList ), &( pxUnblockedTCB->xEventListItem ) );
3184:Middlewares/Third_Party/FreeRTOS/Source/tasks.c **** 	}
3185:Middlewares/Third_Party/FreeRTOS/Source/tasks.c **** 
3186:Middlewares/Third_Party/FreeRTOS/Source/tasks.c **** 	if( pxUnblockedTCB->uxPriority > pxCurrentTCB->uxPriority )
3187:Middlewares/Third_Party/FreeRTOS/Source/tasks.c **** 	{
3188:Middlewares/Third_Party/FreeRTOS/Source/tasks.c **** 		/* Return true if the task removed from the event list has a higher
3189:Middlewares/Third_Party/FreeRTOS/Source/tasks.c **** 		priority than the calling task.  This allows the calling task to know if
3190:Middlewares/Third_Party/FreeRTOS/Source/tasks.c **** 		it should force a context switch now. */
3191:Middlewares/Third_Party/FreeRTOS/Source/tasks.c **** 		xReturn = pdTRUE;
3192:Middlewares/Third_Party/FreeRTOS/Source/tasks.c **** 
3193:Middlewares/Third_Party/FreeRTOS/Source/tasks.c **** 		/* Mark that a yield is pending in case the user is not using the
3194:Middlewares/Third_Party/FreeRTOS/Source/tasks.c **** 		"xHigherPriorityTaskWoken" parameter to an ISR safe FreeRTOS function. */
3195:Middlewares/Third_Party/FreeRTOS/Source/tasks.c **** 		xYieldPending = pdTRUE;
3196:Middlewares/Third_Party/FreeRTOS/Source/tasks.c **** 	}
3197:Middlewares/Third_Party/FreeRTOS/Source/tasks.c **** 	else
3198:Middlewares/Third_Party/FreeRTOS/Source/tasks.c **** 	{
3199:Middlewares/Third_Party/FreeRTOS/Source/tasks.c **** 		xReturn = pdFALSE;
3200:Middlewares/Third_Party/FreeRTOS/Source/tasks.c **** 	}
3201:Middlewares/Third_Party/FreeRTOS/Source/tasks.c **** 
3202:Middlewares/Third_Party/FreeRTOS/Source/tasks.c **** 	return xReturn;
3203:Middlewares/Third_Party/FreeRTOS/Source/tasks.c **** }
3204:Middlewares/Third_Party/FreeRTOS/Source/tasks.c **** /*-----------------------------------------------------------*/
3205:Middlewares/Third_Party/FreeRTOS/Source/tasks.c **** 
3206:Middlewares/Third_Party/FreeRTOS/Source/tasks.c **** void vTaskRemoveFromUnorderedEventList( ListItem_t * pxEventListItem, const TickType_t xItemValue )
3207:Middlewares/Third_Party/FreeRTOS/Source/tasks.c **** {
3208:Middlewares/Third_Party/FreeRTOS/Source/tasks.c **** TCB_t *pxUnblockedTCB;
3209:Middlewares/Third_Party/FreeRTOS/Source/tasks.c **** 
3210:Middlewares/Third_Party/FreeRTOS/Source/tasks.c **** 	/* THIS FUNCTION MUST BE CALLED WITH THE SCHEDULER SUSPENDED.  It is used by
3211:Middlewares/Third_Party/FreeRTOS/Source/tasks.c **** 	the event flags implementation. */
3212:Middlewares/Third_Party/FreeRTOS/Source/tasks.c **** 	configASSERT( uxSchedulerSuspended != pdFALSE );
ARM GAS  D:\temp\TMP\ccyP8bey.s 			page 63


3213:Middlewares/Third_Party/FreeRTOS/Source/tasks.c **** 
3214:Middlewares/Third_Party/FreeRTOS/Source/tasks.c **** 	/* Store the new item value in the event list. */
3215:Middlewares/Third_Party/FreeRTOS/Source/tasks.c **** 	listSET_LIST_ITEM_VALUE( pxEventListItem, xItemValue | taskEVENT_LIST_ITEM_VALUE_IN_USE );
3216:Middlewares/Third_Party/FreeRTOS/Source/tasks.c **** 
3217:Middlewares/Third_Party/FreeRTOS/Source/tasks.c **** 	/* Remove the event list form the event flag.  Interrupts do not access
3218:Middlewares/Third_Party/FreeRTOS/Source/tasks.c **** 	event flags. */
3219:Middlewares/Third_Party/FreeRTOS/Source/tasks.c **** 	pxUnblockedTCB = listGET_LIST_ITEM_OWNER( pxEventListItem ); /*lint !e9079 void * is used as this 
3220:Middlewares/Third_Party/FreeRTOS/Source/tasks.c **** 	configASSERT( pxUnblockedTCB );
3221:Middlewares/Third_Party/FreeRTOS/Source/tasks.c **** 	( void ) uxListRemove( pxEventListItem );
3222:Middlewares/Third_Party/FreeRTOS/Source/tasks.c **** 
3223:Middlewares/Third_Party/FreeRTOS/Source/tasks.c **** 	#if( configUSE_TICKLESS_IDLE != 0 )
3224:Middlewares/Third_Party/FreeRTOS/Source/tasks.c **** 	{
3225:Middlewares/Third_Party/FreeRTOS/Source/tasks.c **** 		/* If a task is blocked on a kernel object then xNextTaskUnblockTime
3226:Middlewares/Third_Party/FreeRTOS/Source/tasks.c **** 		might be set to the blocked task's time out time.  If the task is
3227:Middlewares/Third_Party/FreeRTOS/Source/tasks.c **** 		unblocked for a reason other than a timeout xNextTaskUnblockTime is
3228:Middlewares/Third_Party/FreeRTOS/Source/tasks.c **** 		normally left unchanged, because it is automatically reset to a new
3229:Middlewares/Third_Party/FreeRTOS/Source/tasks.c **** 		value when the tick count equals xNextTaskUnblockTime.  However if
3230:Middlewares/Third_Party/FreeRTOS/Source/tasks.c **** 		tickless idling is used it might be more important to enter sleep mode
3231:Middlewares/Third_Party/FreeRTOS/Source/tasks.c **** 		at the earliest possible time - so reset xNextTaskUnblockTime here to
3232:Middlewares/Third_Party/FreeRTOS/Source/tasks.c **** 		ensure it is updated at the earliest possible time. */
3233:Middlewares/Third_Party/FreeRTOS/Source/tasks.c **** 		prvResetNextTaskUnblockTime();
3234:Middlewares/Third_Party/FreeRTOS/Source/tasks.c **** 	}
3235:Middlewares/Third_Party/FreeRTOS/Source/tasks.c **** 	#endif
3236:Middlewares/Third_Party/FreeRTOS/Source/tasks.c **** 
3237:Middlewares/Third_Party/FreeRTOS/Source/tasks.c **** 	/* Remove the task from the delayed list and add it to the ready list.  The
3238:Middlewares/Third_Party/FreeRTOS/Source/tasks.c **** 	scheduler is suspended so interrupts will not be accessing the ready
3239:Middlewares/Third_Party/FreeRTOS/Source/tasks.c **** 	lists. */
3240:Middlewares/Third_Party/FreeRTOS/Source/tasks.c **** 	( void ) uxListRemove( &( pxUnblockedTCB->xStateListItem ) );
3241:Middlewares/Third_Party/FreeRTOS/Source/tasks.c **** 	prvAddTaskToReadyList( pxUnblockedTCB );
3242:Middlewares/Third_Party/FreeRTOS/Source/tasks.c **** 
3243:Middlewares/Third_Party/FreeRTOS/Source/tasks.c **** 	if( pxUnblockedTCB->uxPriority > pxCurrentTCB->uxPriority )
3244:Middlewares/Third_Party/FreeRTOS/Source/tasks.c **** 	{
3245:Middlewares/Third_Party/FreeRTOS/Source/tasks.c **** 		/* The unblocked task has a priority above that of the calling task, so
3246:Middlewares/Third_Party/FreeRTOS/Source/tasks.c **** 		a context switch is required.  This function is called with the
3247:Middlewares/Third_Party/FreeRTOS/Source/tasks.c **** 		scheduler suspended so xYieldPending is set so the context switch
3248:Middlewares/Third_Party/FreeRTOS/Source/tasks.c **** 		occurs immediately that the scheduler is resumed (unsuspended). */
3249:Middlewares/Third_Party/FreeRTOS/Source/tasks.c **** 		xYieldPending = pdTRUE;
3250:Middlewares/Third_Party/FreeRTOS/Source/tasks.c **** 	}
3251:Middlewares/Third_Party/FreeRTOS/Source/tasks.c **** }
3252:Middlewares/Third_Party/FreeRTOS/Source/tasks.c **** /*-----------------------------------------------------------*/
3253:Middlewares/Third_Party/FreeRTOS/Source/tasks.c **** 
3254:Middlewares/Third_Party/FreeRTOS/Source/tasks.c **** void vTaskSetTimeOutState( TimeOut_t * const pxTimeOut )
3255:Middlewares/Third_Party/FreeRTOS/Source/tasks.c **** {
3256:Middlewares/Third_Party/FreeRTOS/Source/tasks.c **** 	configASSERT( pxTimeOut );
3257:Middlewares/Third_Party/FreeRTOS/Source/tasks.c **** 	taskENTER_CRITICAL();
3258:Middlewares/Third_Party/FreeRTOS/Source/tasks.c **** 	{
3259:Middlewares/Third_Party/FreeRTOS/Source/tasks.c **** 		pxTimeOut->xOverflowCount = xNumOfOverflows;
3260:Middlewares/Third_Party/FreeRTOS/Source/tasks.c **** 		pxTimeOut->xTimeOnEntering = xTickCount;
3261:Middlewares/Third_Party/FreeRTOS/Source/tasks.c **** 	}
3262:Middlewares/Third_Party/FreeRTOS/Source/tasks.c **** 	taskEXIT_CRITICAL();
3263:Middlewares/Third_Party/FreeRTOS/Source/tasks.c **** }
3264:Middlewares/Third_Party/FreeRTOS/Source/tasks.c **** /*-----------------------------------------------------------*/
3265:Middlewares/Third_Party/FreeRTOS/Source/tasks.c **** 
3266:Middlewares/Third_Party/FreeRTOS/Source/tasks.c **** void vTaskInternalSetTimeOutState( TimeOut_t * const pxTimeOut )
3267:Middlewares/Third_Party/FreeRTOS/Source/tasks.c **** {
3268:Middlewares/Third_Party/FreeRTOS/Source/tasks.c **** 	/* For internal use only as it does not use a critical section. */
3269:Middlewares/Third_Party/FreeRTOS/Source/tasks.c **** 	pxTimeOut->xOverflowCount = xNumOfOverflows;
ARM GAS  D:\temp\TMP\ccyP8bey.s 			page 64


3270:Middlewares/Third_Party/FreeRTOS/Source/tasks.c **** 	pxTimeOut->xTimeOnEntering = xTickCount;
3271:Middlewares/Third_Party/FreeRTOS/Source/tasks.c **** }
3272:Middlewares/Third_Party/FreeRTOS/Source/tasks.c **** /*-----------------------------------------------------------*/
3273:Middlewares/Third_Party/FreeRTOS/Source/tasks.c **** 
3274:Middlewares/Third_Party/FreeRTOS/Source/tasks.c **** BaseType_t xTaskCheckForTimeOut( TimeOut_t * const pxTimeOut, TickType_t * const pxTicksToWait )
3275:Middlewares/Third_Party/FreeRTOS/Source/tasks.c **** {
3276:Middlewares/Third_Party/FreeRTOS/Source/tasks.c **** BaseType_t xReturn;
3277:Middlewares/Third_Party/FreeRTOS/Source/tasks.c **** 
3278:Middlewares/Third_Party/FreeRTOS/Source/tasks.c **** 	configASSERT( pxTimeOut );
3279:Middlewares/Third_Party/FreeRTOS/Source/tasks.c **** 	configASSERT( pxTicksToWait );
3280:Middlewares/Third_Party/FreeRTOS/Source/tasks.c **** 
3281:Middlewares/Third_Party/FreeRTOS/Source/tasks.c **** 	taskENTER_CRITICAL();
3282:Middlewares/Third_Party/FreeRTOS/Source/tasks.c **** 	{
3283:Middlewares/Third_Party/FreeRTOS/Source/tasks.c **** 		/* Minor optimisation.  The tick count cannot change in this block. */
3284:Middlewares/Third_Party/FreeRTOS/Source/tasks.c **** 		const TickType_t xConstTickCount = xTickCount;
3285:Middlewares/Third_Party/FreeRTOS/Source/tasks.c **** 		const TickType_t xElapsedTime = xConstTickCount - pxTimeOut->xTimeOnEntering;
3286:Middlewares/Third_Party/FreeRTOS/Source/tasks.c **** 
3287:Middlewares/Third_Party/FreeRTOS/Source/tasks.c **** 		#if( INCLUDE_xTaskAbortDelay == 1 )
3288:Middlewares/Third_Party/FreeRTOS/Source/tasks.c **** 			if( pxCurrentTCB->ucDelayAborted != ( uint8_t ) pdFALSE )
3289:Middlewares/Third_Party/FreeRTOS/Source/tasks.c **** 			{
3290:Middlewares/Third_Party/FreeRTOS/Source/tasks.c **** 				/* The delay was aborted, which is not the same as a time out,
3291:Middlewares/Third_Party/FreeRTOS/Source/tasks.c **** 				but has the same result. */
3292:Middlewares/Third_Party/FreeRTOS/Source/tasks.c **** 				pxCurrentTCB->ucDelayAborted = pdFALSE;
3293:Middlewares/Third_Party/FreeRTOS/Source/tasks.c **** 				xReturn = pdTRUE;
3294:Middlewares/Third_Party/FreeRTOS/Source/tasks.c **** 			}
3295:Middlewares/Third_Party/FreeRTOS/Source/tasks.c **** 			else
3296:Middlewares/Third_Party/FreeRTOS/Source/tasks.c **** 		#endif
3297:Middlewares/Third_Party/FreeRTOS/Source/tasks.c **** 
3298:Middlewares/Third_Party/FreeRTOS/Source/tasks.c **** 		#if ( INCLUDE_vTaskSuspend == 1 )
3299:Middlewares/Third_Party/FreeRTOS/Source/tasks.c **** 			if( *pxTicksToWait == portMAX_DELAY )
3300:Middlewares/Third_Party/FreeRTOS/Source/tasks.c **** 			{
3301:Middlewares/Third_Party/FreeRTOS/Source/tasks.c **** 				/* If INCLUDE_vTaskSuspend is set to 1 and the block time
3302:Middlewares/Third_Party/FreeRTOS/Source/tasks.c **** 				specified is the maximum block time then the task should block
3303:Middlewares/Third_Party/FreeRTOS/Source/tasks.c **** 				indefinitely, and therefore never time out. */
3304:Middlewares/Third_Party/FreeRTOS/Source/tasks.c **** 				xReturn = pdFALSE;
3305:Middlewares/Third_Party/FreeRTOS/Source/tasks.c **** 			}
3306:Middlewares/Third_Party/FreeRTOS/Source/tasks.c **** 			else
3307:Middlewares/Third_Party/FreeRTOS/Source/tasks.c **** 		#endif
3308:Middlewares/Third_Party/FreeRTOS/Source/tasks.c **** 
3309:Middlewares/Third_Party/FreeRTOS/Source/tasks.c **** 		if( ( xNumOfOverflows != pxTimeOut->xOverflowCount ) && ( xConstTickCount >= pxTimeOut->xTimeOnEn
3310:Middlewares/Third_Party/FreeRTOS/Source/tasks.c **** 		{
3311:Middlewares/Third_Party/FreeRTOS/Source/tasks.c **** 			/* The tick count is greater than the time at which
3312:Middlewares/Third_Party/FreeRTOS/Source/tasks.c **** 			vTaskSetTimeout() was called, but has also overflowed since
3313:Middlewares/Third_Party/FreeRTOS/Source/tasks.c **** 			vTaskSetTimeOut() was called.  It must have wrapped all the way
3314:Middlewares/Third_Party/FreeRTOS/Source/tasks.c **** 			around and gone past again. This passed since vTaskSetTimeout()
3315:Middlewares/Third_Party/FreeRTOS/Source/tasks.c **** 			was called. */
3316:Middlewares/Third_Party/FreeRTOS/Source/tasks.c **** 			xReturn = pdTRUE;
3317:Middlewares/Third_Party/FreeRTOS/Source/tasks.c **** 		}
3318:Middlewares/Third_Party/FreeRTOS/Source/tasks.c **** 		else if( xElapsedTime < *pxTicksToWait ) /*lint !e961 Explicit casting is only redundant with som
3319:Middlewares/Third_Party/FreeRTOS/Source/tasks.c **** 		{
3320:Middlewares/Third_Party/FreeRTOS/Source/tasks.c **** 			/* Not a genuine timeout. Adjust parameters for time remaining. */
3321:Middlewares/Third_Party/FreeRTOS/Source/tasks.c **** 			*pxTicksToWait -= xElapsedTime;
3322:Middlewares/Third_Party/FreeRTOS/Source/tasks.c **** 			vTaskInternalSetTimeOutState( pxTimeOut );
3323:Middlewares/Third_Party/FreeRTOS/Source/tasks.c **** 			xReturn = pdFALSE;
3324:Middlewares/Third_Party/FreeRTOS/Source/tasks.c **** 		}
3325:Middlewares/Third_Party/FreeRTOS/Source/tasks.c **** 		else
3326:Middlewares/Third_Party/FreeRTOS/Source/tasks.c **** 		{
ARM GAS  D:\temp\TMP\ccyP8bey.s 			page 65


3327:Middlewares/Third_Party/FreeRTOS/Source/tasks.c **** 			*pxTicksToWait = 0;
3328:Middlewares/Third_Party/FreeRTOS/Source/tasks.c **** 			xReturn = pdTRUE;
3329:Middlewares/Third_Party/FreeRTOS/Source/tasks.c **** 		}
3330:Middlewares/Third_Party/FreeRTOS/Source/tasks.c **** 	}
3331:Middlewares/Third_Party/FreeRTOS/Source/tasks.c **** 	taskEXIT_CRITICAL();
3332:Middlewares/Third_Party/FreeRTOS/Source/tasks.c **** 
3333:Middlewares/Third_Party/FreeRTOS/Source/tasks.c **** 	return xReturn;
3334:Middlewares/Third_Party/FreeRTOS/Source/tasks.c **** }
3335:Middlewares/Third_Party/FreeRTOS/Source/tasks.c **** /*-----------------------------------------------------------*/
3336:Middlewares/Third_Party/FreeRTOS/Source/tasks.c **** 
3337:Middlewares/Third_Party/FreeRTOS/Source/tasks.c **** void vTaskMissedYield( void )
3338:Middlewares/Third_Party/FreeRTOS/Source/tasks.c **** {
3339:Middlewares/Third_Party/FreeRTOS/Source/tasks.c **** 	xYieldPending = pdTRUE;
3340:Middlewares/Third_Party/FreeRTOS/Source/tasks.c **** }
3341:Middlewares/Third_Party/FreeRTOS/Source/tasks.c **** /*-----------------------------------------------------------*/
3342:Middlewares/Third_Party/FreeRTOS/Source/tasks.c **** 
3343:Middlewares/Third_Party/FreeRTOS/Source/tasks.c **** #if ( configUSE_TRACE_FACILITY == 1 )
3344:Middlewares/Third_Party/FreeRTOS/Source/tasks.c **** 
3345:Middlewares/Third_Party/FreeRTOS/Source/tasks.c **** 	UBaseType_t uxTaskGetTaskNumber( TaskHandle_t xTask )
3346:Middlewares/Third_Party/FreeRTOS/Source/tasks.c **** 	{
3347:Middlewares/Third_Party/FreeRTOS/Source/tasks.c **** 	UBaseType_t uxReturn;
3348:Middlewares/Third_Party/FreeRTOS/Source/tasks.c **** 	TCB_t const *pxTCB;
3349:Middlewares/Third_Party/FreeRTOS/Source/tasks.c **** 
3350:Middlewares/Third_Party/FreeRTOS/Source/tasks.c **** 		if( xTask != NULL )
3351:Middlewares/Third_Party/FreeRTOS/Source/tasks.c **** 		{
3352:Middlewares/Third_Party/FreeRTOS/Source/tasks.c **** 			pxTCB = xTask;
3353:Middlewares/Third_Party/FreeRTOS/Source/tasks.c **** 			uxReturn = pxTCB->uxTaskNumber;
3354:Middlewares/Third_Party/FreeRTOS/Source/tasks.c **** 		}
3355:Middlewares/Third_Party/FreeRTOS/Source/tasks.c **** 		else
3356:Middlewares/Third_Party/FreeRTOS/Source/tasks.c **** 		{
3357:Middlewares/Third_Party/FreeRTOS/Source/tasks.c **** 			uxReturn = 0U;
3358:Middlewares/Third_Party/FreeRTOS/Source/tasks.c **** 		}
3359:Middlewares/Third_Party/FreeRTOS/Source/tasks.c **** 
3360:Middlewares/Third_Party/FreeRTOS/Source/tasks.c **** 		return uxReturn;
3361:Middlewares/Third_Party/FreeRTOS/Source/tasks.c **** 	}
3362:Middlewares/Third_Party/FreeRTOS/Source/tasks.c **** 
3363:Middlewares/Third_Party/FreeRTOS/Source/tasks.c **** #endif /* configUSE_TRACE_FACILITY */
3364:Middlewares/Third_Party/FreeRTOS/Source/tasks.c **** /*-----------------------------------------------------------*/
3365:Middlewares/Third_Party/FreeRTOS/Source/tasks.c **** 
3366:Middlewares/Third_Party/FreeRTOS/Source/tasks.c **** #if ( configUSE_TRACE_FACILITY == 1 )
3367:Middlewares/Third_Party/FreeRTOS/Source/tasks.c **** 
3368:Middlewares/Third_Party/FreeRTOS/Source/tasks.c **** 	void vTaskSetTaskNumber( TaskHandle_t xTask, const UBaseType_t uxHandle )
3369:Middlewares/Third_Party/FreeRTOS/Source/tasks.c **** 	{
3370:Middlewares/Third_Party/FreeRTOS/Source/tasks.c **** 	TCB_t * pxTCB;
3371:Middlewares/Third_Party/FreeRTOS/Source/tasks.c **** 
3372:Middlewares/Third_Party/FreeRTOS/Source/tasks.c **** 		if( xTask != NULL )
3373:Middlewares/Third_Party/FreeRTOS/Source/tasks.c **** 		{
3374:Middlewares/Third_Party/FreeRTOS/Source/tasks.c **** 			pxTCB = xTask;
3375:Middlewares/Third_Party/FreeRTOS/Source/tasks.c **** 			pxTCB->uxTaskNumber = uxHandle;
3376:Middlewares/Third_Party/FreeRTOS/Source/tasks.c **** 		}
3377:Middlewares/Third_Party/FreeRTOS/Source/tasks.c **** 	}
3378:Middlewares/Third_Party/FreeRTOS/Source/tasks.c **** 
3379:Middlewares/Third_Party/FreeRTOS/Source/tasks.c **** #endif /* configUSE_TRACE_FACILITY */
3380:Middlewares/Third_Party/FreeRTOS/Source/tasks.c **** 
3381:Middlewares/Third_Party/FreeRTOS/Source/tasks.c **** /*
3382:Middlewares/Third_Party/FreeRTOS/Source/tasks.c ****  * -----------------------------------------------------------
3383:Middlewares/Third_Party/FreeRTOS/Source/tasks.c ****  * The Idle task.
ARM GAS  D:\temp\TMP\ccyP8bey.s 			page 66


3384:Middlewares/Third_Party/FreeRTOS/Source/tasks.c ****  * ----------------------------------------------------------
3385:Middlewares/Third_Party/FreeRTOS/Source/tasks.c ****  *
3386:Middlewares/Third_Party/FreeRTOS/Source/tasks.c ****  * The portTASK_FUNCTION() macro is used to allow port/compiler specific
3387:Middlewares/Third_Party/FreeRTOS/Source/tasks.c ****  * language extensions.  The equivalent prototype for this function is:
3388:Middlewares/Third_Party/FreeRTOS/Source/tasks.c ****  *
3389:Middlewares/Third_Party/FreeRTOS/Source/tasks.c ****  * void prvIdleTask( void *pvParameters );
3390:Middlewares/Third_Party/FreeRTOS/Source/tasks.c ****  *
3391:Middlewares/Third_Party/FreeRTOS/Source/tasks.c ****  */
3392:Middlewares/Third_Party/FreeRTOS/Source/tasks.c **** static portTASK_FUNCTION( prvIdleTask, pvParameters )
3393:Middlewares/Third_Party/FreeRTOS/Source/tasks.c **** {
3394:Middlewares/Third_Party/FreeRTOS/Source/tasks.c **** 	/* Stop warnings. */
3395:Middlewares/Third_Party/FreeRTOS/Source/tasks.c **** 	( void ) pvParameters;
3396:Middlewares/Third_Party/FreeRTOS/Source/tasks.c **** 
3397:Middlewares/Third_Party/FreeRTOS/Source/tasks.c **** 	/** THIS IS THE RTOS IDLE TASK - WHICH IS CREATED AUTOMATICALLY WHEN THE
3398:Middlewares/Third_Party/FreeRTOS/Source/tasks.c **** 	SCHEDULER IS STARTED. **/
3399:Middlewares/Third_Party/FreeRTOS/Source/tasks.c **** 
3400:Middlewares/Third_Party/FreeRTOS/Source/tasks.c **** 	/* In case a task that has a secure context deletes itself, in which case
3401:Middlewares/Third_Party/FreeRTOS/Source/tasks.c **** 	the idle task is responsible for deleting the task's secure context, if
3402:Middlewares/Third_Party/FreeRTOS/Source/tasks.c **** 	any. */
3403:Middlewares/Third_Party/FreeRTOS/Source/tasks.c **** 	portALLOCATE_SECURE_CONTEXT( configMINIMAL_SECURE_STACK_SIZE );
3404:Middlewares/Third_Party/FreeRTOS/Source/tasks.c **** 
3405:Middlewares/Third_Party/FreeRTOS/Source/tasks.c **** 	for( ;; )
3406:Middlewares/Third_Party/FreeRTOS/Source/tasks.c **** 	{
3407:Middlewares/Third_Party/FreeRTOS/Source/tasks.c **** 		/* See if any tasks have deleted themselves - if so then the idle task
3408:Middlewares/Third_Party/FreeRTOS/Source/tasks.c **** 		is responsible for freeing the deleted task's TCB and stack. */
3409:Middlewares/Third_Party/FreeRTOS/Source/tasks.c **** 		prvCheckTasksWaitingTermination();
3410:Middlewares/Third_Party/FreeRTOS/Source/tasks.c **** 
3411:Middlewares/Third_Party/FreeRTOS/Source/tasks.c **** 		#if ( configUSE_PREEMPTION == 0 )
3412:Middlewares/Third_Party/FreeRTOS/Source/tasks.c **** 		{
3413:Middlewares/Third_Party/FreeRTOS/Source/tasks.c **** 			/* If we are not using preemption we keep forcing a task switch to
3414:Middlewares/Third_Party/FreeRTOS/Source/tasks.c **** 			see if any other task has become available.  If we are using
3415:Middlewares/Third_Party/FreeRTOS/Source/tasks.c **** 			preemption we don't need to do this as any task becoming available
3416:Middlewares/Third_Party/FreeRTOS/Source/tasks.c **** 			will automatically get the processor anyway. */
3417:Middlewares/Third_Party/FreeRTOS/Source/tasks.c **** 			taskYIELD();
3418:Middlewares/Third_Party/FreeRTOS/Source/tasks.c **** 		}
3419:Middlewares/Third_Party/FreeRTOS/Source/tasks.c **** 		#endif /* configUSE_PREEMPTION */
3420:Middlewares/Third_Party/FreeRTOS/Source/tasks.c **** 
3421:Middlewares/Third_Party/FreeRTOS/Source/tasks.c **** 		#if ( ( configUSE_PREEMPTION == 1 ) && ( configIDLE_SHOULD_YIELD == 1 ) )
3422:Middlewares/Third_Party/FreeRTOS/Source/tasks.c **** 		{
3423:Middlewares/Third_Party/FreeRTOS/Source/tasks.c **** 			/* When using preemption tasks of equal priority will be
3424:Middlewares/Third_Party/FreeRTOS/Source/tasks.c **** 			timesliced.  If a task that is sharing the idle priority is ready
3425:Middlewares/Third_Party/FreeRTOS/Source/tasks.c **** 			to run then the idle task should yield before the end of the
3426:Middlewares/Third_Party/FreeRTOS/Source/tasks.c **** 			timeslice.
3427:Middlewares/Third_Party/FreeRTOS/Source/tasks.c **** 
3428:Middlewares/Third_Party/FreeRTOS/Source/tasks.c **** 			A critical region is not required here as we are just reading from
3429:Middlewares/Third_Party/FreeRTOS/Source/tasks.c **** 			the list, and an occasional incorrect value will not matter.  If
3430:Middlewares/Third_Party/FreeRTOS/Source/tasks.c **** 			the ready list at the idle priority contains more than one task
3431:Middlewares/Third_Party/FreeRTOS/Source/tasks.c **** 			then a task other than the idle task is ready to execute. */
3432:Middlewares/Third_Party/FreeRTOS/Source/tasks.c **** 			if( listCURRENT_LIST_LENGTH( &( pxReadyTasksLists[ tskIDLE_PRIORITY ] ) ) > ( UBaseType_t ) 1 )
3433:Middlewares/Third_Party/FreeRTOS/Source/tasks.c **** 			{
3434:Middlewares/Third_Party/FreeRTOS/Source/tasks.c **** 				taskYIELD();
3435:Middlewares/Third_Party/FreeRTOS/Source/tasks.c **** 			}
3436:Middlewares/Third_Party/FreeRTOS/Source/tasks.c **** 			else
3437:Middlewares/Third_Party/FreeRTOS/Source/tasks.c **** 			{
3438:Middlewares/Third_Party/FreeRTOS/Source/tasks.c **** 				mtCOVERAGE_TEST_MARKER();
3439:Middlewares/Third_Party/FreeRTOS/Source/tasks.c **** 			}
3440:Middlewares/Third_Party/FreeRTOS/Source/tasks.c **** 		}
ARM GAS  D:\temp\TMP\ccyP8bey.s 			page 67


3441:Middlewares/Third_Party/FreeRTOS/Source/tasks.c **** 		#endif /* ( ( configUSE_PREEMPTION == 1 ) && ( configIDLE_SHOULD_YIELD == 1 ) ) */
3442:Middlewares/Third_Party/FreeRTOS/Source/tasks.c **** 
3443:Middlewares/Third_Party/FreeRTOS/Source/tasks.c **** 		#if ( configUSE_IDLE_HOOK == 1 )
3444:Middlewares/Third_Party/FreeRTOS/Source/tasks.c **** 		{
3445:Middlewares/Third_Party/FreeRTOS/Source/tasks.c **** 			extern void vApplicationIdleHook( void );
3446:Middlewares/Third_Party/FreeRTOS/Source/tasks.c **** 
3447:Middlewares/Third_Party/FreeRTOS/Source/tasks.c **** 			/* Call the user defined function from within the idle task.  This
3448:Middlewares/Third_Party/FreeRTOS/Source/tasks.c **** 			allows the application designer to add background functionality
3449:Middlewares/Third_Party/FreeRTOS/Source/tasks.c **** 			without the overhead of a separate task.
3450:Middlewares/Third_Party/FreeRTOS/Source/tasks.c **** 			NOTE: vApplicationIdleHook() MUST NOT, UNDER ANY CIRCUMSTANCES,
3451:Middlewares/Third_Party/FreeRTOS/Source/tasks.c **** 			CALL A FUNCTION THAT MIGHT BLOCK. */
3452:Middlewares/Third_Party/FreeRTOS/Source/tasks.c **** 			vApplicationIdleHook();
3453:Middlewares/Third_Party/FreeRTOS/Source/tasks.c **** 		}
3454:Middlewares/Third_Party/FreeRTOS/Source/tasks.c **** 		#endif /* configUSE_IDLE_HOOK */
3455:Middlewares/Third_Party/FreeRTOS/Source/tasks.c **** 
3456:Middlewares/Third_Party/FreeRTOS/Source/tasks.c **** 		/* This conditional compilation should use inequality to 0, not equality
3457:Middlewares/Third_Party/FreeRTOS/Source/tasks.c **** 		to 1.  This is to ensure portSUPPRESS_TICKS_AND_SLEEP() is called when
3458:Middlewares/Third_Party/FreeRTOS/Source/tasks.c **** 		user defined low power mode	implementations require
3459:Middlewares/Third_Party/FreeRTOS/Source/tasks.c **** 		configUSE_TICKLESS_IDLE to be set to a value other than 1. */
3460:Middlewares/Third_Party/FreeRTOS/Source/tasks.c **** 		#if ( configUSE_TICKLESS_IDLE != 0 )
3461:Middlewares/Third_Party/FreeRTOS/Source/tasks.c **** 		{
3462:Middlewares/Third_Party/FreeRTOS/Source/tasks.c **** 		TickType_t xExpectedIdleTime;
3463:Middlewares/Third_Party/FreeRTOS/Source/tasks.c **** 
3464:Middlewares/Third_Party/FreeRTOS/Source/tasks.c **** 			/* It is not desirable to suspend then resume the scheduler on
3465:Middlewares/Third_Party/FreeRTOS/Source/tasks.c **** 			each iteration of the idle task.  Therefore, a preliminary
3466:Middlewares/Third_Party/FreeRTOS/Source/tasks.c **** 			test of the expected idle time is performed without the
3467:Middlewares/Third_Party/FreeRTOS/Source/tasks.c **** 			scheduler suspended.  The result here is not necessarily
3468:Middlewares/Third_Party/FreeRTOS/Source/tasks.c **** 			valid. */
3469:Middlewares/Third_Party/FreeRTOS/Source/tasks.c **** 			xExpectedIdleTime = prvGetExpectedIdleTime();
3470:Middlewares/Third_Party/FreeRTOS/Source/tasks.c **** 
3471:Middlewares/Third_Party/FreeRTOS/Source/tasks.c **** 			if( xExpectedIdleTime >= configEXPECTED_IDLE_TIME_BEFORE_SLEEP )
3472:Middlewares/Third_Party/FreeRTOS/Source/tasks.c **** 			{
3473:Middlewares/Third_Party/FreeRTOS/Source/tasks.c **** 				vTaskSuspendAll();
3474:Middlewares/Third_Party/FreeRTOS/Source/tasks.c **** 				{
3475:Middlewares/Third_Party/FreeRTOS/Source/tasks.c **** 					/* Now the scheduler is suspended, the expected idle
3476:Middlewares/Third_Party/FreeRTOS/Source/tasks.c **** 					time can be sampled again, and this time its value can
3477:Middlewares/Third_Party/FreeRTOS/Source/tasks.c **** 					be used. */
3478:Middlewares/Third_Party/FreeRTOS/Source/tasks.c **** 					configASSERT( xNextTaskUnblockTime >= xTickCount );
3479:Middlewares/Third_Party/FreeRTOS/Source/tasks.c **** 					xExpectedIdleTime = prvGetExpectedIdleTime();
3480:Middlewares/Third_Party/FreeRTOS/Source/tasks.c **** 
3481:Middlewares/Third_Party/FreeRTOS/Source/tasks.c **** 					/* Define the following macro to set xExpectedIdleTime to 0
3482:Middlewares/Third_Party/FreeRTOS/Source/tasks.c **** 					if the application does not want
3483:Middlewares/Third_Party/FreeRTOS/Source/tasks.c **** 					portSUPPRESS_TICKS_AND_SLEEP() to be called. */
3484:Middlewares/Third_Party/FreeRTOS/Source/tasks.c **** 					configPRE_SUPPRESS_TICKS_AND_SLEEP_PROCESSING( xExpectedIdleTime );
3485:Middlewares/Third_Party/FreeRTOS/Source/tasks.c **** 
3486:Middlewares/Third_Party/FreeRTOS/Source/tasks.c **** 					if( xExpectedIdleTime >= configEXPECTED_IDLE_TIME_BEFORE_SLEEP )
3487:Middlewares/Third_Party/FreeRTOS/Source/tasks.c **** 					{
3488:Middlewares/Third_Party/FreeRTOS/Source/tasks.c **** 						traceLOW_POWER_IDLE_BEGIN();
3489:Middlewares/Third_Party/FreeRTOS/Source/tasks.c **** 						portSUPPRESS_TICKS_AND_SLEEP( xExpectedIdleTime );
3490:Middlewares/Third_Party/FreeRTOS/Source/tasks.c **** 						traceLOW_POWER_IDLE_END();
3491:Middlewares/Third_Party/FreeRTOS/Source/tasks.c **** 					}
3492:Middlewares/Third_Party/FreeRTOS/Source/tasks.c **** 					else
3493:Middlewares/Third_Party/FreeRTOS/Source/tasks.c **** 					{
3494:Middlewares/Third_Party/FreeRTOS/Source/tasks.c **** 						mtCOVERAGE_TEST_MARKER();
3495:Middlewares/Third_Party/FreeRTOS/Source/tasks.c **** 					}
3496:Middlewares/Third_Party/FreeRTOS/Source/tasks.c **** 				}
3497:Middlewares/Third_Party/FreeRTOS/Source/tasks.c **** 				( void ) xTaskResumeAll();
ARM GAS  D:\temp\TMP\ccyP8bey.s 			page 68


3498:Middlewares/Third_Party/FreeRTOS/Source/tasks.c **** 			}
3499:Middlewares/Third_Party/FreeRTOS/Source/tasks.c **** 			else
3500:Middlewares/Third_Party/FreeRTOS/Source/tasks.c **** 			{
3501:Middlewares/Third_Party/FreeRTOS/Source/tasks.c **** 				mtCOVERAGE_TEST_MARKER();
3502:Middlewares/Third_Party/FreeRTOS/Source/tasks.c **** 			}
3503:Middlewares/Third_Party/FreeRTOS/Source/tasks.c **** 		}
3504:Middlewares/Third_Party/FreeRTOS/Source/tasks.c **** 		#endif /* configUSE_TICKLESS_IDLE */
3505:Middlewares/Third_Party/FreeRTOS/Source/tasks.c **** 	}
3506:Middlewares/Third_Party/FreeRTOS/Source/tasks.c **** }
3507:Middlewares/Third_Party/FreeRTOS/Source/tasks.c **** /*-----------------------------------------------------------*/
3508:Middlewares/Third_Party/FreeRTOS/Source/tasks.c **** 
3509:Middlewares/Third_Party/FreeRTOS/Source/tasks.c **** #if( configUSE_TICKLESS_IDLE != 0 )
3510:Middlewares/Third_Party/FreeRTOS/Source/tasks.c **** 
3511:Middlewares/Third_Party/FreeRTOS/Source/tasks.c **** 	eSleepModeStatus eTaskConfirmSleepModeStatus( void )
3512:Middlewares/Third_Party/FreeRTOS/Source/tasks.c **** 	{
3513:Middlewares/Third_Party/FreeRTOS/Source/tasks.c **** 	/* The idle task exists in addition to the application tasks. */
3514:Middlewares/Third_Party/FreeRTOS/Source/tasks.c **** 	const UBaseType_t uxNonApplicationTasks = 1;
3515:Middlewares/Third_Party/FreeRTOS/Source/tasks.c **** 	eSleepModeStatus eReturn = eStandardSleep;
3516:Middlewares/Third_Party/FreeRTOS/Source/tasks.c **** 
3517:Middlewares/Third_Party/FreeRTOS/Source/tasks.c **** 		/* This function must be called from a critical section. */
3518:Middlewares/Third_Party/FreeRTOS/Source/tasks.c **** 
3519:Middlewares/Third_Party/FreeRTOS/Source/tasks.c **** 		if( listCURRENT_LIST_LENGTH( &xPendingReadyList ) != 0 )
3520:Middlewares/Third_Party/FreeRTOS/Source/tasks.c **** 		{
3521:Middlewares/Third_Party/FreeRTOS/Source/tasks.c **** 			/* A task was made ready while the scheduler was suspended. */
3522:Middlewares/Third_Party/FreeRTOS/Source/tasks.c **** 			eReturn = eAbortSleep;
3523:Middlewares/Third_Party/FreeRTOS/Source/tasks.c **** 		}
3524:Middlewares/Third_Party/FreeRTOS/Source/tasks.c **** 		else if( xYieldPending != pdFALSE )
3525:Middlewares/Third_Party/FreeRTOS/Source/tasks.c **** 		{
3526:Middlewares/Third_Party/FreeRTOS/Source/tasks.c **** 			/* A yield was pended while the scheduler was suspended. */
3527:Middlewares/Third_Party/FreeRTOS/Source/tasks.c **** 			eReturn = eAbortSleep;
3528:Middlewares/Third_Party/FreeRTOS/Source/tasks.c **** 		}
3529:Middlewares/Third_Party/FreeRTOS/Source/tasks.c **** 		else
3530:Middlewares/Third_Party/FreeRTOS/Source/tasks.c **** 		{
3531:Middlewares/Third_Party/FreeRTOS/Source/tasks.c **** 			/* If all the tasks are in the suspended list (which might mean they
3532:Middlewares/Third_Party/FreeRTOS/Source/tasks.c **** 			have an infinite block time rather than actually being suspended)
3533:Middlewares/Third_Party/FreeRTOS/Source/tasks.c **** 			then it is safe to turn all clocks off and just wait for external
3534:Middlewares/Third_Party/FreeRTOS/Source/tasks.c **** 			interrupts. */
3535:Middlewares/Third_Party/FreeRTOS/Source/tasks.c **** 			if( listCURRENT_LIST_LENGTH( &xSuspendedTaskList ) == ( uxCurrentNumberOfTasks - uxNonApplicatio
3536:Middlewares/Third_Party/FreeRTOS/Source/tasks.c **** 			{
3537:Middlewares/Third_Party/FreeRTOS/Source/tasks.c **** 				eReturn = eNoTasksWaitingTimeout;
3538:Middlewares/Third_Party/FreeRTOS/Source/tasks.c **** 			}
3539:Middlewares/Third_Party/FreeRTOS/Source/tasks.c **** 			else
3540:Middlewares/Third_Party/FreeRTOS/Source/tasks.c **** 			{
3541:Middlewares/Third_Party/FreeRTOS/Source/tasks.c **** 				mtCOVERAGE_TEST_MARKER();
3542:Middlewares/Third_Party/FreeRTOS/Source/tasks.c **** 			}
3543:Middlewares/Third_Party/FreeRTOS/Source/tasks.c **** 		}
3544:Middlewares/Third_Party/FreeRTOS/Source/tasks.c **** 
3545:Middlewares/Third_Party/FreeRTOS/Source/tasks.c **** 		return eReturn;
3546:Middlewares/Third_Party/FreeRTOS/Source/tasks.c **** 	}
3547:Middlewares/Third_Party/FreeRTOS/Source/tasks.c **** 
3548:Middlewares/Third_Party/FreeRTOS/Source/tasks.c **** #endif /* configUSE_TICKLESS_IDLE */
3549:Middlewares/Third_Party/FreeRTOS/Source/tasks.c **** /*-----------------------------------------------------------*/
3550:Middlewares/Third_Party/FreeRTOS/Source/tasks.c **** 
3551:Middlewares/Third_Party/FreeRTOS/Source/tasks.c **** #if ( configNUM_THREAD_LOCAL_STORAGE_POINTERS != 0 )
3552:Middlewares/Third_Party/FreeRTOS/Source/tasks.c **** 
3553:Middlewares/Third_Party/FreeRTOS/Source/tasks.c **** 	void vTaskSetThreadLocalStoragePointer( TaskHandle_t xTaskToSet, BaseType_t xIndex, void *pvValue 
3554:Middlewares/Third_Party/FreeRTOS/Source/tasks.c **** 	{
ARM GAS  D:\temp\TMP\ccyP8bey.s 			page 69


3555:Middlewares/Third_Party/FreeRTOS/Source/tasks.c **** 	TCB_t *pxTCB;
3556:Middlewares/Third_Party/FreeRTOS/Source/tasks.c **** 
3557:Middlewares/Third_Party/FreeRTOS/Source/tasks.c **** 		if( xIndex < configNUM_THREAD_LOCAL_STORAGE_POINTERS )
3558:Middlewares/Third_Party/FreeRTOS/Source/tasks.c **** 		{
3559:Middlewares/Third_Party/FreeRTOS/Source/tasks.c **** 			pxTCB = prvGetTCBFromHandle( xTaskToSet );
3560:Middlewares/Third_Party/FreeRTOS/Source/tasks.c **** 			configASSERT( pxTCB != NULL );
3561:Middlewares/Third_Party/FreeRTOS/Source/tasks.c **** 			pxTCB->pvThreadLocalStoragePointers[ xIndex ] = pvValue;
3562:Middlewares/Third_Party/FreeRTOS/Source/tasks.c **** 		}
3563:Middlewares/Third_Party/FreeRTOS/Source/tasks.c **** 	}
3564:Middlewares/Third_Party/FreeRTOS/Source/tasks.c **** 
3565:Middlewares/Third_Party/FreeRTOS/Source/tasks.c **** #endif /* configNUM_THREAD_LOCAL_STORAGE_POINTERS */
3566:Middlewares/Third_Party/FreeRTOS/Source/tasks.c **** /*-----------------------------------------------------------*/
3567:Middlewares/Third_Party/FreeRTOS/Source/tasks.c **** 
3568:Middlewares/Third_Party/FreeRTOS/Source/tasks.c **** #if ( configNUM_THREAD_LOCAL_STORAGE_POINTERS != 0 )
3569:Middlewares/Third_Party/FreeRTOS/Source/tasks.c **** 
3570:Middlewares/Third_Party/FreeRTOS/Source/tasks.c **** 	void *pvTaskGetThreadLocalStoragePointer( TaskHandle_t xTaskToQuery, BaseType_t xIndex )
3571:Middlewares/Third_Party/FreeRTOS/Source/tasks.c **** 	{
3572:Middlewares/Third_Party/FreeRTOS/Source/tasks.c **** 	void *pvReturn = NULL;
3573:Middlewares/Third_Party/FreeRTOS/Source/tasks.c **** 	TCB_t *pxTCB;
3574:Middlewares/Third_Party/FreeRTOS/Source/tasks.c **** 
3575:Middlewares/Third_Party/FreeRTOS/Source/tasks.c **** 		if( xIndex < configNUM_THREAD_LOCAL_STORAGE_POINTERS )
3576:Middlewares/Third_Party/FreeRTOS/Source/tasks.c **** 		{
3577:Middlewares/Third_Party/FreeRTOS/Source/tasks.c **** 			pxTCB = prvGetTCBFromHandle( xTaskToQuery );
3578:Middlewares/Third_Party/FreeRTOS/Source/tasks.c **** 			pvReturn = pxTCB->pvThreadLocalStoragePointers[ xIndex ];
3579:Middlewares/Third_Party/FreeRTOS/Source/tasks.c **** 		}
3580:Middlewares/Third_Party/FreeRTOS/Source/tasks.c **** 		else
3581:Middlewares/Third_Party/FreeRTOS/Source/tasks.c **** 		{
3582:Middlewares/Third_Party/FreeRTOS/Source/tasks.c **** 			pvReturn = NULL;
3583:Middlewares/Third_Party/FreeRTOS/Source/tasks.c **** 		}
3584:Middlewares/Third_Party/FreeRTOS/Source/tasks.c **** 
3585:Middlewares/Third_Party/FreeRTOS/Source/tasks.c **** 		return pvReturn;
3586:Middlewares/Third_Party/FreeRTOS/Source/tasks.c **** 	}
3587:Middlewares/Third_Party/FreeRTOS/Source/tasks.c **** 
3588:Middlewares/Third_Party/FreeRTOS/Source/tasks.c **** #endif /* configNUM_THREAD_LOCAL_STORAGE_POINTERS */
3589:Middlewares/Third_Party/FreeRTOS/Source/tasks.c **** /*-----------------------------------------------------------*/
3590:Middlewares/Third_Party/FreeRTOS/Source/tasks.c **** 
3591:Middlewares/Third_Party/FreeRTOS/Source/tasks.c **** #if ( portUSING_MPU_WRAPPERS == 1 )
3592:Middlewares/Third_Party/FreeRTOS/Source/tasks.c **** 
3593:Middlewares/Third_Party/FreeRTOS/Source/tasks.c **** 	void vTaskAllocateMPURegions( TaskHandle_t xTaskToModify, const MemoryRegion_t * const xRegions )
3594:Middlewares/Third_Party/FreeRTOS/Source/tasks.c **** 	{
3595:Middlewares/Third_Party/FreeRTOS/Source/tasks.c **** 	TCB_t *pxTCB;
3596:Middlewares/Third_Party/FreeRTOS/Source/tasks.c **** 
3597:Middlewares/Third_Party/FreeRTOS/Source/tasks.c **** 		/* If null is passed in here then we are modifying the MPU settings of
3598:Middlewares/Third_Party/FreeRTOS/Source/tasks.c **** 		the calling task. */
3599:Middlewares/Third_Party/FreeRTOS/Source/tasks.c **** 		pxTCB = prvGetTCBFromHandle( xTaskToModify );
3600:Middlewares/Third_Party/FreeRTOS/Source/tasks.c **** 
3601:Middlewares/Third_Party/FreeRTOS/Source/tasks.c **** 		vPortStoreTaskMPUSettings( &( pxTCB->xMPUSettings ), xRegions, NULL, 0 );
3602:Middlewares/Third_Party/FreeRTOS/Source/tasks.c **** 	}
3603:Middlewares/Third_Party/FreeRTOS/Source/tasks.c **** 
3604:Middlewares/Third_Party/FreeRTOS/Source/tasks.c **** #endif /* portUSING_MPU_WRAPPERS */
3605:Middlewares/Third_Party/FreeRTOS/Source/tasks.c **** /*-----------------------------------------------------------*/
3606:Middlewares/Third_Party/FreeRTOS/Source/tasks.c **** 
3607:Middlewares/Third_Party/FreeRTOS/Source/tasks.c **** static void prvInitialiseTaskLists( void )
3608:Middlewares/Third_Party/FreeRTOS/Source/tasks.c **** {
3609:Middlewares/Third_Party/FreeRTOS/Source/tasks.c **** UBaseType_t uxPriority;
3610:Middlewares/Third_Party/FreeRTOS/Source/tasks.c **** 
3611:Middlewares/Third_Party/FreeRTOS/Source/tasks.c **** 	for( uxPriority = ( UBaseType_t ) 0U; uxPriority < ( UBaseType_t ) configMAX_PRIORITIES; uxPriorit
ARM GAS  D:\temp\TMP\ccyP8bey.s 			page 70


3612:Middlewares/Third_Party/FreeRTOS/Source/tasks.c **** 	{
3613:Middlewares/Third_Party/FreeRTOS/Source/tasks.c **** 		vListInitialise( &( pxReadyTasksLists[ uxPriority ] ) );
3614:Middlewares/Third_Party/FreeRTOS/Source/tasks.c **** 	}
3615:Middlewares/Third_Party/FreeRTOS/Source/tasks.c **** 
3616:Middlewares/Third_Party/FreeRTOS/Source/tasks.c **** 	vListInitialise( &xDelayedTaskList1 );
3617:Middlewares/Third_Party/FreeRTOS/Source/tasks.c **** 	vListInitialise( &xDelayedTaskList2 );
3618:Middlewares/Third_Party/FreeRTOS/Source/tasks.c **** 	vListInitialise( &xPendingReadyList );
3619:Middlewares/Third_Party/FreeRTOS/Source/tasks.c **** 
3620:Middlewares/Third_Party/FreeRTOS/Source/tasks.c **** 	#if ( INCLUDE_vTaskDelete == 1 )
3621:Middlewares/Third_Party/FreeRTOS/Source/tasks.c **** 	{
3622:Middlewares/Third_Party/FreeRTOS/Source/tasks.c **** 		vListInitialise( &xTasksWaitingTermination );
3623:Middlewares/Third_Party/FreeRTOS/Source/tasks.c **** 	}
3624:Middlewares/Third_Party/FreeRTOS/Source/tasks.c **** 	#endif /* INCLUDE_vTaskDelete */
3625:Middlewares/Third_Party/FreeRTOS/Source/tasks.c **** 
3626:Middlewares/Third_Party/FreeRTOS/Source/tasks.c **** 	#if ( INCLUDE_vTaskSuspend == 1 )
3627:Middlewares/Third_Party/FreeRTOS/Source/tasks.c **** 	{
3628:Middlewares/Third_Party/FreeRTOS/Source/tasks.c **** 		vListInitialise( &xSuspendedTaskList );
3629:Middlewares/Third_Party/FreeRTOS/Source/tasks.c **** 	}
3630:Middlewares/Third_Party/FreeRTOS/Source/tasks.c **** 	#endif /* INCLUDE_vTaskSuspend */
3631:Middlewares/Third_Party/FreeRTOS/Source/tasks.c **** 
3632:Middlewares/Third_Party/FreeRTOS/Source/tasks.c **** 	/* Start with pxDelayedTaskList using list1 and the pxOverflowDelayedTaskList
3633:Middlewares/Third_Party/FreeRTOS/Source/tasks.c **** 	using list2. */
3634:Middlewares/Third_Party/FreeRTOS/Source/tasks.c **** 	pxDelayedTaskList = &xDelayedTaskList1;
3635:Middlewares/Third_Party/FreeRTOS/Source/tasks.c **** 	pxOverflowDelayedTaskList = &xDelayedTaskList2;
3636:Middlewares/Third_Party/FreeRTOS/Source/tasks.c **** }
3637:Middlewares/Third_Party/FreeRTOS/Source/tasks.c **** /*-----------------------------------------------------------*/
3638:Middlewares/Third_Party/FreeRTOS/Source/tasks.c **** 
3639:Middlewares/Third_Party/FreeRTOS/Source/tasks.c **** static void prvCheckTasksWaitingTermination( void )
3640:Middlewares/Third_Party/FreeRTOS/Source/tasks.c **** {
3641:Middlewares/Third_Party/FreeRTOS/Source/tasks.c **** 
3642:Middlewares/Third_Party/FreeRTOS/Source/tasks.c **** 	/** THIS FUNCTION IS CALLED FROM THE RTOS IDLE TASK **/
3643:Middlewares/Third_Party/FreeRTOS/Source/tasks.c **** 
3644:Middlewares/Third_Party/FreeRTOS/Source/tasks.c **** 	#if ( INCLUDE_vTaskDelete == 1 )
3645:Middlewares/Third_Party/FreeRTOS/Source/tasks.c **** 	{
3646:Middlewares/Third_Party/FreeRTOS/Source/tasks.c **** 		TCB_t *pxTCB;
3647:Middlewares/Third_Party/FreeRTOS/Source/tasks.c **** 
3648:Middlewares/Third_Party/FreeRTOS/Source/tasks.c **** 		/* uxDeletedTasksWaitingCleanUp is used to prevent taskENTER_CRITICAL()
3649:Middlewares/Third_Party/FreeRTOS/Source/tasks.c **** 		being called too often in the idle task. */
3650:Middlewares/Third_Party/FreeRTOS/Source/tasks.c **** 		while( uxDeletedTasksWaitingCleanUp > ( UBaseType_t ) 0U )
3651:Middlewares/Third_Party/FreeRTOS/Source/tasks.c **** 		{
3652:Middlewares/Third_Party/FreeRTOS/Source/tasks.c **** 			taskENTER_CRITICAL();
3653:Middlewares/Third_Party/FreeRTOS/Source/tasks.c **** 			{
3654:Middlewares/Third_Party/FreeRTOS/Source/tasks.c **** 				pxTCB = listGET_OWNER_OF_HEAD_ENTRY( ( &xTasksWaitingTermination ) ); /*lint !e9079 void * is u
3655:Middlewares/Third_Party/FreeRTOS/Source/tasks.c **** 				( void ) uxListRemove( &( pxTCB->xStateListItem ) );
3656:Middlewares/Third_Party/FreeRTOS/Source/tasks.c **** 				--uxCurrentNumberOfTasks;
3657:Middlewares/Third_Party/FreeRTOS/Source/tasks.c **** 				--uxDeletedTasksWaitingCleanUp;
3658:Middlewares/Third_Party/FreeRTOS/Source/tasks.c **** 			}
3659:Middlewares/Third_Party/FreeRTOS/Source/tasks.c **** 			taskEXIT_CRITICAL();
3660:Middlewares/Third_Party/FreeRTOS/Source/tasks.c **** 
3661:Middlewares/Third_Party/FreeRTOS/Source/tasks.c **** 			prvDeleteTCB( pxTCB );
3662:Middlewares/Third_Party/FreeRTOS/Source/tasks.c **** 		}
3663:Middlewares/Third_Party/FreeRTOS/Source/tasks.c **** 	}
3664:Middlewares/Third_Party/FreeRTOS/Source/tasks.c **** 	#endif /* INCLUDE_vTaskDelete */
3665:Middlewares/Third_Party/FreeRTOS/Source/tasks.c **** }
3666:Middlewares/Third_Party/FreeRTOS/Source/tasks.c **** /*-----------------------------------------------------------*/
3667:Middlewares/Third_Party/FreeRTOS/Source/tasks.c **** 
3668:Middlewares/Third_Party/FreeRTOS/Source/tasks.c **** #if( configUSE_TRACE_FACILITY == 1 )
ARM GAS  D:\temp\TMP\ccyP8bey.s 			page 71


3669:Middlewares/Third_Party/FreeRTOS/Source/tasks.c **** 
3670:Middlewares/Third_Party/FreeRTOS/Source/tasks.c **** 	void vTaskGetInfo( TaskHandle_t xTask, TaskStatus_t *pxTaskStatus, BaseType_t xGetFreeStackSpace, 
3671:Middlewares/Third_Party/FreeRTOS/Source/tasks.c **** 	{
3672:Middlewares/Third_Party/FreeRTOS/Source/tasks.c **** 	TCB_t *pxTCB;
3673:Middlewares/Third_Party/FreeRTOS/Source/tasks.c **** 
3674:Middlewares/Third_Party/FreeRTOS/Source/tasks.c **** 		/* xTask is NULL then get the state of the calling task. */
3675:Middlewares/Third_Party/FreeRTOS/Source/tasks.c **** 		pxTCB = prvGetTCBFromHandle( xTask );
3676:Middlewares/Third_Party/FreeRTOS/Source/tasks.c **** 
3677:Middlewares/Third_Party/FreeRTOS/Source/tasks.c **** 		pxTaskStatus->xHandle = ( TaskHandle_t ) pxTCB;
3678:Middlewares/Third_Party/FreeRTOS/Source/tasks.c **** 		pxTaskStatus->pcTaskName = ( const char * ) &( pxTCB->pcTaskName [ 0 ] );
3679:Middlewares/Third_Party/FreeRTOS/Source/tasks.c **** 		pxTaskStatus->uxCurrentPriority = pxTCB->uxPriority;
3680:Middlewares/Third_Party/FreeRTOS/Source/tasks.c **** 		pxTaskStatus->pxStackBase = pxTCB->pxStack;
3681:Middlewares/Third_Party/FreeRTOS/Source/tasks.c **** 		pxTaskStatus->xTaskNumber = pxTCB->uxTCBNumber;
3682:Middlewares/Third_Party/FreeRTOS/Source/tasks.c **** 
3683:Middlewares/Third_Party/FreeRTOS/Source/tasks.c **** 		#if ( configUSE_MUTEXES == 1 )
3684:Middlewares/Third_Party/FreeRTOS/Source/tasks.c **** 		{
3685:Middlewares/Third_Party/FreeRTOS/Source/tasks.c **** 			pxTaskStatus->uxBasePriority = pxTCB->uxBasePriority;
3686:Middlewares/Third_Party/FreeRTOS/Source/tasks.c **** 		}
3687:Middlewares/Third_Party/FreeRTOS/Source/tasks.c **** 		#else
3688:Middlewares/Third_Party/FreeRTOS/Source/tasks.c **** 		{
3689:Middlewares/Third_Party/FreeRTOS/Source/tasks.c **** 			pxTaskStatus->uxBasePriority = 0;
3690:Middlewares/Third_Party/FreeRTOS/Source/tasks.c **** 		}
3691:Middlewares/Third_Party/FreeRTOS/Source/tasks.c **** 		#endif
3692:Middlewares/Third_Party/FreeRTOS/Source/tasks.c **** 
3693:Middlewares/Third_Party/FreeRTOS/Source/tasks.c **** 		#if ( configGENERATE_RUN_TIME_STATS == 1 )
3694:Middlewares/Third_Party/FreeRTOS/Source/tasks.c **** 		{
3695:Middlewares/Third_Party/FreeRTOS/Source/tasks.c **** 			pxTaskStatus->ulRunTimeCounter = pxTCB->ulRunTimeCounter;
3696:Middlewares/Third_Party/FreeRTOS/Source/tasks.c **** 		}
3697:Middlewares/Third_Party/FreeRTOS/Source/tasks.c **** 		#else
3698:Middlewares/Third_Party/FreeRTOS/Source/tasks.c **** 		{
3699:Middlewares/Third_Party/FreeRTOS/Source/tasks.c **** 			pxTaskStatus->ulRunTimeCounter = 0;
3700:Middlewares/Third_Party/FreeRTOS/Source/tasks.c **** 		}
3701:Middlewares/Third_Party/FreeRTOS/Source/tasks.c **** 		#endif
3702:Middlewares/Third_Party/FreeRTOS/Source/tasks.c **** 
3703:Middlewares/Third_Party/FreeRTOS/Source/tasks.c **** 		/* Obtaining the task state is a little fiddly, so is only done if the
3704:Middlewares/Third_Party/FreeRTOS/Source/tasks.c **** 		value of eState passed into this function is eInvalid - otherwise the
3705:Middlewares/Third_Party/FreeRTOS/Source/tasks.c **** 		state is just set to whatever is passed in. */
3706:Middlewares/Third_Party/FreeRTOS/Source/tasks.c **** 		if( eState != eInvalid )
3707:Middlewares/Third_Party/FreeRTOS/Source/tasks.c **** 		{
3708:Middlewares/Third_Party/FreeRTOS/Source/tasks.c **** 			if( pxTCB == pxCurrentTCB )
3709:Middlewares/Third_Party/FreeRTOS/Source/tasks.c **** 			{
3710:Middlewares/Third_Party/FreeRTOS/Source/tasks.c **** 				pxTaskStatus->eCurrentState = eRunning;
3711:Middlewares/Third_Party/FreeRTOS/Source/tasks.c **** 			}
3712:Middlewares/Third_Party/FreeRTOS/Source/tasks.c **** 			else
3713:Middlewares/Third_Party/FreeRTOS/Source/tasks.c **** 			{
3714:Middlewares/Third_Party/FreeRTOS/Source/tasks.c **** 				pxTaskStatus->eCurrentState = eState;
3715:Middlewares/Third_Party/FreeRTOS/Source/tasks.c **** 
3716:Middlewares/Third_Party/FreeRTOS/Source/tasks.c **** 				#if ( INCLUDE_vTaskSuspend == 1 )
3717:Middlewares/Third_Party/FreeRTOS/Source/tasks.c **** 				{
3718:Middlewares/Third_Party/FreeRTOS/Source/tasks.c **** 					/* If the task is in the suspended list then there is a
3719:Middlewares/Third_Party/FreeRTOS/Source/tasks.c **** 					chance it is actually just blocked indefinitely - so really
3720:Middlewares/Third_Party/FreeRTOS/Source/tasks.c **** 					it should be reported as being in the Blocked state. */
3721:Middlewares/Third_Party/FreeRTOS/Source/tasks.c **** 					if( eState == eSuspended )
3722:Middlewares/Third_Party/FreeRTOS/Source/tasks.c **** 					{
3723:Middlewares/Third_Party/FreeRTOS/Source/tasks.c **** 						vTaskSuspendAll();
3724:Middlewares/Third_Party/FreeRTOS/Source/tasks.c **** 						{
3725:Middlewares/Third_Party/FreeRTOS/Source/tasks.c **** 							if( listLIST_ITEM_CONTAINER( &( pxTCB->xEventListItem ) ) != NULL )
ARM GAS  D:\temp\TMP\ccyP8bey.s 			page 72


3726:Middlewares/Third_Party/FreeRTOS/Source/tasks.c **** 							{
3727:Middlewares/Third_Party/FreeRTOS/Source/tasks.c **** 								pxTaskStatus->eCurrentState = eBlocked;
3728:Middlewares/Third_Party/FreeRTOS/Source/tasks.c **** 							}
3729:Middlewares/Third_Party/FreeRTOS/Source/tasks.c **** 						}
3730:Middlewares/Third_Party/FreeRTOS/Source/tasks.c **** 						( void ) xTaskResumeAll();
3731:Middlewares/Third_Party/FreeRTOS/Source/tasks.c **** 					}
3732:Middlewares/Third_Party/FreeRTOS/Source/tasks.c **** 				}
3733:Middlewares/Third_Party/FreeRTOS/Source/tasks.c **** 				#endif /* INCLUDE_vTaskSuspend */
3734:Middlewares/Third_Party/FreeRTOS/Source/tasks.c **** 			}
3735:Middlewares/Third_Party/FreeRTOS/Source/tasks.c **** 		}
3736:Middlewares/Third_Party/FreeRTOS/Source/tasks.c **** 		else
3737:Middlewares/Third_Party/FreeRTOS/Source/tasks.c **** 		{
3738:Middlewares/Third_Party/FreeRTOS/Source/tasks.c **** 			pxTaskStatus->eCurrentState = eTaskGetState( pxTCB );
3739:Middlewares/Third_Party/FreeRTOS/Source/tasks.c **** 		}
3740:Middlewares/Third_Party/FreeRTOS/Source/tasks.c **** 
3741:Middlewares/Third_Party/FreeRTOS/Source/tasks.c **** 		/* Obtaining the stack space takes some time, so the xGetFreeStackSpace
3742:Middlewares/Third_Party/FreeRTOS/Source/tasks.c **** 		parameter is provided to allow it to be skipped. */
3743:Middlewares/Third_Party/FreeRTOS/Source/tasks.c **** 		if( xGetFreeStackSpace != pdFALSE )
3744:Middlewares/Third_Party/FreeRTOS/Source/tasks.c **** 		{
3745:Middlewares/Third_Party/FreeRTOS/Source/tasks.c **** 			#if ( portSTACK_GROWTH > 0 )
3746:Middlewares/Third_Party/FreeRTOS/Source/tasks.c **** 			{
3747:Middlewares/Third_Party/FreeRTOS/Source/tasks.c **** 				pxTaskStatus->usStackHighWaterMark = prvTaskCheckFreeStackSpace( ( uint8_t * ) pxTCB->pxEndOfSt
3748:Middlewares/Third_Party/FreeRTOS/Source/tasks.c **** 			}
3749:Middlewares/Third_Party/FreeRTOS/Source/tasks.c **** 			#else
3750:Middlewares/Third_Party/FreeRTOS/Source/tasks.c **** 			{
3751:Middlewares/Third_Party/FreeRTOS/Source/tasks.c **** 				pxTaskStatus->usStackHighWaterMark = prvTaskCheckFreeStackSpace( ( uint8_t * ) pxTCB->pxStack )
3752:Middlewares/Third_Party/FreeRTOS/Source/tasks.c **** 			}
3753:Middlewares/Third_Party/FreeRTOS/Source/tasks.c **** 			#endif
3754:Middlewares/Third_Party/FreeRTOS/Source/tasks.c **** 		}
3755:Middlewares/Third_Party/FreeRTOS/Source/tasks.c **** 		else
3756:Middlewares/Third_Party/FreeRTOS/Source/tasks.c **** 		{
3757:Middlewares/Third_Party/FreeRTOS/Source/tasks.c **** 			pxTaskStatus->usStackHighWaterMark = 0;
3758:Middlewares/Third_Party/FreeRTOS/Source/tasks.c **** 		}
3759:Middlewares/Third_Party/FreeRTOS/Source/tasks.c **** 	}
3760:Middlewares/Third_Party/FreeRTOS/Source/tasks.c **** 
3761:Middlewares/Third_Party/FreeRTOS/Source/tasks.c **** #endif /* configUSE_TRACE_FACILITY */
3762:Middlewares/Third_Party/FreeRTOS/Source/tasks.c **** /*-----------------------------------------------------------*/
3763:Middlewares/Third_Party/FreeRTOS/Source/tasks.c **** 
3764:Middlewares/Third_Party/FreeRTOS/Source/tasks.c **** #if ( configUSE_TRACE_FACILITY == 1 )
3765:Middlewares/Third_Party/FreeRTOS/Source/tasks.c **** 
3766:Middlewares/Third_Party/FreeRTOS/Source/tasks.c **** 	static UBaseType_t prvListTasksWithinSingleList( TaskStatus_t *pxTaskStatusArray, List_t *pxList, 
3767:Middlewares/Third_Party/FreeRTOS/Source/tasks.c **** 	{
3768:Middlewares/Third_Party/FreeRTOS/Source/tasks.c **** 	configLIST_VOLATILE TCB_t *pxNextTCB, *pxFirstTCB;
3769:Middlewares/Third_Party/FreeRTOS/Source/tasks.c **** 	UBaseType_t uxTask = 0;
3770:Middlewares/Third_Party/FreeRTOS/Source/tasks.c **** 
3771:Middlewares/Third_Party/FreeRTOS/Source/tasks.c **** 		if( listCURRENT_LIST_LENGTH( pxList ) > ( UBaseType_t ) 0 )
3772:Middlewares/Third_Party/FreeRTOS/Source/tasks.c **** 		{
3773:Middlewares/Third_Party/FreeRTOS/Source/tasks.c **** 			listGET_OWNER_OF_NEXT_ENTRY( pxFirstTCB, pxList ); /*lint !e9079 void * is used as this macro is
3774:Middlewares/Third_Party/FreeRTOS/Source/tasks.c **** 
3775:Middlewares/Third_Party/FreeRTOS/Source/tasks.c **** 			/* Populate an TaskStatus_t structure within the
3776:Middlewares/Third_Party/FreeRTOS/Source/tasks.c **** 			pxTaskStatusArray array for each task that is referenced from
3777:Middlewares/Third_Party/FreeRTOS/Source/tasks.c **** 			pxList.  See the definition of TaskStatus_t in task.h for the
3778:Middlewares/Third_Party/FreeRTOS/Source/tasks.c **** 			meaning of each TaskStatus_t structure member. */
3779:Middlewares/Third_Party/FreeRTOS/Source/tasks.c **** 			do
3780:Middlewares/Third_Party/FreeRTOS/Source/tasks.c **** 			{
3781:Middlewares/Third_Party/FreeRTOS/Source/tasks.c **** 				listGET_OWNER_OF_NEXT_ENTRY( pxNextTCB, pxList ); /*lint !e9079 void * is used as this macro is
3782:Middlewares/Third_Party/FreeRTOS/Source/tasks.c **** 				vTaskGetInfo( ( TaskHandle_t ) pxNextTCB, &( pxTaskStatusArray[ uxTask ] ), pdTRUE, eState );
ARM GAS  D:\temp\TMP\ccyP8bey.s 			page 73


3783:Middlewares/Third_Party/FreeRTOS/Source/tasks.c **** 				uxTask++;
3784:Middlewares/Third_Party/FreeRTOS/Source/tasks.c **** 			} while( pxNextTCB != pxFirstTCB );
3785:Middlewares/Third_Party/FreeRTOS/Source/tasks.c **** 		}
3786:Middlewares/Third_Party/FreeRTOS/Source/tasks.c **** 		else
3787:Middlewares/Third_Party/FreeRTOS/Source/tasks.c **** 		{
3788:Middlewares/Third_Party/FreeRTOS/Source/tasks.c **** 			mtCOVERAGE_TEST_MARKER();
3789:Middlewares/Third_Party/FreeRTOS/Source/tasks.c **** 		}
3790:Middlewares/Third_Party/FreeRTOS/Source/tasks.c **** 
3791:Middlewares/Third_Party/FreeRTOS/Source/tasks.c **** 		return uxTask;
3792:Middlewares/Third_Party/FreeRTOS/Source/tasks.c **** 	}
3793:Middlewares/Third_Party/FreeRTOS/Source/tasks.c **** 
3794:Middlewares/Third_Party/FreeRTOS/Source/tasks.c **** #endif /* configUSE_TRACE_FACILITY */
3795:Middlewares/Third_Party/FreeRTOS/Source/tasks.c **** /*-----------------------------------------------------------*/
3796:Middlewares/Third_Party/FreeRTOS/Source/tasks.c **** 
3797:Middlewares/Third_Party/FreeRTOS/Source/tasks.c **** #if ( ( configUSE_TRACE_FACILITY == 1 ) || ( INCLUDE_uxTaskGetStackHighWaterMark == 1 ) || ( INCLUD
3798:Middlewares/Third_Party/FreeRTOS/Source/tasks.c **** 
3799:Middlewares/Third_Party/FreeRTOS/Source/tasks.c **** 	static configSTACK_DEPTH_TYPE prvTaskCheckFreeStackSpace( const uint8_t * pucStackByte )
3800:Middlewares/Third_Party/FreeRTOS/Source/tasks.c **** 	{
3801:Middlewares/Third_Party/FreeRTOS/Source/tasks.c **** 	uint32_t ulCount = 0U;
3802:Middlewares/Third_Party/FreeRTOS/Source/tasks.c **** 
3803:Middlewares/Third_Party/FreeRTOS/Source/tasks.c **** 		while( *pucStackByte == ( uint8_t ) tskSTACK_FILL_BYTE )
3804:Middlewares/Third_Party/FreeRTOS/Source/tasks.c **** 		{
3805:Middlewares/Third_Party/FreeRTOS/Source/tasks.c **** 			pucStackByte -= portSTACK_GROWTH;
3806:Middlewares/Third_Party/FreeRTOS/Source/tasks.c **** 			ulCount++;
3807:Middlewares/Third_Party/FreeRTOS/Source/tasks.c **** 		}
3808:Middlewares/Third_Party/FreeRTOS/Source/tasks.c **** 
3809:Middlewares/Third_Party/FreeRTOS/Source/tasks.c **** 		ulCount /= ( uint32_t ) sizeof( StackType_t ); /*lint !e961 Casting is not redundant on smaller a
3810:Middlewares/Third_Party/FreeRTOS/Source/tasks.c **** 
3811:Middlewares/Third_Party/FreeRTOS/Source/tasks.c **** 		return ( configSTACK_DEPTH_TYPE ) ulCount;
3812:Middlewares/Third_Party/FreeRTOS/Source/tasks.c **** 	}
3813:Middlewares/Third_Party/FreeRTOS/Source/tasks.c **** 
3814:Middlewares/Third_Party/FreeRTOS/Source/tasks.c **** #endif /* ( ( configUSE_TRACE_FACILITY == 1 ) || ( INCLUDE_uxTaskGetStackHighWaterMark == 1 ) || ( 
3815:Middlewares/Third_Party/FreeRTOS/Source/tasks.c **** /*-----------------------------------------------------------*/
3816:Middlewares/Third_Party/FreeRTOS/Source/tasks.c **** 
3817:Middlewares/Third_Party/FreeRTOS/Source/tasks.c **** #if ( INCLUDE_uxTaskGetStackHighWaterMark2 == 1 )
3818:Middlewares/Third_Party/FreeRTOS/Source/tasks.c **** 
3819:Middlewares/Third_Party/FreeRTOS/Source/tasks.c **** 	/* uxTaskGetStackHighWaterMark() and uxTaskGetStackHighWaterMark2() are the
3820:Middlewares/Third_Party/FreeRTOS/Source/tasks.c **** 	same except for their return type.  Using configSTACK_DEPTH_TYPE allows the
3821:Middlewares/Third_Party/FreeRTOS/Source/tasks.c **** 	user to determine the return type.  It gets around the problem of the value
3822:Middlewares/Third_Party/FreeRTOS/Source/tasks.c **** 	overflowing on 8-bit types without breaking backward compatibility for
3823:Middlewares/Third_Party/FreeRTOS/Source/tasks.c **** 	applications that expect an 8-bit return type. */
3824:Middlewares/Third_Party/FreeRTOS/Source/tasks.c **** 	configSTACK_DEPTH_TYPE uxTaskGetStackHighWaterMark2( TaskHandle_t xTask )
3825:Middlewares/Third_Party/FreeRTOS/Source/tasks.c **** 	{
3826:Middlewares/Third_Party/FreeRTOS/Source/tasks.c **** 	TCB_t *pxTCB;
3827:Middlewares/Third_Party/FreeRTOS/Source/tasks.c **** 	uint8_t *pucEndOfStack;
3828:Middlewares/Third_Party/FreeRTOS/Source/tasks.c **** 	configSTACK_DEPTH_TYPE uxReturn;
3829:Middlewares/Third_Party/FreeRTOS/Source/tasks.c **** 
3830:Middlewares/Third_Party/FreeRTOS/Source/tasks.c **** 		/* uxTaskGetStackHighWaterMark() and uxTaskGetStackHighWaterMark2() are
3831:Middlewares/Third_Party/FreeRTOS/Source/tasks.c **** 		the same except for their return type.  Using configSTACK_DEPTH_TYPE
3832:Middlewares/Third_Party/FreeRTOS/Source/tasks.c **** 		allows the user to determine the return type.  It gets around the
3833:Middlewares/Third_Party/FreeRTOS/Source/tasks.c **** 		problem of the value overflowing on 8-bit types without breaking
3834:Middlewares/Third_Party/FreeRTOS/Source/tasks.c **** 		backward compatibility for applications that expect an 8-bit return
3835:Middlewares/Third_Party/FreeRTOS/Source/tasks.c **** 		type. */
3836:Middlewares/Third_Party/FreeRTOS/Source/tasks.c **** 
3837:Middlewares/Third_Party/FreeRTOS/Source/tasks.c **** 		pxTCB = prvGetTCBFromHandle( xTask );
3838:Middlewares/Third_Party/FreeRTOS/Source/tasks.c **** 
3839:Middlewares/Third_Party/FreeRTOS/Source/tasks.c **** 		#if portSTACK_GROWTH < 0
ARM GAS  D:\temp\TMP\ccyP8bey.s 			page 74


3840:Middlewares/Third_Party/FreeRTOS/Source/tasks.c **** 		{
3841:Middlewares/Third_Party/FreeRTOS/Source/tasks.c **** 			pucEndOfStack = ( uint8_t * ) pxTCB->pxStack;
3842:Middlewares/Third_Party/FreeRTOS/Source/tasks.c **** 		}
3843:Middlewares/Third_Party/FreeRTOS/Source/tasks.c **** 		#else
3844:Middlewares/Third_Party/FreeRTOS/Source/tasks.c **** 		{
3845:Middlewares/Third_Party/FreeRTOS/Source/tasks.c **** 			pucEndOfStack = ( uint8_t * ) pxTCB->pxEndOfStack;
3846:Middlewares/Third_Party/FreeRTOS/Source/tasks.c **** 		}
3847:Middlewares/Third_Party/FreeRTOS/Source/tasks.c **** 		#endif
3848:Middlewares/Third_Party/FreeRTOS/Source/tasks.c **** 
3849:Middlewares/Third_Party/FreeRTOS/Source/tasks.c **** 		uxReturn = prvTaskCheckFreeStackSpace( pucEndOfStack );
3850:Middlewares/Third_Party/FreeRTOS/Source/tasks.c **** 
3851:Middlewares/Third_Party/FreeRTOS/Source/tasks.c **** 		return uxReturn;
3852:Middlewares/Third_Party/FreeRTOS/Source/tasks.c **** 	}
3853:Middlewares/Third_Party/FreeRTOS/Source/tasks.c **** 
3854:Middlewares/Third_Party/FreeRTOS/Source/tasks.c **** #endif /* INCLUDE_uxTaskGetStackHighWaterMark2 */
3855:Middlewares/Third_Party/FreeRTOS/Source/tasks.c **** /*-----------------------------------------------------------*/
3856:Middlewares/Third_Party/FreeRTOS/Source/tasks.c **** 
3857:Middlewares/Third_Party/FreeRTOS/Source/tasks.c **** #if ( INCLUDE_uxTaskGetStackHighWaterMark == 1 )
3858:Middlewares/Third_Party/FreeRTOS/Source/tasks.c **** 
3859:Middlewares/Third_Party/FreeRTOS/Source/tasks.c **** 	UBaseType_t uxTaskGetStackHighWaterMark( TaskHandle_t xTask )
3860:Middlewares/Third_Party/FreeRTOS/Source/tasks.c **** 	{
3861:Middlewares/Third_Party/FreeRTOS/Source/tasks.c **** 	TCB_t *pxTCB;
3862:Middlewares/Third_Party/FreeRTOS/Source/tasks.c **** 	uint8_t *pucEndOfStack;
3863:Middlewares/Third_Party/FreeRTOS/Source/tasks.c **** 	UBaseType_t uxReturn;
3864:Middlewares/Third_Party/FreeRTOS/Source/tasks.c **** 
3865:Middlewares/Third_Party/FreeRTOS/Source/tasks.c **** 		pxTCB = prvGetTCBFromHandle( xTask );
3866:Middlewares/Third_Party/FreeRTOS/Source/tasks.c **** 
3867:Middlewares/Third_Party/FreeRTOS/Source/tasks.c **** 		#if portSTACK_GROWTH < 0
3868:Middlewares/Third_Party/FreeRTOS/Source/tasks.c **** 		{
3869:Middlewares/Third_Party/FreeRTOS/Source/tasks.c **** 			pucEndOfStack = ( uint8_t * ) pxTCB->pxStack;
3870:Middlewares/Third_Party/FreeRTOS/Source/tasks.c **** 		}
3871:Middlewares/Third_Party/FreeRTOS/Source/tasks.c **** 		#else
3872:Middlewares/Third_Party/FreeRTOS/Source/tasks.c **** 		{
3873:Middlewares/Third_Party/FreeRTOS/Source/tasks.c **** 			pucEndOfStack = ( uint8_t * ) pxTCB->pxEndOfStack;
3874:Middlewares/Third_Party/FreeRTOS/Source/tasks.c **** 		}
3875:Middlewares/Third_Party/FreeRTOS/Source/tasks.c **** 		#endif
3876:Middlewares/Third_Party/FreeRTOS/Source/tasks.c **** 
3877:Middlewares/Third_Party/FreeRTOS/Source/tasks.c **** 		uxReturn = ( UBaseType_t ) prvTaskCheckFreeStackSpace( pucEndOfStack );
3878:Middlewares/Third_Party/FreeRTOS/Source/tasks.c **** 
3879:Middlewares/Third_Party/FreeRTOS/Source/tasks.c **** 		return uxReturn;
3880:Middlewares/Third_Party/FreeRTOS/Source/tasks.c **** 	}
3881:Middlewares/Third_Party/FreeRTOS/Source/tasks.c **** 
3882:Middlewares/Third_Party/FreeRTOS/Source/tasks.c **** #endif /* INCLUDE_uxTaskGetStackHighWaterMark */
3883:Middlewares/Third_Party/FreeRTOS/Source/tasks.c **** /*-----------------------------------------------------------*/
3884:Middlewares/Third_Party/FreeRTOS/Source/tasks.c **** 
3885:Middlewares/Third_Party/FreeRTOS/Source/tasks.c **** #if ( INCLUDE_vTaskDelete == 1 )
3886:Middlewares/Third_Party/FreeRTOS/Source/tasks.c **** 
3887:Middlewares/Third_Party/FreeRTOS/Source/tasks.c **** 	static void prvDeleteTCB( TCB_t *pxTCB )
3888:Middlewares/Third_Party/FreeRTOS/Source/tasks.c **** 	{
3889:Middlewares/Third_Party/FreeRTOS/Source/tasks.c **** 		/* This call is required specifically for the TriCore port.  It must be
3890:Middlewares/Third_Party/FreeRTOS/Source/tasks.c **** 		above the vPortFree() calls.  The call is also used by ports/demos that
3891:Middlewares/Third_Party/FreeRTOS/Source/tasks.c **** 		want to allocate and clean RAM statically. */
3892:Middlewares/Third_Party/FreeRTOS/Source/tasks.c **** 		portCLEAN_UP_TCB( pxTCB );
3893:Middlewares/Third_Party/FreeRTOS/Source/tasks.c **** 
3894:Middlewares/Third_Party/FreeRTOS/Source/tasks.c **** 		/* Free up the memory allocated by the scheduler for the task.  It is up
3895:Middlewares/Third_Party/FreeRTOS/Source/tasks.c **** 		to the task to free any memory allocated at the application level.
3896:Middlewares/Third_Party/FreeRTOS/Source/tasks.c **** 		See the third party link http://www.nadler.com/embedded/newlibAndFreeRTOS.html
ARM GAS  D:\temp\TMP\ccyP8bey.s 			page 75


3897:Middlewares/Third_Party/FreeRTOS/Source/tasks.c **** 		for additional information. */
3898:Middlewares/Third_Party/FreeRTOS/Source/tasks.c **** 		#if ( configUSE_NEWLIB_REENTRANT == 1 )
3899:Middlewares/Third_Party/FreeRTOS/Source/tasks.c **** 		{
3900:Middlewares/Third_Party/FreeRTOS/Source/tasks.c **** 			_reclaim_reent( &( pxTCB->xNewLib_reent ) );
3901:Middlewares/Third_Party/FreeRTOS/Source/tasks.c **** 		}
3902:Middlewares/Third_Party/FreeRTOS/Source/tasks.c **** 		#endif /* configUSE_NEWLIB_REENTRANT */
3903:Middlewares/Third_Party/FreeRTOS/Source/tasks.c **** 
3904:Middlewares/Third_Party/FreeRTOS/Source/tasks.c **** 		#if( ( configSUPPORT_DYNAMIC_ALLOCATION == 1 ) && ( configSUPPORT_STATIC_ALLOCATION == 0 ) && ( p
3905:Middlewares/Third_Party/FreeRTOS/Source/tasks.c **** 		{
3906:Middlewares/Third_Party/FreeRTOS/Source/tasks.c **** 			/* The task can only have been allocated dynamically - free both
3907:Middlewares/Third_Party/FreeRTOS/Source/tasks.c **** 			the stack and TCB. */
3908:Middlewares/Third_Party/FreeRTOS/Source/tasks.c **** 			vPortFree( pxTCB->pxStack );
3909:Middlewares/Third_Party/FreeRTOS/Source/tasks.c **** 			vPortFree( pxTCB );
3910:Middlewares/Third_Party/FreeRTOS/Source/tasks.c **** 		}
3911:Middlewares/Third_Party/FreeRTOS/Source/tasks.c **** 		#elif( tskSTATIC_AND_DYNAMIC_ALLOCATION_POSSIBLE != 0 ) /*lint !e731 !e9029 Macro has been consol
3912:Middlewares/Third_Party/FreeRTOS/Source/tasks.c **** 		{
3913:Middlewares/Third_Party/FreeRTOS/Source/tasks.c **** 			/* The task could have been allocated statically or dynamically, so
3914:Middlewares/Third_Party/FreeRTOS/Source/tasks.c **** 			check what was statically allocated before trying to free the
3915:Middlewares/Third_Party/FreeRTOS/Source/tasks.c **** 			memory. */
3916:Middlewares/Third_Party/FreeRTOS/Source/tasks.c **** 			if( pxTCB->ucStaticallyAllocated == tskDYNAMICALLY_ALLOCATED_STACK_AND_TCB )
3917:Middlewares/Third_Party/FreeRTOS/Source/tasks.c **** 			{
3918:Middlewares/Third_Party/FreeRTOS/Source/tasks.c **** 				/* Both the stack and TCB were allocated dynamically, so both
3919:Middlewares/Third_Party/FreeRTOS/Source/tasks.c **** 				must be freed. */
3920:Middlewares/Third_Party/FreeRTOS/Source/tasks.c **** 				vPortFree( pxTCB->pxStack );
3921:Middlewares/Third_Party/FreeRTOS/Source/tasks.c **** 				vPortFree( pxTCB );
3922:Middlewares/Third_Party/FreeRTOS/Source/tasks.c **** 			}
3923:Middlewares/Third_Party/FreeRTOS/Source/tasks.c **** 			else if( pxTCB->ucStaticallyAllocated == tskSTATICALLY_ALLOCATED_STACK_ONLY )
3924:Middlewares/Third_Party/FreeRTOS/Source/tasks.c **** 			{
3925:Middlewares/Third_Party/FreeRTOS/Source/tasks.c **** 				/* Only the stack was statically allocated, so the TCB is the
3926:Middlewares/Third_Party/FreeRTOS/Source/tasks.c **** 				only memory that must be freed. */
3927:Middlewares/Third_Party/FreeRTOS/Source/tasks.c **** 				vPortFree( pxTCB );
3928:Middlewares/Third_Party/FreeRTOS/Source/tasks.c **** 			}
3929:Middlewares/Third_Party/FreeRTOS/Source/tasks.c **** 			else
3930:Middlewares/Third_Party/FreeRTOS/Source/tasks.c **** 			{
3931:Middlewares/Third_Party/FreeRTOS/Source/tasks.c **** 				/* Neither the stack nor the TCB were allocated dynamically, so
3932:Middlewares/Third_Party/FreeRTOS/Source/tasks.c **** 				nothing needs to be freed. */
3933:Middlewares/Third_Party/FreeRTOS/Source/tasks.c **** 				configASSERT( pxTCB->ucStaticallyAllocated == tskSTATICALLY_ALLOCATED_STACK_AND_TCB	);
3934:Middlewares/Third_Party/FreeRTOS/Source/tasks.c **** 				mtCOVERAGE_TEST_MARKER();
3935:Middlewares/Third_Party/FreeRTOS/Source/tasks.c **** 			}
3936:Middlewares/Third_Party/FreeRTOS/Source/tasks.c **** 		}
3937:Middlewares/Third_Party/FreeRTOS/Source/tasks.c **** 		#endif /* configSUPPORT_DYNAMIC_ALLOCATION */
3938:Middlewares/Third_Party/FreeRTOS/Source/tasks.c **** 	}
3939:Middlewares/Third_Party/FreeRTOS/Source/tasks.c **** 
3940:Middlewares/Third_Party/FreeRTOS/Source/tasks.c **** #endif /* INCLUDE_vTaskDelete */
3941:Middlewares/Third_Party/FreeRTOS/Source/tasks.c **** /*-----------------------------------------------------------*/
3942:Middlewares/Third_Party/FreeRTOS/Source/tasks.c **** 
3943:Middlewares/Third_Party/FreeRTOS/Source/tasks.c **** static void prvResetNextTaskUnblockTime( void )
3944:Middlewares/Third_Party/FreeRTOS/Source/tasks.c **** {
 123              		.loc 1 3944 1 is_stmt 1 view -0
 124              		.cfi_startproc
 125              		@ args = 0, pretend = 0, frame = 0
 126              		@ frame_needed = 0, uses_anonymous_args = 0
 127              		@ link register save eliminated.
3945:Middlewares/Third_Party/FreeRTOS/Source/tasks.c **** TCB_t *pxTCB;
 128              		.loc 1 3945 1 view .LVU29
3946:Middlewares/Third_Party/FreeRTOS/Source/tasks.c **** 
3947:Middlewares/Third_Party/FreeRTOS/Source/tasks.c **** 	if( listLIST_IS_EMPTY( pxDelayedTaskList ) != pdFALSE )
ARM GAS  D:\temp\TMP\ccyP8bey.s 			page 76


 129              		.loc 1 3947 2 view .LVU30
 130              		.loc 1 3947 6 is_stmt 0 view .LVU31
 131 0000 084B     		ldr	r3, .L15
 132 0002 1B68     		ldr	r3, [r3]
 133 0004 1B68     		ldr	r3, [r3]
 134              		.loc 1 3947 4 view .LVU32
 135 0006 23B9     		cbnz	r3, .L13
3948:Middlewares/Third_Party/FreeRTOS/Source/tasks.c **** 	{
3949:Middlewares/Third_Party/FreeRTOS/Source/tasks.c **** 		/* The new current delayed list is empty.  Set xNextTaskUnblockTime to
3950:Middlewares/Third_Party/FreeRTOS/Source/tasks.c **** 		the maximum possible value so it is	extremely unlikely that the
3951:Middlewares/Third_Party/FreeRTOS/Source/tasks.c **** 		if( xTickCount >= xNextTaskUnblockTime ) test will pass until
3952:Middlewares/Third_Party/FreeRTOS/Source/tasks.c **** 		there is an item in the delayed list. */
3953:Middlewares/Third_Party/FreeRTOS/Source/tasks.c **** 		xNextTaskUnblockTime = portMAX_DELAY;
 136              		.loc 1 3953 3 is_stmt 1 view .LVU33
 137              		.loc 1 3953 24 is_stmt 0 view .LVU34
 138 0008 074B     		ldr	r3, .L15+4
 139 000a 4FF0FF32 		mov	r2, #-1
 140 000e 1A60     		str	r2, [r3]
 141 0010 7047     		bx	lr
 142              	.L13:
3954:Middlewares/Third_Party/FreeRTOS/Source/tasks.c **** 	}
3955:Middlewares/Third_Party/FreeRTOS/Source/tasks.c **** 	else
3956:Middlewares/Third_Party/FreeRTOS/Source/tasks.c **** 	{
3957:Middlewares/Third_Party/FreeRTOS/Source/tasks.c **** 		/* The new current delayed list is not empty, get the value of
3958:Middlewares/Third_Party/FreeRTOS/Source/tasks.c **** 		the item at the head of the delayed list.  This is the time at
3959:Middlewares/Third_Party/FreeRTOS/Source/tasks.c **** 		which the task at the head of the delayed list should be removed
3960:Middlewares/Third_Party/FreeRTOS/Source/tasks.c **** 		from the Blocked state. */
3961:Middlewares/Third_Party/FreeRTOS/Source/tasks.c **** 		( pxTCB ) = listGET_OWNER_OF_HEAD_ENTRY( pxDelayedTaskList ); /*lint !e9079 void * is used as thi
 143              		.loc 1 3961 3 is_stmt 1 view .LVU35
 144              		.loc 1 3961 15 is_stmt 0 view .LVU36
 145 0012 044B     		ldr	r3, .L15
 146 0014 1B68     		ldr	r3, [r3]
 147 0016 DB68     		ldr	r3, [r3, #12]
 148              		.loc 1 3961 13 view .LVU37
 149 0018 DB68     		ldr	r3, [r3, #12]
 150              	.LVL8:
3962:Middlewares/Third_Party/FreeRTOS/Source/tasks.c **** 		xNextTaskUnblockTime = listGET_LIST_ITEM_VALUE( &( ( pxTCB )->xStateListItem ) );
 151              		.loc 1 3962 3 is_stmt 1 view .LVU38
 152              		.loc 1 3962 26 is_stmt 0 view .LVU39
 153 001a 5A68     		ldr	r2, [r3, #4]
 154              		.loc 1 3962 24 view .LVU40
 155 001c 024B     		ldr	r3, .L15+4
 156              	.LVL9:
 157              		.loc 1 3962 24 view .LVU41
 158 001e 1A60     		str	r2, [r3]
3963:Middlewares/Third_Party/FreeRTOS/Source/tasks.c **** 	}
3964:Middlewares/Third_Party/FreeRTOS/Source/tasks.c **** }
 159              		.loc 1 3964 1 view .LVU42
 160 0020 7047     		bx	lr
 161              	.L16:
 162 0022 00BF     		.align	2
 163              	.L15:
 164 0024 00000000 		.word	pxDelayedTaskList
 165 0028 00000000 		.word	xNextTaskUnblockTime
 166              		.cfi_endproc
 167              	.LFE41:
 169              		.section	.text.prvInitialiseNewTask,"ax",%progbits
ARM GAS  D:\temp\TMP\ccyP8bey.s 			page 77


 170              		.align	1
 171              		.syntax unified
 172              		.thumb
 173              		.thumb_func
 175              	prvInitialiseNewTask:
 176              	.LVL10:
 177              	.LFB7:
 832:Middlewares/Third_Party/FreeRTOS/Source/tasks.c **** StackType_t *pxTopOfStack;
 178              		.loc 1 832 1 is_stmt 1 view -0
 179              		.cfi_startproc
 180              		@ args = 16, pretend = 0, frame = 0
 181              		@ frame_needed = 0, uses_anonymous_args = 0
 832:Middlewares/Third_Party/FreeRTOS/Source/tasks.c **** StackType_t *pxTopOfStack;
 182              		.loc 1 832 1 is_stmt 0 view .LVU44
 183 0000 2DE9F843 		push	{r3, r4, r5, r6, r7, r8, r9, lr}
 184              	.LCFI0:
 185              		.cfi_def_cfa_offset 32
 186              		.cfi_offset 3, -32
 187              		.cfi_offset 4, -28
 188              		.cfi_offset 5, -24
 189              		.cfi_offset 6, -20
 190              		.cfi_offset 7, -16
 191              		.cfi_offset 8, -12
 192              		.cfi_offset 9, -8
 193              		.cfi_offset 14, -4
 194 0004 8046     		mov	r8, r0
 195 0006 9946     		mov	r9, r3
 196 0008 089D     		ldr	r5, [sp, #32]
 197 000a 0A9C     		ldr	r4, [sp, #40]
 833:Middlewares/Third_Party/FreeRTOS/Source/tasks.c **** UBaseType_t x;
 198              		.loc 1 833 1 is_stmt 1 view .LVU45
 834:Middlewares/Third_Party/FreeRTOS/Source/tasks.c **** 
 199              		.loc 1 834 1 view .LVU46
 864:Middlewares/Third_Party/FreeRTOS/Source/tasks.c **** 		pxTopOfStack = ( StackType_t * ) ( ( ( portPOINTER_SIZE_TYPE ) pxTopOfStack ) & ( ~( ( portPOINTE
 200              		.loc 1 864 3 view .LVU47
 864:Middlewares/Third_Party/FreeRTOS/Source/tasks.c **** 		pxTopOfStack = ( StackType_t * ) ( ( ( portPOINTER_SIZE_TYPE ) pxTopOfStack ) & ( ~( ( portPOINTE
 201              		.loc 1 864 29 is_stmt 0 view .LVU48
 202 000c 236B     		ldr	r3, [r4, #48]
 203              	.LVL11:
 864:Middlewares/Third_Party/FreeRTOS/Source/tasks.c **** 		pxTopOfStack = ( StackType_t * ) ( ( ( portPOINTER_SIZE_TYPE ) pxTopOfStack ) & ( ~( ( portPOINTE
 204              		.loc 1 864 53 view .LVU49
 205 000e 6FF04040 		mvn	r0, #-1073741824
 206              	.LVL12:
 864:Middlewares/Third_Party/FreeRTOS/Source/tasks.c **** 		pxTopOfStack = ( StackType_t * ) ( ( ( portPOINTER_SIZE_TYPE ) pxTopOfStack ) & ( ~( ( portPOINTE
 207              		.loc 1 864 53 view .LVU50
 208 0012 1044     		add	r0, r0, r2
 864:Middlewares/Third_Party/FreeRTOS/Source/tasks.c **** 		pxTopOfStack = ( StackType_t * ) ( ( ( portPOINTER_SIZE_TYPE ) pxTopOfStack ) & ( ~( ( portPOINTE
 209              		.loc 1 864 16 view .LVU51
 210 0014 03EB8003 		add	r3, r3, r0, lsl #2
 211              	.LVL13:
 865:Middlewares/Third_Party/FreeRTOS/Source/tasks.c **** 
 212              		.loc 1 865 3 is_stmt 1 view .LVU52
 865:Middlewares/Third_Party/FreeRTOS/Source/tasks.c **** 
 213              		.loc 1 865 81 is_stmt 0 view .LVU53
 214 0018 23F00703 		bic	r3, r3, #7
 215              	.LVL14:
 865:Middlewares/Third_Party/FreeRTOS/Source/tasks.c **** 
ARM GAS  D:\temp\TMP\ccyP8bey.s 			page 78


 216              		.loc 1 865 81 view .LVU54
 217 001c 1F46     		mov	r7, r3
 218              	.LVL15:
 868:Middlewares/Third_Party/FreeRTOS/Source/tasks.c **** 
 219              		.loc 1 868 3 is_stmt 1 view .LVU55
 868:Middlewares/Third_Party/FreeRTOS/Source/tasks.c **** 
 220              		.loc 1 868 124 view .LVU56
 892:Middlewares/Third_Party/FreeRTOS/Source/tasks.c **** 	{
 221              		.loc 1 892 2 view .LVU57
 892:Middlewares/Third_Party/FreeRTOS/Source/tasks.c **** 	{
 222              		.loc 1 892 4 is_stmt 0 view .LVU58
 223 001e 99B3     		cbz	r1, .L29
 224 0020 0846     		mov	r0, r1
 894:Middlewares/Third_Party/FreeRTOS/Source/tasks.c **** 		{
 225              		.loc 1 894 10 view .LVU59
 226 0022 4FF0000C 		mov	ip, #0
 227              	.LVL16:
 228              	.L18:
 894:Middlewares/Third_Party/FreeRTOS/Source/tasks.c **** 		{
 229              		.loc 1 894 33 is_stmt 1 discriminator 1 view .LVU60
 230 0026 BCF10F0F 		cmp	ip, #15
 231 002a 09D8     		bhi	.L20
 896:Middlewares/Third_Party/FreeRTOS/Source/tasks.c **** 
 232              		.loc 1 896 4 view .LVU61
 896:Middlewares/Third_Party/FreeRTOS/Source/tasks.c **** 
 233              		.loc 1 896 38 is_stmt 0 view .LVU62
 234 002c 10F80C20 		ldrb	r2, [r0, ip]	@ zero_extendqisi2
 896:Middlewares/Third_Party/FreeRTOS/Source/tasks.c **** 
 235              		.loc 1 896 30 view .LVU63
 236 0030 04EB0C03 		add	r3, r4, ip
 237 0034 83F83420 		strb	r2, [r3, #52]
 901:Middlewares/Third_Party/FreeRTOS/Source/tasks.c **** 			{
 238              		.loc 1 901 4 is_stmt 1 view .LVU64
 901:Middlewares/Third_Party/FreeRTOS/Source/tasks.c **** 			{
 239              		.loc 1 901 6 is_stmt 0 view .LVU65
 240 0038 12B1     		cbz	r2, .L20
 907:Middlewares/Third_Party/FreeRTOS/Source/tasks.c **** 			}
 241              		.loc 1 907 29 is_stmt 1 view .LVU66
 894:Middlewares/Third_Party/FreeRTOS/Source/tasks.c **** 		{
 242              		.loc 1 894 77 discriminator 2 view .LVU67
 243 003a 0CF1010C 		add	ip, ip, #1
 244              	.LVL17:
 894:Middlewares/Third_Party/FreeRTOS/Source/tasks.c **** 		{
 245              		.loc 1 894 77 is_stmt 0 discriminator 2 view .LVU68
 246 003e F2E7     		b	.L18
 247              	.LVL18:
 248              	.L20:
 913:Middlewares/Third_Party/FreeRTOS/Source/tasks.c **** 	}
 249              		.loc 1 913 3 is_stmt 1 view .LVU69
 913:Middlewares/Third_Party/FreeRTOS/Source/tasks.c **** 	}
 250              		.loc 1 913 55 is_stmt 0 view .LVU70
 251 0040 0023     		movs	r3, #0
 252 0042 84F84330 		strb	r3, [r4, #67]
 253              	.LVL19:
 254              	.L22:
 924:Middlewares/Third_Party/FreeRTOS/Source/tasks.c **** 	{
 255              		.loc 1 924 2 is_stmt 1 view .LVU71
ARM GAS  D:\temp\TMP\ccyP8bey.s 			page 79


 924:Middlewares/Third_Party/FreeRTOS/Source/tasks.c **** 	{
 256              		.loc 1 924 4 is_stmt 0 view .LVU72
 257 0046 062D     		cmp	r5, #6
 258 0048 00D9     		bls	.L23
 926:Middlewares/Third_Party/FreeRTOS/Source/tasks.c **** 	}
 259              		.loc 1 926 14 view .LVU73
 260 004a 0625     		movs	r5, #6
 261              	.L23:
 262              	.LVL20:
 930:Middlewares/Third_Party/FreeRTOS/Source/tasks.c **** 	}
 263              		.loc 1 930 27 is_stmt 1 view .LVU74
 933:Middlewares/Third_Party/FreeRTOS/Source/tasks.c **** 	#if ( configUSE_MUTEXES == 1 )
 264              		.loc 1 933 2 view .LVU75
 933:Middlewares/Third_Party/FreeRTOS/Source/tasks.c **** 	#if ( configUSE_MUTEXES == 1 )
 265              		.loc 1 933 23 is_stmt 0 view .LVU76
 266 004c E562     		str	r5, [r4, #44]
 936:Middlewares/Third_Party/FreeRTOS/Source/tasks.c **** 		pxNewTCB->uxMutexesHeld = 0;
 267              		.loc 1 936 3 is_stmt 1 view .LVU77
 936:Middlewares/Third_Party/FreeRTOS/Source/tasks.c **** 		pxNewTCB->uxMutexesHeld = 0;
 268              		.loc 1 936 28 is_stmt 0 view .LVU78
 269 004e 6564     		str	r5, [r4, #68]
 937:Middlewares/Third_Party/FreeRTOS/Source/tasks.c **** 	}
 270              		.loc 1 937 3 is_stmt 1 view .LVU79
 937:Middlewares/Third_Party/FreeRTOS/Source/tasks.c **** 	}
 271              		.loc 1 937 27 is_stmt 0 view .LVU80
 272 0050 0026     		movs	r6, #0
 273 0052 A664     		str	r6, [r4, #72]
 941:Middlewares/Third_Party/FreeRTOS/Source/tasks.c **** 	vListInitialiseItem( &( pxNewTCB->xEventListItem ) );
 274              		.loc 1 941 2 is_stmt 1 view .LVU81
 275 0054 201D     		adds	r0, r4, #4
 276 0056 FFF7FEFF 		bl	vListInitialiseItem
 277              	.LVL21:
 942:Middlewares/Third_Party/FreeRTOS/Source/tasks.c **** 
 278              		.loc 1 942 2 view .LVU82
 279 005a 04F11800 		add	r0, r4, #24
 280 005e FFF7FEFF 		bl	vListInitialiseItem
 281              	.LVL22:
 946:Middlewares/Third_Party/FreeRTOS/Source/tasks.c **** 
 282              		.loc 1 946 2 view .LVU83
 283 0062 2461     		str	r4, [r4, #16]
 949:Middlewares/Third_Party/FreeRTOS/Source/tasks.c **** 	listSET_LIST_ITEM_OWNER( &( pxNewTCB->xEventListItem ), pxNewTCB );
 284              		.loc 1 949 2 view .LVU84
 285 0064 C5F10705 		rsb	r5, r5, #7
 286              	.LVL23:
 949:Middlewares/Third_Party/FreeRTOS/Source/tasks.c **** 	listSET_LIST_ITEM_OWNER( &( pxNewTCB->xEventListItem ), pxNewTCB );
 287              		.loc 1 949 2 is_stmt 0 view .LVU85
 288 0068 A561     		str	r5, [r4, #24]
 950:Middlewares/Third_Party/FreeRTOS/Source/tasks.c **** 
 289              		.loc 1 950 2 is_stmt 1 view .LVU86
 290 006a 6462     		str	r4, [r4, #36]
 977:Middlewares/Third_Party/FreeRTOS/Source/tasks.c **** 	}
 291              		.loc 1 977 3 view .LVU87
 992:Middlewares/Third_Party/FreeRTOS/Source/tasks.c **** 		pxNewTCB->ucNotifyState = taskNOT_WAITING_NOTIFICATION;
 292              		.loc 1 992 3 view .LVU88
 992:Middlewares/Third_Party/FreeRTOS/Source/tasks.c **** 		pxNewTCB->ucNotifyState = taskNOT_WAITING_NOTIFICATION;
 293              		.loc 1 992 29 is_stmt 0 view .LVU89
 294 006c E664     		str	r6, [r4, #76]
ARM GAS  D:\temp\TMP\ccyP8bey.s 			page 80


 993:Middlewares/Third_Party/FreeRTOS/Source/tasks.c **** 	}
 295              		.loc 1 993 3 is_stmt 1 view .LVU90
 993:Middlewares/Third_Party/FreeRTOS/Source/tasks.c **** 	}
 296              		.loc 1 993 27 is_stmt 0 view .LVU91
 297 006e 84F85060 		strb	r6, [r4, #80]
1058:Middlewares/Third_Party/FreeRTOS/Source/tasks.c **** 		}
 298              		.loc 1 1058 4 is_stmt 1 view .LVU92
1058:Middlewares/Third_Party/FreeRTOS/Source/tasks.c **** 		}
 299              		.loc 1 1058 29 is_stmt 0 view .LVU93
 300 0072 4A46     		mov	r2, r9
 301 0074 4146     		mov	r1, r8
 302 0076 3846     		mov	r0, r7
 303 0078 FFF7FEFF 		bl	pxPortInitialiseStack
 304              	.LVL24:
1058:Middlewares/Third_Party/FreeRTOS/Source/tasks.c **** 		}
 305              		.loc 1 1058 27 discriminator 1 view .LVU94
 306 007c 2060     		str	r0, [r4]
1064:Middlewares/Third_Party/FreeRTOS/Source/tasks.c **** 	{
 307              		.loc 1 1064 2 is_stmt 1 view .LVU95
1064:Middlewares/Third_Party/FreeRTOS/Source/tasks.c **** 	{
 308              		.loc 1 1064 4 is_stmt 0 view .LVU96
 309 007e 099B     		ldr	r3, [sp, #36]
 310 0080 03B1     		cbz	r3, .L17
1068:Middlewares/Third_Party/FreeRTOS/Source/tasks.c **** 	}
 311              		.loc 1 1068 3 is_stmt 1 view .LVU97
1068:Middlewares/Third_Party/FreeRTOS/Source/tasks.c **** 	}
 312              		.loc 1 1068 18 is_stmt 0 view .LVU98
 313 0082 1C60     		str	r4, [r3]
1072:Middlewares/Third_Party/FreeRTOS/Source/tasks.c **** 	}
 314              		.loc 1 1072 27 is_stmt 1 view .LVU99
 315              	.L17:
1074:Middlewares/Third_Party/FreeRTOS/Source/tasks.c **** /*-----------------------------------------------------------*/
 316              		.loc 1 1074 1 is_stmt 0 view .LVU100
 317 0084 BDE8F883 		pop	{r3, r4, r5, r6, r7, r8, r9, pc}
 318              	.LVL25:
 319              	.L29:
 919:Middlewares/Third_Party/FreeRTOS/Source/tasks.c **** 	}
 320              		.loc 1 919 3 is_stmt 1 view .LVU101
 919:Middlewares/Third_Party/FreeRTOS/Source/tasks.c **** 	}
 321              		.loc 1 919 29 is_stmt 0 view .LVU102
 322 0088 0023     		movs	r3, #0
 323              	.LVL26:
 919:Middlewares/Third_Party/FreeRTOS/Source/tasks.c **** 	}
 324              		.loc 1 919 29 view .LVU103
 325 008a 84F83430 		strb	r3, [r4, #52]
 326 008e DAE7     		b	.L22
 327              		.cfi_endproc
 328              	.LFE7:
 330              		.section	.text.prvInitialiseTaskLists,"ax",%progbits
 331              		.align	1
 332              		.syntax unified
 333              		.thumb
 334              		.thumb_func
 336              	prvInitialiseTaskLists:
 337              	.LFB38:
3608:Middlewares/Third_Party/FreeRTOS/Source/tasks.c **** UBaseType_t uxPriority;
 338              		.loc 1 3608 1 is_stmt 1 view -0
ARM GAS  D:\temp\TMP\ccyP8bey.s 			page 81


 339              		.cfi_startproc
 340              		@ args = 0, pretend = 0, frame = 0
 341              		@ frame_needed = 0, uses_anonymous_args = 0
 342 0000 38B5     		push	{r3, r4, r5, lr}
 343              	.LCFI1:
 344              		.cfi_def_cfa_offset 16
 345              		.cfi_offset 3, -16
 346              		.cfi_offset 4, -12
 347              		.cfi_offset 5, -8
 348              		.cfi_offset 14, -4
3609:Middlewares/Third_Party/FreeRTOS/Source/tasks.c **** 
 349              		.loc 1 3609 1 view .LVU105
3611:Middlewares/Third_Party/FreeRTOS/Source/tasks.c **** 	{
 350              		.loc 1 3611 2 view .LVU106
 351              	.LVL27:
3611:Middlewares/Third_Party/FreeRTOS/Source/tasks.c **** 	{
 352              		.loc 1 3611 18 is_stmt 0 view .LVU107
 353 0002 0024     		movs	r4, #0
3611:Middlewares/Third_Party/FreeRTOS/Source/tasks.c **** 	{
 354              		.loc 1 3611 2 view .LVU108
 355 0004 07E0     		b	.L31
 356              	.LVL28:
 357              	.L32:
3613:Middlewares/Third_Party/FreeRTOS/Source/tasks.c **** 	}
 358              		.loc 1 3613 3 is_stmt 1 view .LVU109
3613:Middlewares/Third_Party/FreeRTOS/Source/tasks.c **** 	}
 359              		.loc 1 3613 20 is_stmt 0 view .LVU110
 360 0006 04EB8400 		add	r0, r4, r4, lsl #2
3613:Middlewares/Third_Party/FreeRTOS/Source/tasks.c **** 	}
 361              		.loc 1 3613 3 view .LVU111
 362 000a 0F4B     		ldr	r3, .L34
 363 000c 03EB8000 		add	r0, r3, r0, lsl #2
 364 0010 FFF7FEFF 		bl	vListInitialise
 365              	.LVL29:
3611:Middlewares/Third_Party/FreeRTOS/Source/tasks.c **** 	{
 366              		.loc 1 3611 101 is_stmt 1 discriminator 3 view .LVU112
 367 0014 0134     		adds	r4, r4, #1
 368              	.LVL30:
 369              	.L31:
3611:Middlewares/Third_Party/FreeRTOS/Source/tasks.c **** 	{
 370              		.loc 1 3611 51 discriminator 1 view .LVU113
 371 0016 062C     		cmp	r4, #6
 372 0018 F5D9     		bls	.L32
3616:Middlewares/Third_Party/FreeRTOS/Source/tasks.c **** 	vListInitialise( &xDelayedTaskList2 );
 373              		.loc 1 3616 2 view .LVU114
 374 001a 0C4D     		ldr	r5, .L34+4
 375 001c 2846     		mov	r0, r5
 376 001e FFF7FEFF 		bl	vListInitialise
 377              	.LVL31:
3617:Middlewares/Third_Party/FreeRTOS/Source/tasks.c **** 	vListInitialise( &xPendingReadyList );
 378              		.loc 1 3617 2 view .LVU115
 379 0022 0B4C     		ldr	r4, .L34+8
 380              	.LVL32:
3617:Middlewares/Third_Party/FreeRTOS/Source/tasks.c **** 	vListInitialise( &xPendingReadyList );
 381              		.loc 1 3617 2 is_stmt 0 view .LVU116
 382 0024 2046     		mov	r0, r4
 383 0026 FFF7FEFF 		bl	vListInitialise
ARM GAS  D:\temp\TMP\ccyP8bey.s 			page 82


 384              	.LVL33:
3618:Middlewares/Third_Party/FreeRTOS/Source/tasks.c **** 
 385              		.loc 1 3618 2 is_stmt 1 view .LVU117
 386 002a 0A48     		ldr	r0, .L34+12
 387 002c FFF7FEFF 		bl	vListInitialise
 388              	.LVL34:
3622:Middlewares/Third_Party/FreeRTOS/Source/tasks.c **** 	}
 389              		.loc 1 3622 3 view .LVU118
 390 0030 0948     		ldr	r0, .L34+16
 391 0032 FFF7FEFF 		bl	vListInitialise
 392              	.LVL35:
3628:Middlewares/Third_Party/FreeRTOS/Source/tasks.c **** 	}
 393              		.loc 1 3628 3 view .LVU119
 394 0036 0948     		ldr	r0, .L34+20
 395 0038 FFF7FEFF 		bl	vListInitialise
 396              	.LVL36:
3634:Middlewares/Third_Party/FreeRTOS/Source/tasks.c **** 	pxOverflowDelayedTaskList = &xDelayedTaskList2;
 397              		.loc 1 3634 2 view .LVU120
3634:Middlewares/Third_Party/FreeRTOS/Source/tasks.c **** 	pxOverflowDelayedTaskList = &xDelayedTaskList2;
 398              		.loc 1 3634 20 is_stmt 0 view .LVU121
 399 003c 084B     		ldr	r3, .L34+24
 400 003e 1D60     		str	r5, [r3]
3635:Middlewares/Third_Party/FreeRTOS/Source/tasks.c **** }
 401              		.loc 1 3635 2 is_stmt 1 view .LVU122
3635:Middlewares/Third_Party/FreeRTOS/Source/tasks.c **** }
 402              		.loc 1 3635 28 is_stmt 0 view .LVU123
 403 0040 084B     		ldr	r3, .L34+28
 404 0042 1C60     		str	r4, [r3]
3636:Middlewares/Third_Party/FreeRTOS/Source/tasks.c **** /*-----------------------------------------------------------*/
 405              		.loc 1 3636 1 view .LVU124
 406 0044 38BD     		pop	{r3, r4, r5, pc}
 407              	.L35:
 408 0046 00BF     		.align	2
 409              	.L34:
 410 0048 00000000 		.word	pxReadyTasksLists
 411 004c 00000000 		.word	xDelayedTaskList1
 412 0050 00000000 		.word	xDelayedTaskList2
 413 0054 00000000 		.word	xPendingReadyList
 414 0058 00000000 		.word	xTasksWaitingTermination
 415 005c 00000000 		.word	xSuspendedTaskList
 416 0060 00000000 		.word	pxDelayedTaskList
 417 0064 00000000 		.word	pxOverflowDelayedTaskList
 418              		.cfi_endproc
 419              	.LFE38:
 421              		.section	.text.prvAddNewTaskToReadyList,"ax",%progbits
 422              		.align	1
 423              		.syntax unified
 424              		.thumb
 425              		.thumb_func
 427              	prvAddNewTaskToReadyList:
 428              	.LVL37:
 429              	.LFB8:
1078:Middlewares/Third_Party/FreeRTOS/Source/tasks.c **** 	/* Ensure interrupts don't access the task lists while the lists are being
 430              		.loc 1 1078 1 is_stmt 1 view -0
 431              		.cfi_startproc
 432              		@ args = 0, pretend = 0, frame = 0
 433              		@ frame_needed = 0, uses_anonymous_args = 0
ARM GAS  D:\temp\TMP\ccyP8bey.s 			page 83


1078:Middlewares/Third_Party/FreeRTOS/Source/tasks.c **** 	/* Ensure interrupts don't access the task lists while the lists are being
 434              		.loc 1 1078 1 is_stmt 0 view .LVU126
 435 0000 10B5     		push	{r4, lr}
 436              	.LCFI2:
 437              		.cfi_def_cfa_offset 8
 438              		.cfi_offset 4, -8
 439              		.cfi_offset 14, -4
 440 0002 0446     		mov	r4, r0
1081:Middlewares/Third_Party/FreeRTOS/Source/tasks.c **** 	{
 441              		.loc 1 1081 2 is_stmt 1 view .LVU127
 442 0004 FFF7FEFF 		bl	vPortEnterCritical
 443              	.LVL38:
1083:Middlewares/Third_Party/FreeRTOS/Source/tasks.c **** 		if( pxCurrentTCB == NULL )
 444              		.loc 1 1083 3 view .LVU128
1083:Middlewares/Third_Party/FreeRTOS/Source/tasks.c **** 		if( pxCurrentTCB == NULL )
 445              		.loc 1 1083 25 is_stmt 0 view .LVU129
 446 0008 214A     		ldr	r2, .L43
 447 000a 1368     		ldr	r3, [r2]
 448 000c 0133     		adds	r3, r3, #1
 449 000e 1360     		str	r3, [r2]
1084:Middlewares/Third_Party/FreeRTOS/Source/tasks.c **** 		{
 450              		.loc 1 1084 3 is_stmt 1 view .LVU130
1084:Middlewares/Third_Party/FreeRTOS/Source/tasks.c **** 		{
 451              		.loc 1 1084 20 is_stmt 0 view .LVU131
 452 0010 204B     		ldr	r3, .L43+4
 453 0012 1B68     		ldr	r3, [r3]
1084:Middlewares/Third_Party/FreeRTOS/Source/tasks.c **** 		{
 454              		.loc 1 1084 5 view .LVU132
 455 0014 5BB1     		cbz	r3, .L41
1107:Middlewares/Third_Party/FreeRTOS/Source/tasks.c **** 			{
 456              		.loc 1 1107 4 is_stmt 1 view .LVU133
1107:Middlewares/Third_Party/FreeRTOS/Source/tasks.c **** 			{
 457              		.loc 1 1107 26 is_stmt 0 view .LVU134
 458 0016 204B     		ldr	r3, .L43+8
 459 0018 1B68     		ldr	r3, [r3]
1107:Middlewares/Third_Party/FreeRTOS/Source/tasks.c **** 			{
 460              		.loc 1 1107 6 view .LVU135
 461 001a 6BB9     		cbnz	r3, .L38
1109:Middlewares/Third_Party/FreeRTOS/Source/tasks.c **** 				{
 462              		.loc 1 1109 5 is_stmt 1 view .LVU136
1109:Middlewares/Third_Party/FreeRTOS/Source/tasks.c **** 				{
 463              		.loc 1 1109 21 is_stmt 0 view .LVU137
 464 001c 1D4B     		ldr	r3, .L43+4
 465 001e 1B68     		ldr	r3, [r3]
 466 0020 DA6A     		ldr	r2, [r3, #44]
1109:Middlewares/Third_Party/FreeRTOS/Source/tasks.c **** 				{
 467              		.loc 1 1109 45 view .LVU138
 468 0022 E36A     		ldr	r3, [r4, #44]
1109:Middlewares/Third_Party/FreeRTOS/Source/tasks.c **** 				{
 469              		.loc 1 1109 7 view .LVU139
 470 0024 9A42     		cmp	r2, r3
 471 0026 07D8     		bhi	.L38
1111:Middlewares/Third_Party/FreeRTOS/Source/tasks.c **** 				}
 472              		.loc 1 1111 6 is_stmt 1 view .LVU140
1111:Middlewares/Third_Party/FreeRTOS/Source/tasks.c **** 				}
 473              		.loc 1 1111 19 is_stmt 0 view .LVU141
 474 0028 1A4B     		ldr	r3, .L43+4
ARM GAS  D:\temp\TMP\ccyP8bey.s 			page 84


 475 002a 1C60     		str	r4, [r3]
 476 002c 04E0     		b	.L38
 477              	.L41:
1088:Middlewares/Third_Party/FreeRTOS/Source/tasks.c **** 
 478              		.loc 1 1088 4 is_stmt 1 view .LVU142
1088:Middlewares/Third_Party/FreeRTOS/Source/tasks.c **** 
 479              		.loc 1 1088 17 is_stmt 0 view .LVU143
 480 002e 194B     		ldr	r3, .L43+4
 481 0030 1C60     		str	r4, [r3]
1090:Middlewares/Third_Party/FreeRTOS/Source/tasks.c **** 			{
 482              		.loc 1 1090 4 is_stmt 1 view .LVU144
1090:Middlewares/Third_Party/FreeRTOS/Source/tasks.c **** 			{
 483              		.loc 1 1090 31 is_stmt 0 view .LVU145
 484 0032 1368     		ldr	r3, [r2]
1090:Middlewares/Third_Party/FreeRTOS/Source/tasks.c **** 			{
 485              		.loc 1 1090 6 view .LVU146
 486 0034 012B     		cmp	r3, #1
 487 0036 28D0     		beq	.L42
 488              	.L38:
1120:Middlewares/Third_Party/FreeRTOS/Source/tasks.c **** 			}
 489              		.loc 1 1120 29 is_stmt 1 view .LVU147
1124:Middlewares/Third_Party/FreeRTOS/Source/tasks.c **** 
 490              		.loc 1 1124 3 view .LVU148
1124:Middlewares/Third_Party/FreeRTOS/Source/tasks.c **** 
 491              		.loc 1 1124 15 is_stmt 0 view .LVU149
 492 0038 184A     		ldr	r2, .L43+12
 493 003a 1368     		ldr	r3, [r2]
 494 003c 0133     		adds	r3, r3, #1
 495 003e 1360     		str	r3, [r2]
1132:Middlewares/Third_Party/FreeRTOS/Source/tasks.c **** 
 496              		.loc 1 1132 31 is_stmt 1 view .LVU150
1134:Middlewares/Third_Party/FreeRTOS/Source/tasks.c **** 
 497              		.loc 1 1134 3 view .LVU151
1134:Middlewares/Third_Party/FreeRTOS/Source/tasks.c **** 
 498              		.loc 1 1134 3 view .LVU152
 499 0040 E06A     		ldr	r0, [r4, #44]
 500 0042 0123     		movs	r3, #1
 501 0044 8340     		lsls	r3, r3, r0
 502 0046 164A     		ldr	r2, .L43+16
 503 0048 1168     		ldr	r1, [r2]
 504 004a 0B43     		orrs	r3, r3, r1
 505 004c 1360     		str	r3, [r2]
1134:Middlewares/Third_Party/FreeRTOS/Source/tasks.c **** 
 506              		.loc 1 1134 3 view .LVU153
 507 004e 00EB8000 		add	r0, r0, r0, lsl #2
 508 0052 211D     		adds	r1, r4, #4
 509 0054 134B     		ldr	r3, .L43+20
 510 0056 03EB8000 		add	r0, r3, r0, lsl #2
 511 005a FFF7FEFF 		bl	vListInsertEnd
 512              	.LVL39:
1134:Middlewares/Third_Party/FreeRTOS/Source/tasks.c **** 
 513              		.loc 1 1134 36 discriminator 1 view .LVU154
1136:Middlewares/Third_Party/FreeRTOS/Source/tasks.c **** 	}
 514              		.loc 1 1136 3 view .LVU155
1138:Middlewares/Third_Party/FreeRTOS/Source/tasks.c **** 
 515              		.loc 1 1138 2 view .LVU156
 516 005e FFF7FEFF 		bl	vPortExitCritical
ARM GAS  D:\temp\TMP\ccyP8bey.s 			page 85


 517              	.LVL40:
1140:Middlewares/Third_Party/FreeRTOS/Source/tasks.c **** 	{
 518              		.loc 1 1140 2 view .LVU157
1140:Middlewares/Third_Party/FreeRTOS/Source/tasks.c **** 	{
 519              		.loc 1 1140 24 is_stmt 0 view .LVU158
 520 0062 0D4B     		ldr	r3, .L43+8
 521 0064 1B68     		ldr	r3, [r3]
1140:Middlewares/Third_Party/FreeRTOS/Source/tasks.c **** 	{
 522              		.loc 1 1140 4 view .LVU159
 523 0066 7BB1     		cbz	r3, .L36
1144:Middlewares/Third_Party/FreeRTOS/Source/tasks.c **** 		{
 524              		.loc 1 1144 3 is_stmt 1 view .LVU160
1144:Middlewares/Third_Party/FreeRTOS/Source/tasks.c **** 		{
 525              		.loc 1 1144 19 is_stmt 0 view .LVU161
 526 0068 0A4B     		ldr	r3, .L43+4
 527 006a 1B68     		ldr	r3, [r3]
 528 006c DA6A     		ldr	r2, [r3, #44]
1144:Middlewares/Third_Party/FreeRTOS/Source/tasks.c **** 		{
 529              		.loc 1 1144 42 view .LVU162
 530 006e E36A     		ldr	r3, [r4, #44]
1144:Middlewares/Third_Party/FreeRTOS/Source/tasks.c **** 		{
 531              		.loc 1 1144 5 view .LVU163
 532 0070 9A42     		cmp	r2, r3
 533 0072 09D2     		bcs	.L36
1146:Middlewares/Third_Party/FreeRTOS/Source/tasks.c **** 		}
 534              		.loc 1 1146 4 is_stmt 1 view .LVU164
 535 0074 4FF0E023 		mov	r3, #-536813568
 536 0078 4FF08052 		mov	r2, #268435456
 537 007c C3F8042D 		str	r2, [r3, #3332]
1146:Middlewares/Third_Party/FreeRTOS/Source/tasks.c **** 		}
 538              		.loc 1 1146 4 view .LVU165
 539              		.syntax unified
 540              	@ 1146 "Middlewares/Third_Party/FreeRTOS/Source/tasks.c" 1
 541 0080 BFF34F8F 		dsb
 542              	@ 0 "" 2
1146:Middlewares/Third_Party/FreeRTOS/Source/tasks.c **** 		}
 543              		.loc 1 1146 4 view .LVU166
 544              	@ 1146 "Middlewares/Third_Party/FreeRTOS/Source/tasks.c" 1
 545 0084 BFF36F8F 		isb
 546              	@ 0 "" 2
1146:Middlewares/Third_Party/FreeRTOS/Source/tasks.c **** 		}
 547              		.loc 1 1146 35 view .LVU167
1155:Middlewares/Third_Party/FreeRTOS/Source/tasks.c **** 	}
 548              		.loc 1 1155 27 view .LVU168
 549              		.thumb
 550              		.syntax unified
 551              	.L36:
1157:Middlewares/Third_Party/FreeRTOS/Source/tasks.c **** /*-----------------------------------------------------------*/
 552              		.loc 1 1157 1 is_stmt 0 view .LVU169
 553 0088 10BD     		pop	{r4, pc}
 554              	.LVL41:
 555              	.L42:
1095:Middlewares/Third_Party/FreeRTOS/Source/tasks.c **** 			}
 556              		.loc 1 1095 5 is_stmt 1 view .LVU170
 557 008a FFF7FEFF 		bl	prvInitialiseTaskLists
 558              	.LVL42:
 559 008e D3E7     		b	.L38
ARM GAS  D:\temp\TMP\ccyP8bey.s 			page 86


 560              	.L44:
 561              		.align	2
 562              	.L43:
 563 0090 00000000 		.word	uxCurrentNumberOfTasks
 564 0094 00000000 		.word	pxCurrentTCB
 565 0098 00000000 		.word	xSchedulerRunning
 566 009c 00000000 		.word	uxTaskNumber
 567 00a0 00000000 		.word	uxTopReadyPriority
 568 00a4 00000000 		.word	pxReadyTasksLists
 569              		.cfi_endproc
 570              	.LFE8:
 572              		.section	.text.prvDeleteTCB,"ax",%progbits
 573              		.align	1
 574              		.syntax unified
 575              		.thumb
 576              		.thumb_func
 578              	prvDeleteTCB:
 579              	.LVL43:
 580              	.LFB40:
3888:Middlewares/Third_Party/FreeRTOS/Source/tasks.c **** 		/* This call is required specifically for the TriCore port.  It must be
 581              		.loc 1 3888 2 view -0
 582              		.cfi_startproc
 583              		@ args = 0, pretend = 0, frame = 0
 584              		@ frame_needed = 0, uses_anonymous_args = 0
3888:Middlewares/Third_Party/FreeRTOS/Source/tasks.c **** 		/* This call is required specifically for the TriCore port.  It must be
 585              		.loc 1 3888 2 is_stmt 0 view .LVU172
 586 0000 10B5     		push	{r4, lr}
 587              	.LCFI3:
 588              		.cfi_def_cfa_offset 8
 589              		.cfi_offset 4, -8
 590              		.cfi_offset 14, -4
 591 0002 0446     		mov	r4, r0
3892:Middlewares/Third_Party/FreeRTOS/Source/tasks.c **** 
 592              		.loc 1 3892 3 is_stmt 1 view .LVU173
3916:Middlewares/Third_Party/FreeRTOS/Source/tasks.c **** 			{
 593              		.loc 1 3916 4 view .LVU174
3916:Middlewares/Third_Party/FreeRTOS/Source/tasks.c **** 			{
 594              		.loc 1 3916 13 is_stmt 0 view .LVU175
 595 0004 90F85130 		ldrb	r3, [r0, #81]	@ zero_extendqisi2
3916:Middlewares/Third_Party/FreeRTOS/Source/tasks.c **** 			{
 596              		.loc 1 3916 6 view .LVU176
 597 0008 63B1     		cbz	r3, .L51
3923:Middlewares/Third_Party/FreeRTOS/Source/tasks.c **** 			{
 598              		.loc 1 3923 9 is_stmt 1 view .LVU177
3923:Middlewares/Third_Party/FreeRTOS/Source/tasks.c **** 			{
 599              		.loc 1 3923 11 is_stmt 0 view .LVU178
 600 000a 012B     		cmp	r3, #1
 601 000c 11D0     		beq	.L52
3933:Middlewares/Third_Party/FreeRTOS/Source/tasks.c **** 				mtCOVERAGE_TEST_MARKER();
 602              		.loc 1 3933 5 is_stmt 1 view .LVU179
 603 000e 022B     		cmp	r3, #2
 604 0010 0ED0     		beq	.L45
3933:Middlewares/Third_Party/FreeRTOS/Source/tasks.c **** 				mtCOVERAGE_TEST_MARKER();
 605              		.loc 1 3933 5 discriminator 1 view .LVU180
 606              	.LBB112:
 607              	.LBI112:
 191:Middlewares/Third_Party/FreeRTOS/Source/portable/GCC/ARM_CM4F/portmacro.h **** {
ARM GAS  D:\temp\TMP\ccyP8bey.s 			page 87


 608              		.loc 2 191 30 view .LVU181
 609              	.LBB113:
 193:Middlewares/Third_Party/FreeRTOS/Source/portable/GCC/ARM_CM4F/portmacro.h **** 
 610              		.loc 2 193 1 view .LVU182
 611              		.loc 2 195 2 view .LVU183
 612              		.syntax unified
 613              	@ 195 "Middlewares/Third_Party/FreeRTOS/Source/portable/GCC/ARM_CM4F/portmacro.h" 1
 614 0012 4FF05003 			mov r3, #80												
 615 0016 83F31188 		msr basepri, r3											
 616 001a BFF36F8F 		isb														
 617 001e BFF34F8F 		dsb														
 618              	
 619              	@ 0 "" 2
 620              		.thumb
 621              		.syntax unified
 622              	.L49:
 623              	.LBE113:
 624              	.LBE112:
3933:Middlewares/Third_Party/FreeRTOS/Source/tasks.c **** 				mtCOVERAGE_TEST_MARKER();
 625              		.loc 1 3933 5 view .LVU184
 626 0022 FEE7     		b	.L49
 627              	.L51:
3920:Middlewares/Third_Party/FreeRTOS/Source/tasks.c **** 				vPortFree( pxTCB );
 628              		.loc 1 3920 5 view .LVU185
 629 0024 006B     		ldr	r0, [r0, #48]
 630              	.LVL44:
3920:Middlewares/Third_Party/FreeRTOS/Source/tasks.c **** 				vPortFree( pxTCB );
 631              		.loc 1 3920 5 is_stmt 0 view .LVU186
 632 0026 FFF7FEFF 		bl	vPortFree
 633              	.LVL45:
3921:Middlewares/Third_Party/FreeRTOS/Source/tasks.c **** 			}
 634              		.loc 1 3921 5 is_stmt 1 view .LVU187
 635 002a 2046     		mov	r0, r4
 636 002c FFF7FEFF 		bl	vPortFree
 637              	.LVL46:
 638              	.L45:
3938:Middlewares/Third_Party/FreeRTOS/Source/tasks.c **** 
 639              		.loc 1 3938 2 is_stmt 0 view .LVU188
 640 0030 10BD     		pop	{r4, pc}
 641              	.LVL47:
 642              	.L52:
3927:Middlewares/Third_Party/FreeRTOS/Source/tasks.c **** 			}
 643              		.loc 1 3927 5 is_stmt 1 view .LVU189
 644 0032 FFF7FEFF 		bl	vPortFree
 645              	.LVL48:
3927:Middlewares/Third_Party/FreeRTOS/Source/tasks.c **** 			}
 646              		.loc 1 3927 5 is_stmt 0 view .LVU190
 647 0036 FBE7     		b	.L45
 648              		.cfi_endproc
 649              	.LFE40:
 651              		.section	.text.prvCheckTasksWaitingTermination,"ax",%progbits
 652              		.align	1
 653              		.syntax unified
 654              		.thumb
 655              		.thumb_func
 657              	prvCheckTasksWaitingTermination:
 658              	.LFB39:
ARM GAS  D:\temp\TMP\ccyP8bey.s 			page 88


3640:Middlewares/Third_Party/FreeRTOS/Source/tasks.c **** 
 659              		.loc 1 3640 1 is_stmt 1 view -0
 660              		.cfi_startproc
 661              		@ args = 0, pretend = 0, frame = 0
 662              		@ frame_needed = 0, uses_anonymous_args = 0
 663              	.LBB114:
3646:Middlewares/Third_Party/FreeRTOS/Source/tasks.c **** 
 664              		.loc 1 3646 3 view .LVU192
3650:Middlewares/Third_Party/FreeRTOS/Source/tasks.c **** 		{
 665              		.loc 1 3650 3 view .LVU193
3650:Middlewares/Third_Party/FreeRTOS/Source/tasks.c **** 		{
 666              		.loc 1 3650 39 view .LVU194
 667 0000 0F4B     		ldr	r3, .L60
 668 0002 1B68     		ldr	r3, [r3]
 669 0004 D3B1     		cbz	r3, .L59
 670              	.LBE114:
3640:Middlewares/Third_Party/FreeRTOS/Source/tasks.c **** 
 671              		.loc 1 3640 1 is_stmt 0 view .LVU195
 672 0006 10B5     		push	{r4, lr}
 673              	.LCFI4:
 674              		.cfi_def_cfa_offset 8
 675              		.cfi_offset 4, -8
 676              		.cfi_offset 14, -4
 677              	.L55:
 678              	.LBB115:
3652:Middlewares/Third_Party/FreeRTOS/Source/tasks.c **** 			{
 679              		.loc 1 3652 4 is_stmt 1 view .LVU196
 680 0008 FFF7FEFF 		bl	vPortEnterCritical
 681              	.LVL49:
3654:Middlewares/Third_Party/FreeRTOS/Source/tasks.c **** 				( void ) uxListRemove( &( pxTCB->xStateListItem ) );
 682              		.loc 1 3654 5 view .LVU197
3654:Middlewares/Third_Party/FreeRTOS/Source/tasks.c **** 				( void ) uxListRemove( &( pxTCB->xStateListItem ) );
 683              		.loc 1 3654 13 is_stmt 0 view .LVU198
 684 000c 0D4B     		ldr	r3, .L60+4
 685 000e DB68     		ldr	r3, [r3, #12]
3654:Middlewares/Third_Party/FreeRTOS/Source/tasks.c **** 				( void ) uxListRemove( &( pxTCB->xStateListItem ) );
 686              		.loc 1 3654 11 view .LVU199
 687 0010 DC68     		ldr	r4, [r3, #12]
 688              	.LVL50:
3655:Middlewares/Third_Party/FreeRTOS/Source/tasks.c **** 				--uxCurrentNumberOfTasks;
 689              		.loc 1 3655 5 is_stmt 1 view .LVU200
3655:Middlewares/Third_Party/FreeRTOS/Source/tasks.c **** 				--uxCurrentNumberOfTasks;
 690              		.loc 1 3655 14 is_stmt 0 view .LVU201
 691 0012 201D     		adds	r0, r4, #4
 692 0014 FFF7FEFF 		bl	uxListRemove
 693              	.LVL51:
3656:Middlewares/Third_Party/FreeRTOS/Source/tasks.c **** 				--uxDeletedTasksWaitingCleanUp;
 694              		.loc 1 3656 5 is_stmt 1 view .LVU202
 695 0018 0B4A     		ldr	r2, .L60+8
 696 001a 1368     		ldr	r3, [r2]
 697 001c 013B     		subs	r3, r3, #1
 698 001e 1360     		str	r3, [r2]
3657:Middlewares/Third_Party/FreeRTOS/Source/tasks.c **** 			}
 699              		.loc 1 3657 5 view .LVU203
 700 0020 074A     		ldr	r2, .L60
 701 0022 1368     		ldr	r3, [r2]
 702 0024 013B     		subs	r3, r3, #1
ARM GAS  D:\temp\TMP\ccyP8bey.s 			page 89


 703 0026 1360     		str	r3, [r2]
3659:Middlewares/Third_Party/FreeRTOS/Source/tasks.c **** 
 704              		.loc 1 3659 4 view .LVU204
 705 0028 FFF7FEFF 		bl	vPortExitCritical
 706              	.LVL52:
3661:Middlewares/Third_Party/FreeRTOS/Source/tasks.c **** 		}
 707              		.loc 1 3661 4 view .LVU205
 708 002c 2046     		mov	r0, r4
 709 002e FFF7FEFF 		bl	prvDeleteTCB
 710              	.LVL53:
3650:Middlewares/Third_Party/FreeRTOS/Source/tasks.c **** 		{
 711              		.loc 1 3650 39 view .LVU206
 712 0032 034B     		ldr	r3, .L60
 713 0034 1B68     		ldr	r3, [r3]
 714 0036 002B     		cmp	r3, #0
 715 0038 E6D1     		bne	.L55
 716              	.LBE115:
3665:Middlewares/Third_Party/FreeRTOS/Source/tasks.c **** /*-----------------------------------------------------------*/
 717              		.loc 1 3665 1 is_stmt 0 view .LVU207
 718 003a 10BD     		pop	{r4, pc}
 719              	.LVL54:
 720              	.L59:
 721              	.LCFI5:
 722              		.cfi_def_cfa_offset 0
 723              		.cfi_restore 4
 724              		.cfi_restore 14
3665:Middlewares/Third_Party/FreeRTOS/Source/tasks.c **** /*-----------------------------------------------------------*/
 725              		.loc 1 3665 1 view .LVU208
 726 003c 7047     		bx	lr
 727              	.L61:
 728 003e 00BF     		.align	2
 729              	.L60:
 730 0040 00000000 		.word	uxDeletedTasksWaitingCleanUp
 731 0044 00000000 		.word	xTasksWaitingTermination
 732 0048 00000000 		.word	uxCurrentNumberOfTasks
 733              		.cfi_endproc
 734              	.LFE39:
 736              		.section	.text.prvIdleTask,"ax",%progbits
 737              		.align	1
 738              		.syntax unified
 739              		.thumb
 740              		.thumb_func
 742              	prvIdleTask:
 743              	.LFB37:
3393:Middlewares/Third_Party/FreeRTOS/Source/tasks.c **** 	/* Stop warnings. */
 744              		.loc 1 3393 1 is_stmt 1 view -0
 745              		.cfi_startproc
 746              		@ Volatile: function does not return.
 747              		@ args = 0, pretend = 0, frame = 0
 748              		@ frame_needed = 0, uses_anonymous_args = 0
 749              	.LVL55:
3393:Middlewares/Third_Party/FreeRTOS/Source/tasks.c **** 	/* Stop warnings. */
 750              		.loc 1 3393 1 is_stmt 0 view .LVU210
 751 0000 08B5     		push	{r3, lr}
 752              	.LCFI6:
 753              		.cfi_def_cfa_offset 8
 754              		.cfi_offset 3, -8
ARM GAS  D:\temp\TMP\ccyP8bey.s 			page 90


 755              		.cfi_offset 14, -4
 756              	.LVL56:
 757              	.L63:
3395:Middlewares/Third_Party/FreeRTOS/Source/tasks.c **** 
 758              		.loc 1 3395 2 is_stmt 1 view .LVU211
3403:Middlewares/Third_Party/FreeRTOS/Source/tasks.c **** 
 759              		.loc 1 3403 64 view .LVU212
3405:Middlewares/Third_Party/FreeRTOS/Source/tasks.c **** 	{
 760              		.loc 1 3405 2 view .LVU213
3409:Middlewares/Third_Party/FreeRTOS/Source/tasks.c **** 
 761              		.loc 1 3409 3 view .LVU214
 762 0002 FFF7FEFF 		bl	prvCheckTasksWaitingTermination
 763              	.LVL57:
3432:Middlewares/Third_Party/FreeRTOS/Source/tasks.c **** 			{
 764              		.loc 1 3432 4 view .LVU215
3432:Middlewares/Third_Party/FreeRTOS/Source/tasks.c **** 			{
 765              		.loc 1 3432 8 is_stmt 0 view .LVU216
 766 0006 074B     		ldr	r3, .L66
 767 0008 1B68     		ldr	r3, [r3]
3432:Middlewares/Third_Party/FreeRTOS/Source/tasks.c **** 			{
 768              		.loc 1 3432 6 view .LVU217
 769 000a 012B     		cmp	r3, #1
 770 000c F9D9     		bls	.L63
3434:Middlewares/Third_Party/FreeRTOS/Source/tasks.c **** 			}
 771              		.loc 1 3434 5 is_stmt 1 view .LVU218
 772 000e 4FF0E023 		mov	r3, #-536813568
 773 0012 4FF08052 		mov	r2, #268435456
 774 0016 C3F8042D 		str	r2, [r3, #3332]
3434:Middlewares/Third_Party/FreeRTOS/Source/tasks.c **** 			}
 775              		.loc 1 3434 5 view .LVU219
 776              		.syntax unified
 777              	@ 3434 "Middlewares/Third_Party/FreeRTOS/Source/tasks.c" 1
 778 001a BFF34F8F 		dsb
 779              	@ 0 "" 2
3434:Middlewares/Third_Party/FreeRTOS/Source/tasks.c **** 			}
 780              		.loc 1 3434 5 view .LVU220
 781              	@ 3434 "Middlewares/Third_Party/FreeRTOS/Source/tasks.c" 1
 782 001e BFF36F8F 		isb
 783              	@ 0 "" 2
3434:Middlewares/Third_Party/FreeRTOS/Source/tasks.c **** 			}
 784              		.loc 1 3434 16 view .LVU221
 785              		.thumb
 786              		.syntax unified
 787 0022 EEE7     		b	.L63
 788              	.L67:
 789              		.align	2
 790              	.L66:
 791 0024 00000000 		.word	pxReadyTasksLists
 792              		.cfi_endproc
 793              	.LFE37:
 795              		.section	.text.prvAddCurrentTaskToDelayedList,"ax",%progbits
 796              		.align	1
 797              		.syntax unified
 798              		.thumb
 799              		.thumb_func
 801              	prvAddCurrentTaskToDelayedList:
 802              	.LVL58:
ARM GAS  D:\temp\TMP\ccyP8bey.s 			page 91


 803              	.LFB56:
3965:Middlewares/Third_Party/FreeRTOS/Source/tasks.c **** /*-----------------------------------------------------------*/
3966:Middlewares/Third_Party/FreeRTOS/Source/tasks.c **** 
3967:Middlewares/Third_Party/FreeRTOS/Source/tasks.c **** #if ( ( INCLUDE_xTaskGetCurrentTaskHandle == 1 ) || ( configUSE_MUTEXES == 1 ) )
3968:Middlewares/Third_Party/FreeRTOS/Source/tasks.c **** 
3969:Middlewares/Third_Party/FreeRTOS/Source/tasks.c **** 	TaskHandle_t xTaskGetCurrentTaskHandle( void )
3970:Middlewares/Third_Party/FreeRTOS/Source/tasks.c **** 	{
3971:Middlewares/Third_Party/FreeRTOS/Source/tasks.c **** 	TaskHandle_t xReturn;
3972:Middlewares/Third_Party/FreeRTOS/Source/tasks.c **** 
3973:Middlewares/Third_Party/FreeRTOS/Source/tasks.c **** 		/* A critical section is not required as this is not called from
3974:Middlewares/Third_Party/FreeRTOS/Source/tasks.c **** 		an interrupt and the current TCB will always be the same for any
3975:Middlewares/Third_Party/FreeRTOS/Source/tasks.c **** 		individual execution thread. */
3976:Middlewares/Third_Party/FreeRTOS/Source/tasks.c **** 		xReturn = pxCurrentTCB;
3977:Middlewares/Third_Party/FreeRTOS/Source/tasks.c **** 
3978:Middlewares/Third_Party/FreeRTOS/Source/tasks.c **** 		return xReturn;
3979:Middlewares/Third_Party/FreeRTOS/Source/tasks.c **** 	}
3980:Middlewares/Third_Party/FreeRTOS/Source/tasks.c **** 
3981:Middlewares/Third_Party/FreeRTOS/Source/tasks.c **** #endif /* ( ( INCLUDE_xTaskGetCurrentTaskHandle == 1 ) || ( configUSE_MUTEXES == 1 ) ) */
3982:Middlewares/Third_Party/FreeRTOS/Source/tasks.c **** /*-----------------------------------------------------------*/
3983:Middlewares/Third_Party/FreeRTOS/Source/tasks.c **** 
3984:Middlewares/Third_Party/FreeRTOS/Source/tasks.c **** #if ( ( INCLUDE_xTaskGetSchedulerState == 1 ) || ( configUSE_TIMERS == 1 ) )
3985:Middlewares/Third_Party/FreeRTOS/Source/tasks.c **** 
3986:Middlewares/Third_Party/FreeRTOS/Source/tasks.c **** 	BaseType_t xTaskGetSchedulerState( void )
3987:Middlewares/Third_Party/FreeRTOS/Source/tasks.c **** 	{
3988:Middlewares/Third_Party/FreeRTOS/Source/tasks.c **** 	BaseType_t xReturn;
3989:Middlewares/Third_Party/FreeRTOS/Source/tasks.c **** 
3990:Middlewares/Third_Party/FreeRTOS/Source/tasks.c **** 		if( xSchedulerRunning == pdFALSE )
3991:Middlewares/Third_Party/FreeRTOS/Source/tasks.c **** 		{
3992:Middlewares/Third_Party/FreeRTOS/Source/tasks.c **** 			xReturn = taskSCHEDULER_NOT_STARTED;
3993:Middlewares/Third_Party/FreeRTOS/Source/tasks.c **** 		}
3994:Middlewares/Third_Party/FreeRTOS/Source/tasks.c **** 		else
3995:Middlewares/Third_Party/FreeRTOS/Source/tasks.c **** 		{
3996:Middlewares/Third_Party/FreeRTOS/Source/tasks.c **** 			if( uxSchedulerSuspended == ( UBaseType_t ) pdFALSE )
3997:Middlewares/Third_Party/FreeRTOS/Source/tasks.c **** 			{
3998:Middlewares/Third_Party/FreeRTOS/Source/tasks.c **** 				xReturn = taskSCHEDULER_RUNNING;
3999:Middlewares/Third_Party/FreeRTOS/Source/tasks.c **** 			}
4000:Middlewares/Third_Party/FreeRTOS/Source/tasks.c **** 			else
4001:Middlewares/Third_Party/FreeRTOS/Source/tasks.c **** 			{
4002:Middlewares/Third_Party/FreeRTOS/Source/tasks.c **** 				xReturn = taskSCHEDULER_SUSPENDED;
4003:Middlewares/Third_Party/FreeRTOS/Source/tasks.c **** 			}
4004:Middlewares/Third_Party/FreeRTOS/Source/tasks.c **** 		}
4005:Middlewares/Third_Party/FreeRTOS/Source/tasks.c **** 
4006:Middlewares/Third_Party/FreeRTOS/Source/tasks.c **** 		return xReturn;
4007:Middlewares/Third_Party/FreeRTOS/Source/tasks.c **** 	}
4008:Middlewares/Third_Party/FreeRTOS/Source/tasks.c **** 
4009:Middlewares/Third_Party/FreeRTOS/Source/tasks.c **** #endif /* ( ( INCLUDE_xTaskGetSchedulerState == 1 ) || ( configUSE_TIMERS == 1 ) ) */
4010:Middlewares/Third_Party/FreeRTOS/Source/tasks.c **** /*-----------------------------------------------------------*/
4011:Middlewares/Third_Party/FreeRTOS/Source/tasks.c **** 
4012:Middlewares/Third_Party/FreeRTOS/Source/tasks.c **** #if ( configUSE_MUTEXES == 1 )
4013:Middlewares/Third_Party/FreeRTOS/Source/tasks.c **** 
4014:Middlewares/Third_Party/FreeRTOS/Source/tasks.c **** 	BaseType_t xTaskPriorityInherit( TaskHandle_t const pxMutexHolder )
4015:Middlewares/Third_Party/FreeRTOS/Source/tasks.c **** 	{
4016:Middlewares/Third_Party/FreeRTOS/Source/tasks.c **** 	TCB_t * const pxMutexHolderTCB = pxMutexHolder;
4017:Middlewares/Third_Party/FreeRTOS/Source/tasks.c **** 	BaseType_t xReturn = pdFALSE;
4018:Middlewares/Third_Party/FreeRTOS/Source/tasks.c **** 
4019:Middlewares/Third_Party/FreeRTOS/Source/tasks.c **** 		/* If the mutex was given back by an interrupt while the queue was
4020:Middlewares/Third_Party/FreeRTOS/Source/tasks.c **** 		locked then the mutex holder might now be NULL.  _RB_ Is this still
ARM GAS  D:\temp\TMP\ccyP8bey.s 			page 92


4021:Middlewares/Third_Party/FreeRTOS/Source/tasks.c **** 		needed as interrupts can no longer use mutexes? */
4022:Middlewares/Third_Party/FreeRTOS/Source/tasks.c **** 		if( pxMutexHolder != NULL )
4023:Middlewares/Third_Party/FreeRTOS/Source/tasks.c **** 		{
4024:Middlewares/Third_Party/FreeRTOS/Source/tasks.c **** 			/* If the holder of the mutex has a priority below the priority of
4025:Middlewares/Third_Party/FreeRTOS/Source/tasks.c **** 			the task attempting to obtain the mutex then it will temporarily
4026:Middlewares/Third_Party/FreeRTOS/Source/tasks.c **** 			inherit the priority of the task attempting to obtain the mutex. */
4027:Middlewares/Third_Party/FreeRTOS/Source/tasks.c **** 			if( pxMutexHolderTCB->uxPriority < pxCurrentTCB->uxPriority )
4028:Middlewares/Third_Party/FreeRTOS/Source/tasks.c **** 			{
4029:Middlewares/Third_Party/FreeRTOS/Source/tasks.c **** 				/* Adjust the mutex holder state to account for its new
4030:Middlewares/Third_Party/FreeRTOS/Source/tasks.c **** 				priority.  Only reset the event list item value if the value is
4031:Middlewares/Third_Party/FreeRTOS/Source/tasks.c **** 				not being used for anything else. */
4032:Middlewares/Third_Party/FreeRTOS/Source/tasks.c **** 				if( ( listGET_LIST_ITEM_VALUE( &( pxMutexHolderTCB->xEventListItem ) ) & taskEVENT_LIST_ITEM_VA
4033:Middlewares/Third_Party/FreeRTOS/Source/tasks.c **** 				{
4034:Middlewares/Third_Party/FreeRTOS/Source/tasks.c **** 					listSET_LIST_ITEM_VALUE( &( pxMutexHolderTCB->xEventListItem ), ( TickType_t ) configMAX_PRIOR
4035:Middlewares/Third_Party/FreeRTOS/Source/tasks.c **** 				}
4036:Middlewares/Third_Party/FreeRTOS/Source/tasks.c **** 				else
4037:Middlewares/Third_Party/FreeRTOS/Source/tasks.c **** 				{
4038:Middlewares/Third_Party/FreeRTOS/Source/tasks.c **** 					mtCOVERAGE_TEST_MARKER();
4039:Middlewares/Third_Party/FreeRTOS/Source/tasks.c **** 				}
4040:Middlewares/Third_Party/FreeRTOS/Source/tasks.c **** 
4041:Middlewares/Third_Party/FreeRTOS/Source/tasks.c **** 				/* If the task being modified is in the ready state it will need
4042:Middlewares/Third_Party/FreeRTOS/Source/tasks.c **** 				to be moved into a new list. */
4043:Middlewares/Third_Party/FreeRTOS/Source/tasks.c **** 				if( listIS_CONTAINED_WITHIN( &( pxReadyTasksLists[ pxMutexHolderTCB->uxPriority ] ), &( pxMutex
4044:Middlewares/Third_Party/FreeRTOS/Source/tasks.c **** 				{
4045:Middlewares/Third_Party/FreeRTOS/Source/tasks.c **** 					if( uxListRemove( &( pxMutexHolderTCB->xStateListItem ) ) == ( UBaseType_t ) 0 )
4046:Middlewares/Third_Party/FreeRTOS/Source/tasks.c **** 					{
4047:Middlewares/Third_Party/FreeRTOS/Source/tasks.c **** 						/* It is known that the task is in its ready list so
4048:Middlewares/Third_Party/FreeRTOS/Source/tasks.c **** 						there is no need to check again and the port level
4049:Middlewares/Third_Party/FreeRTOS/Source/tasks.c **** 						reset macro can be called directly. */
4050:Middlewares/Third_Party/FreeRTOS/Source/tasks.c **** 						portRESET_READY_PRIORITY( pxMutexHolderTCB->uxPriority, uxTopReadyPriority );
4051:Middlewares/Third_Party/FreeRTOS/Source/tasks.c **** 					}
4052:Middlewares/Third_Party/FreeRTOS/Source/tasks.c **** 					else
4053:Middlewares/Third_Party/FreeRTOS/Source/tasks.c **** 					{
4054:Middlewares/Third_Party/FreeRTOS/Source/tasks.c **** 						mtCOVERAGE_TEST_MARKER();
4055:Middlewares/Third_Party/FreeRTOS/Source/tasks.c **** 					}
4056:Middlewares/Third_Party/FreeRTOS/Source/tasks.c **** 
4057:Middlewares/Third_Party/FreeRTOS/Source/tasks.c **** 					/* Inherit the priority before being moved into the new list. */
4058:Middlewares/Third_Party/FreeRTOS/Source/tasks.c **** 					pxMutexHolderTCB->uxPriority = pxCurrentTCB->uxPriority;
4059:Middlewares/Third_Party/FreeRTOS/Source/tasks.c **** 					prvAddTaskToReadyList( pxMutexHolderTCB );
4060:Middlewares/Third_Party/FreeRTOS/Source/tasks.c **** 				}
4061:Middlewares/Third_Party/FreeRTOS/Source/tasks.c **** 				else
4062:Middlewares/Third_Party/FreeRTOS/Source/tasks.c **** 				{
4063:Middlewares/Third_Party/FreeRTOS/Source/tasks.c **** 					/* Just inherit the priority. */
4064:Middlewares/Third_Party/FreeRTOS/Source/tasks.c **** 					pxMutexHolderTCB->uxPriority = pxCurrentTCB->uxPriority;
4065:Middlewares/Third_Party/FreeRTOS/Source/tasks.c **** 				}
4066:Middlewares/Third_Party/FreeRTOS/Source/tasks.c **** 
4067:Middlewares/Third_Party/FreeRTOS/Source/tasks.c **** 				traceTASK_PRIORITY_INHERIT( pxMutexHolderTCB, pxCurrentTCB->uxPriority );
4068:Middlewares/Third_Party/FreeRTOS/Source/tasks.c **** 
4069:Middlewares/Third_Party/FreeRTOS/Source/tasks.c **** 				/* Inheritance occurred. */
4070:Middlewares/Third_Party/FreeRTOS/Source/tasks.c **** 				xReturn = pdTRUE;
4071:Middlewares/Third_Party/FreeRTOS/Source/tasks.c **** 			}
4072:Middlewares/Third_Party/FreeRTOS/Source/tasks.c **** 			else
4073:Middlewares/Third_Party/FreeRTOS/Source/tasks.c **** 			{
4074:Middlewares/Third_Party/FreeRTOS/Source/tasks.c **** 				if( pxMutexHolderTCB->uxBasePriority < pxCurrentTCB->uxPriority )
4075:Middlewares/Third_Party/FreeRTOS/Source/tasks.c **** 				{
4076:Middlewares/Third_Party/FreeRTOS/Source/tasks.c **** 					/* The base priority of the mutex holder is lower than the
4077:Middlewares/Third_Party/FreeRTOS/Source/tasks.c **** 					priority of the task attempting to take the mutex, but the
ARM GAS  D:\temp\TMP\ccyP8bey.s 			page 93


4078:Middlewares/Third_Party/FreeRTOS/Source/tasks.c **** 					current priority of the mutex holder is not lower than the
4079:Middlewares/Third_Party/FreeRTOS/Source/tasks.c **** 					priority of the task attempting to take the mutex.
4080:Middlewares/Third_Party/FreeRTOS/Source/tasks.c **** 					Therefore the mutex holder must have already inherited a
4081:Middlewares/Third_Party/FreeRTOS/Source/tasks.c **** 					priority, but inheritance would have occurred if that had
4082:Middlewares/Third_Party/FreeRTOS/Source/tasks.c **** 					not been the case. */
4083:Middlewares/Third_Party/FreeRTOS/Source/tasks.c **** 					xReturn = pdTRUE;
4084:Middlewares/Third_Party/FreeRTOS/Source/tasks.c **** 				}
4085:Middlewares/Third_Party/FreeRTOS/Source/tasks.c **** 				else
4086:Middlewares/Third_Party/FreeRTOS/Source/tasks.c **** 				{
4087:Middlewares/Third_Party/FreeRTOS/Source/tasks.c **** 					mtCOVERAGE_TEST_MARKER();
4088:Middlewares/Third_Party/FreeRTOS/Source/tasks.c **** 				}
4089:Middlewares/Third_Party/FreeRTOS/Source/tasks.c **** 			}
4090:Middlewares/Third_Party/FreeRTOS/Source/tasks.c **** 		}
4091:Middlewares/Third_Party/FreeRTOS/Source/tasks.c **** 		else
4092:Middlewares/Third_Party/FreeRTOS/Source/tasks.c **** 		{
4093:Middlewares/Third_Party/FreeRTOS/Source/tasks.c **** 			mtCOVERAGE_TEST_MARKER();
4094:Middlewares/Third_Party/FreeRTOS/Source/tasks.c **** 		}
4095:Middlewares/Third_Party/FreeRTOS/Source/tasks.c **** 
4096:Middlewares/Third_Party/FreeRTOS/Source/tasks.c **** 		return xReturn;
4097:Middlewares/Third_Party/FreeRTOS/Source/tasks.c **** 	}
4098:Middlewares/Third_Party/FreeRTOS/Source/tasks.c **** 
4099:Middlewares/Third_Party/FreeRTOS/Source/tasks.c **** #endif /* configUSE_MUTEXES */
4100:Middlewares/Third_Party/FreeRTOS/Source/tasks.c **** /*-----------------------------------------------------------*/
4101:Middlewares/Third_Party/FreeRTOS/Source/tasks.c **** 
4102:Middlewares/Third_Party/FreeRTOS/Source/tasks.c **** #if ( configUSE_MUTEXES == 1 )
4103:Middlewares/Third_Party/FreeRTOS/Source/tasks.c **** 
4104:Middlewares/Third_Party/FreeRTOS/Source/tasks.c **** 	BaseType_t xTaskPriorityDisinherit( TaskHandle_t const pxMutexHolder )
4105:Middlewares/Third_Party/FreeRTOS/Source/tasks.c **** 	{
4106:Middlewares/Third_Party/FreeRTOS/Source/tasks.c **** 	TCB_t * const pxTCB = pxMutexHolder;
4107:Middlewares/Third_Party/FreeRTOS/Source/tasks.c **** 	BaseType_t xReturn = pdFALSE;
4108:Middlewares/Third_Party/FreeRTOS/Source/tasks.c **** 
4109:Middlewares/Third_Party/FreeRTOS/Source/tasks.c **** 		if( pxMutexHolder != NULL )
4110:Middlewares/Third_Party/FreeRTOS/Source/tasks.c **** 		{
4111:Middlewares/Third_Party/FreeRTOS/Source/tasks.c **** 			/* A task can only have an inherited priority if it holds the mutex.
4112:Middlewares/Third_Party/FreeRTOS/Source/tasks.c **** 			If the mutex is held by a task then it cannot be given from an
4113:Middlewares/Third_Party/FreeRTOS/Source/tasks.c **** 			interrupt, and if a mutex is given by the holding task then it must
4114:Middlewares/Third_Party/FreeRTOS/Source/tasks.c **** 			be the running state task. */
4115:Middlewares/Third_Party/FreeRTOS/Source/tasks.c **** 			configASSERT( pxTCB == pxCurrentTCB );
4116:Middlewares/Third_Party/FreeRTOS/Source/tasks.c **** 			configASSERT( pxTCB->uxMutexesHeld );
4117:Middlewares/Third_Party/FreeRTOS/Source/tasks.c **** 			( pxTCB->uxMutexesHeld )--;
4118:Middlewares/Third_Party/FreeRTOS/Source/tasks.c **** 
4119:Middlewares/Third_Party/FreeRTOS/Source/tasks.c **** 			/* Has the holder of the mutex inherited the priority of another
4120:Middlewares/Third_Party/FreeRTOS/Source/tasks.c **** 			task? */
4121:Middlewares/Third_Party/FreeRTOS/Source/tasks.c **** 			if( pxTCB->uxPriority != pxTCB->uxBasePriority )
4122:Middlewares/Third_Party/FreeRTOS/Source/tasks.c **** 			{
4123:Middlewares/Third_Party/FreeRTOS/Source/tasks.c **** 				/* Only disinherit if no other mutexes are held. */
4124:Middlewares/Third_Party/FreeRTOS/Source/tasks.c **** 				if( pxTCB->uxMutexesHeld == ( UBaseType_t ) 0 )
4125:Middlewares/Third_Party/FreeRTOS/Source/tasks.c **** 				{
4126:Middlewares/Third_Party/FreeRTOS/Source/tasks.c **** 					/* A task can only have an inherited priority if it holds
4127:Middlewares/Third_Party/FreeRTOS/Source/tasks.c **** 					the mutex.  If the mutex is held by a task then it cannot be
4128:Middlewares/Third_Party/FreeRTOS/Source/tasks.c **** 					given from an interrupt, and if a mutex is given by the
4129:Middlewares/Third_Party/FreeRTOS/Source/tasks.c **** 					holding task then it must be the running state task.  Remove
4130:Middlewares/Third_Party/FreeRTOS/Source/tasks.c **** 					the holding task from the ready/delayed list. */
4131:Middlewares/Third_Party/FreeRTOS/Source/tasks.c **** 					if( uxListRemove( &( pxTCB->xStateListItem ) ) == ( UBaseType_t ) 0 )
4132:Middlewares/Third_Party/FreeRTOS/Source/tasks.c **** 					{
4133:Middlewares/Third_Party/FreeRTOS/Source/tasks.c **** 						taskRESET_READY_PRIORITY( pxTCB->uxPriority );
4134:Middlewares/Third_Party/FreeRTOS/Source/tasks.c **** 					}
ARM GAS  D:\temp\TMP\ccyP8bey.s 			page 94


4135:Middlewares/Third_Party/FreeRTOS/Source/tasks.c **** 					else
4136:Middlewares/Third_Party/FreeRTOS/Source/tasks.c **** 					{
4137:Middlewares/Third_Party/FreeRTOS/Source/tasks.c **** 						mtCOVERAGE_TEST_MARKER();
4138:Middlewares/Third_Party/FreeRTOS/Source/tasks.c **** 					}
4139:Middlewares/Third_Party/FreeRTOS/Source/tasks.c **** 
4140:Middlewares/Third_Party/FreeRTOS/Source/tasks.c **** 					/* Disinherit the priority before adding the task into the
4141:Middlewares/Third_Party/FreeRTOS/Source/tasks.c **** 					new	ready list. */
4142:Middlewares/Third_Party/FreeRTOS/Source/tasks.c **** 					traceTASK_PRIORITY_DISINHERIT( pxTCB, pxTCB->uxBasePriority );
4143:Middlewares/Third_Party/FreeRTOS/Source/tasks.c **** 					pxTCB->uxPriority = pxTCB->uxBasePriority;
4144:Middlewares/Third_Party/FreeRTOS/Source/tasks.c **** 
4145:Middlewares/Third_Party/FreeRTOS/Source/tasks.c **** 					/* Reset the event list item value.  It cannot be in use for
4146:Middlewares/Third_Party/FreeRTOS/Source/tasks.c **** 					any other purpose if this task is running, and it must be
4147:Middlewares/Third_Party/FreeRTOS/Source/tasks.c **** 					running to give back the mutex. */
4148:Middlewares/Third_Party/FreeRTOS/Source/tasks.c **** 					listSET_LIST_ITEM_VALUE( &( pxTCB->xEventListItem ), ( TickType_t ) configMAX_PRIORITIES - ( T
4149:Middlewares/Third_Party/FreeRTOS/Source/tasks.c **** 					prvAddTaskToReadyList( pxTCB );
4150:Middlewares/Third_Party/FreeRTOS/Source/tasks.c **** 
4151:Middlewares/Third_Party/FreeRTOS/Source/tasks.c **** 					/* Return true to indicate that a context switch is required.
4152:Middlewares/Third_Party/FreeRTOS/Source/tasks.c **** 					This is only actually required in the corner case whereby
4153:Middlewares/Third_Party/FreeRTOS/Source/tasks.c **** 					multiple mutexes were held and the mutexes were given back
4154:Middlewares/Third_Party/FreeRTOS/Source/tasks.c **** 					in an order different to that in which they were taken.
4155:Middlewares/Third_Party/FreeRTOS/Source/tasks.c **** 					If a context switch did not occur when the first mutex was
4156:Middlewares/Third_Party/FreeRTOS/Source/tasks.c **** 					returned, even if a task was waiting on it, then a context
4157:Middlewares/Third_Party/FreeRTOS/Source/tasks.c **** 					switch should occur when the last mutex is returned whether
4158:Middlewares/Third_Party/FreeRTOS/Source/tasks.c **** 					a task is waiting on it or not. */
4159:Middlewares/Third_Party/FreeRTOS/Source/tasks.c **** 					xReturn = pdTRUE;
4160:Middlewares/Third_Party/FreeRTOS/Source/tasks.c **** 				}
4161:Middlewares/Third_Party/FreeRTOS/Source/tasks.c **** 				else
4162:Middlewares/Third_Party/FreeRTOS/Source/tasks.c **** 				{
4163:Middlewares/Third_Party/FreeRTOS/Source/tasks.c **** 					mtCOVERAGE_TEST_MARKER();
4164:Middlewares/Third_Party/FreeRTOS/Source/tasks.c **** 				}
4165:Middlewares/Third_Party/FreeRTOS/Source/tasks.c **** 			}
4166:Middlewares/Third_Party/FreeRTOS/Source/tasks.c **** 			else
4167:Middlewares/Third_Party/FreeRTOS/Source/tasks.c **** 			{
4168:Middlewares/Third_Party/FreeRTOS/Source/tasks.c **** 				mtCOVERAGE_TEST_MARKER();
4169:Middlewares/Third_Party/FreeRTOS/Source/tasks.c **** 			}
4170:Middlewares/Third_Party/FreeRTOS/Source/tasks.c **** 		}
4171:Middlewares/Third_Party/FreeRTOS/Source/tasks.c **** 		else
4172:Middlewares/Third_Party/FreeRTOS/Source/tasks.c **** 		{
4173:Middlewares/Third_Party/FreeRTOS/Source/tasks.c **** 			mtCOVERAGE_TEST_MARKER();
4174:Middlewares/Third_Party/FreeRTOS/Source/tasks.c **** 		}
4175:Middlewares/Third_Party/FreeRTOS/Source/tasks.c **** 
4176:Middlewares/Third_Party/FreeRTOS/Source/tasks.c **** 		return xReturn;
4177:Middlewares/Third_Party/FreeRTOS/Source/tasks.c **** 	}
4178:Middlewares/Third_Party/FreeRTOS/Source/tasks.c **** 
4179:Middlewares/Third_Party/FreeRTOS/Source/tasks.c **** #endif /* configUSE_MUTEXES */
4180:Middlewares/Third_Party/FreeRTOS/Source/tasks.c **** /*-----------------------------------------------------------*/
4181:Middlewares/Third_Party/FreeRTOS/Source/tasks.c **** 
4182:Middlewares/Third_Party/FreeRTOS/Source/tasks.c **** #if ( configUSE_MUTEXES == 1 )
4183:Middlewares/Third_Party/FreeRTOS/Source/tasks.c **** 
4184:Middlewares/Third_Party/FreeRTOS/Source/tasks.c **** 	void vTaskPriorityDisinheritAfterTimeout( TaskHandle_t const pxMutexHolder, UBaseType_t uxHighestP
4185:Middlewares/Third_Party/FreeRTOS/Source/tasks.c **** 	{
4186:Middlewares/Third_Party/FreeRTOS/Source/tasks.c **** 	TCB_t * const pxTCB = pxMutexHolder;
4187:Middlewares/Third_Party/FreeRTOS/Source/tasks.c **** 	UBaseType_t uxPriorityUsedOnEntry, uxPriorityToUse;
4188:Middlewares/Third_Party/FreeRTOS/Source/tasks.c **** 	const UBaseType_t uxOnlyOneMutexHeld = ( UBaseType_t ) 1;
4189:Middlewares/Third_Party/FreeRTOS/Source/tasks.c **** 
4190:Middlewares/Third_Party/FreeRTOS/Source/tasks.c **** 		if( pxMutexHolder != NULL )
4191:Middlewares/Third_Party/FreeRTOS/Source/tasks.c **** 		{
ARM GAS  D:\temp\TMP\ccyP8bey.s 			page 95


4192:Middlewares/Third_Party/FreeRTOS/Source/tasks.c **** 			/* If pxMutexHolder is not NULL then the holder must hold at least
4193:Middlewares/Third_Party/FreeRTOS/Source/tasks.c **** 			one mutex. */
4194:Middlewares/Third_Party/FreeRTOS/Source/tasks.c **** 			configASSERT( pxTCB->uxMutexesHeld );
4195:Middlewares/Third_Party/FreeRTOS/Source/tasks.c **** 
4196:Middlewares/Third_Party/FreeRTOS/Source/tasks.c **** 			/* Determine the priority to which the priority of the task that
4197:Middlewares/Third_Party/FreeRTOS/Source/tasks.c **** 			holds the mutex should be set.  This will be the greater of the
4198:Middlewares/Third_Party/FreeRTOS/Source/tasks.c **** 			holding task's base priority and the priority of the highest
4199:Middlewares/Third_Party/FreeRTOS/Source/tasks.c **** 			priority task that is waiting to obtain the mutex. */
4200:Middlewares/Third_Party/FreeRTOS/Source/tasks.c **** 			if( pxTCB->uxBasePriority < uxHighestPriorityWaitingTask )
4201:Middlewares/Third_Party/FreeRTOS/Source/tasks.c **** 			{
4202:Middlewares/Third_Party/FreeRTOS/Source/tasks.c **** 				uxPriorityToUse = uxHighestPriorityWaitingTask;
4203:Middlewares/Third_Party/FreeRTOS/Source/tasks.c **** 			}
4204:Middlewares/Third_Party/FreeRTOS/Source/tasks.c **** 			else
4205:Middlewares/Third_Party/FreeRTOS/Source/tasks.c **** 			{
4206:Middlewares/Third_Party/FreeRTOS/Source/tasks.c **** 				uxPriorityToUse = pxTCB->uxBasePriority;
4207:Middlewares/Third_Party/FreeRTOS/Source/tasks.c **** 			}
4208:Middlewares/Third_Party/FreeRTOS/Source/tasks.c **** 
4209:Middlewares/Third_Party/FreeRTOS/Source/tasks.c **** 			/* Does the priority need to change? */
4210:Middlewares/Third_Party/FreeRTOS/Source/tasks.c **** 			if( pxTCB->uxPriority != uxPriorityToUse )
4211:Middlewares/Third_Party/FreeRTOS/Source/tasks.c **** 			{
4212:Middlewares/Third_Party/FreeRTOS/Source/tasks.c **** 				/* Only disinherit if no other mutexes are held.  This is a
4213:Middlewares/Third_Party/FreeRTOS/Source/tasks.c **** 				simplification in the priority inheritance implementation.  If
4214:Middlewares/Third_Party/FreeRTOS/Source/tasks.c **** 				the task that holds the mutex is also holding other mutexes then
4215:Middlewares/Third_Party/FreeRTOS/Source/tasks.c **** 				the other mutexes may have caused the priority inheritance. */
4216:Middlewares/Third_Party/FreeRTOS/Source/tasks.c **** 				if( pxTCB->uxMutexesHeld == uxOnlyOneMutexHeld )
4217:Middlewares/Third_Party/FreeRTOS/Source/tasks.c **** 				{
4218:Middlewares/Third_Party/FreeRTOS/Source/tasks.c **** 					/* If a task has timed out because it already holds the
4219:Middlewares/Third_Party/FreeRTOS/Source/tasks.c **** 					mutex it was trying to obtain then it cannot of inherited
4220:Middlewares/Third_Party/FreeRTOS/Source/tasks.c **** 					its own priority. */
4221:Middlewares/Third_Party/FreeRTOS/Source/tasks.c **** 					configASSERT( pxTCB != pxCurrentTCB );
4222:Middlewares/Third_Party/FreeRTOS/Source/tasks.c **** 
4223:Middlewares/Third_Party/FreeRTOS/Source/tasks.c **** 					/* Disinherit the priority, remembering the previous
4224:Middlewares/Third_Party/FreeRTOS/Source/tasks.c **** 					priority to facilitate determining the subject task's
4225:Middlewares/Third_Party/FreeRTOS/Source/tasks.c **** 					state. */
4226:Middlewares/Third_Party/FreeRTOS/Source/tasks.c **** 					traceTASK_PRIORITY_DISINHERIT( pxTCB, pxTCB->uxBasePriority );
4227:Middlewares/Third_Party/FreeRTOS/Source/tasks.c **** 					uxPriorityUsedOnEntry = pxTCB->uxPriority;
4228:Middlewares/Third_Party/FreeRTOS/Source/tasks.c **** 					pxTCB->uxPriority = uxPriorityToUse;
4229:Middlewares/Third_Party/FreeRTOS/Source/tasks.c **** 
4230:Middlewares/Third_Party/FreeRTOS/Source/tasks.c **** 					/* Only reset the event list item value if the value is not
4231:Middlewares/Third_Party/FreeRTOS/Source/tasks.c **** 					being used for anything else. */
4232:Middlewares/Third_Party/FreeRTOS/Source/tasks.c **** 					if( ( listGET_LIST_ITEM_VALUE( &( pxTCB->xEventListItem ) ) & taskEVENT_LIST_ITEM_VALUE_IN_USE
4233:Middlewares/Third_Party/FreeRTOS/Source/tasks.c **** 					{
4234:Middlewares/Third_Party/FreeRTOS/Source/tasks.c **** 						listSET_LIST_ITEM_VALUE( &( pxTCB->xEventListItem ), ( TickType_t ) configMAX_PRIORITIES - ( 
4235:Middlewares/Third_Party/FreeRTOS/Source/tasks.c **** 					}
4236:Middlewares/Third_Party/FreeRTOS/Source/tasks.c **** 					else
4237:Middlewares/Third_Party/FreeRTOS/Source/tasks.c **** 					{
4238:Middlewares/Third_Party/FreeRTOS/Source/tasks.c **** 						mtCOVERAGE_TEST_MARKER();
4239:Middlewares/Third_Party/FreeRTOS/Source/tasks.c **** 					}
4240:Middlewares/Third_Party/FreeRTOS/Source/tasks.c **** 
4241:Middlewares/Third_Party/FreeRTOS/Source/tasks.c **** 					/* If the running task is not the task that holds the mutex
4242:Middlewares/Third_Party/FreeRTOS/Source/tasks.c **** 					then the task that holds the mutex could be in either the
4243:Middlewares/Third_Party/FreeRTOS/Source/tasks.c **** 					Ready, Blocked or Suspended states.  Only remove the task
4244:Middlewares/Third_Party/FreeRTOS/Source/tasks.c **** 					from its current state list if it is in the Ready state as
4245:Middlewares/Third_Party/FreeRTOS/Source/tasks.c **** 					the task's priority is going to change and there is one
4246:Middlewares/Third_Party/FreeRTOS/Source/tasks.c **** 					Ready list per priority. */
4247:Middlewares/Third_Party/FreeRTOS/Source/tasks.c **** 					if( listIS_CONTAINED_WITHIN( &( pxReadyTasksLists[ uxPriorityUsedOnEntry ] ), &( pxTCB->xState
4248:Middlewares/Third_Party/FreeRTOS/Source/tasks.c **** 					{
ARM GAS  D:\temp\TMP\ccyP8bey.s 			page 96


4249:Middlewares/Third_Party/FreeRTOS/Source/tasks.c **** 						if( uxListRemove( &( pxTCB->xStateListItem ) ) == ( UBaseType_t ) 0 )
4250:Middlewares/Third_Party/FreeRTOS/Source/tasks.c **** 						{
4251:Middlewares/Third_Party/FreeRTOS/Source/tasks.c **** 							/* It is known that the task is in its ready list so
4252:Middlewares/Third_Party/FreeRTOS/Source/tasks.c **** 							there is no need to check again and the port level
4253:Middlewares/Third_Party/FreeRTOS/Source/tasks.c **** 							reset macro can be called directly. */
4254:Middlewares/Third_Party/FreeRTOS/Source/tasks.c **** 							portRESET_READY_PRIORITY( pxTCB->uxPriority, uxTopReadyPriority );
4255:Middlewares/Third_Party/FreeRTOS/Source/tasks.c **** 						}
4256:Middlewares/Third_Party/FreeRTOS/Source/tasks.c **** 						else
4257:Middlewares/Third_Party/FreeRTOS/Source/tasks.c **** 						{
4258:Middlewares/Third_Party/FreeRTOS/Source/tasks.c **** 							mtCOVERAGE_TEST_MARKER();
4259:Middlewares/Third_Party/FreeRTOS/Source/tasks.c **** 						}
4260:Middlewares/Third_Party/FreeRTOS/Source/tasks.c **** 
4261:Middlewares/Third_Party/FreeRTOS/Source/tasks.c **** 						prvAddTaskToReadyList( pxTCB );
4262:Middlewares/Third_Party/FreeRTOS/Source/tasks.c **** 					}
4263:Middlewares/Third_Party/FreeRTOS/Source/tasks.c **** 					else
4264:Middlewares/Third_Party/FreeRTOS/Source/tasks.c **** 					{
4265:Middlewares/Third_Party/FreeRTOS/Source/tasks.c **** 						mtCOVERAGE_TEST_MARKER();
4266:Middlewares/Third_Party/FreeRTOS/Source/tasks.c **** 					}
4267:Middlewares/Third_Party/FreeRTOS/Source/tasks.c **** 				}
4268:Middlewares/Third_Party/FreeRTOS/Source/tasks.c **** 				else
4269:Middlewares/Third_Party/FreeRTOS/Source/tasks.c **** 				{
4270:Middlewares/Third_Party/FreeRTOS/Source/tasks.c **** 					mtCOVERAGE_TEST_MARKER();
4271:Middlewares/Third_Party/FreeRTOS/Source/tasks.c **** 				}
4272:Middlewares/Third_Party/FreeRTOS/Source/tasks.c **** 			}
4273:Middlewares/Third_Party/FreeRTOS/Source/tasks.c **** 			else
4274:Middlewares/Third_Party/FreeRTOS/Source/tasks.c **** 			{
4275:Middlewares/Third_Party/FreeRTOS/Source/tasks.c **** 				mtCOVERAGE_TEST_MARKER();
4276:Middlewares/Third_Party/FreeRTOS/Source/tasks.c **** 			}
4277:Middlewares/Third_Party/FreeRTOS/Source/tasks.c **** 		}
4278:Middlewares/Third_Party/FreeRTOS/Source/tasks.c **** 		else
4279:Middlewares/Third_Party/FreeRTOS/Source/tasks.c **** 		{
4280:Middlewares/Third_Party/FreeRTOS/Source/tasks.c **** 			mtCOVERAGE_TEST_MARKER();
4281:Middlewares/Third_Party/FreeRTOS/Source/tasks.c **** 		}
4282:Middlewares/Third_Party/FreeRTOS/Source/tasks.c **** 	}
4283:Middlewares/Third_Party/FreeRTOS/Source/tasks.c **** 
4284:Middlewares/Third_Party/FreeRTOS/Source/tasks.c **** #endif /* configUSE_MUTEXES */
4285:Middlewares/Third_Party/FreeRTOS/Source/tasks.c **** /*-----------------------------------------------------------*/
4286:Middlewares/Third_Party/FreeRTOS/Source/tasks.c **** 
4287:Middlewares/Third_Party/FreeRTOS/Source/tasks.c **** #if ( portCRITICAL_NESTING_IN_TCB == 1 )
4288:Middlewares/Third_Party/FreeRTOS/Source/tasks.c **** 
4289:Middlewares/Third_Party/FreeRTOS/Source/tasks.c **** 	void vTaskEnterCritical( void )
4290:Middlewares/Third_Party/FreeRTOS/Source/tasks.c **** 	{
4291:Middlewares/Third_Party/FreeRTOS/Source/tasks.c **** 		portDISABLE_INTERRUPTS();
4292:Middlewares/Third_Party/FreeRTOS/Source/tasks.c **** 
4293:Middlewares/Third_Party/FreeRTOS/Source/tasks.c **** 		if( xSchedulerRunning != pdFALSE )
4294:Middlewares/Third_Party/FreeRTOS/Source/tasks.c **** 		{
4295:Middlewares/Third_Party/FreeRTOS/Source/tasks.c **** 			( pxCurrentTCB->uxCriticalNesting )++;
4296:Middlewares/Third_Party/FreeRTOS/Source/tasks.c **** 
4297:Middlewares/Third_Party/FreeRTOS/Source/tasks.c **** 			/* This is not the interrupt safe version of the enter critical
4298:Middlewares/Third_Party/FreeRTOS/Source/tasks.c **** 			function so	assert() if it is being called from an interrupt
4299:Middlewares/Third_Party/FreeRTOS/Source/tasks.c **** 			context.  Only API functions that end in "FromISR" can be used in an
4300:Middlewares/Third_Party/FreeRTOS/Source/tasks.c **** 			interrupt.  Only assert if the critical nesting count is 1 to
4301:Middlewares/Third_Party/FreeRTOS/Source/tasks.c **** 			protect against recursive calls if the assert function also uses a
4302:Middlewares/Third_Party/FreeRTOS/Source/tasks.c **** 			critical section. */
4303:Middlewares/Third_Party/FreeRTOS/Source/tasks.c **** 			if( pxCurrentTCB->uxCriticalNesting == 1 )
4304:Middlewares/Third_Party/FreeRTOS/Source/tasks.c **** 			{
4305:Middlewares/Third_Party/FreeRTOS/Source/tasks.c **** 				portASSERT_IF_IN_ISR();
ARM GAS  D:\temp\TMP\ccyP8bey.s 			page 97


4306:Middlewares/Third_Party/FreeRTOS/Source/tasks.c **** 			}
4307:Middlewares/Third_Party/FreeRTOS/Source/tasks.c **** 		}
4308:Middlewares/Third_Party/FreeRTOS/Source/tasks.c **** 		else
4309:Middlewares/Third_Party/FreeRTOS/Source/tasks.c **** 		{
4310:Middlewares/Third_Party/FreeRTOS/Source/tasks.c **** 			mtCOVERAGE_TEST_MARKER();
4311:Middlewares/Third_Party/FreeRTOS/Source/tasks.c **** 		}
4312:Middlewares/Third_Party/FreeRTOS/Source/tasks.c **** 	}
4313:Middlewares/Third_Party/FreeRTOS/Source/tasks.c **** 
4314:Middlewares/Third_Party/FreeRTOS/Source/tasks.c **** #endif /* portCRITICAL_NESTING_IN_TCB */
4315:Middlewares/Third_Party/FreeRTOS/Source/tasks.c **** /*-----------------------------------------------------------*/
4316:Middlewares/Third_Party/FreeRTOS/Source/tasks.c **** 
4317:Middlewares/Third_Party/FreeRTOS/Source/tasks.c **** #if ( portCRITICAL_NESTING_IN_TCB == 1 )
4318:Middlewares/Third_Party/FreeRTOS/Source/tasks.c **** 
4319:Middlewares/Third_Party/FreeRTOS/Source/tasks.c **** 	void vTaskExitCritical( void )
4320:Middlewares/Third_Party/FreeRTOS/Source/tasks.c **** 	{
4321:Middlewares/Third_Party/FreeRTOS/Source/tasks.c **** 		if( xSchedulerRunning != pdFALSE )
4322:Middlewares/Third_Party/FreeRTOS/Source/tasks.c **** 		{
4323:Middlewares/Third_Party/FreeRTOS/Source/tasks.c **** 			if( pxCurrentTCB->uxCriticalNesting > 0U )
4324:Middlewares/Third_Party/FreeRTOS/Source/tasks.c **** 			{
4325:Middlewares/Third_Party/FreeRTOS/Source/tasks.c **** 				( pxCurrentTCB->uxCriticalNesting )--;
4326:Middlewares/Third_Party/FreeRTOS/Source/tasks.c **** 
4327:Middlewares/Third_Party/FreeRTOS/Source/tasks.c **** 				if( pxCurrentTCB->uxCriticalNesting == 0U )
4328:Middlewares/Third_Party/FreeRTOS/Source/tasks.c **** 				{
4329:Middlewares/Third_Party/FreeRTOS/Source/tasks.c **** 					portENABLE_INTERRUPTS();
4330:Middlewares/Third_Party/FreeRTOS/Source/tasks.c **** 				}
4331:Middlewares/Third_Party/FreeRTOS/Source/tasks.c **** 				else
4332:Middlewares/Third_Party/FreeRTOS/Source/tasks.c **** 				{
4333:Middlewares/Third_Party/FreeRTOS/Source/tasks.c **** 					mtCOVERAGE_TEST_MARKER();
4334:Middlewares/Third_Party/FreeRTOS/Source/tasks.c **** 				}
4335:Middlewares/Third_Party/FreeRTOS/Source/tasks.c **** 			}
4336:Middlewares/Third_Party/FreeRTOS/Source/tasks.c **** 			else
4337:Middlewares/Third_Party/FreeRTOS/Source/tasks.c **** 			{
4338:Middlewares/Third_Party/FreeRTOS/Source/tasks.c **** 				mtCOVERAGE_TEST_MARKER();
4339:Middlewares/Third_Party/FreeRTOS/Source/tasks.c **** 			}
4340:Middlewares/Third_Party/FreeRTOS/Source/tasks.c **** 		}
4341:Middlewares/Third_Party/FreeRTOS/Source/tasks.c **** 		else
4342:Middlewares/Third_Party/FreeRTOS/Source/tasks.c **** 		{
4343:Middlewares/Third_Party/FreeRTOS/Source/tasks.c **** 			mtCOVERAGE_TEST_MARKER();
4344:Middlewares/Third_Party/FreeRTOS/Source/tasks.c **** 		}
4345:Middlewares/Third_Party/FreeRTOS/Source/tasks.c **** 	}
4346:Middlewares/Third_Party/FreeRTOS/Source/tasks.c **** 
4347:Middlewares/Third_Party/FreeRTOS/Source/tasks.c **** #endif /* portCRITICAL_NESTING_IN_TCB */
4348:Middlewares/Third_Party/FreeRTOS/Source/tasks.c **** /*-----------------------------------------------------------*/
4349:Middlewares/Third_Party/FreeRTOS/Source/tasks.c **** 
4350:Middlewares/Third_Party/FreeRTOS/Source/tasks.c **** #if ( ( configUSE_TRACE_FACILITY == 1 ) && ( configUSE_STATS_FORMATTING_FUNCTIONS > 0 ) )
4351:Middlewares/Third_Party/FreeRTOS/Source/tasks.c **** 
4352:Middlewares/Third_Party/FreeRTOS/Source/tasks.c **** 	static char *prvWriteNameToBuffer( char *pcBuffer, const char *pcTaskName )
4353:Middlewares/Third_Party/FreeRTOS/Source/tasks.c **** 	{
4354:Middlewares/Third_Party/FreeRTOS/Source/tasks.c **** 	size_t x;
4355:Middlewares/Third_Party/FreeRTOS/Source/tasks.c **** 
4356:Middlewares/Third_Party/FreeRTOS/Source/tasks.c **** 		/* Start by copying the entire string. */
4357:Middlewares/Third_Party/FreeRTOS/Source/tasks.c **** 		strcpy( pcBuffer, pcTaskName );
4358:Middlewares/Third_Party/FreeRTOS/Source/tasks.c **** 
4359:Middlewares/Third_Party/FreeRTOS/Source/tasks.c **** 		/* Pad the end of the string with spaces to ensure columns line up when
4360:Middlewares/Third_Party/FreeRTOS/Source/tasks.c **** 		printed out. */
4361:Middlewares/Third_Party/FreeRTOS/Source/tasks.c **** 		for( x = strlen( pcBuffer ); x < ( size_t ) ( configMAX_TASK_NAME_LEN - 1 ); x++ )
4362:Middlewares/Third_Party/FreeRTOS/Source/tasks.c **** 		{
ARM GAS  D:\temp\TMP\ccyP8bey.s 			page 98


4363:Middlewares/Third_Party/FreeRTOS/Source/tasks.c **** 			pcBuffer[ x ] = ' ';
4364:Middlewares/Third_Party/FreeRTOS/Source/tasks.c **** 		}
4365:Middlewares/Third_Party/FreeRTOS/Source/tasks.c **** 
4366:Middlewares/Third_Party/FreeRTOS/Source/tasks.c **** 		/* Terminate. */
4367:Middlewares/Third_Party/FreeRTOS/Source/tasks.c **** 		pcBuffer[ x ] = ( char ) 0x00;
4368:Middlewares/Third_Party/FreeRTOS/Source/tasks.c **** 
4369:Middlewares/Third_Party/FreeRTOS/Source/tasks.c **** 		/* Return the new end of string. */
4370:Middlewares/Third_Party/FreeRTOS/Source/tasks.c **** 		return &( pcBuffer[ x ] );
4371:Middlewares/Third_Party/FreeRTOS/Source/tasks.c **** 	}
4372:Middlewares/Third_Party/FreeRTOS/Source/tasks.c **** 
4373:Middlewares/Third_Party/FreeRTOS/Source/tasks.c **** #endif /* ( configUSE_TRACE_FACILITY == 1 ) && ( configUSE_STATS_FORMATTING_FUNCTIONS > 0 ) */
4374:Middlewares/Third_Party/FreeRTOS/Source/tasks.c **** /*-----------------------------------------------------------*/
4375:Middlewares/Third_Party/FreeRTOS/Source/tasks.c **** 
4376:Middlewares/Third_Party/FreeRTOS/Source/tasks.c **** #if ( ( configUSE_TRACE_FACILITY == 1 ) && ( configUSE_STATS_FORMATTING_FUNCTIONS > 0 ) && ( config
4377:Middlewares/Third_Party/FreeRTOS/Source/tasks.c **** 
4378:Middlewares/Third_Party/FreeRTOS/Source/tasks.c **** 	void vTaskList( char * pcWriteBuffer )
4379:Middlewares/Third_Party/FreeRTOS/Source/tasks.c **** 	{
4380:Middlewares/Third_Party/FreeRTOS/Source/tasks.c **** 	TaskStatus_t *pxTaskStatusArray;
4381:Middlewares/Third_Party/FreeRTOS/Source/tasks.c **** 	UBaseType_t uxArraySize, x;
4382:Middlewares/Third_Party/FreeRTOS/Source/tasks.c **** 	char cStatus;
4383:Middlewares/Third_Party/FreeRTOS/Source/tasks.c **** 
4384:Middlewares/Third_Party/FreeRTOS/Source/tasks.c **** 		/*
4385:Middlewares/Third_Party/FreeRTOS/Source/tasks.c **** 		 * PLEASE NOTE:
4386:Middlewares/Third_Party/FreeRTOS/Source/tasks.c **** 		 *
4387:Middlewares/Third_Party/FreeRTOS/Source/tasks.c **** 		 * This function is provided for convenience only, and is used by many
4388:Middlewares/Third_Party/FreeRTOS/Source/tasks.c **** 		 * of the demo applications.  Do not consider it to be part of the
4389:Middlewares/Third_Party/FreeRTOS/Source/tasks.c **** 		 * scheduler.
4390:Middlewares/Third_Party/FreeRTOS/Source/tasks.c **** 		 *
4391:Middlewares/Third_Party/FreeRTOS/Source/tasks.c **** 		 * vTaskList() calls uxTaskGetSystemState(), then formats part of the
4392:Middlewares/Third_Party/FreeRTOS/Source/tasks.c **** 		 * uxTaskGetSystemState() output into a human readable table that
4393:Middlewares/Third_Party/FreeRTOS/Source/tasks.c **** 		 * displays task names, states and stack usage.
4394:Middlewares/Third_Party/FreeRTOS/Source/tasks.c **** 		 *
4395:Middlewares/Third_Party/FreeRTOS/Source/tasks.c **** 		 * vTaskList() has a dependency on the sprintf() C library function that
4396:Middlewares/Third_Party/FreeRTOS/Source/tasks.c **** 		 * might bloat the code size, use a lot of stack, and provide different
4397:Middlewares/Third_Party/FreeRTOS/Source/tasks.c **** 		 * results on different platforms.  An alternative, tiny, third party,
4398:Middlewares/Third_Party/FreeRTOS/Source/tasks.c **** 		 * and limited functionality implementation of sprintf() is provided in
4399:Middlewares/Third_Party/FreeRTOS/Source/tasks.c **** 		 * many of the FreeRTOS/Demo sub-directories in a file called
4400:Middlewares/Third_Party/FreeRTOS/Source/tasks.c **** 		 * printf-stdarg.c (note printf-stdarg.c does not provide a full
4401:Middlewares/Third_Party/FreeRTOS/Source/tasks.c **** 		 * snprintf() implementation!).
4402:Middlewares/Third_Party/FreeRTOS/Source/tasks.c **** 		 *
4403:Middlewares/Third_Party/FreeRTOS/Source/tasks.c **** 		 * It is recommended that production systems call uxTaskGetSystemState()
4404:Middlewares/Third_Party/FreeRTOS/Source/tasks.c **** 		 * directly to get access to raw stats data, rather than indirectly
4405:Middlewares/Third_Party/FreeRTOS/Source/tasks.c **** 		 * through a call to vTaskList().
4406:Middlewares/Third_Party/FreeRTOS/Source/tasks.c **** 		 */
4407:Middlewares/Third_Party/FreeRTOS/Source/tasks.c **** 
4408:Middlewares/Third_Party/FreeRTOS/Source/tasks.c **** 
4409:Middlewares/Third_Party/FreeRTOS/Source/tasks.c **** 		/* Make sure the write buffer does not contain a string. */
4410:Middlewares/Third_Party/FreeRTOS/Source/tasks.c **** 		*pcWriteBuffer = ( char ) 0x00;
4411:Middlewares/Third_Party/FreeRTOS/Source/tasks.c **** 
4412:Middlewares/Third_Party/FreeRTOS/Source/tasks.c **** 		/* Take a snapshot of the number of tasks in case it changes while this
4413:Middlewares/Third_Party/FreeRTOS/Source/tasks.c **** 		function is executing. */
4414:Middlewares/Third_Party/FreeRTOS/Source/tasks.c **** 		uxArraySize = uxCurrentNumberOfTasks;
4415:Middlewares/Third_Party/FreeRTOS/Source/tasks.c **** 
4416:Middlewares/Third_Party/FreeRTOS/Source/tasks.c **** 		/* Allocate an array index for each task.  NOTE!  if
4417:Middlewares/Third_Party/FreeRTOS/Source/tasks.c **** 		configSUPPORT_DYNAMIC_ALLOCATION is set to 0 then pvPortMalloc() will
4418:Middlewares/Third_Party/FreeRTOS/Source/tasks.c **** 		equate to NULL. */
4419:Middlewares/Third_Party/FreeRTOS/Source/tasks.c **** 		pxTaskStatusArray = pvPortMalloc( uxCurrentNumberOfTasks * sizeof( TaskStatus_t ) ); /*lint !e907
ARM GAS  D:\temp\TMP\ccyP8bey.s 			page 99


4420:Middlewares/Third_Party/FreeRTOS/Source/tasks.c **** 
4421:Middlewares/Third_Party/FreeRTOS/Source/tasks.c **** 		if( pxTaskStatusArray != NULL )
4422:Middlewares/Third_Party/FreeRTOS/Source/tasks.c **** 		{
4423:Middlewares/Third_Party/FreeRTOS/Source/tasks.c **** 			/* Generate the (binary) data. */
4424:Middlewares/Third_Party/FreeRTOS/Source/tasks.c **** 			uxArraySize = uxTaskGetSystemState( pxTaskStatusArray, uxArraySize, NULL );
4425:Middlewares/Third_Party/FreeRTOS/Source/tasks.c **** 
4426:Middlewares/Third_Party/FreeRTOS/Source/tasks.c **** 			/* Create a human readable table from the binary data. */
4427:Middlewares/Third_Party/FreeRTOS/Source/tasks.c **** 			for( x = 0; x < uxArraySize; x++ )
4428:Middlewares/Third_Party/FreeRTOS/Source/tasks.c **** 			{
4429:Middlewares/Third_Party/FreeRTOS/Source/tasks.c **** 				switch( pxTaskStatusArray[ x ].eCurrentState )
4430:Middlewares/Third_Party/FreeRTOS/Source/tasks.c **** 				{
4431:Middlewares/Third_Party/FreeRTOS/Source/tasks.c **** 					case eRunning:		cStatus = tskRUNNING_CHAR;
4432:Middlewares/Third_Party/FreeRTOS/Source/tasks.c **** 										break;
4433:Middlewares/Third_Party/FreeRTOS/Source/tasks.c **** 
4434:Middlewares/Third_Party/FreeRTOS/Source/tasks.c **** 					case eReady:		cStatus = tskREADY_CHAR;
4435:Middlewares/Third_Party/FreeRTOS/Source/tasks.c **** 										break;
4436:Middlewares/Third_Party/FreeRTOS/Source/tasks.c **** 
4437:Middlewares/Third_Party/FreeRTOS/Source/tasks.c **** 					case eBlocked:		cStatus = tskBLOCKED_CHAR;
4438:Middlewares/Third_Party/FreeRTOS/Source/tasks.c **** 										break;
4439:Middlewares/Third_Party/FreeRTOS/Source/tasks.c **** 
4440:Middlewares/Third_Party/FreeRTOS/Source/tasks.c **** 					case eSuspended:	cStatus = tskSUSPENDED_CHAR;
4441:Middlewares/Third_Party/FreeRTOS/Source/tasks.c **** 										break;
4442:Middlewares/Third_Party/FreeRTOS/Source/tasks.c **** 
4443:Middlewares/Third_Party/FreeRTOS/Source/tasks.c **** 					case eDeleted:		cStatus = tskDELETED_CHAR;
4444:Middlewares/Third_Party/FreeRTOS/Source/tasks.c **** 										break;
4445:Middlewares/Third_Party/FreeRTOS/Source/tasks.c **** 
4446:Middlewares/Third_Party/FreeRTOS/Source/tasks.c **** 					case eInvalid:		/* Fall through. */
4447:Middlewares/Third_Party/FreeRTOS/Source/tasks.c **** 					default:			/* Should not get here, but it is included
4448:Middlewares/Third_Party/FreeRTOS/Source/tasks.c **** 										to prevent static checking errors. */
4449:Middlewares/Third_Party/FreeRTOS/Source/tasks.c **** 										cStatus = ( char ) 0x00;
4450:Middlewares/Third_Party/FreeRTOS/Source/tasks.c **** 										break;
4451:Middlewares/Third_Party/FreeRTOS/Source/tasks.c **** 				}
4452:Middlewares/Third_Party/FreeRTOS/Source/tasks.c **** 
4453:Middlewares/Third_Party/FreeRTOS/Source/tasks.c **** 				/* Write the task name to the string, padding with spaces so it
4454:Middlewares/Third_Party/FreeRTOS/Source/tasks.c **** 				can be printed in tabular form more easily. */
4455:Middlewares/Third_Party/FreeRTOS/Source/tasks.c **** 				pcWriteBuffer = prvWriteNameToBuffer( pcWriteBuffer, pxTaskStatusArray[ x ].pcTaskName );
4456:Middlewares/Third_Party/FreeRTOS/Source/tasks.c **** 
4457:Middlewares/Third_Party/FreeRTOS/Source/tasks.c **** 				/* Write the rest of the string. */
4458:Middlewares/Third_Party/FreeRTOS/Source/tasks.c **** 				sprintf( pcWriteBuffer, "\t%c\t%u\t%u\t%u\r\n", cStatus, ( unsigned int ) pxTaskStatusArray[ x 
4459:Middlewares/Third_Party/FreeRTOS/Source/tasks.c **** 				pcWriteBuffer += strlen( pcWriteBuffer ); /*lint !e9016 Pointer arithmetic ok on char pointers 
4460:Middlewares/Third_Party/FreeRTOS/Source/tasks.c **** 			}
4461:Middlewares/Third_Party/FreeRTOS/Source/tasks.c **** 
4462:Middlewares/Third_Party/FreeRTOS/Source/tasks.c **** 			/* Free the array again.  NOTE!  If configSUPPORT_DYNAMIC_ALLOCATION
4463:Middlewares/Third_Party/FreeRTOS/Source/tasks.c **** 			is 0 then vPortFree() will be #defined to nothing. */
4464:Middlewares/Third_Party/FreeRTOS/Source/tasks.c **** 			vPortFree( pxTaskStatusArray );
4465:Middlewares/Third_Party/FreeRTOS/Source/tasks.c **** 		}
4466:Middlewares/Third_Party/FreeRTOS/Source/tasks.c **** 		else
4467:Middlewares/Third_Party/FreeRTOS/Source/tasks.c **** 		{
4468:Middlewares/Third_Party/FreeRTOS/Source/tasks.c **** 			mtCOVERAGE_TEST_MARKER();
4469:Middlewares/Third_Party/FreeRTOS/Source/tasks.c **** 		}
4470:Middlewares/Third_Party/FreeRTOS/Source/tasks.c **** 	}
4471:Middlewares/Third_Party/FreeRTOS/Source/tasks.c **** 
4472:Middlewares/Third_Party/FreeRTOS/Source/tasks.c **** #endif /* ( ( configUSE_TRACE_FACILITY == 1 ) && ( configUSE_STATS_FORMATTING_FUNCTIONS > 0 ) && ( 
4473:Middlewares/Third_Party/FreeRTOS/Source/tasks.c **** /*----------------------------------------------------------*/
4474:Middlewares/Third_Party/FreeRTOS/Source/tasks.c **** 
4475:Middlewares/Third_Party/FreeRTOS/Source/tasks.c **** #if ( ( configGENERATE_RUN_TIME_STATS == 1 ) && ( configUSE_STATS_FORMATTING_FUNCTIONS > 0 ) && ( c
4476:Middlewares/Third_Party/FreeRTOS/Source/tasks.c **** 
ARM GAS  D:\temp\TMP\ccyP8bey.s 			page 100


4477:Middlewares/Third_Party/FreeRTOS/Source/tasks.c **** 	void vTaskGetRunTimeStats( char *pcWriteBuffer )
4478:Middlewares/Third_Party/FreeRTOS/Source/tasks.c **** 	{
4479:Middlewares/Third_Party/FreeRTOS/Source/tasks.c **** 	TaskStatus_t *pxTaskStatusArray;
4480:Middlewares/Third_Party/FreeRTOS/Source/tasks.c **** 	UBaseType_t uxArraySize, x;
4481:Middlewares/Third_Party/FreeRTOS/Source/tasks.c **** 	uint32_t ulTotalTime, ulStatsAsPercentage;
4482:Middlewares/Third_Party/FreeRTOS/Source/tasks.c **** 
4483:Middlewares/Third_Party/FreeRTOS/Source/tasks.c **** 		#if( configUSE_TRACE_FACILITY != 1 )
4484:Middlewares/Third_Party/FreeRTOS/Source/tasks.c **** 		{
4485:Middlewares/Third_Party/FreeRTOS/Source/tasks.c **** 			#error configUSE_TRACE_FACILITY must also be set to 1 in FreeRTOSConfig.h to use vTaskGetRunTime
4486:Middlewares/Third_Party/FreeRTOS/Source/tasks.c **** 		}
4487:Middlewares/Third_Party/FreeRTOS/Source/tasks.c **** 		#endif
4488:Middlewares/Third_Party/FreeRTOS/Source/tasks.c **** 
4489:Middlewares/Third_Party/FreeRTOS/Source/tasks.c **** 		/*
4490:Middlewares/Third_Party/FreeRTOS/Source/tasks.c **** 		 * PLEASE NOTE:
4491:Middlewares/Third_Party/FreeRTOS/Source/tasks.c **** 		 *
4492:Middlewares/Third_Party/FreeRTOS/Source/tasks.c **** 		 * This function is provided for convenience only, and is used by many
4493:Middlewares/Third_Party/FreeRTOS/Source/tasks.c **** 		 * of the demo applications.  Do not consider it to be part of the
4494:Middlewares/Third_Party/FreeRTOS/Source/tasks.c **** 		 * scheduler.
4495:Middlewares/Third_Party/FreeRTOS/Source/tasks.c **** 		 *
4496:Middlewares/Third_Party/FreeRTOS/Source/tasks.c **** 		 * vTaskGetRunTimeStats() calls uxTaskGetSystemState(), then formats part
4497:Middlewares/Third_Party/FreeRTOS/Source/tasks.c **** 		 * of the uxTaskGetSystemState() output into a human readable table that
4498:Middlewares/Third_Party/FreeRTOS/Source/tasks.c **** 		 * displays the amount of time each task has spent in the Running state
4499:Middlewares/Third_Party/FreeRTOS/Source/tasks.c **** 		 * in both absolute and percentage terms.
4500:Middlewares/Third_Party/FreeRTOS/Source/tasks.c **** 		 *
4501:Middlewares/Third_Party/FreeRTOS/Source/tasks.c **** 		 * vTaskGetRunTimeStats() has a dependency on the sprintf() C library
4502:Middlewares/Third_Party/FreeRTOS/Source/tasks.c **** 		 * function that might bloat the code size, use a lot of stack, and
4503:Middlewares/Third_Party/FreeRTOS/Source/tasks.c **** 		 * provide different results on different platforms.  An alternative,
4504:Middlewares/Third_Party/FreeRTOS/Source/tasks.c **** 		 * tiny, third party, and limited functionality implementation of
4505:Middlewares/Third_Party/FreeRTOS/Source/tasks.c **** 		 * sprintf() is provided in many of the FreeRTOS/Demo sub-directories in
4506:Middlewares/Third_Party/FreeRTOS/Source/tasks.c **** 		 * a file called printf-stdarg.c (note printf-stdarg.c does not provide
4507:Middlewares/Third_Party/FreeRTOS/Source/tasks.c **** 		 * a full snprintf() implementation!).
4508:Middlewares/Third_Party/FreeRTOS/Source/tasks.c **** 		 *
4509:Middlewares/Third_Party/FreeRTOS/Source/tasks.c **** 		 * It is recommended that production systems call uxTaskGetSystemState()
4510:Middlewares/Third_Party/FreeRTOS/Source/tasks.c **** 		 * directly to get access to raw stats data, rather than indirectly
4511:Middlewares/Third_Party/FreeRTOS/Source/tasks.c **** 		 * through a call to vTaskGetRunTimeStats().
4512:Middlewares/Third_Party/FreeRTOS/Source/tasks.c **** 		 */
4513:Middlewares/Third_Party/FreeRTOS/Source/tasks.c **** 
4514:Middlewares/Third_Party/FreeRTOS/Source/tasks.c **** 		/* Make sure the write buffer does not contain a string. */
4515:Middlewares/Third_Party/FreeRTOS/Source/tasks.c **** 		*pcWriteBuffer = ( char ) 0x00;
4516:Middlewares/Third_Party/FreeRTOS/Source/tasks.c **** 
4517:Middlewares/Third_Party/FreeRTOS/Source/tasks.c **** 		/* Take a snapshot of the number of tasks in case it changes while this
4518:Middlewares/Third_Party/FreeRTOS/Source/tasks.c **** 		function is executing. */
4519:Middlewares/Third_Party/FreeRTOS/Source/tasks.c **** 		uxArraySize = uxCurrentNumberOfTasks;
4520:Middlewares/Third_Party/FreeRTOS/Source/tasks.c **** 
4521:Middlewares/Third_Party/FreeRTOS/Source/tasks.c **** 		/* Allocate an array index for each task.  NOTE!  If
4522:Middlewares/Third_Party/FreeRTOS/Source/tasks.c **** 		configSUPPORT_DYNAMIC_ALLOCATION is set to 0 then pvPortMalloc() will
4523:Middlewares/Third_Party/FreeRTOS/Source/tasks.c **** 		equate to NULL. */
4524:Middlewares/Third_Party/FreeRTOS/Source/tasks.c **** 		pxTaskStatusArray = pvPortMalloc( uxCurrentNumberOfTasks * sizeof( TaskStatus_t ) ); /*lint !e907
4525:Middlewares/Third_Party/FreeRTOS/Source/tasks.c **** 
4526:Middlewares/Third_Party/FreeRTOS/Source/tasks.c **** 		if( pxTaskStatusArray != NULL )
4527:Middlewares/Third_Party/FreeRTOS/Source/tasks.c **** 		{
4528:Middlewares/Third_Party/FreeRTOS/Source/tasks.c **** 			/* Generate the (binary) data. */
4529:Middlewares/Third_Party/FreeRTOS/Source/tasks.c **** 			uxArraySize = uxTaskGetSystemState( pxTaskStatusArray, uxArraySize, &ulTotalTime );
4530:Middlewares/Third_Party/FreeRTOS/Source/tasks.c **** 
4531:Middlewares/Third_Party/FreeRTOS/Source/tasks.c **** 			/* For percentage calculations. */
4532:Middlewares/Third_Party/FreeRTOS/Source/tasks.c **** 			ulTotalTime /= 100UL;
4533:Middlewares/Third_Party/FreeRTOS/Source/tasks.c **** 
ARM GAS  D:\temp\TMP\ccyP8bey.s 			page 101


4534:Middlewares/Third_Party/FreeRTOS/Source/tasks.c **** 			/* Avoid divide by zero errors. */
4535:Middlewares/Third_Party/FreeRTOS/Source/tasks.c **** 			if( ulTotalTime > 0UL )
4536:Middlewares/Third_Party/FreeRTOS/Source/tasks.c **** 			{
4537:Middlewares/Third_Party/FreeRTOS/Source/tasks.c **** 				/* Create a human readable table from the binary data. */
4538:Middlewares/Third_Party/FreeRTOS/Source/tasks.c **** 				for( x = 0; x < uxArraySize; x++ )
4539:Middlewares/Third_Party/FreeRTOS/Source/tasks.c **** 				{
4540:Middlewares/Third_Party/FreeRTOS/Source/tasks.c **** 					/* What percentage of the total run time has the task used?
4541:Middlewares/Third_Party/FreeRTOS/Source/tasks.c **** 					This will always be rounded down to the nearest integer.
4542:Middlewares/Third_Party/FreeRTOS/Source/tasks.c **** 					ulTotalRunTimeDiv100 has already been divided by 100. */
4543:Middlewares/Third_Party/FreeRTOS/Source/tasks.c **** 					ulStatsAsPercentage = pxTaskStatusArray[ x ].ulRunTimeCounter / ulTotalTime;
4544:Middlewares/Third_Party/FreeRTOS/Source/tasks.c **** 
4545:Middlewares/Third_Party/FreeRTOS/Source/tasks.c **** 					/* Write the task name to the string, padding with
4546:Middlewares/Third_Party/FreeRTOS/Source/tasks.c **** 					spaces so it can be printed in tabular form more
4547:Middlewares/Third_Party/FreeRTOS/Source/tasks.c **** 					easily. */
4548:Middlewares/Third_Party/FreeRTOS/Source/tasks.c **** 					pcWriteBuffer = prvWriteNameToBuffer( pcWriteBuffer, pxTaskStatusArray[ x ].pcTaskName );
4549:Middlewares/Third_Party/FreeRTOS/Source/tasks.c **** 
4550:Middlewares/Third_Party/FreeRTOS/Source/tasks.c **** 					if( ulStatsAsPercentage > 0UL )
4551:Middlewares/Third_Party/FreeRTOS/Source/tasks.c **** 					{
4552:Middlewares/Third_Party/FreeRTOS/Source/tasks.c **** 						#ifdef portLU_PRINTF_SPECIFIER_REQUIRED
4553:Middlewares/Third_Party/FreeRTOS/Source/tasks.c **** 						{
4554:Middlewares/Third_Party/FreeRTOS/Source/tasks.c **** 							sprintf( pcWriteBuffer, "\t%lu\t\t%lu%%\r\n", pxTaskStatusArray[ x ].ulRunTimeCounter, ulSta
4555:Middlewares/Third_Party/FreeRTOS/Source/tasks.c **** 						}
4556:Middlewares/Third_Party/FreeRTOS/Source/tasks.c **** 						#else
4557:Middlewares/Third_Party/FreeRTOS/Source/tasks.c **** 						{
4558:Middlewares/Third_Party/FreeRTOS/Source/tasks.c **** 							/* sizeof( int ) == sizeof( long ) so a smaller
4559:Middlewares/Third_Party/FreeRTOS/Source/tasks.c **** 							printf() library can be used. */
4560:Middlewares/Third_Party/FreeRTOS/Source/tasks.c **** 							sprintf( pcWriteBuffer, "\t%u\t\t%u%%\r\n", ( unsigned int ) pxTaskStatusArray[ x ].ulRunTim
4561:Middlewares/Third_Party/FreeRTOS/Source/tasks.c **** 						}
4562:Middlewares/Third_Party/FreeRTOS/Source/tasks.c **** 						#endif
4563:Middlewares/Third_Party/FreeRTOS/Source/tasks.c **** 					}
4564:Middlewares/Third_Party/FreeRTOS/Source/tasks.c **** 					else
4565:Middlewares/Third_Party/FreeRTOS/Source/tasks.c **** 					{
4566:Middlewares/Third_Party/FreeRTOS/Source/tasks.c **** 						/* If the percentage is zero here then the task has
4567:Middlewares/Third_Party/FreeRTOS/Source/tasks.c **** 						consumed less than 1% of the total run time. */
4568:Middlewares/Third_Party/FreeRTOS/Source/tasks.c **** 						#ifdef portLU_PRINTF_SPECIFIER_REQUIRED
4569:Middlewares/Third_Party/FreeRTOS/Source/tasks.c **** 						{
4570:Middlewares/Third_Party/FreeRTOS/Source/tasks.c **** 							sprintf( pcWriteBuffer, "\t%lu\t\t<1%%\r\n", pxTaskStatusArray[ x ].ulRunTimeCounter );
4571:Middlewares/Third_Party/FreeRTOS/Source/tasks.c **** 						}
4572:Middlewares/Third_Party/FreeRTOS/Source/tasks.c **** 						#else
4573:Middlewares/Third_Party/FreeRTOS/Source/tasks.c **** 						{
4574:Middlewares/Third_Party/FreeRTOS/Source/tasks.c **** 							/* sizeof( int ) == sizeof( long ) so a smaller
4575:Middlewares/Third_Party/FreeRTOS/Source/tasks.c **** 							printf() library can be used. */
4576:Middlewares/Third_Party/FreeRTOS/Source/tasks.c **** 							sprintf( pcWriteBuffer, "\t%u\t\t<1%%\r\n", ( unsigned int ) pxTaskStatusArray[ x ].ulRunTim
4577:Middlewares/Third_Party/FreeRTOS/Source/tasks.c **** 						}
4578:Middlewares/Third_Party/FreeRTOS/Source/tasks.c **** 						#endif
4579:Middlewares/Third_Party/FreeRTOS/Source/tasks.c **** 					}
4580:Middlewares/Third_Party/FreeRTOS/Source/tasks.c **** 
4581:Middlewares/Third_Party/FreeRTOS/Source/tasks.c **** 					pcWriteBuffer += strlen( pcWriteBuffer ); /*lint !e9016 Pointer arithmetic ok on char pointers
4582:Middlewares/Third_Party/FreeRTOS/Source/tasks.c **** 				}
4583:Middlewares/Third_Party/FreeRTOS/Source/tasks.c **** 			}
4584:Middlewares/Third_Party/FreeRTOS/Source/tasks.c **** 			else
4585:Middlewares/Third_Party/FreeRTOS/Source/tasks.c **** 			{
4586:Middlewares/Third_Party/FreeRTOS/Source/tasks.c **** 				mtCOVERAGE_TEST_MARKER();
4587:Middlewares/Third_Party/FreeRTOS/Source/tasks.c **** 			}
4588:Middlewares/Third_Party/FreeRTOS/Source/tasks.c **** 
4589:Middlewares/Third_Party/FreeRTOS/Source/tasks.c **** 			/* Free the array again.  NOTE!  If configSUPPORT_DYNAMIC_ALLOCATION
4590:Middlewares/Third_Party/FreeRTOS/Source/tasks.c **** 			is 0 then vPortFree() will be #defined to nothing. */
ARM GAS  D:\temp\TMP\ccyP8bey.s 			page 102


4591:Middlewares/Third_Party/FreeRTOS/Source/tasks.c **** 			vPortFree( pxTaskStatusArray );
4592:Middlewares/Third_Party/FreeRTOS/Source/tasks.c **** 		}
4593:Middlewares/Third_Party/FreeRTOS/Source/tasks.c **** 		else
4594:Middlewares/Third_Party/FreeRTOS/Source/tasks.c **** 		{
4595:Middlewares/Third_Party/FreeRTOS/Source/tasks.c **** 			mtCOVERAGE_TEST_MARKER();
4596:Middlewares/Third_Party/FreeRTOS/Source/tasks.c **** 		}
4597:Middlewares/Third_Party/FreeRTOS/Source/tasks.c **** 	}
4598:Middlewares/Third_Party/FreeRTOS/Source/tasks.c **** 
4599:Middlewares/Third_Party/FreeRTOS/Source/tasks.c **** #endif /* ( ( configGENERATE_RUN_TIME_STATS == 1 ) && ( configUSE_STATS_FORMATTING_FUNCTIONS > 0 ) 
4600:Middlewares/Third_Party/FreeRTOS/Source/tasks.c **** /*-----------------------------------------------------------*/
4601:Middlewares/Third_Party/FreeRTOS/Source/tasks.c **** 
4602:Middlewares/Third_Party/FreeRTOS/Source/tasks.c **** TickType_t uxTaskResetEventItemValue( void )
4603:Middlewares/Third_Party/FreeRTOS/Source/tasks.c **** {
4604:Middlewares/Third_Party/FreeRTOS/Source/tasks.c **** TickType_t uxReturn;
4605:Middlewares/Third_Party/FreeRTOS/Source/tasks.c **** 
4606:Middlewares/Third_Party/FreeRTOS/Source/tasks.c **** 	uxReturn = listGET_LIST_ITEM_VALUE( &( pxCurrentTCB->xEventListItem ) );
4607:Middlewares/Third_Party/FreeRTOS/Source/tasks.c **** 
4608:Middlewares/Third_Party/FreeRTOS/Source/tasks.c **** 	/* Reset the event list item to its normal value - so it can be used with
4609:Middlewares/Third_Party/FreeRTOS/Source/tasks.c **** 	queues and semaphores. */
4610:Middlewares/Third_Party/FreeRTOS/Source/tasks.c **** 	listSET_LIST_ITEM_VALUE( &( pxCurrentTCB->xEventListItem ), ( ( TickType_t ) configMAX_PRIORITIES 
4611:Middlewares/Third_Party/FreeRTOS/Source/tasks.c **** 
4612:Middlewares/Third_Party/FreeRTOS/Source/tasks.c **** 	return uxReturn;
4613:Middlewares/Third_Party/FreeRTOS/Source/tasks.c **** }
4614:Middlewares/Third_Party/FreeRTOS/Source/tasks.c **** /*-----------------------------------------------------------*/
4615:Middlewares/Third_Party/FreeRTOS/Source/tasks.c **** 
4616:Middlewares/Third_Party/FreeRTOS/Source/tasks.c **** #if ( configUSE_MUTEXES == 1 )
4617:Middlewares/Third_Party/FreeRTOS/Source/tasks.c **** 
4618:Middlewares/Third_Party/FreeRTOS/Source/tasks.c **** 	TaskHandle_t pvTaskIncrementMutexHeldCount( void )
4619:Middlewares/Third_Party/FreeRTOS/Source/tasks.c **** 	{
4620:Middlewares/Third_Party/FreeRTOS/Source/tasks.c **** 		/* If xSemaphoreCreateMutex() is called before any tasks have been created
4621:Middlewares/Third_Party/FreeRTOS/Source/tasks.c **** 		then pxCurrentTCB will be NULL. */
4622:Middlewares/Third_Party/FreeRTOS/Source/tasks.c **** 		if( pxCurrentTCB != NULL )
4623:Middlewares/Third_Party/FreeRTOS/Source/tasks.c **** 		{
4624:Middlewares/Third_Party/FreeRTOS/Source/tasks.c **** 			( pxCurrentTCB->uxMutexesHeld )++;
4625:Middlewares/Third_Party/FreeRTOS/Source/tasks.c **** 		}
4626:Middlewares/Third_Party/FreeRTOS/Source/tasks.c **** 
4627:Middlewares/Third_Party/FreeRTOS/Source/tasks.c **** 		return pxCurrentTCB;
4628:Middlewares/Third_Party/FreeRTOS/Source/tasks.c **** 	}
4629:Middlewares/Third_Party/FreeRTOS/Source/tasks.c **** 
4630:Middlewares/Third_Party/FreeRTOS/Source/tasks.c **** #endif /* configUSE_MUTEXES */
4631:Middlewares/Third_Party/FreeRTOS/Source/tasks.c **** /*-----------------------------------------------------------*/
4632:Middlewares/Third_Party/FreeRTOS/Source/tasks.c **** 
4633:Middlewares/Third_Party/FreeRTOS/Source/tasks.c **** #if( configUSE_TASK_NOTIFICATIONS == 1 )
4634:Middlewares/Third_Party/FreeRTOS/Source/tasks.c **** 
4635:Middlewares/Third_Party/FreeRTOS/Source/tasks.c **** 	uint32_t ulTaskNotifyTake( BaseType_t xClearCountOnExit, TickType_t xTicksToWait )
4636:Middlewares/Third_Party/FreeRTOS/Source/tasks.c **** 	{
4637:Middlewares/Third_Party/FreeRTOS/Source/tasks.c **** 	uint32_t ulReturn;
4638:Middlewares/Third_Party/FreeRTOS/Source/tasks.c **** 
4639:Middlewares/Third_Party/FreeRTOS/Source/tasks.c **** 		taskENTER_CRITICAL();
4640:Middlewares/Third_Party/FreeRTOS/Source/tasks.c **** 		{
4641:Middlewares/Third_Party/FreeRTOS/Source/tasks.c **** 			/* Only block if the notification count is not already non-zero. */
4642:Middlewares/Third_Party/FreeRTOS/Source/tasks.c **** 			if( pxCurrentTCB->ulNotifiedValue == 0UL )
4643:Middlewares/Third_Party/FreeRTOS/Source/tasks.c **** 			{
4644:Middlewares/Third_Party/FreeRTOS/Source/tasks.c **** 				/* Mark this task as waiting for a notification. */
4645:Middlewares/Third_Party/FreeRTOS/Source/tasks.c **** 				pxCurrentTCB->ucNotifyState = taskWAITING_NOTIFICATION;
4646:Middlewares/Third_Party/FreeRTOS/Source/tasks.c **** 
4647:Middlewares/Third_Party/FreeRTOS/Source/tasks.c **** 				if( xTicksToWait > ( TickType_t ) 0 )
ARM GAS  D:\temp\TMP\ccyP8bey.s 			page 103


4648:Middlewares/Third_Party/FreeRTOS/Source/tasks.c **** 				{
4649:Middlewares/Third_Party/FreeRTOS/Source/tasks.c **** 					prvAddCurrentTaskToDelayedList( xTicksToWait, pdTRUE );
4650:Middlewares/Third_Party/FreeRTOS/Source/tasks.c **** 					traceTASK_NOTIFY_TAKE_BLOCK();
4651:Middlewares/Third_Party/FreeRTOS/Source/tasks.c **** 
4652:Middlewares/Third_Party/FreeRTOS/Source/tasks.c **** 					/* All ports are written to allow a yield in a critical
4653:Middlewares/Third_Party/FreeRTOS/Source/tasks.c **** 					section (some will yield immediately, others wait until the
4654:Middlewares/Third_Party/FreeRTOS/Source/tasks.c **** 					critical section exits) - but it is not something that
4655:Middlewares/Third_Party/FreeRTOS/Source/tasks.c **** 					application code should ever do. */
4656:Middlewares/Third_Party/FreeRTOS/Source/tasks.c **** 					portYIELD_WITHIN_API();
4657:Middlewares/Third_Party/FreeRTOS/Source/tasks.c **** 				}
4658:Middlewares/Third_Party/FreeRTOS/Source/tasks.c **** 				else
4659:Middlewares/Third_Party/FreeRTOS/Source/tasks.c **** 				{
4660:Middlewares/Third_Party/FreeRTOS/Source/tasks.c **** 					mtCOVERAGE_TEST_MARKER();
4661:Middlewares/Third_Party/FreeRTOS/Source/tasks.c **** 				}
4662:Middlewares/Third_Party/FreeRTOS/Source/tasks.c **** 			}
4663:Middlewares/Third_Party/FreeRTOS/Source/tasks.c **** 			else
4664:Middlewares/Third_Party/FreeRTOS/Source/tasks.c **** 			{
4665:Middlewares/Third_Party/FreeRTOS/Source/tasks.c **** 				mtCOVERAGE_TEST_MARKER();
4666:Middlewares/Third_Party/FreeRTOS/Source/tasks.c **** 			}
4667:Middlewares/Third_Party/FreeRTOS/Source/tasks.c **** 		}
4668:Middlewares/Third_Party/FreeRTOS/Source/tasks.c **** 		taskEXIT_CRITICAL();
4669:Middlewares/Third_Party/FreeRTOS/Source/tasks.c **** 
4670:Middlewares/Third_Party/FreeRTOS/Source/tasks.c **** 		taskENTER_CRITICAL();
4671:Middlewares/Third_Party/FreeRTOS/Source/tasks.c **** 		{
4672:Middlewares/Third_Party/FreeRTOS/Source/tasks.c **** 			traceTASK_NOTIFY_TAKE();
4673:Middlewares/Third_Party/FreeRTOS/Source/tasks.c **** 			ulReturn = pxCurrentTCB->ulNotifiedValue;
4674:Middlewares/Third_Party/FreeRTOS/Source/tasks.c **** 
4675:Middlewares/Third_Party/FreeRTOS/Source/tasks.c **** 			if( ulReturn != 0UL )
4676:Middlewares/Third_Party/FreeRTOS/Source/tasks.c **** 			{
4677:Middlewares/Third_Party/FreeRTOS/Source/tasks.c **** 				if( xClearCountOnExit != pdFALSE )
4678:Middlewares/Third_Party/FreeRTOS/Source/tasks.c **** 				{
4679:Middlewares/Third_Party/FreeRTOS/Source/tasks.c **** 					pxCurrentTCB->ulNotifiedValue = 0UL;
4680:Middlewares/Third_Party/FreeRTOS/Source/tasks.c **** 				}
4681:Middlewares/Third_Party/FreeRTOS/Source/tasks.c **** 				else
4682:Middlewares/Third_Party/FreeRTOS/Source/tasks.c **** 				{
4683:Middlewares/Third_Party/FreeRTOS/Source/tasks.c **** 					pxCurrentTCB->ulNotifiedValue = ulReturn - ( uint32_t ) 1;
4684:Middlewares/Third_Party/FreeRTOS/Source/tasks.c **** 				}
4685:Middlewares/Third_Party/FreeRTOS/Source/tasks.c **** 			}
4686:Middlewares/Third_Party/FreeRTOS/Source/tasks.c **** 			else
4687:Middlewares/Third_Party/FreeRTOS/Source/tasks.c **** 			{
4688:Middlewares/Third_Party/FreeRTOS/Source/tasks.c **** 				mtCOVERAGE_TEST_MARKER();
4689:Middlewares/Third_Party/FreeRTOS/Source/tasks.c **** 			}
4690:Middlewares/Third_Party/FreeRTOS/Source/tasks.c **** 
4691:Middlewares/Third_Party/FreeRTOS/Source/tasks.c **** 			pxCurrentTCB->ucNotifyState = taskNOT_WAITING_NOTIFICATION;
4692:Middlewares/Third_Party/FreeRTOS/Source/tasks.c **** 		}
4693:Middlewares/Third_Party/FreeRTOS/Source/tasks.c **** 		taskEXIT_CRITICAL();
4694:Middlewares/Third_Party/FreeRTOS/Source/tasks.c **** 
4695:Middlewares/Third_Party/FreeRTOS/Source/tasks.c **** 		return ulReturn;
4696:Middlewares/Third_Party/FreeRTOS/Source/tasks.c **** 	}
4697:Middlewares/Third_Party/FreeRTOS/Source/tasks.c **** 
4698:Middlewares/Third_Party/FreeRTOS/Source/tasks.c **** #endif /* configUSE_TASK_NOTIFICATIONS */
4699:Middlewares/Third_Party/FreeRTOS/Source/tasks.c **** /*-----------------------------------------------------------*/
4700:Middlewares/Third_Party/FreeRTOS/Source/tasks.c **** 
4701:Middlewares/Third_Party/FreeRTOS/Source/tasks.c **** #if( configUSE_TASK_NOTIFICATIONS == 1 )
4702:Middlewares/Third_Party/FreeRTOS/Source/tasks.c **** 
4703:Middlewares/Third_Party/FreeRTOS/Source/tasks.c **** 	BaseType_t xTaskNotifyWait( uint32_t ulBitsToClearOnEntry, uint32_t ulBitsToClearOnExit, uint32_t 
4704:Middlewares/Third_Party/FreeRTOS/Source/tasks.c **** 	{
ARM GAS  D:\temp\TMP\ccyP8bey.s 			page 104


4705:Middlewares/Third_Party/FreeRTOS/Source/tasks.c **** 	BaseType_t xReturn;
4706:Middlewares/Third_Party/FreeRTOS/Source/tasks.c **** 
4707:Middlewares/Third_Party/FreeRTOS/Source/tasks.c **** 		taskENTER_CRITICAL();
4708:Middlewares/Third_Party/FreeRTOS/Source/tasks.c **** 		{
4709:Middlewares/Third_Party/FreeRTOS/Source/tasks.c **** 			/* Only block if a notification is not already pending. */
4710:Middlewares/Third_Party/FreeRTOS/Source/tasks.c **** 			if( pxCurrentTCB->ucNotifyState != taskNOTIFICATION_RECEIVED )
4711:Middlewares/Third_Party/FreeRTOS/Source/tasks.c **** 			{
4712:Middlewares/Third_Party/FreeRTOS/Source/tasks.c **** 				/* Clear bits in the task's notification value as bits may get
4713:Middlewares/Third_Party/FreeRTOS/Source/tasks.c **** 				set	by the notifying task or interrupt.  This can be used to
4714:Middlewares/Third_Party/FreeRTOS/Source/tasks.c **** 				clear the value to zero. */
4715:Middlewares/Third_Party/FreeRTOS/Source/tasks.c **** 				pxCurrentTCB->ulNotifiedValue &= ~ulBitsToClearOnEntry;
4716:Middlewares/Third_Party/FreeRTOS/Source/tasks.c **** 
4717:Middlewares/Third_Party/FreeRTOS/Source/tasks.c **** 				/* Mark this task as waiting for a notification. */
4718:Middlewares/Third_Party/FreeRTOS/Source/tasks.c **** 				pxCurrentTCB->ucNotifyState = taskWAITING_NOTIFICATION;
4719:Middlewares/Third_Party/FreeRTOS/Source/tasks.c **** 
4720:Middlewares/Third_Party/FreeRTOS/Source/tasks.c **** 				if( xTicksToWait > ( TickType_t ) 0 )
4721:Middlewares/Third_Party/FreeRTOS/Source/tasks.c **** 				{
4722:Middlewares/Third_Party/FreeRTOS/Source/tasks.c **** 					prvAddCurrentTaskToDelayedList( xTicksToWait, pdTRUE );
4723:Middlewares/Third_Party/FreeRTOS/Source/tasks.c **** 					traceTASK_NOTIFY_WAIT_BLOCK();
4724:Middlewares/Third_Party/FreeRTOS/Source/tasks.c **** 
4725:Middlewares/Third_Party/FreeRTOS/Source/tasks.c **** 					/* All ports are written to allow a yield in a critical
4726:Middlewares/Third_Party/FreeRTOS/Source/tasks.c **** 					section (some will yield immediately, others wait until the
4727:Middlewares/Third_Party/FreeRTOS/Source/tasks.c **** 					critical section exits) - but it is not something that
4728:Middlewares/Third_Party/FreeRTOS/Source/tasks.c **** 					application code should ever do. */
4729:Middlewares/Third_Party/FreeRTOS/Source/tasks.c **** 					portYIELD_WITHIN_API();
4730:Middlewares/Third_Party/FreeRTOS/Source/tasks.c **** 				}
4731:Middlewares/Third_Party/FreeRTOS/Source/tasks.c **** 				else
4732:Middlewares/Third_Party/FreeRTOS/Source/tasks.c **** 				{
4733:Middlewares/Third_Party/FreeRTOS/Source/tasks.c **** 					mtCOVERAGE_TEST_MARKER();
4734:Middlewares/Third_Party/FreeRTOS/Source/tasks.c **** 				}
4735:Middlewares/Third_Party/FreeRTOS/Source/tasks.c **** 			}
4736:Middlewares/Third_Party/FreeRTOS/Source/tasks.c **** 			else
4737:Middlewares/Third_Party/FreeRTOS/Source/tasks.c **** 			{
4738:Middlewares/Third_Party/FreeRTOS/Source/tasks.c **** 				mtCOVERAGE_TEST_MARKER();
4739:Middlewares/Third_Party/FreeRTOS/Source/tasks.c **** 			}
4740:Middlewares/Third_Party/FreeRTOS/Source/tasks.c **** 		}
4741:Middlewares/Third_Party/FreeRTOS/Source/tasks.c **** 		taskEXIT_CRITICAL();
4742:Middlewares/Third_Party/FreeRTOS/Source/tasks.c **** 
4743:Middlewares/Third_Party/FreeRTOS/Source/tasks.c **** 		taskENTER_CRITICAL();
4744:Middlewares/Third_Party/FreeRTOS/Source/tasks.c **** 		{
4745:Middlewares/Third_Party/FreeRTOS/Source/tasks.c **** 			traceTASK_NOTIFY_WAIT();
4746:Middlewares/Third_Party/FreeRTOS/Source/tasks.c **** 
4747:Middlewares/Third_Party/FreeRTOS/Source/tasks.c **** 			if( pulNotificationValue != NULL )
4748:Middlewares/Third_Party/FreeRTOS/Source/tasks.c **** 			{
4749:Middlewares/Third_Party/FreeRTOS/Source/tasks.c **** 				/* Output the current notification value, which may or may not
4750:Middlewares/Third_Party/FreeRTOS/Source/tasks.c **** 				have changed. */
4751:Middlewares/Third_Party/FreeRTOS/Source/tasks.c **** 				*pulNotificationValue = pxCurrentTCB->ulNotifiedValue;
4752:Middlewares/Third_Party/FreeRTOS/Source/tasks.c **** 			}
4753:Middlewares/Third_Party/FreeRTOS/Source/tasks.c **** 
4754:Middlewares/Third_Party/FreeRTOS/Source/tasks.c **** 			/* If ucNotifyValue is set then either the task never entered the
4755:Middlewares/Third_Party/FreeRTOS/Source/tasks.c **** 			blocked state (because a notification was already pending) or the
4756:Middlewares/Third_Party/FreeRTOS/Source/tasks.c **** 			task unblocked because of a notification.  Otherwise the task
4757:Middlewares/Third_Party/FreeRTOS/Source/tasks.c **** 			unblocked because of a timeout. */
4758:Middlewares/Third_Party/FreeRTOS/Source/tasks.c **** 			if( pxCurrentTCB->ucNotifyState != taskNOTIFICATION_RECEIVED )
4759:Middlewares/Third_Party/FreeRTOS/Source/tasks.c **** 			{
4760:Middlewares/Third_Party/FreeRTOS/Source/tasks.c **** 				/* A notification was not received. */
4761:Middlewares/Third_Party/FreeRTOS/Source/tasks.c **** 				xReturn = pdFALSE;
ARM GAS  D:\temp\TMP\ccyP8bey.s 			page 105


4762:Middlewares/Third_Party/FreeRTOS/Source/tasks.c **** 			}
4763:Middlewares/Third_Party/FreeRTOS/Source/tasks.c **** 			else
4764:Middlewares/Third_Party/FreeRTOS/Source/tasks.c **** 			{
4765:Middlewares/Third_Party/FreeRTOS/Source/tasks.c **** 				/* A notification was already pending or a notification was
4766:Middlewares/Third_Party/FreeRTOS/Source/tasks.c **** 				received while the task was waiting. */
4767:Middlewares/Third_Party/FreeRTOS/Source/tasks.c **** 				pxCurrentTCB->ulNotifiedValue &= ~ulBitsToClearOnExit;
4768:Middlewares/Third_Party/FreeRTOS/Source/tasks.c **** 				xReturn = pdTRUE;
4769:Middlewares/Third_Party/FreeRTOS/Source/tasks.c **** 			}
4770:Middlewares/Third_Party/FreeRTOS/Source/tasks.c **** 
4771:Middlewares/Third_Party/FreeRTOS/Source/tasks.c **** 			pxCurrentTCB->ucNotifyState = taskNOT_WAITING_NOTIFICATION;
4772:Middlewares/Third_Party/FreeRTOS/Source/tasks.c **** 		}
4773:Middlewares/Third_Party/FreeRTOS/Source/tasks.c **** 		taskEXIT_CRITICAL();
4774:Middlewares/Third_Party/FreeRTOS/Source/tasks.c **** 
4775:Middlewares/Third_Party/FreeRTOS/Source/tasks.c **** 		return xReturn;
4776:Middlewares/Third_Party/FreeRTOS/Source/tasks.c **** 	}
4777:Middlewares/Third_Party/FreeRTOS/Source/tasks.c **** 
4778:Middlewares/Third_Party/FreeRTOS/Source/tasks.c **** #endif /* configUSE_TASK_NOTIFICATIONS */
4779:Middlewares/Third_Party/FreeRTOS/Source/tasks.c **** /*-----------------------------------------------------------*/
4780:Middlewares/Third_Party/FreeRTOS/Source/tasks.c **** 
4781:Middlewares/Third_Party/FreeRTOS/Source/tasks.c **** #if( configUSE_TASK_NOTIFICATIONS == 1 )
4782:Middlewares/Third_Party/FreeRTOS/Source/tasks.c **** 
4783:Middlewares/Third_Party/FreeRTOS/Source/tasks.c **** 	BaseType_t xTaskGenericNotify( TaskHandle_t xTaskToNotify, uint32_t ulValue, eNotifyAction eAction
4784:Middlewares/Third_Party/FreeRTOS/Source/tasks.c **** 	{
4785:Middlewares/Third_Party/FreeRTOS/Source/tasks.c **** 	TCB_t * pxTCB;
4786:Middlewares/Third_Party/FreeRTOS/Source/tasks.c **** 	BaseType_t xReturn = pdPASS;
4787:Middlewares/Third_Party/FreeRTOS/Source/tasks.c **** 	uint8_t ucOriginalNotifyState;
4788:Middlewares/Third_Party/FreeRTOS/Source/tasks.c **** 
4789:Middlewares/Third_Party/FreeRTOS/Source/tasks.c **** 		configASSERT( xTaskToNotify );
4790:Middlewares/Third_Party/FreeRTOS/Source/tasks.c **** 		pxTCB = xTaskToNotify;
4791:Middlewares/Third_Party/FreeRTOS/Source/tasks.c **** 
4792:Middlewares/Third_Party/FreeRTOS/Source/tasks.c **** 		taskENTER_CRITICAL();
4793:Middlewares/Third_Party/FreeRTOS/Source/tasks.c **** 		{
4794:Middlewares/Third_Party/FreeRTOS/Source/tasks.c **** 			if( pulPreviousNotificationValue != NULL )
4795:Middlewares/Third_Party/FreeRTOS/Source/tasks.c **** 			{
4796:Middlewares/Third_Party/FreeRTOS/Source/tasks.c **** 				*pulPreviousNotificationValue = pxTCB->ulNotifiedValue;
4797:Middlewares/Third_Party/FreeRTOS/Source/tasks.c **** 			}
4798:Middlewares/Third_Party/FreeRTOS/Source/tasks.c **** 
4799:Middlewares/Third_Party/FreeRTOS/Source/tasks.c **** 			ucOriginalNotifyState = pxTCB->ucNotifyState;
4800:Middlewares/Third_Party/FreeRTOS/Source/tasks.c **** 
4801:Middlewares/Third_Party/FreeRTOS/Source/tasks.c **** 			pxTCB->ucNotifyState = taskNOTIFICATION_RECEIVED;
4802:Middlewares/Third_Party/FreeRTOS/Source/tasks.c **** 
4803:Middlewares/Third_Party/FreeRTOS/Source/tasks.c **** 			switch( eAction )
4804:Middlewares/Third_Party/FreeRTOS/Source/tasks.c **** 			{
4805:Middlewares/Third_Party/FreeRTOS/Source/tasks.c **** 				case eSetBits	:
4806:Middlewares/Third_Party/FreeRTOS/Source/tasks.c **** 					pxTCB->ulNotifiedValue |= ulValue;
4807:Middlewares/Third_Party/FreeRTOS/Source/tasks.c **** 					break;
4808:Middlewares/Third_Party/FreeRTOS/Source/tasks.c **** 
4809:Middlewares/Third_Party/FreeRTOS/Source/tasks.c **** 				case eIncrement	:
4810:Middlewares/Third_Party/FreeRTOS/Source/tasks.c **** 					( pxTCB->ulNotifiedValue )++;
4811:Middlewares/Third_Party/FreeRTOS/Source/tasks.c **** 					break;
4812:Middlewares/Third_Party/FreeRTOS/Source/tasks.c **** 
4813:Middlewares/Third_Party/FreeRTOS/Source/tasks.c **** 				case eSetValueWithOverwrite	:
4814:Middlewares/Third_Party/FreeRTOS/Source/tasks.c **** 					pxTCB->ulNotifiedValue = ulValue;
4815:Middlewares/Third_Party/FreeRTOS/Source/tasks.c **** 					break;
4816:Middlewares/Third_Party/FreeRTOS/Source/tasks.c **** 
4817:Middlewares/Third_Party/FreeRTOS/Source/tasks.c **** 				case eSetValueWithoutOverwrite :
4818:Middlewares/Third_Party/FreeRTOS/Source/tasks.c **** 					if( ucOriginalNotifyState != taskNOTIFICATION_RECEIVED )
ARM GAS  D:\temp\TMP\ccyP8bey.s 			page 106


4819:Middlewares/Third_Party/FreeRTOS/Source/tasks.c **** 					{
4820:Middlewares/Third_Party/FreeRTOS/Source/tasks.c **** 						pxTCB->ulNotifiedValue = ulValue;
4821:Middlewares/Third_Party/FreeRTOS/Source/tasks.c **** 					}
4822:Middlewares/Third_Party/FreeRTOS/Source/tasks.c **** 					else
4823:Middlewares/Third_Party/FreeRTOS/Source/tasks.c **** 					{
4824:Middlewares/Third_Party/FreeRTOS/Source/tasks.c **** 						/* The value could not be written to the task. */
4825:Middlewares/Third_Party/FreeRTOS/Source/tasks.c **** 						xReturn = pdFAIL;
4826:Middlewares/Third_Party/FreeRTOS/Source/tasks.c **** 					}
4827:Middlewares/Third_Party/FreeRTOS/Source/tasks.c **** 					break;
4828:Middlewares/Third_Party/FreeRTOS/Source/tasks.c **** 
4829:Middlewares/Third_Party/FreeRTOS/Source/tasks.c **** 				case eNoAction:
4830:Middlewares/Third_Party/FreeRTOS/Source/tasks.c **** 					/* The task is being notified without its notify value being
4831:Middlewares/Third_Party/FreeRTOS/Source/tasks.c **** 					updated. */
4832:Middlewares/Third_Party/FreeRTOS/Source/tasks.c **** 					break;
4833:Middlewares/Third_Party/FreeRTOS/Source/tasks.c **** 
4834:Middlewares/Third_Party/FreeRTOS/Source/tasks.c **** 				default:
4835:Middlewares/Third_Party/FreeRTOS/Source/tasks.c **** 					/* Should not get here if all enums are handled.
4836:Middlewares/Third_Party/FreeRTOS/Source/tasks.c **** 					Artificially force an assert by testing a value the
4837:Middlewares/Third_Party/FreeRTOS/Source/tasks.c **** 					compiler can't assume is const. */
4838:Middlewares/Third_Party/FreeRTOS/Source/tasks.c **** 					configASSERT( pxTCB->ulNotifiedValue == ~0UL );
4839:Middlewares/Third_Party/FreeRTOS/Source/tasks.c **** 
4840:Middlewares/Third_Party/FreeRTOS/Source/tasks.c **** 					break;
4841:Middlewares/Third_Party/FreeRTOS/Source/tasks.c **** 			}
4842:Middlewares/Third_Party/FreeRTOS/Source/tasks.c **** 
4843:Middlewares/Third_Party/FreeRTOS/Source/tasks.c **** 			traceTASK_NOTIFY();
4844:Middlewares/Third_Party/FreeRTOS/Source/tasks.c **** 
4845:Middlewares/Third_Party/FreeRTOS/Source/tasks.c **** 			/* If the task is in the blocked state specifically to wait for a
4846:Middlewares/Third_Party/FreeRTOS/Source/tasks.c **** 			notification then unblock it now. */
4847:Middlewares/Third_Party/FreeRTOS/Source/tasks.c **** 			if( ucOriginalNotifyState == taskWAITING_NOTIFICATION )
4848:Middlewares/Third_Party/FreeRTOS/Source/tasks.c **** 			{
4849:Middlewares/Third_Party/FreeRTOS/Source/tasks.c **** 				( void ) uxListRemove( &( pxTCB->xStateListItem ) );
4850:Middlewares/Third_Party/FreeRTOS/Source/tasks.c **** 				prvAddTaskToReadyList( pxTCB );
4851:Middlewares/Third_Party/FreeRTOS/Source/tasks.c **** 
4852:Middlewares/Third_Party/FreeRTOS/Source/tasks.c **** 				/* The task should not have been on an event list. */
4853:Middlewares/Third_Party/FreeRTOS/Source/tasks.c **** 				configASSERT( listLIST_ITEM_CONTAINER( &( pxTCB->xEventListItem ) ) == NULL );
4854:Middlewares/Third_Party/FreeRTOS/Source/tasks.c **** 
4855:Middlewares/Third_Party/FreeRTOS/Source/tasks.c **** 				#if( configUSE_TICKLESS_IDLE != 0 )
4856:Middlewares/Third_Party/FreeRTOS/Source/tasks.c **** 				{
4857:Middlewares/Third_Party/FreeRTOS/Source/tasks.c **** 					/* If a task is blocked waiting for a notification then
4858:Middlewares/Third_Party/FreeRTOS/Source/tasks.c **** 					xNextTaskUnblockTime might be set to the blocked task's time
4859:Middlewares/Third_Party/FreeRTOS/Source/tasks.c **** 					out time.  If the task is unblocked for a reason other than
4860:Middlewares/Third_Party/FreeRTOS/Source/tasks.c **** 					a timeout xNextTaskUnblockTime is normally left unchanged,
4861:Middlewares/Third_Party/FreeRTOS/Source/tasks.c **** 					because it will automatically get reset to a new value when
4862:Middlewares/Third_Party/FreeRTOS/Source/tasks.c **** 					the tick count equals xNextTaskUnblockTime.  However if
4863:Middlewares/Third_Party/FreeRTOS/Source/tasks.c **** 					tickless idling is used it might be more important to enter
4864:Middlewares/Third_Party/FreeRTOS/Source/tasks.c **** 					sleep mode at the earliest possible time - so reset
4865:Middlewares/Third_Party/FreeRTOS/Source/tasks.c **** 					xNextTaskUnblockTime here to ensure it is updated at the
4866:Middlewares/Third_Party/FreeRTOS/Source/tasks.c **** 					earliest possible time. */
4867:Middlewares/Third_Party/FreeRTOS/Source/tasks.c **** 					prvResetNextTaskUnblockTime();
4868:Middlewares/Third_Party/FreeRTOS/Source/tasks.c **** 				}
4869:Middlewares/Third_Party/FreeRTOS/Source/tasks.c **** 				#endif
4870:Middlewares/Third_Party/FreeRTOS/Source/tasks.c **** 
4871:Middlewares/Third_Party/FreeRTOS/Source/tasks.c **** 				if( pxTCB->uxPriority > pxCurrentTCB->uxPriority )
4872:Middlewares/Third_Party/FreeRTOS/Source/tasks.c **** 				{
4873:Middlewares/Third_Party/FreeRTOS/Source/tasks.c **** 					/* The notified task has a priority above the currently
4874:Middlewares/Third_Party/FreeRTOS/Source/tasks.c **** 					executing task so a yield is required. */
4875:Middlewares/Third_Party/FreeRTOS/Source/tasks.c **** 					taskYIELD_IF_USING_PREEMPTION();
ARM GAS  D:\temp\TMP\ccyP8bey.s 			page 107


4876:Middlewares/Third_Party/FreeRTOS/Source/tasks.c **** 				}
4877:Middlewares/Third_Party/FreeRTOS/Source/tasks.c **** 				else
4878:Middlewares/Third_Party/FreeRTOS/Source/tasks.c **** 				{
4879:Middlewares/Third_Party/FreeRTOS/Source/tasks.c **** 					mtCOVERAGE_TEST_MARKER();
4880:Middlewares/Third_Party/FreeRTOS/Source/tasks.c **** 				}
4881:Middlewares/Third_Party/FreeRTOS/Source/tasks.c **** 			}
4882:Middlewares/Third_Party/FreeRTOS/Source/tasks.c **** 			else
4883:Middlewares/Third_Party/FreeRTOS/Source/tasks.c **** 			{
4884:Middlewares/Third_Party/FreeRTOS/Source/tasks.c **** 				mtCOVERAGE_TEST_MARKER();
4885:Middlewares/Third_Party/FreeRTOS/Source/tasks.c **** 			}
4886:Middlewares/Third_Party/FreeRTOS/Source/tasks.c **** 		}
4887:Middlewares/Third_Party/FreeRTOS/Source/tasks.c **** 		taskEXIT_CRITICAL();
4888:Middlewares/Third_Party/FreeRTOS/Source/tasks.c **** 
4889:Middlewares/Third_Party/FreeRTOS/Source/tasks.c **** 		return xReturn;
4890:Middlewares/Third_Party/FreeRTOS/Source/tasks.c **** 	}
4891:Middlewares/Third_Party/FreeRTOS/Source/tasks.c **** 
4892:Middlewares/Third_Party/FreeRTOS/Source/tasks.c **** #endif /* configUSE_TASK_NOTIFICATIONS */
4893:Middlewares/Third_Party/FreeRTOS/Source/tasks.c **** /*-----------------------------------------------------------*/
4894:Middlewares/Third_Party/FreeRTOS/Source/tasks.c **** 
4895:Middlewares/Third_Party/FreeRTOS/Source/tasks.c **** #if( configUSE_TASK_NOTIFICATIONS == 1 )
4896:Middlewares/Third_Party/FreeRTOS/Source/tasks.c **** 
4897:Middlewares/Third_Party/FreeRTOS/Source/tasks.c **** 	BaseType_t xTaskGenericNotifyFromISR( TaskHandle_t xTaskToNotify, uint32_t ulValue, eNotifyAction 
4898:Middlewares/Third_Party/FreeRTOS/Source/tasks.c **** 	{
4899:Middlewares/Third_Party/FreeRTOS/Source/tasks.c **** 	TCB_t * pxTCB;
4900:Middlewares/Third_Party/FreeRTOS/Source/tasks.c **** 	uint8_t ucOriginalNotifyState;
4901:Middlewares/Third_Party/FreeRTOS/Source/tasks.c **** 	BaseType_t xReturn = pdPASS;
4902:Middlewares/Third_Party/FreeRTOS/Source/tasks.c **** 	UBaseType_t uxSavedInterruptStatus;
4903:Middlewares/Third_Party/FreeRTOS/Source/tasks.c **** 
4904:Middlewares/Third_Party/FreeRTOS/Source/tasks.c **** 		configASSERT( xTaskToNotify );
4905:Middlewares/Third_Party/FreeRTOS/Source/tasks.c **** 
4906:Middlewares/Third_Party/FreeRTOS/Source/tasks.c **** 		/* RTOS ports that support interrupt nesting have the concept of a
4907:Middlewares/Third_Party/FreeRTOS/Source/tasks.c **** 		maximum	system call (or maximum API call) interrupt priority.
4908:Middlewares/Third_Party/FreeRTOS/Source/tasks.c **** 		Interrupts that are	above the maximum system call priority are keep
4909:Middlewares/Third_Party/FreeRTOS/Source/tasks.c **** 		permanently enabled, even when the RTOS kernel is in a critical section,
4910:Middlewares/Third_Party/FreeRTOS/Source/tasks.c **** 		but cannot make any calls to FreeRTOS API functions.  If configASSERT()
4911:Middlewares/Third_Party/FreeRTOS/Source/tasks.c **** 		is defined in FreeRTOSConfig.h then
4912:Middlewares/Third_Party/FreeRTOS/Source/tasks.c **** 		portASSERT_IF_INTERRUPT_PRIORITY_INVALID() will result in an assertion
4913:Middlewares/Third_Party/FreeRTOS/Source/tasks.c **** 		failure if a FreeRTOS API function is called from an interrupt that has
4914:Middlewares/Third_Party/FreeRTOS/Source/tasks.c **** 		been assigned a priority above the configured maximum system call
4915:Middlewares/Third_Party/FreeRTOS/Source/tasks.c **** 		priority.  Only FreeRTOS functions that end in FromISR can be called
4916:Middlewares/Third_Party/FreeRTOS/Source/tasks.c **** 		from interrupts	that have been assigned a priority at or (logically)
4917:Middlewares/Third_Party/FreeRTOS/Source/tasks.c **** 		below the maximum system call interrupt priority.  FreeRTOS maintains a
4918:Middlewares/Third_Party/FreeRTOS/Source/tasks.c **** 		separate interrupt safe API to ensure interrupt entry is as fast and as
4919:Middlewares/Third_Party/FreeRTOS/Source/tasks.c **** 		simple as possible.  More information (albeit Cortex-M specific) is
4920:Middlewares/Third_Party/FreeRTOS/Source/tasks.c **** 		provided on the following link:
4921:Middlewares/Third_Party/FreeRTOS/Source/tasks.c **** 		http://www.freertos.org/RTOS-Cortex-M3-M4.html */
4922:Middlewares/Third_Party/FreeRTOS/Source/tasks.c **** 		portASSERT_IF_INTERRUPT_PRIORITY_INVALID();
4923:Middlewares/Third_Party/FreeRTOS/Source/tasks.c **** 
4924:Middlewares/Third_Party/FreeRTOS/Source/tasks.c **** 		pxTCB = xTaskToNotify;
4925:Middlewares/Third_Party/FreeRTOS/Source/tasks.c **** 
4926:Middlewares/Third_Party/FreeRTOS/Source/tasks.c **** 		uxSavedInterruptStatus = portSET_INTERRUPT_MASK_FROM_ISR();
4927:Middlewares/Third_Party/FreeRTOS/Source/tasks.c **** 		{
4928:Middlewares/Third_Party/FreeRTOS/Source/tasks.c **** 			if( pulPreviousNotificationValue != NULL )
4929:Middlewares/Third_Party/FreeRTOS/Source/tasks.c **** 			{
4930:Middlewares/Third_Party/FreeRTOS/Source/tasks.c **** 				*pulPreviousNotificationValue = pxTCB->ulNotifiedValue;
4931:Middlewares/Third_Party/FreeRTOS/Source/tasks.c **** 			}
4932:Middlewares/Third_Party/FreeRTOS/Source/tasks.c **** 
ARM GAS  D:\temp\TMP\ccyP8bey.s 			page 108


4933:Middlewares/Third_Party/FreeRTOS/Source/tasks.c **** 			ucOriginalNotifyState = pxTCB->ucNotifyState;
4934:Middlewares/Third_Party/FreeRTOS/Source/tasks.c **** 			pxTCB->ucNotifyState = taskNOTIFICATION_RECEIVED;
4935:Middlewares/Third_Party/FreeRTOS/Source/tasks.c **** 
4936:Middlewares/Third_Party/FreeRTOS/Source/tasks.c **** 			switch( eAction )
4937:Middlewares/Third_Party/FreeRTOS/Source/tasks.c **** 			{
4938:Middlewares/Third_Party/FreeRTOS/Source/tasks.c **** 				case eSetBits	:
4939:Middlewares/Third_Party/FreeRTOS/Source/tasks.c **** 					pxTCB->ulNotifiedValue |= ulValue;
4940:Middlewares/Third_Party/FreeRTOS/Source/tasks.c **** 					break;
4941:Middlewares/Third_Party/FreeRTOS/Source/tasks.c **** 
4942:Middlewares/Third_Party/FreeRTOS/Source/tasks.c **** 				case eIncrement	:
4943:Middlewares/Third_Party/FreeRTOS/Source/tasks.c **** 					( pxTCB->ulNotifiedValue )++;
4944:Middlewares/Third_Party/FreeRTOS/Source/tasks.c **** 					break;
4945:Middlewares/Third_Party/FreeRTOS/Source/tasks.c **** 
4946:Middlewares/Third_Party/FreeRTOS/Source/tasks.c **** 				case eSetValueWithOverwrite	:
4947:Middlewares/Third_Party/FreeRTOS/Source/tasks.c **** 					pxTCB->ulNotifiedValue = ulValue;
4948:Middlewares/Third_Party/FreeRTOS/Source/tasks.c **** 					break;
4949:Middlewares/Third_Party/FreeRTOS/Source/tasks.c **** 
4950:Middlewares/Third_Party/FreeRTOS/Source/tasks.c **** 				case eSetValueWithoutOverwrite :
4951:Middlewares/Third_Party/FreeRTOS/Source/tasks.c **** 					if( ucOriginalNotifyState != taskNOTIFICATION_RECEIVED )
4952:Middlewares/Third_Party/FreeRTOS/Source/tasks.c **** 					{
4953:Middlewares/Third_Party/FreeRTOS/Source/tasks.c **** 						pxTCB->ulNotifiedValue = ulValue;
4954:Middlewares/Third_Party/FreeRTOS/Source/tasks.c **** 					}
4955:Middlewares/Third_Party/FreeRTOS/Source/tasks.c **** 					else
4956:Middlewares/Third_Party/FreeRTOS/Source/tasks.c **** 					{
4957:Middlewares/Third_Party/FreeRTOS/Source/tasks.c **** 						/* The value could not be written to the task. */
4958:Middlewares/Third_Party/FreeRTOS/Source/tasks.c **** 						xReturn = pdFAIL;
4959:Middlewares/Third_Party/FreeRTOS/Source/tasks.c **** 					}
4960:Middlewares/Third_Party/FreeRTOS/Source/tasks.c **** 					break;
4961:Middlewares/Third_Party/FreeRTOS/Source/tasks.c **** 
4962:Middlewares/Third_Party/FreeRTOS/Source/tasks.c **** 				case eNoAction :
4963:Middlewares/Third_Party/FreeRTOS/Source/tasks.c **** 					/* The task is being notified without its notify value being
4964:Middlewares/Third_Party/FreeRTOS/Source/tasks.c **** 					updated. */
4965:Middlewares/Third_Party/FreeRTOS/Source/tasks.c **** 					break;
4966:Middlewares/Third_Party/FreeRTOS/Source/tasks.c **** 
4967:Middlewares/Third_Party/FreeRTOS/Source/tasks.c **** 				default:
4968:Middlewares/Third_Party/FreeRTOS/Source/tasks.c **** 					/* Should not get here if all enums are handled.
4969:Middlewares/Third_Party/FreeRTOS/Source/tasks.c **** 					Artificially force an assert by testing a value the
4970:Middlewares/Third_Party/FreeRTOS/Source/tasks.c **** 					compiler can't assume is const. */
4971:Middlewares/Third_Party/FreeRTOS/Source/tasks.c **** 					configASSERT( pxTCB->ulNotifiedValue == ~0UL );
4972:Middlewares/Third_Party/FreeRTOS/Source/tasks.c **** 					break;
4973:Middlewares/Third_Party/FreeRTOS/Source/tasks.c **** 			}
4974:Middlewares/Third_Party/FreeRTOS/Source/tasks.c **** 
4975:Middlewares/Third_Party/FreeRTOS/Source/tasks.c **** 			traceTASK_NOTIFY_FROM_ISR();
4976:Middlewares/Third_Party/FreeRTOS/Source/tasks.c **** 
4977:Middlewares/Third_Party/FreeRTOS/Source/tasks.c **** 			/* If the task is in the blocked state specifically to wait for a
4978:Middlewares/Third_Party/FreeRTOS/Source/tasks.c **** 			notification then unblock it now. */
4979:Middlewares/Third_Party/FreeRTOS/Source/tasks.c **** 			if( ucOriginalNotifyState == taskWAITING_NOTIFICATION )
4980:Middlewares/Third_Party/FreeRTOS/Source/tasks.c **** 			{
4981:Middlewares/Third_Party/FreeRTOS/Source/tasks.c **** 				/* The task should not have been on an event list. */
4982:Middlewares/Third_Party/FreeRTOS/Source/tasks.c **** 				configASSERT( listLIST_ITEM_CONTAINER( &( pxTCB->xEventListItem ) ) == NULL );
4983:Middlewares/Third_Party/FreeRTOS/Source/tasks.c **** 
4984:Middlewares/Third_Party/FreeRTOS/Source/tasks.c **** 				if( uxSchedulerSuspended == ( UBaseType_t ) pdFALSE )
4985:Middlewares/Third_Party/FreeRTOS/Source/tasks.c **** 				{
4986:Middlewares/Third_Party/FreeRTOS/Source/tasks.c **** 					( void ) uxListRemove( &( pxTCB->xStateListItem ) );
4987:Middlewares/Third_Party/FreeRTOS/Source/tasks.c **** 					prvAddTaskToReadyList( pxTCB );
4988:Middlewares/Third_Party/FreeRTOS/Source/tasks.c **** 				}
4989:Middlewares/Third_Party/FreeRTOS/Source/tasks.c **** 				else
ARM GAS  D:\temp\TMP\ccyP8bey.s 			page 109


4990:Middlewares/Third_Party/FreeRTOS/Source/tasks.c **** 				{
4991:Middlewares/Third_Party/FreeRTOS/Source/tasks.c **** 					/* The delayed and ready lists cannot be accessed, so hold
4992:Middlewares/Third_Party/FreeRTOS/Source/tasks.c **** 					this task pending until the scheduler is resumed. */
4993:Middlewares/Third_Party/FreeRTOS/Source/tasks.c **** 					vListInsertEnd( &( xPendingReadyList ), &( pxTCB->xEventListItem ) );
4994:Middlewares/Third_Party/FreeRTOS/Source/tasks.c **** 				}
4995:Middlewares/Third_Party/FreeRTOS/Source/tasks.c **** 
4996:Middlewares/Third_Party/FreeRTOS/Source/tasks.c **** 				if( pxTCB->uxPriority > pxCurrentTCB->uxPriority )
4997:Middlewares/Third_Party/FreeRTOS/Source/tasks.c **** 				{
4998:Middlewares/Third_Party/FreeRTOS/Source/tasks.c **** 					/* The notified task has a priority above the currently
4999:Middlewares/Third_Party/FreeRTOS/Source/tasks.c **** 					executing task so a yield is required. */
5000:Middlewares/Third_Party/FreeRTOS/Source/tasks.c **** 					if( pxHigherPriorityTaskWoken != NULL )
5001:Middlewares/Third_Party/FreeRTOS/Source/tasks.c **** 					{
5002:Middlewares/Third_Party/FreeRTOS/Source/tasks.c **** 						*pxHigherPriorityTaskWoken = pdTRUE;
5003:Middlewares/Third_Party/FreeRTOS/Source/tasks.c **** 					}
5004:Middlewares/Third_Party/FreeRTOS/Source/tasks.c **** 
5005:Middlewares/Third_Party/FreeRTOS/Source/tasks.c **** 					/* Mark that a yield is pending in case the user is not
5006:Middlewares/Third_Party/FreeRTOS/Source/tasks.c **** 					using the "xHigherPriorityTaskWoken" parameter to an ISR
5007:Middlewares/Third_Party/FreeRTOS/Source/tasks.c **** 					safe FreeRTOS function. */
5008:Middlewares/Third_Party/FreeRTOS/Source/tasks.c **** 					xYieldPending = pdTRUE;
5009:Middlewares/Third_Party/FreeRTOS/Source/tasks.c **** 				}
5010:Middlewares/Third_Party/FreeRTOS/Source/tasks.c **** 				else
5011:Middlewares/Third_Party/FreeRTOS/Source/tasks.c **** 				{
5012:Middlewares/Third_Party/FreeRTOS/Source/tasks.c **** 					mtCOVERAGE_TEST_MARKER();
5013:Middlewares/Third_Party/FreeRTOS/Source/tasks.c **** 				}
5014:Middlewares/Third_Party/FreeRTOS/Source/tasks.c **** 			}
5015:Middlewares/Third_Party/FreeRTOS/Source/tasks.c **** 		}
5016:Middlewares/Third_Party/FreeRTOS/Source/tasks.c **** 		portCLEAR_INTERRUPT_MASK_FROM_ISR( uxSavedInterruptStatus );
5017:Middlewares/Third_Party/FreeRTOS/Source/tasks.c **** 
5018:Middlewares/Third_Party/FreeRTOS/Source/tasks.c **** 		return xReturn;
5019:Middlewares/Third_Party/FreeRTOS/Source/tasks.c **** 	}
5020:Middlewares/Third_Party/FreeRTOS/Source/tasks.c **** 
5021:Middlewares/Third_Party/FreeRTOS/Source/tasks.c **** #endif /* configUSE_TASK_NOTIFICATIONS */
5022:Middlewares/Third_Party/FreeRTOS/Source/tasks.c **** /*-----------------------------------------------------------*/
5023:Middlewares/Third_Party/FreeRTOS/Source/tasks.c **** 
5024:Middlewares/Third_Party/FreeRTOS/Source/tasks.c **** #if( configUSE_TASK_NOTIFICATIONS == 1 )
5025:Middlewares/Third_Party/FreeRTOS/Source/tasks.c **** 
5026:Middlewares/Third_Party/FreeRTOS/Source/tasks.c **** 	void vTaskNotifyGiveFromISR( TaskHandle_t xTaskToNotify, BaseType_t *pxHigherPriorityTaskWoken )
5027:Middlewares/Third_Party/FreeRTOS/Source/tasks.c **** 	{
5028:Middlewares/Third_Party/FreeRTOS/Source/tasks.c **** 	TCB_t * pxTCB;
5029:Middlewares/Third_Party/FreeRTOS/Source/tasks.c **** 	uint8_t ucOriginalNotifyState;
5030:Middlewares/Third_Party/FreeRTOS/Source/tasks.c **** 	UBaseType_t uxSavedInterruptStatus;
5031:Middlewares/Third_Party/FreeRTOS/Source/tasks.c **** 
5032:Middlewares/Third_Party/FreeRTOS/Source/tasks.c **** 		configASSERT( xTaskToNotify );
5033:Middlewares/Third_Party/FreeRTOS/Source/tasks.c **** 
5034:Middlewares/Third_Party/FreeRTOS/Source/tasks.c **** 		/* RTOS ports that support interrupt nesting have the concept of a
5035:Middlewares/Third_Party/FreeRTOS/Source/tasks.c **** 		maximum	system call (or maximum API call) interrupt priority.
5036:Middlewares/Third_Party/FreeRTOS/Source/tasks.c **** 		Interrupts that are	above the maximum system call priority are keep
5037:Middlewares/Third_Party/FreeRTOS/Source/tasks.c **** 		permanently enabled, even when the RTOS kernel is in a critical section,
5038:Middlewares/Third_Party/FreeRTOS/Source/tasks.c **** 		but cannot make any calls to FreeRTOS API functions.  If configASSERT()
5039:Middlewares/Third_Party/FreeRTOS/Source/tasks.c **** 		is defined in FreeRTOSConfig.h then
5040:Middlewares/Third_Party/FreeRTOS/Source/tasks.c **** 		portASSERT_IF_INTERRUPT_PRIORITY_INVALID() will result in an assertion
5041:Middlewares/Third_Party/FreeRTOS/Source/tasks.c **** 		failure if a FreeRTOS API function is called from an interrupt that has
5042:Middlewares/Third_Party/FreeRTOS/Source/tasks.c **** 		been assigned a priority above the configured maximum system call
5043:Middlewares/Third_Party/FreeRTOS/Source/tasks.c **** 		priority.  Only FreeRTOS functions that end in FromISR can be called
5044:Middlewares/Third_Party/FreeRTOS/Source/tasks.c **** 		from interrupts	that have been assigned a priority at or (logically)
5045:Middlewares/Third_Party/FreeRTOS/Source/tasks.c **** 		below the maximum system call interrupt priority.  FreeRTOS maintains a
5046:Middlewares/Third_Party/FreeRTOS/Source/tasks.c **** 		separate interrupt safe API to ensure interrupt entry is as fast and as
ARM GAS  D:\temp\TMP\ccyP8bey.s 			page 110


5047:Middlewares/Third_Party/FreeRTOS/Source/tasks.c **** 		simple as possible.  More information (albeit Cortex-M specific) is
5048:Middlewares/Third_Party/FreeRTOS/Source/tasks.c **** 		provided on the following link:
5049:Middlewares/Third_Party/FreeRTOS/Source/tasks.c **** 		http://www.freertos.org/RTOS-Cortex-M3-M4.html */
5050:Middlewares/Third_Party/FreeRTOS/Source/tasks.c **** 		portASSERT_IF_INTERRUPT_PRIORITY_INVALID();
5051:Middlewares/Third_Party/FreeRTOS/Source/tasks.c **** 
5052:Middlewares/Third_Party/FreeRTOS/Source/tasks.c **** 		pxTCB = xTaskToNotify;
5053:Middlewares/Third_Party/FreeRTOS/Source/tasks.c **** 
5054:Middlewares/Third_Party/FreeRTOS/Source/tasks.c **** 		uxSavedInterruptStatus = portSET_INTERRUPT_MASK_FROM_ISR();
5055:Middlewares/Third_Party/FreeRTOS/Source/tasks.c **** 		{
5056:Middlewares/Third_Party/FreeRTOS/Source/tasks.c **** 			ucOriginalNotifyState = pxTCB->ucNotifyState;
5057:Middlewares/Third_Party/FreeRTOS/Source/tasks.c **** 			pxTCB->ucNotifyState = taskNOTIFICATION_RECEIVED;
5058:Middlewares/Third_Party/FreeRTOS/Source/tasks.c **** 
5059:Middlewares/Third_Party/FreeRTOS/Source/tasks.c **** 			/* 'Giving' is equivalent to incrementing a count in a counting
5060:Middlewares/Third_Party/FreeRTOS/Source/tasks.c **** 			semaphore. */
5061:Middlewares/Third_Party/FreeRTOS/Source/tasks.c **** 			( pxTCB->ulNotifiedValue )++;
5062:Middlewares/Third_Party/FreeRTOS/Source/tasks.c **** 
5063:Middlewares/Third_Party/FreeRTOS/Source/tasks.c **** 			traceTASK_NOTIFY_GIVE_FROM_ISR();
5064:Middlewares/Third_Party/FreeRTOS/Source/tasks.c **** 
5065:Middlewares/Third_Party/FreeRTOS/Source/tasks.c **** 			/* If the task is in the blocked state specifically to wait for a
5066:Middlewares/Third_Party/FreeRTOS/Source/tasks.c **** 			notification then unblock it now. */
5067:Middlewares/Third_Party/FreeRTOS/Source/tasks.c **** 			if( ucOriginalNotifyState == taskWAITING_NOTIFICATION )
5068:Middlewares/Third_Party/FreeRTOS/Source/tasks.c **** 			{
5069:Middlewares/Third_Party/FreeRTOS/Source/tasks.c **** 				/* The task should not have been on an event list. */
5070:Middlewares/Third_Party/FreeRTOS/Source/tasks.c **** 				configASSERT( listLIST_ITEM_CONTAINER( &( pxTCB->xEventListItem ) ) == NULL );
5071:Middlewares/Third_Party/FreeRTOS/Source/tasks.c **** 
5072:Middlewares/Third_Party/FreeRTOS/Source/tasks.c **** 				if( uxSchedulerSuspended == ( UBaseType_t ) pdFALSE )
5073:Middlewares/Third_Party/FreeRTOS/Source/tasks.c **** 				{
5074:Middlewares/Third_Party/FreeRTOS/Source/tasks.c **** 					( void ) uxListRemove( &( pxTCB->xStateListItem ) );
5075:Middlewares/Third_Party/FreeRTOS/Source/tasks.c **** 					prvAddTaskToReadyList( pxTCB );
5076:Middlewares/Third_Party/FreeRTOS/Source/tasks.c **** 				}
5077:Middlewares/Third_Party/FreeRTOS/Source/tasks.c **** 				else
5078:Middlewares/Third_Party/FreeRTOS/Source/tasks.c **** 				{
5079:Middlewares/Third_Party/FreeRTOS/Source/tasks.c **** 					/* The delayed and ready lists cannot be accessed, so hold
5080:Middlewares/Third_Party/FreeRTOS/Source/tasks.c **** 					this task pending until the scheduler is resumed. */
5081:Middlewares/Third_Party/FreeRTOS/Source/tasks.c **** 					vListInsertEnd( &( xPendingReadyList ), &( pxTCB->xEventListItem ) );
5082:Middlewares/Third_Party/FreeRTOS/Source/tasks.c **** 				}
5083:Middlewares/Third_Party/FreeRTOS/Source/tasks.c **** 
5084:Middlewares/Third_Party/FreeRTOS/Source/tasks.c **** 				if( pxTCB->uxPriority > pxCurrentTCB->uxPriority )
5085:Middlewares/Third_Party/FreeRTOS/Source/tasks.c **** 				{
5086:Middlewares/Third_Party/FreeRTOS/Source/tasks.c **** 					/* The notified task has a priority above the currently
5087:Middlewares/Third_Party/FreeRTOS/Source/tasks.c **** 					executing task so a yield is required. */
5088:Middlewares/Third_Party/FreeRTOS/Source/tasks.c **** 					if( pxHigherPriorityTaskWoken != NULL )
5089:Middlewares/Third_Party/FreeRTOS/Source/tasks.c **** 					{
5090:Middlewares/Third_Party/FreeRTOS/Source/tasks.c **** 						*pxHigherPriorityTaskWoken = pdTRUE;
5091:Middlewares/Third_Party/FreeRTOS/Source/tasks.c **** 					}
5092:Middlewares/Third_Party/FreeRTOS/Source/tasks.c **** 
5093:Middlewares/Third_Party/FreeRTOS/Source/tasks.c **** 					/* Mark that a yield is pending in case the user is not
5094:Middlewares/Third_Party/FreeRTOS/Source/tasks.c **** 					using the "xHigherPriorityTaskWoken" parameter in an ISR
5095:Middlewares/Third_Party/FreeRTOS/Source/tasks.c **** 					safe FreeRTOS function. */
5096:Middlewares/Third_Party/FreeRTOS/Source/tasks.c **** 					xYieldPending = pdTRUE;
5097:Middlewares/Third_Party/FreeRTOS/Source/tasks.c **** 				}
5098:Middlewares/Third_Party/FreeRTOS/Source/tasks.c **** 				else
5099:Middlewares/Third_Party/FreeRTOS/Source/tasks.c **** 				{
5100:Middlewares/Third_Party/FreeRTOS/Source/tasks.c **** 					mtCOVERAGE_TEST_MARKER();
5101:Middlewares/Third_Party/FreeRTOS/Source/tasks.c **** 				}
5102:Middlewares/Third_Party/FreeRTOS/Source/tasks.c **** 			}
5103:Middlewares/Third_Party/FreeRTOS/Source/tasks.c **** 		}
ARM GAS  D:\temp\TMP\ccyP8bey.s 			page 111


5104:Middlewares/Third_Party/FreeRTOS/Source/tasks.c **** 		portCLEAR_INTERRUPT_MASK_FROM_ISR( uxSavedInterruptStatus );
5105:Middlewares/Third_Party/FreeRTOS/Source/tasks.c **** 	}
5106:Middlewares/Third_Party/FreeRTOS/Source/tasks.c **** 
5107:Middlewares/Third_Party/FreeRTOS/Source/tasks.c **** #endif /* configUSE_TASK_NOTIFICATIONS */
5108:Middlewares/Third_Party/FreeRTOS/Source/tasks.c **** /*-----------------------------------------------------------*/
5109:Middlewares/Third_Party/FreeRTOS/Source/tasks.c **** 
5110:Middlewares/Third_Party/FreeRTOS/Source/tasks.c **** #if( configUSE_TASK_NOTIFICATIONS == 1 )
5111:Middlewares/Third_Party/FreeRTOS/Source/tasks.c **** 
5112:Middlewares/Third_Party/FreeRTOS/Source/tasks.c **** 	BaseType_t xTaskNotifyStateClear( TaskHandle_t xTask )
5113:Middlewares/Third_Party/FreeRTOS/Source/tasks.c **** 	{
5114:Middlewares/Third_Party/FreeRTOS/Source/tasks.c **** 	TCB_t *pxTCB;
5115:Middlewares/Third_Party/FreeRTOS/Source/tasks.c **** 	BaseType_t xReturn;
5116:Middlewares/Third_Party/FreeRTOS/Source/tasks.c **** 
5117:Middlewares/Third_Party/FreeRTOS/Source/tasks.c **** 		/* If null is passed in here then it is the calling task that is having
5118:Middlewares/Third_Party/FreeRTOS/Source/tasks.c **** 		its notification state cleared. */
5119:Middlewares/Third_Party/FreeRTOS/Source/tasks.c **** 		pxTCB = prvGetTCBFromHandle( xTask );
5120:Middlewares/Third_Party/FreeRTOS/Source/tasks.c **** 
5121:Middlewares/Third_Party/FreeRTOS/Source/tasks.c **** 		taskENTER_CRITICAL();
5122:Middlewares/Third_Party/FreeRTOS/Source/tasks.c **** 		{
5123:Middlewares/Third_Party/FreeRTOS/Source/tasks.c **** 			if( pxTCB->ucNotifyState == taskNOTIFICATION_RECEIVED )
5124:Middlewares/Third_Party/FreeRTOS/Source/tasks.c **** 			{
5125:Middlewares/Third_Party/FreeRTOS/Source/tasks.c **** 				pxTCB->ucNotifyState = taskNOT_WAITING_NOTIFICATION;
5126:Middlewares/Third_Party/FreeRTOS/Source/tasks.c **** 				xReturn = pdPASS;
5127:Middlewares/Third_Party/FreeRTOS/Source/tasks.c **** 			}
5128:Middlewares/Third_Party/FreeRTOS/Source/tasks.c **** 			else
5129:Middlewares/Third_Party/FreeRTOS/Source/tasks.c **** 			{
5130:Middlewares/Third_Party/FreeRTOS/Source/tasks.c **** 				xReturn = pdFAIL;
5131:Middlewares/Third_Party/FreeRTOS/Source/tasks.c **** 			}
5132:Middlewares/Third_Party/FreeRTOS/Source/tasks.c **** 		}
5133:Middlewares/Third_Party/FreeRTOS/Source/tasks.c **** 		taskEXIT_CRITICAL();
5134:Middlewares/Third_Party/FreeRTOS/Source/tasks.c **** 
5135:Middlewares/Third_Party/FreeRTOS/Source/tasks.c **** 		return xReturn;
5136:Middlewares/Third_Party/FreeRTOS/Source/tasks.c **** 	}
5137:Middlewares/Third_Party/FreeRTOS/Source/tasks.c **** 
5138:Middlewares/Third_Party/FreeRTOS/Source/tasks.c **** #endif /* configUSE_TASK_NOTIFICATIONS */
5139:Middlewares/Third_Party/FreeRTOS/Source/tasks.c **** /*-----------------------------------------------------------*/
5140:Middlewares/Third_Party/FreeRTOS/Source/tasks.c **** 
5141:Middlewares/Third_Party/FreeRTOS/Source/tasks.c **** #if( configUSE_TASK_NOTIFICATIONS == 1 )
5142:Middlewares/Third_Party/FreeRTOS/Source/tasks.c **** 
5143:Middlewares/Third_Party/FreeRTOS/Source/tasks.c **** 	uint32_t ulTaskNotifyValueClear( TaskHandle_t xTask, uint32_t ulBitsToClear )
5144:Middlewares/Third_Party/FreeRTOS/Source/tasks.c **** 	{
5145:Middlewares/Third_Party/FreeRTOS/Source/tasks.c **** 	TCB_t *pxTCB;
5146:Middlewares/Third_Party/FreeRTOS/Source/tasks.c **** 	uint32_t ulReturn;
5147:Middlewares/Third_Party/FreeRTOS/Source/tasks.c **** 
5148:Middlewares/Third_Party/FreeRTOS/Source/tasks.c **** 		/* If null is passed in here then it is the calling task that is having
5149:Middlewares/Third_Party/FreeRTOS/Source/tasks.c **** 		its notification state cleared. */
5150:Middlewares/Third_Party/FreeRTOS/Source/tasks.c **** 		pxTCB = prvGetTCBFromHandle( xTask );
5151:Middlewares/Third_Party/FreeRTOS/Source/tasks.c **** 
5152:Middlewares/Third_Party/FreeRTOS/Source/tasks.c **** 		taskENTER_CRITICAL();
5153:Middlewares/Third_Party/FreeRTOS/Source/tasks.c **** 		{
5154:Middlewares/Third_Party/FreeRTOS/Source/tasks.c **** 			/* Return the notification as it was before the bits were cleared,
5155:Middlewares/Third_Party/FreeRTOS/Source/tasks.c **** 			then clear the bit mask. */
5156:Middlewares/Third_Party/FreeRTOS/Source/tasks.c **** 			ulReturn = pxCurrentTCB->ulNotifiedValue;
5157:Middlewares/Third_Party/FreeRTOS/Source/tasks.c **** 			pxTCB->ulNotifiedValue &= ~ulBitsToClear;
5158:Middlewares/Third_Party/FreeRTOS/Source/tasks.c **** 		}
5159:Middlewares/Third_Party/FreeRTOS/Source/tasks.c **** 		taskEXIT_CRITICAL();
5160:Middlewares/Third_Party/FreeRTOS/Source/tasks.c **** 
ARM GAS  D:\temp\TMP\ccyP8bey.s 			page 112


5161:Middlewares/Third_Party/FreeRTOS/Source/tasks.c **** 		return ulReturn;
5162:Middlewares/Third_Party/FreeRTOS/Source/tasks.c **** 	}
5163:Middlewares/Third_Party/FreeRTOS/Source/tasks.c **** 
5164:Middlewares/Third_Party/FreeRTOS/Source/tasks.c **** #endif /* configUSE_TASK_NOTIFICATIONS */
5165:Middlewares/Third_Party/FreeRTOS/Source/tasks.c **** /*-----------------------------------------------------------*/
5166:Middlewares/Third_Party/FreeRTOS/Source/tasks.c **** 
5167:Middlewares/Third_Party/FreeRTOS/Source/tasks.c **** #if( ( configGENERATE_RUN_TIME_STATS == 1 ) && ( INCLUDE_xTaskGetIdleTaskHandle == 1 ) )
5168:Middlewares/Third_Party/FreeRTOS/Source/tasks.c **** 
5169:Middlewares/Third_Party/FreeRTOS/Source/tasks.c **** 	uint32_t ulTaskGetIdleRunTimeCounter( void )
5170:Middlewares/Third_Party/FreeRTOS/Source/tasks.c **** 	{
5171:Middlewares/Third_Party/FreeRTOS/Source/tasks.c **** 		return xIdleTaskHandle->ulRunTimeCounter;
5172:Middlewares/Third_Party/FreeRTOS/Source/tasks.c **** 	}
5173:Middlewares/Third_Party/FreeRTOS/Source/tasks.c **** 
5174:Middlewares/Third_Party/FreeRTOS/Source/tasks.c **** #endif
5175:Middlewares/Third_Party/FreeRTOS/Source/tasks.c **** /*-----------------------------------------------------------*/
5176:Middlewares/Third_Party/FreeRTOS/Source/tasks.c **** 
5177:Middlewares/Third_Party/FreeRTOS/Source/tasks.c **** static void prvAddCurrentTaskToDelayedList( TickType_t xTicksToWait, const BaseType_t xCanBlockInde
5178:Middlewares/Third_Party/FreeRTOS/Source/tasks.c **** {
 804              		.loc 1 5178 1 view -0
 805              		.cfi_startproc
 806              		@ args = 0, pretend = 0, frame = 0
 807              		@ frame_needed = 0, uses_anonymous_args = 0
 808              		.loc 1 5178 1 is_stmt 0 view .LVU223
 809 0000 70B5     		push	{r4, r5, r6, lr}
 810              	.LCFI7:
 811              		.cfi_def_cfa_offset 16
 812              		.cfi_offset 4, -16
 813              		.cfi_offset 5, -12
 814              		.cfi_offset 6, -8
 815              		.cfi_offset 14, -4
 816 0002 0446     		mov	r4, r0
 817 0004 0E46     		mov	r6, r1
5179:Middlewares/Third_Party/FreeRTOS/Source/tasks.c **** TickType_t xTimeToWake;
 818              		.loc 1 5179 1 is_stmt 1 view .LVU224
5180:Middlewares/Third_Party/FreeRTOS/Source/tasks.c **** const TickType_t xConstTickCount = xTickCount;
 819              		.loc 1 5180 1 view .LVU225
 820              		.loc 1 5180 18 is_stmt 0 view .LVU226
 821 0006 1F4B     		ldr	r3, .L75
 822 0008 1D68     		ldr	r5, [r3]
 823              	.LVL59:
5181:Middlewares/Third_Party/FreeRTOS/Source/tasks.c **** 
5182:Middlewares/Third_Party/FreeRTOS/Source/tasks.c **** 	#if( INCLUDE_xTaskAbortDelay == 1 )
5183:Middlewares/Third_Party/FreeRTOS/Source/tasks.c **** 	{
5184:Middlewares/Third_Party/FreeRTOS/Source/tasks.c **** 		/* About to enter a delayed list, so ensure the ucDelayAborted flag is
5185:Middlewares/Third_Party/FreeRTOS/Source/tasks.c **** 		reset to pdFALSE so it can be detected as having been set to pdTRUE
5186:Middlewares/Third_Party/FreeRTOS/Source/tasks.c **** 		when the task leaves the Blocked state. */
5187:Middlewares/Third_Party/FreeRTOS/Source/tasks.c **** 		pxCurrentTCB->ucDelayAborted = pdFALSE;
5188:Middlewares/Third_Party/FreeRTOS/Source/tasks.c **** 	}
5189:Middlewares/Third_Party/FreeRTOS/Source/tasks.c **** 	#endif
5190:Middlewares/Third_Party/FreeRTOS/Source/tasks.c **** 
5191:Middlewares/Third_Party/FreeRTOS/Source/tasks.c **** 	/* Remove the task from the ready list before adding it to the blocked list
5192:Middlewares/Third_Party/FreeRTOS/Source/tasks.c **** 	as the same list item is used for both lists. */
5193:Middlewares/Third_Party/FreeRTOS/Source/tasks.c **** 	if( uxListRemove( &( pxCurrentTCB->xStateListItem ) ) == ( UBaseType_t ) 0 )
 824              		.loc 1 5193 2 is_stmt 1 view .LVU227
 825              		.loc 1 5193 35 is_stmt 0 view .LVU228
 826 000a 1F4B     		ldr	r3, .L75+4
 827 000c 1868     		ldr	r0, [r3]
ARM GAS  D:\temp\TMP\ccyP8bey.s 			page 113


 828              	.LVL60:
 829              		.loc 1 5193 6 view .LVU229
 830 000e 0430     		adds	r0, r0, #4
 831 0010 FFF7FEFF 		bl	uxListRemove
 832              	.LVL61:
 833              		.loc 1 5193 4 discriminator 1 view .LVU230
 834 0014 48B9     		cbnz	r0, .L69
5194:Middlewares/Third_Party/FreeRTOS/Source/tasks.c **** 	{
5195:Middlewares/Third_Party/FreeRTOS/Source/tasks.c **** 		/* The current task must be in a ready list, so there is no need to
5196:Middlewares/Third_Party/FreeRTOS/Source/tasks.c **** 		check, and the port reset macro can be called directly. */
5197:Middlewares/Third_Party/FreeRTOS/Source/tasks.c **** 		portRESET_READY_PRIORITY( pxCurrentTCB->uxPriority, uxTopReadyPriority ); /*lint !e931 pxCurrentT
 835              		.loc 1 5197 3 is_stmt 1 view .LVU231
 836 0016 1C4B     		ldr	r3, .L75+4
 837 0018 1B68     		ldr	r3, [r3]
 838 001a DB6A     		ldr	r3, [r3, #44]
 839 001c 0122     		movs	r2, #1
 840 001e 9A40     		lsls	r2, r2, r3
 841 0020 1A49     		ldr	r1, .L75+8
 842 0022 0B68     		ldr	r3, [r1]
 843 0024 23EA0203 		bic	r3, r3, r2
 844 0028 0B60     		str	r3, [r1]
 845              	.L69:
5198:Middlewares/Third_Party/FreeRTOS/Source/tasks.c **** 	}
5199:Middlewares/Third_Party/FreeRTOS/Source/tasks.c **** 	else
5200:Middlewares/Third_Party/FreeRTOS/Source/tasks.c **** 	{
5201:Middlewares/Third_Party/FreeRTOS/Source/tasks.c **** 		mtCOVERAGE_TEST_MARKER();
 846              		.loc 1 5201 27 view .LVU232
5202:Middlewares/Third_Party/FreeRTOS/Source/tasks.c **** 	}
5203:Middlewares/Third_Party/FreeRTOS/Source/tasks.c **** 
5204:Middlewares/Third_Party/FreeRTOS/Source/tasks.c **** 	#if ( INCLUDE_vTaskSuspend == 1 )
5205:Middlewares/Third_Party/FreeRTOS/Source/tasks.c **** 	{
5206:Middlewares/Third_Party/FreeRTOS/Source/tasks.c **** 		if( ( xTicksToWait == portMAX_DELAY ) && ( xCanBlockIndefinitely != pdFALSE ) )
 847              		.loc 1 5206 3 view .LVU233
 848              		.loc 1 5206 41 is_stmt 0 view .LVU234
 849 002a B4F1FF3F 		cmp	r4, #-1
 850 002e 14BF     		ite	ne
 851 0030 0023     		movne	r3, #0
 852 0032 0123     		moveq	r3, #1
 853 0034 002E     		cmp	r6, #0
 854 0036 08BF     		it	eq
 855 0038 0023     		moveq	r3, #0
 856              		.loc 1 5206 5 view .LVU235
 857 003a 6BB9     		cbnz	r3, .L74
5207:Middlewares/Third_Party/FreeRTOS/Source/tasks.c **** 		{
5208:Middlewares/Third_Party/FreeRTOS/Source/tasks.c **** 			/* Add the task to the suspended task list instead of a delayed task
5209:Middlewares/Third_Party/FreeRTOS/Source/tasks.c **** 			list to ensure it is not woken by a timing event.  It will block
5210:Middlewares/Third_Party/FreeRTOS/Source/tasks.c **** 			indefinitely. */
5211:Middlewares/Third_Party/FreeRTOS/Source/tasks.c **** 			vListInsertEnd( &xSuspendedTaskList, &( pxCurrentTCB->xStateListItem ) );
5212:Middlewares/Third_Party/FreeRTOS/Source/tasks.c **** 		}
5213:Middlewares/Third_Party/FreeRTOS/Source/tasks.c **** 		else
5214:Middlewares/Third_Party/FreeRTOS/Source/tasks.c **** 		{
5215:Middlewares/Third_Party/FreeRTOS/Source/tasks.c **** 			/* Calculate the time at which the task should be woken if the event
5216:Middlewares/Third_Party/FreeRTOS/Source/tasks.c **** 			does not occur.  This may overflow but this doesn't matter, the
5217:Middlewares/Third_Party/FreeRTOS/Source/tasks.c **** 			kernel will manage it correctly. */
5218:Middlewares/Third_Party/FreeRTOS/Source/tasks.c **** 			xTimeToWake = xConstTickCount + xTicksToWait;
 858              		.loc 1 5218 4 is_stmt 1 view .LVU236
 859              		.loc 1 5218 16 is_stmt 0 view .LVU237
ARM GAS  D:\temp\TMP\ccyP8bey.s 			page 114


 860 003c 2C44     		add	r4, r4, r5
 861              	.LVL62:
5219:Middlewares/Third_Party/FreeRTOS/Source/tasks.c **** 
5220:Middlewares/Third_Party/FreeRTOS/Source/tasks.c **** 			/* The list item will be inserted in wake time order. */
5221:Middlewares/Third_Party/FreeRTOS/Source/tasks.c **** 			listSET_LIST_ITEM_VALUE( &( pxCurrentTCB->xStateListItem ), xTimeToWake );
 862              		.loc 1 5221 4 is_stmt 1 view .LVU238
 863 003e 124B     		ldr	r3, .L75+4
 864 0040 1B68     		ldr	r3, [r3]
 865 0042 5C60     		str	r4, [r3, #4]
5222:Middlewares/Third_Party/FreeRTOS/Source/tasks.c **** 
5223:Middlewares/Third_Party/FreeRTOS/Source/tasks.c **** 			if( xTimeToWake < xConstTickCount )
 866              		.loc 1 5223 4 view .LVU239
 867              		.loc 1 5223 6 is_stmt 0 view .LVU240
 868 0044 A542     		cmp	r5, r4
 869 0046 0ED9     		bls	.L72
5224:Middlewares/Third_Party/FreeRTOS/Source/tasks.c **** 			{
5225:Middlewares/Third_Party/FreeRTOS/Source/tasks.c **** 				/* Wake time has overflowed.  Place this item in the overflow
5226:Middlewares/Third_Party/FreeRTOS/Source/tasks.c **** 				list. */
5227:Middlewares/Third_Party/FreeRTOS/Source/tasks.c **** 				vListInsert( pxOverflowDelayedTaskList, &( pxCurrentTCB->xStateListItem ) );
 870              		.loc 1 5227 5 is_stmt 1 view .LVU241
 871 0048 114B     		ldr	r3, .L75+12
 872 004a 1868     		ldr	r0, [r3]
 873              		.loc 1 5227 60 is_stmt 0 view .LVU242
 874 004c 0E4B     		ldr	r3, .L75+4
 875 004e 1968     		ldr	r1, [r3]
 876              		.loc 1 5227 5 view .LVU243
 877 0050 0431     		adds	r1, r1, #4
 878 0052 FFF7FEFF 		bl	vListInsert
 879              	.LVL63:
 880              	.L68:
5228:Middlewares/Third_Party/FreeRTOS/Source/tasks.c **** 			}
5229:Middlewares/Third_Party/FreeRTOS/Source/tasks.c **** 			else
5230:Middlewares/Third_Party/FreeRTOS/Source/tasks.c **** 			{
5231:Middlewares/Third_Party/FreeRTOS/Source/tasks.c **** 				/* The wake time has not overflowed, so the current block list
5232:Middlewares/Third_Party/FreeRTOS/Source/tasks.c **** 				is used. */
5233:Middlewares/Third_Party/FreeRTOS/Source/tasks.c **** 				vListInsert( pxDelayedTaskList, &( pxCurrentTCB->xStateListItem ) );
5234:Middlewares/Third_Party/FreeRTOS/Source/tasks.c **** 
5235:Middlewares/Third_Party/FreeRTOS/Source/tasks.c **** 				/* If the task entering the blocked state was placed at the
5236:Middlewares/Third_Party/FreeRTOS/Source/tasks.c **** 				head of the list of blocked tasks then xNextTaskUnblockTime
5237:Middlewares/Third_Party/FreeRTOS/Source/tasks.c **** 				needs to be updated too. */
5238:Middlewares/Third_Party/FreeRTOS/Source/tasks.c **** 				if( xTimeToWake < xNextTaskUnblockTime )
5239:Middlewares/Third_Party/FreeRTOS/Source/tasks.c **** 				{
5240:Middlewares/Third_Party/FreeRTOS/Source/tasks.c **** 					xNextTaskUnblockTime = xTimeToWake;
5241:Middlewares/Third_Party/FreeRTOS/Source/tasks.c **** 				}
5242:Middlewares/Third_Party/FreeRTOS/Source/tasks.c **** 				else
5243:Middlewares/Third_Party/FreeRTOS/Source/tasks.c **** 				{
5244:Middlewares/Third_Party/FreeRTOS/Source/tasks.c **** 					mtCOVERAGE_TEST_MARKER();
5245:Middlewares/Third_Party/FreeRTOS/Source/tasks.c **** 				}
5246:Middlewares/Third_Party/FreeRTOS/Source/tasks.c **** 			}
5247:Middlewares/Third_Party/FreeRTOS/Source/tasks.c **** 		}
5248:Middlewares/Third_Party/FreeRTOS/Source/tasks.c **** 	}
5249:Middlewares/Third_Party/FreeRTOS/Source/tasks.c **** 	#else /* INCLUDE_vTaskSuspend */
5250:Middlewares/Third_Party/FreeRTOS/Source/tasks.c **** 	{
5251:Middlewares/Third_Party/FreeRTOS/Source/tasks.c **** 		/* Calculate the time at which the task should be woken if the event
5252:Middlewares/Third_Party/FreeRTOS/Source/tasks.c **** 		does not occur.  This may overflow but this doesn't matter, the kernel
5253:Middlewares/Third_Party/FreeRTOS/Source/tasks.c **** 		will manage it correctly. */
5254:Middlewares/Third_Party/FreeRTOS/Source/tasks.c **** 		xTimeToWake = xConstTickCount + xTicksToWait;
ARM GAS  D:\temp\TMP\ccyP8bey.s 			page 115


5255:Middlewares/Third_Party/FreeRTOS/Source/tasks.c **** 
5256:Middlewares/Third_Party/FreeRTOS/Source/tasks.c **** 		/* The list item will be inserted in wake time order. */
5257:Middlewares/Third_Party/FreeRTOS/Source/tasks.c **** 		listSET_LIST_ITEM_VALUE( &( pxCurrentTCB->xStateListItem ), xTimeToWake );
5258:Middlewares/Third_Party/FreeRTOS/Source/tasks.c **** 
5259:Middlewares/Third_Party/FreeRTOS/Source/tasks.c **** 		if( xTimeToWake < xConstTickCount )
5260:Middlewares/Third_Party/FreeRTOS/Source/tasks.c **** 		{
5261:Middlewares/Third_Party/FreeRTOS/Source/tasks.c **** 			/* Wake time has overflowed.  Place this item in the overflow list. */
5262:Middlewares/Third_Party/FreeRTOS/Source/tasks.c **** 			vListInsert( pxOverflowDelayedTaskList, &( pxCurrentTCB->xStateListItem ) );
5263:Middlewares/Third_Party/FreeRTOS/Source/tasks.c **** 		}
5264:Middlewares/Third_Party/FreeRTOS/Source/tasks.c **** 		else
5265:Middlewares/Third_Party/FreeRTOS/Source/tasks.c **** 		{
5266:Middlewares/Third_Party/FreeRTOS/Source/tasks.c **** 			/* The wake time has not overflowed, so the current block list is used. */
5267:Middlewares/Third_Party/FreeRTOS/Source/tasks.c **** 			vListInsert( pxDelayedTaskList, &( pxCurrentTCB->xStateListItem ) );
5268:Middlewares/Third_Party/FreeRTOS/Source/tasks.c **** 
5269:Middlewares/Third_Party/FreeRTOS/Source/tasks.c **** 			/* If the task entering the blocked state was placed at the head of the
5270:Middlewares/Third_Party/FreeRTOS/Source/tasks.c **** 			list of blocked tasks then xNextTaskUnblockTime needs to be updated
5271:Middlewares/Third_Party/FreeRTOS/Source/tasks.c **** 			too. */
5272:Middlewares/Third_Party/FreeRTOS/Source/tasks.c **** 			if( xTimeToWake < xNextTaskUnblockTime )
5273:Middlewares/Third_Party/FreeRTOS/Source/tasks.c **** 			{
5274:Middlewares/Third_Party/FreeRTOS/Source/tasks.c **** 				xNextTaskUnblockTime = xTimeToWake;
5275:Middlewares/Third_Party/FreeRTOS/Source/tasks.c **** 			}
5276:Middlewares/Third_Party/FreeRTOS/Source/tasks.c **** 			else
5277:Middlewares/Third_Party/FreeRTOS/Source/tasks.c **** 			{
5278:Middlewares/Third_Party/FreeRTOS/Source/tasks.c **** 				mtCOVERAGE_TEST_MARKER();
5279:Middlewares/Third_Party/FreeRTOS/Source/tasks.c **** 			}
5280:Middlewares/Third_Party/FreeRTOS/Source/tasks.c **** 		}
5281:Middlewares/Third_Party/FreeRTOS/Source/tasks.c **** 
5282:Middlewares/Third_Party/FreeRTOS/Source/tasks.c **** 		/* Avoid compiler warning when INCLUDE_vTaskSuspend is not 1. */
5283:Middlewares/Third_Party/FreeRTOS/Source/tasks.c **** 		( void ) xCanBlockIndefinitely;
5284:Middlewares/Third_Party/FreeRTOS/Source/tasks.c **** 	}
5285:Middlewares/Third_Party/FreeRTOS/Source/tasks.c **** 	#endif /* INCLUDE_vTaskSuspend */
5286:Middlewares/Third_Party/FreeRTOS/Source/tasks.c **** }
 881              		.loc 1 5286 1 view .LVU244
 882 0056 70BD     		pop	{r4, r5, r6, pc}
 883              	.LVL64:
 884              	.L74:
5211:Middlewares/Third_Party/FreeRTOS/Source/tasks.c **** 		}
 885              		.loc 1 5211 4 is_stmt 1 view .LVU245
5211:Middlewares/Third_Party/FreeRTOS/Source/tasks.c **** 		}
 886              		.loc 1 5211 56 is_stmt 0 view .LVU246
 887 0058 0B4B     		ldr	r3, .L75+4
 888 005a 1968     		ldr	r1, [r3]
5211:Middlewares/Third_Party/FreeRTOS/Source/tasks.c **** 		}
 889              		.loc 1 5211 4 view .LVU247
 890 005c 0431     		adds	r1, r1, #4
 891 005e 0D48     		ldr	r0, .L75+16
 892 0060 FFF7FEFF 		bl	vListInsertEnd
 893              	.LVL65:
 894 0064 F7E7     		b	.L68
 895              	.LVL66:
 896              	.L72:
5233:Middlewares/Third_Party/FreeRTOS/Source/tasks.c **** 
 897              		.loc 1 5233 5 is_stmt 1 view .LVU248
 898 0066 0C4B     		ldr	r3, .L75+20
 899 0068 1868     		ldr	r0, [r3]
5233:Middlewares/Third_Party/FreeRTOS/Source/tasks.c **** 
 900              		.loc 1 5233 52 is_stmt 0 view .LVU249
ARM GAS  D:\temp\TMP\ccyP8bey.s 			page 116


 901 006a 074B     		ldr	r3, .L75+4
 902 006c 1968     		ldr	r1, [r3]
5233:Middlewares/Third_Party/FreeRTOS/Source/tasks.c **** 
 903              		.loc 1 5233 5 view .LVU250
 904 006e 0431     		adds	r1, r1, #4
 905 0070 FFF7FEFF 		bl	vListInsert
 906              	.LVL67:
5238:Middlewares/Third_Party/FreeRTOS/Source/tasks.c **** 				{
 907              		.loc 1 5238 5 is_stmt 1 view .LVU251
5238:Middlewares/Third_Party/FreeRTOS/Source/tasks.c **** 				{
 908              		.loc 1 5238 21 is_stmt 0 view .LVU252
 909 0074 094B     		ldr	r3, .L75+24
 910 0076 1B68     		ldr	r3, [r3]
5238:Middlewares/Third_Party/FreeRTOS/Source/tasks.c **** 				{
 911              		.loc 1 5238 7 view .LVU253
 912 0078 A342     		cmp	r3, r4
 913 007a ECD9     		bls	.L68
5240:Middlewares/Third_Party/FreeRTOS/Source/tasks.c **** 				}
 914              		.loc 1 5240 6 is_stmt 1 view .LVU254
5240:Middlewares/Third_Party/FreeRTOS/Source/tasks.c **** 				}
 915              		.loc 1 5240 27 is_stmt 0 view .LVU255
 916 007c 074B     		ldr	r3, .L75+24
 917 007e 1C60     		str	r4, [r3]
5244:Middlewares/Third_Party/FreeRTOS/Source/tasks.c **** 				}
 918              		.loc 1 5244 30 is_stmt 1 view .LVU256
 919              		.loc 1 5286 1 is_stmt 0 view .LVU257
 920 0080 E9E7     		b	.L68
 921              	.L76:
 922 0082 00BF     		.align	2
 923              	.L75:
 924 0084 00000000 		.word	xTickCount
 925 0088 00000000 		.word	pxCurrentTCB
 926 008c 00000000 		.word	uxTopReadyPriority
 927 0090 00000000 		.word	pxOverflowDelayedTaskList
 928 0094 00000000 		.word	xSuspendedTaskList
 929 0098 00000000 		.word	pxDelayedTaskList
 930 009c 00000000 		.word	xNextTaskUnblockTime
 931              		.cfi_endproc
 932              	.LFE56:
 934              		.section	.text.xTaskCreateStatic,"ax",%progbits
 935              		.align	1
 936              		.global	xTaskCreateStatic
 937              		.syntax unified
 938              		.thumb
 939              		.thumb_func
 941              	xTaskCreateStatic:
 942              	.LVL68:
 943              	.LFB5:
 588:Middlewares/Third_Party/FreeRTOS/Source/tasks.c **** 	TCB_t *pxNewTCB;
 944              		.loc 1 588 2 is_stmt 1 view -0
 945              		.cfi_startproc
 946              		@ args = 12, pretend = 0, frame = 8
 947              		@ frame_needed = 0, uses_anonymous_args = 0
 588:Middlewares/Third_Party/FreeRTOS/Source/tasks.c **** 	TCB_t *pxNewTCB;
 948              		.loc 1 588 2 is_stmt 0 view .LVU259
 949 0000 10B5     		push	{r4, lr}
 950              	.LCFI8:
ARM GAS  D:\temp\TMP\ccyP8bey.s 			page 117


 951              		.cfi_def_cfa_offset 8
 952              		.cfi_offset 4, -8
 953              		.cfi_offset 14, -4
 954 0002 86B0     		sub	sp, sp, #24
 955              	.LCFI9:
 956              		.cfi_def_cfa_offset 32
 957 0004 8C46     		mov	ip, r1
 589:Middlewares/Third_Party/FreeRTOS/Source/tasks.c **** 	TaskHandle_t xReturn;
 958              		.loc 1 589 2 is_stmt 1 view .LVU260
 590:Middlewares/Third_Party/FreeRTOS/Source/tasks.c **** 
 959              		.loc 1 590 2 view .LVU261
 592:Middlewares/Third_Party/FreeRTOS/Source/tasks.c **** 		configASSERT( pxTaskBuffer != NULL );
 960              		.loc 1 592 3 view .LVU262
 961 0006 0999     		ldr	r1, [sp, #36]
 962              	.LVL69:
 592:Middlewares/Third_Party/FreeRTOS/Source/tasks.c **** 		configASSERT( pxTaskBuffer != NULL );
 963              		.loc 1 592 3 is_stmt 0 view .LVU263
 964 0008 79B1     		cbz	r1, .L85
 592:Middlewares/Third_Party/FreeRTOS/Source/tasks.c **** 		configASSERT( pxTaskBuffer != NULL );
 965              		.loc 1 592 41 is_stmt 1 view .LVU264
 593:Middlewares/Third_Party/FreeRTOS/Source/tasks.c **** 
 966              		.loc 1 593 3 view .LVU265
 967 000a 0A99     		ldr	r1, [sp, #40]
 968 000c B1B1     		cbz	r1, .L86
 593:Middlewares/Third_Party/FreeRTOS/Source/tasks.c **** 
 969              		.loc 1 593 39 view .LVU266
 970              	.LBB116:
 600:Middlewares/Third_Party/FreeRTOS/Source/tasks.c **** 			configASSERT( xSize == sizeof( TCB_t ) );
 971              		.loc 1 600 4 view .LVU267
 600:Middlewares/Third_Party/FreeRTOS/Source/tasks.c **** 			configASSERT( xSize == sizeof( TCB_t ) );
 972              		.loc 1 600 20 is_stmt 0 view .LVU268
 973 000e 5421     		movs	r1, #84
 974 0010 0491     		str	r1, [sp, #16]
 601:Middlewares/Third_Party/FreeRTOS/Source/tasks.c **** 			( void ) xSize; /* Prevent lint warning when configASSERT() is not used. */
 975              		.loc 1 601 4 is_stmt 1 view .LVU269
 976 0012 0499     		ldr	r1, [sp, #16]
 977 0014 5429     		cmp	r1, #84
 978 0016 1AD0     		beq	.L82
 601:Middlewares/Third_Party/FreeRTOS/Source/tasks.c **** 			( void ) xSize; /* Prevent lint warning when configASSERT() is not used. */
 979              		.loc 1 601 4 discriminator 1 view .LVU270
 980              	.LBB117:
 981              	.LBI117:
 191:Middlewares/Third_Party/FreeRTOS/Source/portable/GCC/ARM_CM4F/portmacro.h **** {
 982              		.loc 2 191 30 view .LVU271
 983              	.LBB118:
 193:Middlewares/Third_Party/FreeRTOS/Source/portable/GCC/ARM_CM4F/portmacro.h **** 
 984              		.loc 2 193 1 view .LVU272
 985              		.loc 2 195 2 view .LVU273
 986              		.syntax unified
 987              	@ 195 "Middlewares/Third_Party/FreeRTOS/Source/portable/GCC/ARM_CM4F/portmacro.h" 1
 988 0018 4FF05003 			mov r3, #80												
 989 001c 83F31188 		msr basepri, r3											
 990 0020 BFF36F8F 		isb														
 991 0024 BFF34F8F 		dsb														
 992              	
 993              	@ 0 "" 2
 994              	.LVL70:
ARM GAS  D:\temp\TMP\ccyP8bey.s 			page 118


 995              		.thumb
 996              		.syntax unified
 997              	.L83:
 998              		.loc 2 195 2 is_stmt 0 view .LVU274
 999              	.LBE118:
 1000              	.LBE117:
 601:Middlewares/Third_Party/FreeRTOS/Source/tasks.c **** 			( void ) xSize; /* Prevent lint warning when configASSERT() is not used. */
 1001              		.loc 1 601 4 is_stmt 1 view .LVU275
 1002 0028 FEE7     		b	.L83
 1003              	.LVL71:
 1004              	.L85:
 601:Middlewares/Third_Party/FreeRTOS/Source/tasks.c **** 			( void ) xSize; /* Prevent lint warning when configASSERT() is not used. */
 1005              		.loc 1 601 4 is_stmt 0 view .LVU276
 1006              	.LBE116:
 592:Middlewares/Third_Party/FreeRTOS/Source/tasks.c **** 		configASSERT( pxTaskBuffer != NULL );
 1007              		.loc 1 592 3 is_stmt 1 discriminator 1 view .LVU277
 1008              	.LBB119:
 1009              	.LBI119:
 191:Middlewares/Third_Party/FreeRTOS/Source/portable/GCC/ARM_CM4F/portmacro.h **** {
 1010              		.loc 2 191 30 view .LVU278
 1011              	.LBB120:
 193:Middlewares/Third_Party/FreeRTOS/Source/portable/GCC/ARM_CM4F/portmacro.h **** 
 1012              		.loc 2 193 1 view .LVU279
 1013              		.loc 2 195 2 view .LVU280
 1014              		.syntax unified
 1015              	@ 195 "Middlewares/Third_Party/FreeRTOS/Source/portable/GCC/ARM_CM4F/portmacro.h" 1
 1016 002a 4FF05003 			mov r3, #80												
 1017 002e 83F31188 		msr basepri, r3											
 1018 0032 BFF36F8F 		isb														
 1019 0036 BFF34F8F 		dsb														
 1020              	
 1021              	@ 0 "" 2
 1022              	.LVL72:
 1023              		.thumb
 1024              		.syntax unified
 1025              	.L79:
 1026              		.loc 2 195 2 is_stmt 0 view .LVU281
 1027              	.LBE120:
 1028              	.LBE119:
 592:Middlewares/Third_Party/FreeRTOS/Source/tasks.c **** 		configASSERT( pxTaskBuffer != NULL );
 1029              		.loc 1 592 3 is_stmt 1 view .LVU282
 1030 003a FEE7     		b	.L79
 1031              	.LVL73:
 1032              	.L86:
 593:Middlewares/Third_Party/FreeRTOS/Source/tasks.c **** 
 1033              		.loc 1 593 3 discriminator 1 view .LVU283
 1034              	.LBB121:
 1035              	.LBI121:
 191:Middlewares/Third_Party/FreeRTOS/Source/portable/GCC/ARM_CM4F/portmacro.h **** {
 1036              		.loc 2 191 30 view .LVU284
 1037              	.LBB122:
 193:Middlewares/Third_Party/FreeRTOS/Source/portable/GCC/ARM_CM4F/portmacro.h **** 
 1038              		.loc 2 193 1 view .LVU285
 1039              		.loc 2 195 2 view .LVU286
 1040              		.syntax unified
 1041              	@ 195 "Middlewares/Third_Party/FreeRTOS/Source/portable/GCC/ARM_CM4F/portmacro.h" 1
 1042 003c 4FF05003 			mov r3, #80												
ARM GAS  D:\temp\TMP\ccyP8bey.s 			page 119


 1043 0040 83F31188 		msr basepri, r3											
 1044 0044 BFF36F8F 		isb														
 1045 0048 BFF34F8F 		dsb														
 1046              	
 1047              	@ 0 "" 2
 1048              	.LVL74:
 1049              		.thumb
 1050              		.syntax unified
 1051              	.L81:
 1052              		.loc 2 195 2 is_stmt 0 view .LVU287
 1053              	.LBE122:
 1054              	.LBE121:
 593:Middlewares/Third_Party/FreeRTOS/Source/tasks.c **** 
 1055              		.loc 1 593 3 is_stmt 1 view .LVU288
 1056 004c FEE7     		b	.L81
 1057              	.LVL75:
 1058              	.L82:
 1059              	.LBB123:
 601:Middlewares/Third_Party/FreeRTOS/Source/tasks.c **** 			( void ) xSize; /* Prevent lint warning when configASSERT() is not used. */
 1060              		.loc 1 601 44 view .LVU289
 602:Middlewares/Third_Party/FreeRTOS/Source/tasks.c **** 		}
 1061              		.loc 1 602 4 view .LVU290
 1062 004e DDF810E0 		ldr	lr, [sp, #16]
 1063              	.LBE123:
 607:Middlewares/Third_Party/FreeRTOS/Source/tasks.c **** 		{
 1064              		.loc 1 607 3 view .LVU291
 611:Middlewares/Third_Party/FreeRTOS/Source/tasks.c **** 			pxNewTCB->pxStack = ( StackType_t * ) puxStackBuffer;
 1065              		.loc 1 611 4 view .LVU292
 1066              	.LVL76:
 612:Middlewares/Third_Party/FreeRTOS/Source/tasks.c **** 
 1067              		.loc 1 612 4 view .LVU293
 612:Middlewares/Third_Party/FreeRTOS/Source/tasks.c **** 
 1068              		.loc 1 612 22 is_stmt 0 view .LVU294
 1069 0052 0A99     		ldr	r1, [sp, #40]
 1070 0054 099C     		ldr	r4, [sp, #36]
 1071 0056 0C63     		str	r4, [r1, #48]
 618:Middlewares/Third_Party/FreeRTOS/Source/tasks.c **** 			}
 1072              		.loc 1 618 5 is_stmt 1 view .LVU295
 618:Middlewares/Third_Party/FreeRTOS/Source/tasks.c **** 			}
 1073              		.loc 1 618 37 is_stmt 0 view .LVU296
 1074 0058 0221     		movs	r1, #2
 1075 005a 0A9C     		ldr	r4, [sp, #40]
 1076 005c 84F85110 		strb	r1, [r4, #81]
 622:Middlewares/Third_Party/FreeRTOS/Source/tasks.c **** 			prvAddNewTaskToReadyList( pxNewTCB );
 1077              		.loc 1 622 4 is_stmt 1 view .LVU297
 1078 0060 0021     		movs	r1, #0
 1079 0062 0391     		str	r1, [sp, #12]
 1080 0064 0294     		str	r4, [sp, #8]
 1081 0066 05A9     		add	r1, sp, #20
 1082 0068 0191     		str	r1, [sp, #4]
 1083 006a 0899     		ldr	r1, [sp, #32]
 1084 006c 0091     		str	r1, [sp]
 1085 006e 6146     		mov	r1, ip
 1086 0070 FFF7FEFF 		bl	prvInitialiseNewTask
 1087              	.LVL77:
 623:Middlewares/Third_Party/FreeRTOS/Source/tasks.c **** 		}
 1088              		.loc 1 623 4 view .LVU298
ARM GAS  D:\temp\TMP\ccyP8bey.s 			page 120


 1089 0074 0A98     		ldr	r0, [sp, #40]
 1090 0076 FFF7FEFF 		bl	prvAddNewTaskToReadyList
 1091              	.LVL78:
 630:Middlewares/Third_Party/FreeRTOS/Source/tasks.c **** 	}
 1092              		.loc 1 630 3 view .LVU299
 631:Middlewares/Third_Party/FreeRTOS/Source/tasks.c **** 
 1093              		.loc 1 631 2 is_stmt 0 view .LVU300
 1094 007a 0598     		ldr	r0, [sp, #20]
 1095 007c 06B0     		add	sp, sp, #24
 1096              	.LCFI10:
 1097              		.cfi_def_cfa_offset 8
 1098              		@ sp needed
 1099 007e 10BD     		pop	{r4, pc}
 631:Middlewares/Third_Party/FreeRTOS/Source/tasks.c **** 
 1100              		.loc 1 631 2 view .LVU301
 1101              		.cfi_endproc
 1102              	.LFE5:
 1104              		.section	.text.xTaskCreate,"ax",%progbits
 1105              		.align	1
 1106              		.global	xTaskCreate
 1107              		.syntax unified
 1108              		.thumb
 1109              		.thumb_func
 1111              	xTaskCreate:
 1112              	.LVL79:
 1113              	.LFB6:
 739:Middlewares/Third_Party/FreeRTOS/Source/tasks.c **** 	TCB_t *pxNewTCB;
 1114              		.loc 1 739 2 is_stmt 1 view -0
 1115              		.cfi_startproc
 1116              		@ args = 8, pretend = 0, frame = 0
 1117              		@ frame_needed = 0, uses_anonymous_args = 0
 739:Middlewares/Third_Party/FreeRTOS/Source/tasks.c **** 	TCB_t *pxNewTCB;
 1118              		.loc 1 739 2 is_stmt 0 view .LVU303
 1119 0000 2DE9F043 		push	{r4, r5, r6, r7, r8, r9, lr}
 1120              	.LCFI11:
 1121              		.cfi_def_cfa_offset 28
 1122              		.cfi_offset 4, -28
 1123              		.cfi_offset 5, -24
 1124              		.cfi_offset 6, -20
 1125              		.cfi_offset 7, -16
 1126              		.cfi_offset 8, -12
 1127              		.cfi_offset 9, -8
 1128              		.cfi_offset 14, -4
 1129 0004 85B0     		sub	sp, sp, #20
 1130              	.LCFI12:
 1131              		.cfi_def_cfa_offset 48
 1132 0006 8146     		mov	r9, r0
 1133 0008 8846     		mov	r8, r1
 1134 000a 1446     		mov	r4, r2
 1135 000c 1F46     		mov	r7, r3
 740:Middlewares/Third_Party/FreeRTOS/Source/tasks.c **** 	BaseType_t xReturn;
 1136              		.loc 1 740 2 is_stmt 1 view .LVU304
 741:Middlewares/Third_Party/FreeRTOS/Source/tasks.c **** 
 1137              		.loc 1 741 2 view .LVU305
 1138              	.LBB124:
 770:Middlewares/Third_Party/FreeRTOS/Source/tasks.c **** 
 1139              		.loc 1 770 3 view .LVU306
ARM GAS  D:\temp\TMP\ccyP8bey.s 			page 121


 773:Middlewares/Third_Party/FreeRTOS/Source/tasks.c **** 
 1140              		.loc 1 773 4 view .LVU307
 773:Middlewares/Third_Party/FreeRTOS/Source/tasks.c **** 
 1141              		.loc 1 773 14 is_stmt 0 view .LVU308
 1142 000e 9000     		lsls	r0, r2, #2
 1143              	.LVL80:
 773:Middlewares/Third_Party/FreeRTOS/Source/tasks.c **** 
 1144              		.loc 1 773 14 view .LVU309
 1145 0010 FFF7FEFF 		bl	pvPortMalloc
 1146              	.LVL81:
 775:Middlewares/Third_Party/FreeRTOS/Source/tasks.c **** 			{
 1147              		.loc 1 775 4 is_stmt 1 view .LVU310
 775:Middlewares/Third_Party/FreeRTOS/Source/tasks.c **** 			{
 1148              		.loc 1 775 6 is_stmt 0 view .LVU311
 1149 0014 00B3     		cbz	r0, .L90
 1150 0016 0646     		mov	r6, r0
 778:Middlewares/Third_Party/FreeRTOS/Source/tasks.c **** 
 1151              		.loc 1 778 5 is_stmt 1 view .LVU312
 778:Middlewares/Third_Party/FreeRTOS/Source/tasks.c **** 
 1152              		.loc 1 778 28 is_stmt 0 view .LVU313
 1153 0018 5420     		movs	r0, #84
 1154              	.LVL82:
 778:Middlewares/Third_Party/FreeRTOS/Source/tasks.c **** 
 1155              		.loc 1 778 28 view .LVU314
 1156 001a FFF7FEFF 		bl	pvPortMalloc
 1157              	.LVL83:
 780:Middlewares/Third_Party/FreeRTOS/Source/tasks.c **** 				{
 1158              		.loc 1 780 5 is_stmt 1 view .LVU315
 780:Middlewares/Third_Party/FreeRTOS/Source/tasks.c **** 				{
 1159              		.loc 1 780 7 is_stmt 0 view .LVU316
 1160 001e 0546     		mov	r5, r0
 1161 0020 A0B1     		cbz	r0, .L89
 783:Middlewares/Third_Party/FreeRTOS/Source/tasks.c **** 				}
 1162              		.loc 1 783 6 is_stmt 1 view .LVU317
 783:Middlewares/Third_Party/FreeRTOS/Source/tasks.c **** 				}
 1163              		.loc 1 783 24 is_stmt 0 view .LVU318
 1164 0022 2E63     		str	r6, [r5, #48]
 783:Middlewares/Third_Party/FreeRTOS/Source/tasks.c **** 				}
 1165              		.loc 1 783 24 view .LVU319
 1166              	.LBE124:
 799:Middlewares/Third_Party/FreeRTOS/Source/tasks.c **** 		{
 1167              		.loc 1 799 3 is_stmt 1 view .LVU320
 805:Middlewares/Third_Party/FreeRTOS/Source/tasks.c **** 			}
 1168              		.loc 1 805 5 view .LVU321
 805:Middlewares/Third_Party/FreeRTOS/Source/tasks.c **** 			}
 1169              		.loc 1 805 37 is_stmt 0 view .LVU322
 1170 0024 0023     		movs	r3, #0
 1171 0026 80F85130 		strb	r3, [r0, #81]
 809:Middlewares/Third_Party/FreeRTOS/Source/tasks.c **** 			prvAddNewTaskToReadyList( pxNewTCB );
 1172              		.loc 1 809 4 is_stmt 1 view .LVU323
 1173 002a 0393     		str	r3, [sp, #12]
 1174 002c 0290     		str	r0, [sp, #8]
 1175 002e 0D9B     		ldr	r3, [sp, #52]
 1176 0030 0193     		str	r3, [sp, #4]
 1177 0032 0C9B     		ldr	r3, [sp, #48]
 1178 0034 0093     		str	r3, [sp]
 1179 0036 3B46     		mov	r3, r7
ARM GAS  D:\temp\TMP\ccyP8bey.s 			page 122


 1180 0038 2246     		mov	r2, r4
 1181 003a 4146     		mov	r1, r8
 1182 003c 4846     		mov	r0, r9
 1183              	.LVL84:
 809:Middlewares/Third_Party/FreeRTOS/Source/tasks.c **** 			prvAddNewTaskToReadyList( pxNewTCB );
 1184              		.loc 1 809 4 is_stmt 0 view .LVU324
 1185 003e FFF7FEFF 		bl	prvInitialiseNewTask
 1186              	.LVL85:
 810:Middlewares/Third_Party/FreeRTOS/Source/tasks.c **** 			xReturn = pdPASS;
 1187              		.loc 1 810 4 is_stmt 1 view .LVU325
 1188 0042 2846     		mov	r0, r5
 1189 0044 FFF7FEFF 		bl	prvAddNewTaskToReadyList
 1190              	.LVL86:
 811:Middlewares/Third_Party/FreeRTOS/Source/tasks.c **** 		}
 1191              		.loc 1 811 4 view .LVU326
 811:Middlewares/Third_Party/FreeRTOS/Source/tasks.c **** 		}
 1192              		.loc 1 811 12 is_stmt 0 view .LVU327
 1193 0048 0120     		movs	r0, #1
 1194 004a 07E0     		b	.L87
 1195              	.LVL87:
 1196              	.L89:
 1197              	.LBB125:
 789:Middlewares/Third_Party/FreeRTOS/Source/tasks.c **** 				}
 1198              		.loc 1 789 6 is_stmt 1 view .LVU328
 1199 004c 3046     		mov	r0, r6
 1200              	.LVL88:
 789:Middlewares/Third_Party/FreeRTOS/Source/tasks.c **** 				}
 1201              		.loc 1 789 6 is_stmt 0 view .LVU329
 1202 004e FFF7FEFF 		bl	vPortFree
 1203              	.LVL89:
 789:Middlewares/Third_Party/FreeRTOS/Source/tasks.c **** 				}
 1204              		.loc 1 789 6 view .LVU330
 1205              	.LBE125:
 799:Middlewares/Third_Party/FreeRTOS/Source/tasks.c **** 		{
 1206              		.loc 1 799 3 is_stmt 1 view .LVU331
 815:Middlewares/Third_Party/FreeRTOS/Source/tasks.c **** 		}
 1207              		.loc 1 815 12 is_stmt 0 view .LVU332
 1208 0052 4FF0FF30 		mov	r0, #-1
 1209 0056 01E0     		b	.L87
 1210              	.LVL90:
 1211              	.L90:
 815:Middlewares/Third_Party/FreeRTOS/Source/tasks.c **** 		}
 1212              		.loc 1 815 12 view .LVU333
 1213 0058 4FF0FF30 		mov	r0, #-1
 1214              	.LVL91:
 818:Middlewares/Third_Party/FreeRTOS/Source/tasks.c **** 	}
 1215              		.loc 1 818 3 is_stmt 1 view .LVU334
 1216              	.L87:
 819:Middlewares/Third_Party/FreeRTOS/Source/tasks.c **** 
 1217              		.loc 1 819 2 is_stmt 0 view .LVU335
 1218 005c 05B0     		add	sp, sp, #20
 1219              	.LCFI13:
 1220              		.cfi_def_cfa_offset 28
 1221              		@ sp needed
 1222 005e BDE8F083 		pop	{r4, r5, r6, r7, r8, r9, pc}
 819:Middlewares/Third_Party/FreeRTOS/Source/tasks.c **** 
 1223              		.loc 1 819 2 view .LVU336
ARM GAS  D:\temp\TMP\ccyP8bey.s 			page 123


 1224              		.cfi_endproc
 1225              	.LFE6:
 1227              		.section	.text.vTaskDelete,"ax",%progbits
 1228              		.align	1
 1229              		.global	vTaskDelete
 1230              		.syntax unified
 1231              		.thumb
 1232              		.thumb_func
 1234              	vTaskDelete:
 1235              	.LVL92:
 1236              	.LFB9:
1163:Middlewares/Third_Party/FreeRTOS/Source/tasks.c **** 	TCB_t *pxTCB;
 1237              		.loc 1 1163 2 is_stmt 1 view -0
 1238              		.cfi_startproc
 1239              		@ args = 0, pretend = 0, frame = 0
 1240              		@ frame_needed = 0, uses_anonymous_args = 0
1163:Middlewares/Third_Party/FreeRTOS/Source/tasks.c **** 	TCB_t *pxTCB;
 1241              		.loc 1 1163 2 is_stmt 0 view .LVU338
 1242 0000 38B5     		push	{r3, r4, r5, lr}
 1243              	.LCFI14:
 1244              		.cfi_def_cfa_offset 16
 1245              		.cfi_offset 3, -16
 1246              		.cfi_offset 4, -12
 1247              		.cfi_offset 5, -8
 1248              		.cfi_offset 14, -4
 1249 0002 0446     		mov	r4, r0
1164:Middlewares/Third_Party/FreeRTOS/Source/tasks.c **** 
 1250              		.loc 1 1164 2 is_stmt 1 view .LVU339
1166:Middlewares/Third_Party/FreeRTOS/Source/tasks.c **** 		{
 1251              		.loc 1 1166 3 view .LVU340
 1252 0004 FFF7FEFF 		bl	vPortEnterCritical
 1253              	.LVL93:
1170:Middlewares/Third_Party/FreeRTOS/Source/tasks.c **** 
 1254              		.loc 1 1170 4 view .LVU341
1170:Middlewares/Third_Party/FreeRTOS/Source/tasks.c **** 
 1255              		.loc 1 1170 12 is_stmt 0 view .LVU342
 1256 0008 002C     		cmp	r4, #0
 1257 000a 34D0     		beq	.L102
 1258              	.LVL94:
 1259              	.L93:
1173:Middlewares/Third_Party/FreeRTOS/Source/tasks.c **** 			{
 1260              		.loc 1 1173 4 is_stmt 1 view .LVU343
1173:Middlewares/Third_Party/FreeRTOS/Source/tasks.c **** 			{
 1261              		.loc 1 1173 22 is_stmt 0 view .LVU344
 1262 000c 251D     		adds	r5, r4, #4
1173:Middlewares/Third_Party/FreeRTOS/Source/tasks.c **** 			{
 1263              		.loc 1 1173 8 view .LVU345
 1264 000e 2846     		mov	r0, r5
 1265 0010 FFF7FEFF 		bl	uxListRemove
 1266              	.LVL95:
1173:Middlewares/Third_Party/FreeRTOS/Source/tasks.c **** 			{
 1267              		.loc 1 1173 6 discriminator 1 view .LVU346
 1268 0014 70B9     		cbnz	r0, .L94
1175:Middlewares/Third_Party/FreeRTOS/Source/tasks.c **** 			}
 1269              		.loc 1 1175 5 is_stmt 1 view .LVU347
 1270 0016 E26A     		ldr	r2, [r4, #44]
 1271 0018 02EB8203 		add	r3, r2, r2, lsl #2
ARM GAS  D:\temp\TMP\ccyP8bey.s 			page 124


 1272 001c 9B00     		lsls	r3, r3, #2
 1273 001e 2749     		ldr	r1, .L105
 1274 0020 CB58     		ldr	r3, [r1, r3]
 1275 0022 3BB9     		cbnz	r3, .L94
1175:Middlewares/Third_Party/FreeRTOS/Source/tasks.c **** 			}
 1276              		.loc 1 1175 5 discriminator 1 view .LVU348
 1277 0024 0123     		movs	r3, #1
 1278 0026 03FA02F2 		lsl	r2, r3, r2
 1279 002a 2549     		ldr	r1, .L105+4
 1280 002c 0B68     		ldr	r3, [r1]
 1281 002e 23EA0203 		bic	r3, r3, r2
 1282 0032 0B60     		str	r3, [r1]
 1283              	.L94:
1179:Middlewares/Third_Party/FreeRTOS/Source/tasks.c **** 			}
 1284              		.loc 1 1179 29 view .LVU349
1183:Middlewares/Third_Party/FreeRTOS/Source/tasks.c **** 			{
 1285              		.loc 1 1183 4 view .LVU350
1183:Middlewares/Third_Party/FreeRTOS/Source/tasks.c **** 			{
 1286              		.loc 1 1183 8 is_stmt 0 view .LVU351
 1287 0034 A36A     		ldr	r3, [r4, #40]
1183:Middlewares/Third_Party/FreeRTOS/Source/tasks.c **** 			{
 1288              		.loc 1 1183 6 view .LVU352
 1289 0036 1BB1     		cbz	r3, .L95
1185:Middlewares/Third_Party/FreeRTOS/Source/tasks.c **** 			}
 1290              		.loc 1 1185 5 is_stmt 1 view .LVU353
1185:Middlewares/Third_Party/FreeRTOS/Source/tasks.c **** 			}
 1291              		.loc 1 1185 14 is_stmt 0 view .LVU354
 1292 0038 04F11800 		add	r0, r4, #24
 1293 003c FFF7FEFF 		bl	uxListRemove
 1294              	.LVL96:
 1295              	.L95:
1189:Middlewares/Third_Party/FreeRTOS/Source/tasks.c **** 			}
 1296              		.loc 1 1189 29 is_stmt 1 view .LVU355
1196:Middlewares/Third_Party/FreeRTOS/Source/tasks.c **** 
 1297              		.loc 1 1196 4 view .LVU356
1196:Middlewares/Third_Party/FreeRTOS/Source/tasks.c **** 
 1298              		.loc 1 1196 16 is_stmt 0 view .LVU357
 1299 0040 204A     		ldr	r2, .L105+8
 1300 0042 1368     		ldr	r3, [r2]
 1301 0044 0133     		adds	r3, r3, #1
 1302 0046 1360     		str	r3, [r2]
1198:Middlewares/Third_Party/FreeRTOS/Source/tasks.c **** 			{
 1303              		.loc 1 1198 4 is_stmt 1 view .LVU358
1198:Middlewares/Third_Party/FreeRTOS/Source/tasks.c **** 			{
 1304              		.loc 1 1198 14 is_stmt 0 view .LVU359
 1305 0048 1F4B     		ldr	r3, .L105+12
 1306 004a 1B68     		ldr	r3, [r3]
1198:Middlewares/Third_Party/FreeRTOS/Source/tasks.c **** 			{
 1307              		.loc 1 1198 6 view .LVU360
 1308 004c A342     		cmp	r3, r4
 1309 004e 15D0     		beq	.L103
1225:Middlewares/Third_Party/FreeRTOS/Source/tasks.c **** 				traceTASK_DELETE( pxTCB );
 1310              		.loc 1 1225 5 is_stmt 1 view .LVU361
 1311 0050 1E4A     		ldr	r2, .L105+16
 1312 0052 1368     		ldr	r3, [r2]
 1313 0054 013B     		subs	r3, r3, #1
 1314 0056 1360     		str	r3, [r2]
ARM GAS  D:\temp\TMP\ccyP8bey.s 			page 125


1226:Middlewares/Third_Party/FreeRTOS/Source/tasks.c **** 				prvDeleteTCB( pxTCB );
 1315              		.loc 1 1226 30 view .LVU362
1227:Middlewares/Third_Party/FreeRTOS/Source/tasks.c **** 
 1316              		.loc 1 1227 5 view .LVU363
 1317 0058 2046     		mov	r0, r4
 1318 005a FFF7FEFF 		bl	prvDeleteTCB
 1319              	.LVL97:
1231:Middlewares/Third_Party/FreeRTOS/Source/tasks.c **** 			}
 1320              		.loc 1 1231 5 view .LVU364
 1321 005e FFF7FEFF 		bl	prvResetNextTaskUnblockTime
 1322              	.LVL98:
 1323              	.L97:
1234:Middlewares/Third_Party/FreeRTOS/Source/tasks.c **** 
 1324              		.loc 1 1234 3 view .LVU365
 1325 0062 FFF7FEFF 		bl	vPortExitCritical
 1326              	.LVL99:
1238:Middlewares/Third_Party/FreeRTOS/Source/tasks.c **** 		{
 1327              		.loc 1 1238 3 view .LVU366
1238:Middlewares/Third_Party/FreeRTOS/Source/tasks.c **** 		{
 1328              		.loc 1 1238 25 is_stmt 0 view .LVU367
 1329 0066 1A4B     		ldr	r3, .L105+20
 1330 0068 1B68     		ldr	r3, [r3]
1238:Middlewares/Third_Party/FreeRTOS/Source/tasks.c **** 		{
 1331              		.loc 1 1238 5 view .LVU368
 1332 006a 1BB1     		cbz	r3, .L92
1240:Middlewares/Third_Party/FreeRTOS/Source/tasks.c **** 			{
 1333              		.loc 1 1240 4 is_stmt 1 view .LVU369
1240:Middlewares/Third_Party/FreeRTOS/Source/tasks.c **** 			{
 1334              		.loc 1 1240 14 is_stmt 0 view .LVU370
 1335 006c 164B     		ldr	r3, .L105+12
 1336 006e 1B68     		ldr	r3, [r3]
1240:Middlewares/Third_Party/FreeRTOS/Source/tasks.c **** 			{
 1337              		.loc 1 1240 6 view .LVU371
 1338 0070 A342     		cmp	r3, r4
 1339 0072 0CD0     		beq	.L104
 1340              	.L92:
1250:Middlewares/Third_Party/FreeRTOS/Source/tasks.c **** 
 1341              		.loc 1 1250 2 view .LVU372
 1342 0074 38BD     		pop	{r3, r4, r5, pc}
 1343              	.LVL100:
 1344              	.L102:
1170:Middlewares/Third_Party/FreeRTOS/Source/tasks.c **** 
 1345              		.loc 1 1170 10 discriminator 1 view .LVU373
 1346 0076 144B     		ldr	r3, .L105+12
 1347 0078 1C68     		ldr	r4, [r3]
 1348              	.LVL101:
1170:Middlewares/Third_Party/FreeRTOS/Source/tasks.c **** 
 1349              		.loc 1 1170 10 discriminator 1 view .LVU374
 1350 007a C7E7     		b	.L93
 1351              	.LVL102:
 1352              	.L103:
1205:Middlewares/Third_Party/FreeRTOS/Source/tasks.c **** 
 1353              		.loc 1 1205 5 is_stmt 1 view .LVU375
 1354 007c 2946     		mov	r1, r5
 1355 007e 1548     		ldr	r0, .L105+24
 1356 0080 FFF7FEFF 		bl	vListInsertEnd
 1357              	.LVL103:
ARM GAS  D:\temp\TMP\ccyP8bey.s 			page 126


1210:Middlewares/Third_Party/FreeRTOS/Source/tasks.c **** 
 1358              		.loc 1 1210 5 view .LVU376
 1359 0084 144A     		ldr	r2, .L105+28
 1360 0086 1368     		ldr	r3, [r2]
 1361 0088 0133     		adds	r3, r3, #1
 1362 008a 1360     		str	r3, [r2]
1214:Middlewares/Third_Party/FreeRTOS/Source/tasks.c **** 
 1363              		.loc 1 1214 30 view .LVU377
1221:Middlewares/Third_Party/FreeRTOS/Source/tasks.c **** 			}
 1364              		.loc 1 1221 54 view .LVU378
 1365 008c E9E7     		b	.L97
 1366              	.L104:
1242:Middlewares/Third_Party/FreeRTOS/Source/tasks.c **** 				portYIELD_WITHIN_API();
 1367              		.loc 1 1242 5 view .LVU379
 1368 008e 134B     		ldr	r3, .L105+32
 1369 0090 1B68     		ldr	r3, [r3]
 1370 0092 43B1     		cbz	r3, .L99
1242:Middlewares/Third_Party/FreeRTOS/Source/tasks.c **** 				portYIELD_WITHIN_API();
 1371              		.loc 1 1242 5 discriminator 1 view .LVU380
 1372              	.LBB126:
 1373              	.LBI126:
 191:Middlewares/Third_Party/FreeRTOS/Source/portable/GCC/ARM_CM4F/portmacro.h **** {
 1374              		.loc 2 191 30 view .LVU381
 1375              	.LBB127:
 193:Middlewares/Third_Party/FreeRTOS/Source/portable/GCC/ARM_CM4F/portmacro.h **** 
 1376              		.loc 2 193 1 view .LVU382
 1377              		.loc 2 195 2 view .LVU383
 1378              		.syntax unified
 1379              	@ 195 "Middlewares/Third_Party/FreeRTOS/Source/portable/GCC/ARM_CM4F/portmacro.h" 1
 1380 0094 4FF05003 			mov r3, #80												
 1381 0098 83F31188 		msr basepri, r3											
 1382 009c BFF36F8F 		isb														
 1383 00a0 BFF34F8F 		dsb														
 1384              	
 1385              	@ 0 "" 2
 1386              		.thumb
 1387              		.syntax unified
 1388              	.L100:
 1389              	.LBE127:
 1390              	.LBE126:
1242:Middlewares/Third_Party/FreeRTOS/Source/tasks.c **** 				portYIELD_WITHIN_API();
 1391              		.loc 1 1242 5 view .LVU384
 1392 00a4 FEE7     		b	.L100
 1393              	.L99:
1242:Middlewares/Third_Party/FreeRTOS/Source/tasks.c **** 				portYIELD_WITHIN_API();
 1394              		.loc 1 1242 46 view .LVU385
1243:Middlewares/Third_Party/FreeRTOS/Source/tasks.c **** 			}
 1395              		.loc 1 1243 5 view .LVU386
 1396 00a6 4FF0E023 		mov	r3, #-536813568
 1397 00aa 4FF08052 		mov	r2, #268435456
 1398 00ae C3F8042D 		str	r2, [r3, #3332]
1243:Middlewares/Third_Party/FreeRTOS/Source/tasks.c **** 			}
 1399              		.loc 1 1243 5 view .LVU387
 1400              		.syntax unified
 1401              	@ 1243 "Middlewares/Third_Party/FreeRTOS/Source/tasks.c" 1
 1402 00b2 BFF34F8F 		dsb
 1403              	@ 0 "" 2
ARM GAS  D:\temp\TMP\ccyP8bey.s 			page 127


1243:Middlewares/Third_Party/FreeRTOS/Source/tasks.c **** 			}
 1404              		.loc 1 1243 5 view .LVU388
 1405              	@ 1243 "Middlewares/Third_Party/FreeRTOS/Source/tasks.c" 1
 1406 00b6 BFF36F8F 		isb
 1407              	@ 0 "" 2
1243:Middlewares/Third_Party/FreeRTOS/Source/tasks.c **** 			}
 1408              		.loc 1 1243 27 view .LVU389
1247:Middlewares/Third_Party/FreeRTOS/Source/tasks.c **** 			}
 1409              		.loc 1 1247 29 view .LVU390
1250:Middlewares/Third_Party/FreeRTOS/Source/tasks.c **** 
 1410              		.loc 1 1250 2 is_stmt 0 view .LVU391
 1411              		.thumb
 1412              		.syntax unified
 1413 00ba DBE7     		b	.L92
 1414              	.L106:
 1415              		.align	2
 1416              	.L105:
 1417 00bc 00000000 		.word	pxReadyTasksLists
 1418 00c0 00000000 		.word	uxTopReadyPriority
 1419 00c4 00000000 		.word	uxTaskNumber
 1420 00c8 00000000 		.word	pxCurrentTCB
 1421 00cc 00000000 		.word	uxCurrentNumberOfTasks
 1422 00d0 00000000 		.word	xSchedulerRunning
 1423 00d4 00000000 		.word	xTasksWaitingTermination
 1424 00d8 00000000 		.word	uxDeletedTasksWaitingCleanUp
 1425 00dc 00000000 		.word	uxSchedulerSuspended
 1426              		.cfi_endproc
 1427              	.LFE9:
 1429              		.section	.text.uxTaskPriorityGet,"ax",%progbits
 1430              		.align	1
 1431              		.global	uxTaskPriorityGet
 1432              		.syntax unified
 1433              		.thumb
 1434              		.thumb_func
 1436              	uxTaskPriorityGet:
 1437              	.LVL104:
 1438              	.LFB11:
1479:Middlewares/Third_Party/FreeRTOS/Source/tasks.c **** 	TCB_t const *pxTCB;
 1439              		.loc 1 1479 2 is_stmt 1 view -0
 1440              		.cfi_startproc
 1441              		@ args = 0, pretend = 0, frame = 0
 1442              		@ frame_needed = 0, uses_anonymous_args = 0
1479:Middlewares/Third_Party/FreeRTOS/Source/tasks.c **** 	TCB_t const *pxTCB;
 1443              		.loc 1 1479 2 is_stmt 0 view .LVU393
 1444 0000 10B5     		push	{r4, lr}
 1445              	.LCFI15:
 1446              		.cfi_def_cfa_offset 8
 1447              		.cfi_offset 4, -8
 1448              		.cfi_offset 14, -4
 1449 0002 0446     		mov	r4, r0
1480:Middlewares/Third_Party/FreeRTOS/Source/tasks.c **** 	UBaseType_t uxReturn;
 1450              		.loc 1 1480 2 is_stmt 1 view .LVU394
1481:Middlewares/Third_Party/FreeRTOS/Source/tasks.c **** 
 1451              		.loc 1 1481 2 view .LVU395
1483:Middlewares/Third_Party/FreeRTOS/Source/tasks.c **** 		{
 1452              		.loc 1 1483 3 view .LVU396
 1453 0004 FFF7FEFF 		bl	vPortEnterCritical
ARM GAS  D:\temp\TMP\ccyP8bey.s 			page 128


 1454              	.LVL105:
1487:Middlewares/Third_Party/FreeRTOS/Source/tasks.c **** 			uxReturn = pxTCB->uxPriority;
 1455              		.loc 1 1487 4 view .LVU397
1487:Middlewares/Third_Party/FreeRTOS/Source/tasks.c **** 			uxReturn = pxTCB->uxPriority;
 1456              		.loc 1 1487 12 is_stmt 0 view .LVU398
 1457 0008 24B1     		cbz	r4, .L110
 1458              	.LVL106:
 1459              	.L108:
1488:Middlewares/Third_Party/FreeRTOS/Source/tasks.c **** 		}
 1460              		.loc 1 1488 4 is_stmt 1 view .LVU399
1488:Middlewares/Third_Party/FreeRTOS/Source/tasks.c **** 		}
 1461              		.loc 1 1488 13 is_stmt 0 view .LVU400
 1462 000a E46A     		ldr	r4, [r4, #44]
 1463              	.LVL107:
1490:Middlewares/Third_Party/FreeRTOS/Source/tasks.c **** 
 1464              		.loc 1 1490 3 is_stmt 1 view .LVU401
 1465 000c FFF7FEFF 		bl	vPortExitCritical
 1466              	.LVL108:
1492:Middlewares/Third_Party/FreeRTOS/Source/tasks.c **** 	}
 1467              		.loc 1 1492 3 view .LVU402
1493:Middlewares/Third_Party/FreeRTOS/Source/tasks.c **** 
 1468              		.loc 1 1493 2 is_stmt 0 view .LVU403
 1469 0010 2046     		mov	r0, r4
 1470 0012 10BD     		pop	{r4, pc}
 1471              	.LVL109:
 1472              	.L110:
1487:Middlewares/Third_Party/FreeRTOS/Source/tasks.c **** 			uxReturn = pxTCB->uxPriority;
 1473              		.loc 1 1487 10 discriminator 1 view .LVU404
 1474 0014 014B     		ldr	r3, .L111
 1475 0016 1C68     		ldr	r4, [r3]
 1476              	.LVL110:
1487:Middlewares/Third_Party/FreeRTOS/Source/tasks.c **** 			uxReturn = pxTCB->uxPriority;
 1477              		.loc 1 1487 10 discriminator 1 view .LVU405
 1478 0018 F7E7     		b	.L108
 1479              	.L112:
 1480 001a 00BF     		.align	2
 1481              	.L111:
 1482 001c 00000000 		.word	pxCurrentTCB
 1483              		.cfi_endproc
 1484              	.LFE11:
 1486              		.section	.text.uxTaskPriorityGetFromISR,"ax",%progbits
 1487              		.align	1
 1488              		.global	uxTaskPriorityGetFromISR
 1489              		.syntax unified
 1490              		.thumb
 1491              		.thumb_func
 1493              	uxTaskPriorityGetFromISR:
 1494              	.LVL111:
 1495              	.LFB12:
1501:Middlewares/Third_Party/FreeRTOS/Source/tasks.c **** 	TCB_t const *pxTCB;
 1496              		.loc 1 1501 2 is_stmt 1 view -0
 1497              		.cfi_startproc
 1498              		@ args = 0, pretend = 0, frame = 0
 1499              		@ frame_needed = 0, uses_anonymous_args = 0
1501:Middlewares/Third_Party/FreeRTOS/Source/tasks.c **** 	TCB_t const *pxTCB;
 1500              		.loc 1 1501 2 is_stmt 0 view .LVU407
 1501 0000 10B5     		push	{r4, lr}
ARM GAS  D:\temp\TMP\ccyP8bey.s 			page 129


 1502              	.LCFI16:
 1503              		.cfi_def_cfa_offset 8
 1504              		.cfi_offset 4, -8
 1505              		.cfi_offset 14, -4
 1506 0002 0446     		mov	r4, r0
1502:Middlewares/Third_Party/FreeRTOS/Source/tasks.c **** 	UBaseType_t uxReturn, uxSavedInterruptState;
 1507              		.loc 1 1502 2 is_stmt 1 view .LVU408
1503:Middlewares/Third_Party/FreeRTOS/Source/tasks.c **** 
 1508              		.loc 1 1503 2 view .LVU409
1521:Middlewares/Third_Party/FreeRTOS/Source/tasks.c **** 
 1509              		.loc 1 1521 3 view .LVU410
 1510 0004 FFF7FEFF 		bl	vPortValidateInterruptPriority
 1511              	.LVL112:
1523:Middlewares/Third_Party/FreeRTOS/Source/tasks.c **** 		{
 1512              		.loc 1 1523 3 view .LVU411
 1513              	.LBB128:
 1514              	.LBI128:
 196:Middlewares/Third_Party/FreeRTOS/Source/portable/GCC/ARM_CM4F/portmacro.h **** 	(
 197:Middlewares/Third_Party/FreeRTOS/Source/portable/GCC/ARM_CM4F/portmacro.h **** 		"	mov %0, %1												\n"	\
 198:Middlewares/Third_Party/FreeRTOS/Source/portable/GCC/ARM_CM4F/portmacro.h **** 		"	msr basepri, %0											\n" \
 199:Middlewares/Third_Party/FreeRTOS/Source/portable/GCC/ARM_CM4F/portmacro.h **** 		"	isb														\n" \
 200:Middlewares/Third_Party/FreeRTOS/Source/portable/GCC/ARM_CM4F/portmacro.h **** 		"	dsb														\n" \
 201:Middlewares/Third_Party/FreeRTOS/Source/portable/GCC/ARM_CM4F/portmacro.h **** 		:"=r" (ulNewBASEPRI) : "i" ( configMAX_SYSCALL_INTERRUPT_PRIORITY ) : "memory"
 202:Middlewares/Third_Party/FreeRTOS/Source/portable/GCC/ARM_CM4F/portmacro.h **** 	);
 203:Middlewares/Third_Party/FreeRTOS/Source/portable/GCC/ARM_CM4F/portmacro.h **** }
 204:Middlewares/Third_Party/FreeRTOS/Source/portable/GCC/ARM_CM4F/portmacro.h **** 
 205:Middlewares/Third_Party/FreeRTOS/Source/portable/GCC/ARM_CM4F/portmacro.h **** /*-----------------------------------------------------------*/
 206:Middlewares/Third_Party/FreeRTOS/Source/portable/GCC/ARM_CM4F/portmacro.h **** 
 207:Middlewares/Third_Party/FreeRTOS/Source/portable/GCC/ARM_CM4F/portmacro.h **** portFORCE_INLINE static uint32_t ulPortRaiseBASEPRI( void )
 1515              		.loc 2 207 34 view .LVU412
 1516              	.LBB129:
 208:Middlewares/Third_Party/FreeRTOS/Source/portable/GCC/ARM_CM4F/portmacro.h **** {
 209:Middlewares/Third_Party/FreeRTOS/Source/portable/GCC/ARM_CM4F/portmacro.h **** uint32_t ulOriginalBASEPRI, ulNewBASEPRI;
 1517              		.loc 2 209 1 view .LVU413
 210:Middlewares/Third_Party/FreeRTOS/Source/portable/GCC/ARM_CM4F/portmacro.h **** 
 211:Middlewares/Third_Party/FreeRTOS/Source/portable/GCC/ARM_CM4F/portmacro.h **** 	__asm volatile
 1518              		.loc 2 211 2 view .LVU414
 1519              		.syntax unified
 1520              	@ 211 "Middlewares/Third_Party/FreeRTOS/Source/portable/GCC/ARM_CM4F/portmacro.h" 1
 1521 0008 EFF31183 			mrs r3, basepri											
 1522 000c 4FF05002 		mov r2, #80												
 1523 0010 82F31188 		msr basepri, r2											
 1524 0014 BFF36F8F 		isb														
 1525 0018 BFF34F8F 		dsb														
 1526              	
 1527              	@ 0 "" 2
 212:Middlewares/Third_Party/FreeRTOS/Source/portable/GCC/ARM_CM4F/portmacro.h **** 	(
 213:Middlewares/Third_Party/FreeRTOS/Source/portable/GCC/ARM_CM4F/portmacro.h **** 		"	mrs %0, basepri											\n" \
 214:Middlewares/Third_Party/FreeRTOS/Source/portable/GCC/ARM_CM4F/portmacro.h **** 		"	mov %1, %2												\n"	\
 215:Middlewares/Third_Party/FreeRTOS/Source/portable/GCC/ARM_CM4F/portmacro.h **** 		"	msr basepri, %1											\n" \
 216:Middlewares/Third_Party/FreeRTOS/Source/portable/GCC/ARM_CM4F/portmacro.h **** 		"	isb														\n" \
 217:Middlewares/Third_Party/FreeRTOS/Source/portable/GCC/ARM_CM4F/portmacro.h **** 		"	dsb														\n" \
 218:Middlewares/Third_Party/FreeRTOS/Source/portable/GCC/ARM_CM4F/portmacro.h **** 		:"=r" (ulOriginalBASEPRI), "=r" (ulNewBASEPRI) : "i" ( configMAX_SYSCALL_INTERRUPT_PRIORITY ) : "
 219:Middlewares/Third_Party/FreeRTOS/Source/portable/GCC/ARM_CM4F/portmacro.h **** 	);
 220:Middlewares/Third_Party/FreeRTOS/Source/portable/GCC/ARM_CM4F/portmacro.h **** 
 221:Middlewares/Third_Party/FreeRTOS/Source/portable/GCC/ARM_CM4F/portmacro.h **** 	/* This return will not be reached but is necessary to prevent compiler
 222:Middlewares/Third_Party/FreeRTOS/Source/portable/GCC/ARM_CM4F/portmacro.h **** 	warnings. */
ARM GAS  D:\temp\TMP\ccyP8bey.s 			page 130


 223:Middlewares/Third_Party/FreeRTOS/Source/portable/GCC/ARM_CM4F/portmacro.h **** 	return ulOriginalBASEPRI;
 1528              		.loc 2 223 2 view .LVU415
 1529              	.LVL113:
 1530              		.loc 2 223 2 is_stmt 0 view .LVU416
 1531              		.thumb
 1532              		.syntax unified
 1533              	.LBE129:
 1534              	.LBE128:
1527:Middlewares/Third_Party/FreeRTOS/Source/tasks.c **** 			uxReturn = pxTCB->uxPriority;
 1535              		.loc 1 1527 4 is_stmt 1 view .LVU417
1527:Middlewares/Third_Party/FreeRTOS/Source/tasks.c **** 			uxReturn = pxTCB->uxPriority;
 1536              		.loc 1 1527 12 is_stmt 0 view .LVU418
 1537 001c 1CB1     		cbz	r4, .L116
 1538              	.LVL114:
 1539              	.L114:
1528:Middlewares/Third_Party/FreeRTOS/Source/tasks.c **** 		}
 1540              		.loc 1 1528 4 is_stmt 1 view .LVU419
1528:Middlewares/Third_Party/FreeRTOS/Source/tasks.c **** 		}
 1541              		.loc 1 1528 13 is_stmt 0 view .LVU420
 1542 001e E06A     		ldr	r0, [r4, #44]
 1543              	.LVL115:
1530:Middlewares/Third_Party/FreeRTOS/Source/tasks.c **** 
 1544              		.loc 1 1530 3 is_stmt 1 view .LVU421
 1545              	.LBB130:
 1546              	.LBI130:
 224:Middlewares/Third_Party/FreeRTOS/Source/portable/GCC/ARM_CM4F/portmacro.h **** }
 225:Middlewares/Third_Party/FreeRTOS/Source/portable/GCC/ARM_CM4F/portmacro.h **** /*-----------------------------------------------------------*/
 226:Middlewares/Third_Party/FreeRTOS/Source/portable/GCC/ARM_CM4F/portmacro.h **** 
 227:Middlewares/Third_Party/FreeRTOS/Source/portable/GCC/ARM_CM4F/portmacro.h **** portFORCE_INLINE static void vPortSetBASEPRI( uint32_t ulNewMaskValue )
 1547              		.loc 2 227 30 view .LVU422
 1548              	.LBB131:
 228:Middlewares/Third_Party/FreeRTOS/Source/portable/GCC/ARM_CM4F/portmacro.h **** {
 229:Middlewares/Third_Party/FreeRTOS/Source/portable/GCC/ARM_CM4F/portmacro.h **** 	__asm volatile
 1549              		.loc 2 229 2 view .LVU423
 1550              		.syntax unified
 1551              	@ 229 "Middlewares/Third_Party/FreeRTOS/Source/portable/GCC/ARM_CM4F/portmacro.h" 1
 1552 0020 83F31188 			msr basepri, r3	
 1553              	@ 0 "" 2
 1554              		.thumb
 1555              		.syntax unified
 1556              	.LBE131:
 1557              	.LBE130:
1532:Middlewares/Third_Party/FreeRTOS/Source/tasks.c **** 	}
 1558              		.loc 1 1532 3 view .LVU424
1533:Middlewares/Third_Party/FreeRTOS/Source/tasks.c **** 
 1559              		.loc 1 1533 2 is_stmt 0 view .LVU425
 1560 0024 10BD     		pop	{r4, pc}
 1561              	.LVL116:
 1562              	.L116:
1527:Middlewares/Third_Party/FreeRTOS/Source/tasks.c **** 			uxReturn = pxTCB->uxPriority;
 1563              		.loc 1 1527 10 discriminator 1 view .LVU426
 1564 0026 014A     		ldr	r2, .L117
 1565 0028 1468     		ldr	r4, [r2]
 1566              	.LVL117:
1527:Middlewares/Third_Party/FreeRTOS/Source/tasks.c **** 			uxReturn = pxTCB->uxPriority;
 1567              		.loc 1 1527 10 discriminator 1 view .LVU427
 1568 002a F8E7     		b	.L114
ARM GAS  D:\temp\TMP\ccyP8bey.s 			page 131


 1569              	.L118:
 1570              		.align	2
 1571              	.L117:
 1572 002c 00000000 		.word	pxCurrentTCB
 1573              		.cfi_endproc
 1574              	.LFE12:
 1576              		.section	.text.vTaskPrioritySet,"ax",%progbits
 1577              		.align	1
 1578              		.global	vTaskPrioritySet
 1579              		.syntax unified
 1580              		.thumb
 1581              		.thumb_func
 1583              	vTaskPrioritySet:
 1584              	.LVL118:
 1585              	.LFB13:
1541:Middlewares/Third_Party/FreeRTOS/Source/tasks.c **** 	TCB_t *pxTCB;
 1586              		.loc 1 1541 2 is_stmt 1 view -0
 1587              		.cfi_startproc
 1588              		@ args = 0, pretend = 0, frame = 0
 1589              		@ frame_needed = 0, uses_anonymous_args = 0
1541:Middlewares/Third_Party/FreeRTOS/Source/tasks.c **** 	TCB_t *pxTCB;
 1590              		.loc 1 1541 2 is_stmt 0 view .LVU429
 1591 0000 F8B5     		push	{r3, r4, r5, r6, r7, lr}
 1592              	.LCFI17:
 1593              		.cfi_def_cfa_offset 24
 1594              		.cfi_offset 3, -24
 1595              		.cfi_offset 4, -20
 1596              		.cfi_offset 5, -16
 1597              		.cfi_offset 6, -12
 1598              		.cfi_offset 7, -8
 1599              		.cfi_offset 14, -4
1542:Middlewares/Third_Party/FreeRTOS/Source/tasks.c **** 	UBaseType_t uxCurrentBasePriority, uxPriorityUsedOnEntry;
 1600              		.loc 1 1542 2 is_stmt 1 view .LVU430
1543:Middlewares/Third_Party/FreeRTOS/Source/tasks.c **** 	BaseType_t xYieldRequired = pdFALSE;
 1601              		.loc 1 1543 2 view .LVU431
1544:Middlewares/Third_Party/FreeRTOS/Source/tasks.c **** 
 1602              		.loc 1 1544 2 view .LVU432
 1603              	.LVL119:
1546:Middlewares/Third_Party/FreeRTOS/Source/tasks.c **** 
 1604              		.loc 1 1546 3 view .LVU433
 1605 0002 0629     		cmp	r1, #6
 1606 0004 08D9     		bls	.L120
1546:Middlewares/Third_Party/FreeRTOS/Source/tasks.c **** 
 1607              		.loc 1 1546 3 discriminator 1 view .LVU434
 1608              	.LBB132:
 1609              	.LBI132:
 191:Middlewares/Third_Party/FreeRTOS/Source/portable/GCC/ARM_CM4F/portmacro.h **** {
 1610              		.loc 2 191 30 view .LVU435
 1611              	.LBB133:
 193:Middlewares/Third_Party/FreeRTOS/Source/portable/GCC/ARM_CM4F/portmacro.h **** 
 1612              		.loc 2 193 1 view .LVU436
 195:Middlewares/Third_Party/FreeRTOS/Source/portable/GCC/ARM_CM4F/portmacro.h **** 	(
 1613              		.loc 2 195 2 view .LVU437
 1614              		.syntax unified
 1615              	@ 195 "Middlewares/Third_Party/FreeRTOS/Source/portable/GCC/ARM_CM4F/portmacro.h" 1
 1616 0006 4FF05003 			mov r3, #80												
 1617 000a 83F31188 		msr basepri, r3											
ARM GAS  D:\temp\TMP\ccyP8bey.s 			page 132


 1618 000e BFF36F8F 		isb														
 1619 0012 BFF34F8F 		dsb														
 1620              	
 1621              	@ 0 "" 2
 1622              		.thumb
 1623              		.syntax unified
 1624              	.L121:
 1625              	.LBE133:
 1626              	.LBE132:
1546:Middlewares/Third_Party/FreeRTOS/Source/tasks.c **** 
 1627              		.loc 1 1546 3 view .LVU438
 1628 0016 FEE7     		b	.L121
 1629              	.L120:
 1630 0018 0546     		mov	r5, r0
 1631 001a 0C46     		mov	r4, r1
1546:Middlewares/Third_Party/FreeRTOS/Source/tasks.c **** 
 1632              		.loc 1 1546 59 view .LVU439
1549:Middlewares/Third_Party/FreeRTOS/Source/tasks.c **** 		{
 1633              		.loc 1 1549 3 view .LVU440
 1634              	.LVL120:
1555:Middlewares/Third_Party/FreeRTOS/Source/tasks.c **** 		}
 1635              		.loc 1 1555 28 view .LVU441
1558:Middlewares/Third_Party/FreeRTOS/Source/tasks.c **** 		{
 1636              		.loc 1 1558 3 view .LVU442
 1637 001c FFF7FEFF 		bl	vPortEnterCritical
 1638              	.LVL121:
1562:Middlewares/Third_Party/FreeRTOS/Source/tasks.c **** 
 1639              		.loc 1 1562 4 view .LVU443
1562:Middlewares/Third_Party/FreeRTOS/Source/tasks.c **** 
 1640              		.loc 1 1562 12 is_stmt 0 view .LVU444
 1641 0020 7DB1     		cbz	r5, .L134
 1642              	.LVL122:
 1643              	.L122:
1564:Middlewares/Third_Party/FreeRTOS/Source/tasks.c **** 
 1644              		.loc 1 1564 50 is_stmt 1 view .LVU445
1568:Middlewares/Third_Party/FreeRTOS/Source/tasks.c **** 			}
 1645              		.loc 1 1568 5 view .LVU446
1568:Middlewares/Third_Party/FreeRTOS/Source/tasks.c **** 			}
 1646              		.loc 1 1568 27 is_stmt 0 view .LVU447
 1647 0022 6B6C     		ldr	r3, [r5, #68]
 1648              	.LVL123:
1576:Middlewares/Third_Party/FreeRTOS/Source/tasks.c **** 			{
 1649              		.loc 1 1576 4 is_stmt 1 view .LVU448
1576:Middlewares/Third_Party/FreeRTOS/Source/tasks.c **** 			{
 1650              		.loc 1 1576 6 is_stmt 0 view .LVU449
 1651 0024 9C42     		cmp	r4, r3
 1652 0026 33D0     		beq	.L123
1580:Middlewares/Third_Party/FreeRTOS/Source/tasks.c **** 				{
 1653              		.loc 1 1580 5 is_stmt 1 view .LVU450
1580:Middlewares/Third_Party/FreeRTOS/Source/tasks.c **** 				{
 1654              		.loc 1 1580 7 is_stmt 0 view .LVU451
 1655 0028 0ED9     		bls	.L124
1582:Middlewares/Third_Party/FreeRTOS/Source/tasks.c **** 					{
 1656              		.loc 1 1582 6 is_stmt 1 view .LVU452
1582:Middlewares/Third_Party/FreeRTOS/Source/tasks.c **** 					{
 1657              		.loc 1 1582 16 is_stmt 0 view .LVU453
 1658 002a 2E4A     		ldr	r2, .L137
ARM GAS  D:\temp\TMP\ccyP8bey.s 			page 133


 1659 002c 1268     		ldr	r2, [r2]
1582:Middlewares/Third_Party/FreeRTOS/Source/tasks.c **** 					{
 1660              		.loc 1 1582 8 view .LVU454
 1661 002e AA42     		cmp	r2, r5
 1662 0030 31D0     		beq	.L130
1587:Middlewares/Third_Party/FreeRTOS/Source/tasks.c **** 						{
 1663              		.loc 1 1587 7 is_stmt 1 view .LVU455
1587:Middlewares/Third_Party/FreeRTOS/Source/tasks.c **** 						{
 1664              		.loc 1 1587 40 is_stmt 0 view .LVU456
 1665 0032 2C4A     		ldr	r2, .L137
 1666 0034 1268     		ldr	r2, [r2]
 1667 0036 D26A     		ldr	r2, [r2, #44]
1587:Middlewares/Third_Party/FreeRTOS/Source/tasks.c **** 						{
 1668              		.loc 1 1587 9 view .LVU457
 1669 0038 A242     		cmp	r2, r4
 1670 003a 2FD9     		bls	.L131
1544:Middlewares/Third_Party/FreeRTOS/Source/tasks.c **** 
 1671              		.loc 1 1544 13 view .LVU458
 1672 003c 0022     		movs	r2, #0
 1673 003e 1646     		mov	r6, r2
 1674 0040 08E0     		b	.L125
 1675              	.LVL124:
 1676              	.L134:
1562:Middlewares/Third_Party/FreeRTOS/Source/tasks.c **** 
 1677              		.loc 1 1562 10 discriminator 1 view .LVU459
 1678 0042 284B     		ldr	r3, .L137
 1679 0044 1D68     		ldr	r5, [r3]
 1680              	.LVL125:
1562:Middlewares/Third_Party/FreeRTOS/Source/tasks.c **** 
 1681              		.loc 1 1562 10 discriminator 1 view .LVU460
 1682 0046 ECE7     		b	.L122
 1683              	.LVL126:
 1684              	.L124:
1603:Middlewares/Third_Party/FreeRTOS/Source/tasks.c **** 				{
 1685              		.loc 1 1603 10 is_stmt 1 view .LVU461
1603:Middlewares/Third_Party/FreeRTOS/Source/tasks.c **** 				{
 1686              		.loc 1 1603 20 is_stmt 0 view .LVU462
 1687 0048 264A     		ldr	r2, .L137
 1688 004a 1268     		ldr	r2, [r2]
1603:Middlewares/Third_Party/FreeRTOS/Source/tasks.c **** 				{
 1689              		.loc 1 1603 12 view .LVU463
 1690 004c AA42     		cmp	r2, r5
 1691 004e 28D0     		beq	.L132
1544:Middlewares/Third_Party/FreeRTOS/Source/tasks.c **** 
 1692              		.loc 1 1544 13 view .LVU464
 1693 0050 0022     		movs	r2, #0
 1694 0052 1646     		mov	r6, r2
 1695              	.L125:
 1696              	.LVL127:
1615:Middlewares/Third_Party/FreeRTOS/Source/tasks.c **** 
 1697              		.loc 1 1615 5 is_stmt 1 view .LVU465
1620:Middlewares/Third_Party/FreeRTOS/Source/tasks.c **** 
 1698              		.loc 1 1620 5 view .LVU466
1620:Middlewares/Third_Party/FreeRTOS/Source/tasks.c **** 
 1699              		.loc 1 1620 27 is_stmt 0 view .LVU467
 1700 0054 EA6A     		ldr	r2, [r5, #44]
 1701 0056 1746     		mov	r7, r2
ARM GAS  D:\temp\TMP\ccyP8bey.s 			page 134


 1702              	.LVL128:
1626:Middlewares/Third_Party/FreeRTOS/Source/tasks.c **** 					{
 1703              		.loc 1 1626 6 is_stmt 1 view .LVU468
1626:Middlewares/Third_Party/FreeRTOS/Source/tasks.c **** 					{
 1704              		.loc 1 1626 8 is_stmt 0 view .LVU469
 1705 0058 9342     		cmp	r3, r2
 1706 005a 25D0     		beq	.L135
 1707              	.L126:
1632:Middlewares/Third_Party/FreeRTOS/Source/tasks.c **** 					}
 1708              		.loc 1 1632 31 is_stmt 1 view .LVU470
1636:Middlewares/Third_Party/FreeRTOS/Source/tasks.c **** 				}
 1709              		.loc 1 1636 6 view .LVU471
1636:Middlewares/Third_Party/FreeRTOS/Source/tasks.c **** 				}
 1710              		.loc 1 1636 28 is_stmt 0 view .LVU472
 1711 005c 6C64     		str	r4, [r5, #68]
1646:Middlewares/Third_Party/FreeRTOS/Source/tasks.c **** 				{
 1712              		.loc 1 1646 5 is_stmt 1 view .LVU473
1646:Middlewares/Third_Party/FreeRTOS/Source/tasks.c **** 				{
 1713              		.loc 1 1646 11 is_stmt 0 view .LVU474
 1714 005e AB69     		ldr	r3, [r5, #24]
 1715              	.LVL129:
1646:Middlewares/Third_Party/FreeRTOS/Source/tasks.c **** 				{
 1716              		.loc 1 1646 7 view .LVU475
 1717 0060 002B     		cmp	r3, #0
 1718 0062 02DB     		blt	.L127
1648:Middlewares/Third_Party/FreeRTOS/Source/tasks.c **** 				}
 1719              		.loc 1 1648 6 is_stmt 1 view .LVU476
 1720 0064 C4F10704 		rsb	r4, r4, #7
 1721              	.LVL130:
1648:Middlewares/Third_Party/FreeRTOS/Source/tasks.c **** 				}
 1722              		.loc 1 1648 6 is_stmt 0 view .LVU477
 1723 0068 AC61     		str	r4, [r5, #24]
 1724              	.L127:
1652:Middlewares/Third_Party/FreeRTOS/Source/tasks.c **** 				}
 1725              		.loc 1 1652 30 is_stmt 1 view .LVU478
1659:Middlewares/Third_Party/FreeRTOS/Source/tasks.c **** 				{
 1726              		.loc 1 1659 5 view .LVU479
1659:Middlewares/Third_Party/FreeRTOS/Source/tasks.c **** 				{
 1727              		.loc 1 1659 9 is_stmt 0 view .LVU480
 1728 006a 6969     		ldr	r1, [r5, #20]
 1729 006c 07EB8702 		add	r2, r7, r7, lsl #2
 1730              	.LVL131:
1659:Middlewares/Third_Party/FreeRTOS/Source/tasks.c **** 				{
 1731              		.loc 1 1659 9 view .LVU481
 1732 0070 1D4B     		ldr	r3, .L137+4
 1733 0072 03EB8203 		add	r3, r3, r2, lsl #2
1659:Middlewares/Third_Party/FreeRTOS/Source/tasks.c **** 				{
 1734              		.loc 1 1659 7 view .LVU482
 1735 0076 9942     		cmp	r1, r3
 1736 0078 18D0     		beq	.L136
 1737              	.LVL132:
 1738              	.L128:
1679:Middlewares/Third_Party/FreeRTOS/Source/tasks.c **** 				}
 1739              		.loc 1 1679 30 is_stmt 1 view .LVU483
1682:Middlewares/Third_Party/FreeRTOS/Source/tasks.c **** 				{
 1740              		.loc 1 1682 5 view .LVU484
1682:Middlewares/Third_Party/FreeRTOS/Source/tasks.c **** 				{
ARM GAS  D:\temp\TMP\ccyP8bey.s 			page 135


 1741              		.loc 1 1682 7 is_stmt 0 view .LVU485
 1742 007a 4EB1     		cbz	r6, .L123
1684:Middlewares/Third_Party/FreeRTOS/Source/tasks.c **** 				}
 1743              		.loc 1 1684 6 is_stmt 1 view .LVU486
 1744 007c 4FF0E023 		mov	r3, #-536813568
 1745 0080 4FF08052 		mov	r2, #268435456
 1746 0084 C3F8042D 		str	r2, [r3, #3332]
1684:Middlewares/Third_Party/FreeRTOS/Source/tasks.c **** 				}
 1747              		.loc 1 1684 6 view .LVU487
 1748              		.syntax unified
 1749              	@ 1684 "Middlewares/Third_Party/FreeRTOS/Source/tasks.c" 1
 1750 0088 BFF34F8F 		dsb
 1751              	@ 0 "" 2
1684:Middlewares/Third_Party/FreeRTOS/Source/tasks.c **** 				}
 1752              		.loc 1 1684 6 view .LVU488
 1753              	@ 1684 "Middlewares/Third_Party/FreeRTOS/Source/tasks.c" 1
 1754 008c BFF36F8F 		isb
 1755              	@ 0 "" 2
1684:Middlewares/Third_Party/FreeRTOS/Source/tasks.c **** 				}
 1756              		.loc 1 1684 37 view .LVU489
 1757              	.LVL133:
 1758              		.thumb
 1759              		.syntax unified
 1760              	.L123:
1688:Middlewares/Third_Party/FreeRTOS/Source/tasks.c **** 				}
 1761              		.loc 1 1688 30 view .LVU490
1693:Middlewares/Third_Party/FreeRTOS/Source/tasks.c **** 			}
 1762              		.loc 1 1693 5 view .LVU491
1696:Middlewares/Third_Party/FreeRTOS/Source/tasks.c **** 	}
 1763              		.loc 1 1696 3 view .LVU492
 1764 0090 FFF7FEFF 		bl	vPortExitCritical
 1765              	.LVL134:
1697:Middlewares/Third_Party/FreeRTOS/Source/tasks.c **** 
 1766              		.loc 1 1697 2 is_stmt 0 view .LVU493
 1767 0094 F8BD     		pop	{r3, r4, r5, r6, r7, pc}
 1768              	.LVL135:
 1769              	.L130:
1544:Middlewares/Third_Party/FreeRTOS/Source/tasks.c **** 
 1770              		.loc 1 1544 13 view .LVU494
 1771 0096 0022     		movs	r2, #0
 1772 0098 1646     		mov	r6, r2
 1773 009a DBE7     		b	.L125
 1774              	.L131:
1589:Middlewares/Third_Party/FreeRTOS/Source/tasks.c **** 						}
 1775              		.loc 1 1589 23 view .LVU495
 1776 009c 0122     		movs	r2, #1
 1777 009e 1646     		mov	r6, r2
 1778 00a0 D8E7     		b	.L125
 1779              	.L132:
1608:Middlewares/Third_Party/FreeRTOS/Source/tasks.c **** 				}
 1780              		.loc 1 1608 21 view .LVU496
 1781 00a2 0122     		movs	r2, #1
 1782 00a4 1646     		mov	r6, r2
 1783 00a6 D5E7     		b	.L125
 1784              	.LVL136:
 1785              	.L135:
1628:Middlewares/Third_Party/FreeRTOS/Source/tasks.c **** 					}
ARM GAS  D:\temp\TMP\ccyP8bey.s 			page 136


 1786              		.loc 1 1628 7 is_stmt 1 view .LVU497
1628:Middlewares/Third_Party/FreeRTOS/Source/tasks.c **** 					}
 1787              		.loc 1 1628 25 is_stmt 0 view .LVU498
 1788 00a8 EC62     		str	r4, [r5, #44]
 1789 00aa D7E7     		b	.L126
 1790              	.LVL137:
 1791              	.L136:
1664:Middlewares/Third_Party/FreeRTOS/Source/tasks.c **** 					{
 1792              		.loc 1 1664 6 is_stmt 1 view .LVU499
1664:Middlewares/Third_Party/FreeRTOS/Source/tasks.c **** 					{
 1793              		.loc 1 1664 24 is_stmt 0 view .LVU500
 1794 00ac 2C1D     		adds	r4, r5, #4
1664:Middlewares/Third_Party/FreeRTOS/Source/tasks.c **** 					{
 1795              		.loc 1 1664 10 view .LVU501
 1796 00ae 2046     		mov	r0, r4
 1797 00b0 FFF7FEFF 		bl	uxListRemove
 1798              	.LVL138:
1664:Middlewares/Third_Party/FreeRTOS/Source/tasks.c **** 					{
 1799              		.loc 1 1664 8 discriminator 1 view .LVU502
 1800 00b4 30B9     		cbnz	r0, .L129
1669:Middlewares/Third_Party/FreeRTOS/Source/tasks.c **** 					}
 1801              		.loc 1 1669 7 is_stmt 1 view .LVU503
 1802 00b6 0122     		movs	r2, #1
 1803 00b8 BA40     		lsls	r2, r2, r7
 1804 00ba 0C49     		ldr	r1, .L137+8
 1805 00bc 0B68     		ldr	r3, [r1]
 1806 00be 23EA0203 		bic	r3, r3, r2
 1807 00c2 0B60     		str	r3, [r1]
 1808              	.L129:
1673:Middlewares/Third_Party/FreeRTOS/Source/tasks.c **** 					}
 1809              		.loc 1 1673 31 view .LVU504
1675:Middlewares/Third_Party/FreeRTOS/Source/tasks.c **** 				}
 1810              		.loc 1 1675 6 view .LVU505
1675:Middlewares/Third_Party/FreeRTOS/Source/tasks.c **** 				}
 1811              		.loc 1 1675 6 view .LVU506
 1812 00c4 E86A     		ldr	r0, [r5, #44]
 1813 00c6 0123     		movs	r3, #1
 1814 00c8 8340     		lsls	r3, r3, r0
 1815 00ca 084A     		ldr	r2, .L137+8
 1816 00cc 1168     		ldr	r1, [r2]
 1817 00ce 0B43     		orrs	r3, r3, r1
 1818 00d0 1360     		str	r3, [r2]
1675:Middlewares/Third_Party/FreeRTOS/Source/tasks.c **** 				}
 1819              		.loc 1 1675 6 view .LVU507
 1820 00d2 00EB8000 		add	r0, r0, r0, lsl #2
 1821 00d6 2146     		mov	r1, r4
 1822 00d8 034B     		ldr	r3, .L137+4
 1823 00da 03EB8000 		add	r0, r3, r0, lsl #2
 1824 00de FFF7FEFF 		bl	vListInsertEnd
 1825              	.LVL139:
1675:Middlewares/Third_Party/FreeRTOS/Source/tasks.c **** 				}
 1826              		.loc 1 1675 36 discriminator 1 view .LVU508
 1827 00e2 CAE7     		b	.L128
 1828              	.L138:
 1829              		.align	2
 1830              	.L137:
 1831 00e4 00000000 		.word	pxCurrentTCB
ARM GAS  D:\temp\TMP\ccyP8bey.s 			page 137


 1832 00e8 00000000 		.word	pxReadyTasksLists
 1833 00ec 00000000 		.word	uxTopReadyPriority
 1834              		.cfi_endproc
 1835              	.LFE13:
 1837              		.section	.text.vTaskResume,"ax",%progbits
 1838              		.align	1
 1839              		.global	vTaskResume
 1840              		.syntax unified
 1841              		.thumb
 1842              		.thumb_func
 1844              	vTaskResume:
 1845              	.LVL140:
 1846              	.LFB16:
1852:Middlewares/Third_Party/FreeRTOS/Source/tasks.c **** 	TCB_t * const pxTCB = xTaskToResume;
 1847              		.loc 1 1852 2 view -0
 1848              		.cfi_startproc
 1849              		@ args = 0, pretend = 0, frame = 0
 1850              		@ frame_needed = 0, uses_anonymous_args = 0
1852:Middlewares/Third_Party/FreeRTOS/Source/tasks.c **** 	TCB_t * const pxTCB = xTaskToResume;
 1851              		.loc 1 1852 2 is_stmt 0 view .LVU510
 1852 0000 38B5     		push	{r3, r4, r5, lr}
 1853              	.LCFI18:
 1854              		.cfi_def_cfa_offset 16
 1855              		.cfi_offset 3, -16
 1856              		.cfi_offset 4, -12
 1857              		.cfi_offset 5, -8
 1858              		.cfi_offset 14, -4
1853:Middlewares/Third_Party/FreeRTOS/Source/tasks.c **** 
 1859              		.loc 1 1853 2 is_stmt 1 view .LVU511
 1860              	.LVL141:
1856:Middlewares/Third_Party/FreeRTOS/Source/tasks.c **** 
 1861              		.loc 1 1856 3 view .LVU512
 1862 0002 68B1     		cbz	r0, .L145
 1863 0004 0446     		mov	r4, r0
1856:Middlewares/Third_Party/FreeRTOS/Source/tasks.c **** 
 1864              		.loc 1 1856 32 view .LVU513
1860:Middlewares/Third_Party/FreeRTOS/Source/tasks.c **** 		{
 1865              		.loc 1 1860 3 view .LVU514
1860:Middlewares/Third_Party/FreeRTOS/Source/tasks.c **** 		{
 1866              		.loc 1 1860 15 is_stmt 0 view .LVU515
 1867 0006 1D4B     		ldr	r3, .L147
 1868 0008 1B68     		ldr	r3, [r3]
1860:Middlewares/Third_Party/FreeRTOS/Source/tasks.c **** 		{
 1869              		.loc 1 1860 5 view .LVU516
 1870 000a 8342     		cmp	r3, r0
 1871 000c 07D0     		beq	.L139
1862:Middlewares/Third_Party/FreeRTOS/Source/tasks.c **** 			{
 1872              		.loc 1 1862 4 is_stmt 1 view .LVU517
 1873 000e FFF7FEFF 		bl	vPortEnterCritical
 1874              	.LVL142:
1864:Middlewares/Third_Party/FreeRTOS/Source/tasks.c **** 				{
 1875              		.loc 1 1864 5 view .LVU518
1864:Middlewares/Third_Party/FreeRTOS/Source/tasks.c **** 				{
 1876              		.loc 1 1864 9 is_stmt 0 view .LVU519
 1877 0012 2046     		mov	r0, r4
 1878 0014 FFF7FEFF 		bl	prvTaskIsTaskSuspended
 1879              	.LVL143:
ARM GAS  D:\temp\TMP\ccyP8bey.s 			page 138


1864:Middlewares/Third_Party/FreeRTOS/Source/tasks.c **** 				{
 1880              		.loc 1 1864 7 discriminator 1 view .LVU520
 1881 0018 58B9     		cbnz	r0, .L146
 1882              	.L143:
1888:Middlewares/Third_Party/FreeRTOS/Source/tasks.c **** 				}
 1883              		.loc 1 1888 30 is_stmt 1 view .LVU521
1891:Middlewares/Third_Party/FreeRTOS/Source/tasks.c **** 		}
 1884              		.loc 1 1891 4 view .LVU522
 1885 001a FFF7FEFF 		bl	vPortExitCritical
 1886              	.LVL144:
1895:Middlewares/Third_Party/FreeRTOS/Source/tasks.c **** 		}
 1887              		.loc 1 1895 28 view .LVU523
 1888              	.L139:
1897:Middlewares/Third_Party/FreeRTOS/Source/tasks.c **** 
 1889              		.loc 1 1897 2 is_stmt 0 view .LVU524
 1890 001e 38BD     		pop	{r3, r4, r5, pc}
 1891              	.LVL145:
 1892              	.L145:
1856:Middlewares/Third_Party/FreeRTOS/Source/tasks.c **** 
 1893              		.loc 1 1856 3 is_stmt 1 discriminator 1 view .LVU525
 1894              	.LBB134:
 1895              	.LBI134:
 191:Middlewares/Third_Party/FreeRTOS/Source/portable/GCC/ARM_CM4F/portmacro.h **** {
 1896              		.loc 2 191 30 view .LVU526
 1897              	.LBB135:
 193:Middlewares/Third_Party/FreeRTOS/Source/portable/GCC/ARM_CM4F/portmacro.h **** 
 1898              		.loc 2 193 1 view .LVU527
 195:Middlewares/Third_Party/FreeRTOS/Source/portable/GCC/ARM_CM4F/portmacro.h **** 	(
 1899              		.loc 2 195 2 view .LVU528
 1900              		.syntax unified
 1901              	@ 195 "Middlewares/Third_Party/FreeRTOS/Source/portable/GCC/ARM_CM4F/portmacro.h" 1
 1902 0020 4FF05003 			mov r3, #80												
 1903 0024 83F31188 		msr basepri, r3											
 1904 0028 BFF36F8F 		isb														
 1905 002c BFF34F8F 		dsb														
 1906              	
 1907              	@ 0 "" 2
 1908              		.thumb
 1909              		.syntax unified
 1910              	.L141:
 1911              	.LBE135:
 1912              	.LBE134:
1856:Middlewares/Third_Party/FreeRTOS/Source/tasks.c **** 
 1913              		.loc 1 1856 3 view .LVU529
 1914 0030 FEE7     		b	.L141
 1915              	.LVL146:
 1916              	.L146:
1866:Middlewares/Third_Party/FreeRTOS/Source/tasks.c **** 
 1917              		.loc 1 1866 31 view .LVU530
1870:Middlewares/Third_Party/FreeRTOS/Source/tasks.c **** 					prvAddTaskToReadyList( pxTCB );
 1918              		.loc 1 1870 6 view .LVU531
1870:Middlewares/Third_Party/FreeRTOS/Source/tasks.c **** 					prvAddTaskToReadyList( pxTCB );
 1919              		.loc 1 1870 30 is_stmt 0 view .LVU532
 1920 0032 231D     		adds	r3, r4, #4
 1921 0034 1D46     		mov	r5, r3
1870:Middlewares/Third_Party/FreeRTOS/Source/tasks.c **** 					prvAddTaskToReadyList( pxTCB );
 1922              		.loc 1 1870 15 view .LVU533
ARM GAS  D:\temp\TMP\ccyP8bey.s 			page 139


 1923 0036 1846     		mov	r0, r3
 1924 0038 FFF7FEFF 		bl	uxListRemove
 1925              	.LVL147:
1871:Middlewares/Third_Party/FreeRTOS/Source/tasks.c **** 
 1926              		.loc 1 1871 6 is_stmt 1 view .LVU534
1871:Middlewares/Third_Party/FreeRTOS/Source/tasks.c **** 
 1927              		.loc 1 1871 6 view .LVU535
 1928 003c E06A     		ldr	r0, [r4, #44]
 1929 003e 0123     		movs	r3, #1
 1930 0040 8340     		lsls	r3, r3, r0
 1931 0042 0F4A     		ldr	r2, .L147+4
 1932 0044 1168     		ldr	r1, [r2]
 1933 0046 0B43     		orrs	r3, r3, r1
 1934 0048 1360     		str	r3, [r2]
1871:Middlewares/Third_Party/FreeRTOS/Source/tasks.c **** 
 1935              		.loc 1 1871 6 view .LVU536
 1936 004a 00EB8000 		add	r0, r0, r0, lsl #2
 1937 004e 2946     		mov	r1, r5
 1938 0050 0C4B     		ldr	r3, .L147+8
 1939 0052 03EB8000 		add	r0, r3, r0, lsl #2
 1940 0056 FFF7FEFF 		bl	vListInsertEnd
 1941              	.LVL148:
1871:Middlewares/Third_Party/FreeRTOS/Source/tasks.c **** 
 1942              		.loc 1 1871 36 discriminator 1 view .LVU537
1874:Middlewares/Third_Party/FreeRTOS/Source/tasks.c **** 					{
 1943              		.loc 1 1874 6 view .LVU538
1874:Middlewares/Third_Party/FreeRTOS/Source/tasks.c **** 					{
 1944              		.loc 1 1874 15 is_stmt 0 view .LVU539
 1945 005a E26A     		ldr	r2, [r4, #44]
1874:Middlewares/Third_Party/FreeRTOS/Source/tasks.c **** 					{
 1946              		.loc 1 1874 43 view .LVU540
 1947 005c 074B     		ldr	r3, .L147
 1948 005e 1B68     		ldr	r3, [r3]
 1949 0060 DB6A     		ldr	r3, [r3, #44]
1874:Middlewares/Third_Party/FreeRTOS/Source/tasks.c **** 					{
 1950              		.loc 1 1874 8 view .LVU541
 1951 0062 9A42     		cmp	r2, r3
 1952 0064 D9D3     		bcc	.L143
1879:Middlewares/Third_Party/FreeRTOS/Source/tasks.c **** 					}
 1953              		.loc 1 1879 7 is_stmt 1 view .LVU542
 1954 0066 4FF0E023 		mov	r3, #-536813568
 1955 006a 4FF08052 		mov	r2, #268435456
 1956 006e C3F8042D 		str	r2, [r3, #3332]
1879:Middlewares/Third_Party/FreeRTOS/Source/tasks.c **** 					}
 1957              		.loc 1 1879 7 view .LVU543
 1958              		.syntax unified
 1959              	@ 1879 "Middlewares/Third_Party/FreeRTOS/Source/tasks.c" 1
 1960 0072 BFF34F8F 		dsb
 1961              	@ 0 "" 2
1879:Middlewares/Third_Party/FreeRTOS/Source/tasks.c **** 					}
 1962              		.loc 1 1879 7 view .LVU544
 1963              	@ 1879 "Middlewares/Third_Party/FreeRTOS/Source/tasks.c" 1
 1964 0076 BFF36F8F 		isb
 1965              	@ 0 "" 2
1879:Middlewares/Third_Party/FreeRTOS/Source/tasks.c **** 					}
 1966              		.loc 1 1879 38 view .LVU545
 1967              		.thumb
ARM GAS  D:\temp\TMP\ccyP8bey.s 			page 140


 1968              		.syntax unified
 1969 007a CEE7     		b	.L143
 1970              	.L148:
 1971              		.align	2
 1972              	.L147:
 1973 007c 00000000 		.word	pxCurrentTCB
 1974 0080 00000000 		.word	uxTopReadyPriority
 1975 0084 00000000 		.word	pxReadyTasksLists
 1976              		.cfi_endproc
 1977              	.LFE16:
 1979              		.section	.text.xTaskResumeFromISR,"ax",%progbits
 1980              		.align	1
 1981              		.global	xTaskResumeFromISR
 1982              		.syntax unified
 1983              		.thumb
 1984              		.thumb_func
 1986              	xTaskResumeFromISR:
 1987              	.LVL149:
 1988              	.LFB17:
1906:Middlewares/Third_Party/FreeRTOS/Source/tasks.c **** 	BaseType_t xYieldRequired = pdFALSE;
 1989              		.loc 1 1906 2 view -0
 1990              		.cfi_startproc
 1991              		@ args = 0, pretend = 0, frame = 0
 1992              		@ frame_needed = 0, uses_anonymous_args = 0
1906:Middlewares/Third_Party/FreeRTOS/Source/tasks.c **** 	BaseType_t xYieldRequired = pdFALSE;
 1993              		.loc 1 1906 2 is_stmt 0 view .LVU547
 1994 0000 F8B5     		push	{r3, r4, r5, r6, r7, lr}
 1995              	.LCFI19:
 1996              		.cfi_def_cfa_offset 24
 1997              		.cfi_offset 3, -24
 1998              		.cfi_offset 4, -20
 1999              		.cfi_offset 5, -16
 2000              		.cfi_offset 6, -12
 2001              		.cfi_offset 7, -8
 2002              		.cfi_offset 14, -4
1907:Middlewares/Third_Party/FreeRTOS/Source/tasks.c **** 	TCB_t * const pxTCB = xTaskToResume;
 2003              		.loc 1 1907 2 is_stmt 1 view .LVU548
 2004              	.LVL150:
1908:Middlewares/Third_Party/FreeRTOS/Source/tasks.c **** 	UBaseType_t uxSavedInterruptStatus;
 2005              		.loc 1 1908 2 view .LVU549
1909:Middlewares/Third_Party/FreeRTOS/Source/tasks.c **** 
 2006              		.loc 1 1909 2 view .LVU550
1911:Middlewares/Third_Party/FreeRTOS/Source/tasks.c **** 
 2007              		.loc 1 1911 3 view .LVU551
 2008 0002 0028     		cmp	r0, #0
 2009 0004 35D0     		beq	.L157
 2010 0006 0446     		mov	r4, r0
1911:Middlewares/Third_Party/FreeRTOS/Source/tasks.c **** 
 2011              		.loc 1 1911 32 view .LVU552
1929:Middlewares/Third_Party/FreeRTOS/Source/tasks.c **** 
 2012              		.loc 1 1929 3 view .LVU553
 2013 0008 FFF7FEFF 		bl	vPortValidateInterruptPriority
 2014              	.LVL151:
1931:Middlewares/Third_Party/FreeRTOS/Source/tasks.c **** 		{
 2015              		.loc 1 1931 3 view .LVU554
 2016              	.LBB136:
 2017              	.LBI136:
ARM GAS  D:\temp\TMP\ccyP8bey.s 			page 141


 207:Middlewares/Third_Party/FreeRTOS/Source/portable/GCC/ARM_CM4F/portmacro.h **** {
 2018              		.loc 2 207 34 view .LVU555
 2019              	.LBB137:
 209:Middlewares/Third_Party/FreeRTOS/Source/portable/GCC/ARM_CM4F/portmacro.h **** 
 2020              		.loc 2 209 1 view .LVU556
 211:Middlewares/Third_Party/FreeRTOS/Source/portable/GCC/ARM_CM4F/portmacro.h **** 	(
 2021              		.loc 2 211 2 view .LVU557
 2022              		.syntax unified
 2023              	@ 211 "Middlewares/Third_Party/FreeRTOS/Source/portable/GCC/ARM_CM4F/portmacro.h" 1
 2024 000c EFF31183 			mrs r3, basepri											
 2025 0010 4FF05002 		mov r2, #80												
 2026 0014 82F31188 		msr basepri, r2											
 2027 0018 BFF36F8F 		isb														
 2028 001c BFF34F8F 		dsb														
 2029              	
 2030              	@ 0 "" 2
 2031              		.thumb
 2032              		.syntax unified
 2033 0020 1F46     		mov	r7, r3
 223:Middlewares/Third_Party/FreeRTOS/Source/portable/GCC/ARM_CM4F/portmacro.h **** }
 2034              		.loc 2 223 2 view .LVU558
 2035              	.LVL152:
 223:Middlewares/Third_Party/FreeRTOS/Source/portable/GCC/ARM_CM4F/portmacro.h **** }
 2036              		.loc 2 223 2 is_stmt 0 view .LVU559
 2037              	.LBE137:
 2038              	.LBE136:
1933:Middlewares/Third_Party/FreeRTOS/Source/tasks.c **** 			{
 2039              		.loc 1 1933 4 is_stmt 1 view .LVU560
1933:Middlewares/Third_Party/FreeRTOS/Source/tasks.c **** 			{
 2040              		.loc 1 1933 8 is_stmt 0 view .LVU561
 2041 0022 2046     		mov	r0, r4
 2042 0024 FFF7FEFF 		bl	prvTaskIsTaskSuspended
 2043              	.LVL153:
1933:Middlewares/Third_Party/FreeRTOS/Source/tasks.c **** 			{
 2044              		.loc 1 1933 6 discriminator 1 view .LVU562
 2045 0028 0646     		mov	r6, r0
 2046 002a F0B1     		cbz	r0, .L152
1935:Middlewares/Third_Party/FreeRTOS/Source/tasks.c **** 
 2047              		.loc 1 1935 39 is_stmt 1 view .LVU563
1938:Middlewares/Third_Party/FreeRTOS/Source/tasks.c **** 				{
 2048              		.loc 1 1938 5 view .LVU564
1938:Middlewares/Third_Party/FreeRTOS/Source/tasks.c **** 				{
 2049              		.loc 1 1938 30 is_stmt 0 view .LVU565
 2050 002c 1B4B     		ldr	r3, .L158
 2051 002e 1B68     		ldr	r3, [r3]
1938:Middlewares/Third_Party/FreeRTOS/Source/tasks.c **** 				{
 2052              		.loc 1 1938 7 view .LVU566
 2053 0030 5BBB     		cbnz	r3, .L153
1942:Middlewares/Third_Party/FreeRTOS/Source/tasks.c **** 					{
 2054              		.loc 1 1942 6 is_stmt 1 view .LVU567
1942:Middlewares/Third_Party/FreeRTOS/Source/tasks.c **** 					{
 2055              		.loc 1 1942 15 is_stmt 0 view .LVU568
 2056 0032 E26A     		ldr	r2, [r4, #44]
1942:Middlewares/Third_Party/FreeRTOS/Source/tasks.c **** 					{
 2057              		.loc 1 1942 43 view .LVU569
 2058 0034 1A4B     		ldr	r3, .L158+4
 2059 0036 1B68     		ldr	r3, [r3]
ARM GAS  D:\temp\TMP\ccyP8bey.s 			page 142


 2060 0038 DB6A     		ldr	r3, [r3, #44]
1942:Middlewares/Third_Party/FreeRTOS/Source/tasks.c **** 					{
 2061              		.loc 1 1942 8 view .LVU570
 2062 003a 9A42     		cmp	r2, r3
 2063 003c 22D2     		bcs	.L155
1907:Middlewares/Third_Party/FreeRTOS/Source/tasks.c **** 	TCB_t * const pxTCB = xTaskToResume;
 2064              		.loc 1 1907 13 view .LVU571
 2065 003e 0023     		movs	r3, #0
 2066 0040 1E46     		mov	r6, r3
 2067              	.L154:
 2068              	.LVL154:
1948:Middlewares/Third_Party/FreeRTOS/Source/tasks.c **** 					}
 2069              		.loc 1 1948 31 is_stmt 1 view .LVU572
1951:Middlewares/Third_Party/FreeRTOS/Source/tasks.c **** 					prvAddTaskToReadyList( pxTCB );
 2070              		.loc 1 1951 6 view .LVU573
1951:Middlewares/Third_Party/FreeRTOS/Source/tasks.c **** 					prvAddTaskToReadyList( pxTCB );
 2071              		.loc 1 1951 29 is_stmt 0 view .LVU574
 2072 0042 231D     		adds	r3, r4, #4
 2073 0044 1D46     		mov	r5, r3
1951:Middlewares/Third_Party/FreeRTOS/Source/tasks.c **** 					prvAddTaskToReadyList( pxTCB );
 2074              		.loc 1 1951 15 view .LVU575
 2075 0046 1846     		mov	r0, r3
 2076 0048 FFF7FEFF 		bl	uxListRemove
 2077              	.LVL155:
1952:Middlewares/Third_Party/FreeRTOS/Source/tasks.c **** 				}
 2078              		.loc 1 1952 6 is_stmt 1 view .LVU576
1952:Middlewares/Third_Party/FreeRTOS/Source/tasks.c **** 				}
 2079              		.loc 1 1952 6 view .LVU577
 2080 004c E06A     		ldr	r0, [r4, #44]
 2081 004e 0123     		movs	r3, #1
 2082 0050 8340     		lsls	r3, r3, r0
 2083 0052 144A     		ldr	r2, .L158+8
 2084 0054 1168     		ldr	r1, [r2]
 2085 0056 0B43     		orrs	r3, r3, r1
 2086 0058 1360     		str	r3, [r2]
1952:Middlewares/Third_Party/FreeRTOS/Source/tasks.c **** 				}
 2087              		.loc 1 1952 6 view .LVU578
 2088 005a 00EB8000 		add	r0, r0, r0, lsl #2
 2089 005e 2946     		mov	r1, r5
 2090 0060 114B     		ldr	r3, .L158+12
 2091 0062 03EB8000 		add	r0, r3, r0, lsl #2
 2092 0066 FFF7FEFF 		bl	vListInsertEnd
 2093              	.LVL156:
1952:Middlewares/Third_Party/FreeRTOS/Source/tasks.c **** 				}
 2094              		.loc 1 1952 36 discriminator 1 view .LVU579
 2095              	.L152:
1964:Middlewares/Third_Party/FreeRTOS/Source/tasks.c **** 			}
 2096              		.loc 1 1964 29 view .LVU580
1967:Middlewares/Third_Party/FreeRTOS/Source/tasks.c **** 
 2097              		.loc 1 1967 3 view .LVU581
 2098              	.LBB138:
 2099              	.LBI138:
 227:Middlewares/Third_Party/FreeRTOS/Source/portable/GCC/ARM_CM4F/portmacro.h **** {
 2100              		.loc 2 227 30 view .LVU582
 2101              	.LBB139:
 2102              		.loc 2 229 2 view .LVU583
 2103              		.syntax unified
ARM GAS  D:\temp\TMP\ccyP8bey.s 			page 143


 2104              	@ 229 "Middlewares/Third_Party/FreeRTOS/Source/portable/GCC/ARM_CM4F/portmacro.h" 1
 2105 006a 87F31188 			msr basepri, r7	
 2106              	@ 0 "" 2
 2107              		.thumb
 2108              		.syntax unified
 2109              	.LBE139:
 2110              	.LBE138:
1969:Middlewares/Third_Party/FreeRTOS/Source/tasks.c **** 	}
 2111              		.loc 1 1969 3 view .LVU584
1970:Middlewares/Third_Party/FreeRTOS/Source/tasks.c **** 
 2112              		.loc 1 1970 2 is_stmt 0 view .LVU585
 2113 006e 3046     		mov	r0, r6
 2114 0070 F8BD     		pop	{r3, r4, r5, r6, r7, pc}
 2115              	.LVL157:
 2116              	.L157:
1911:Middlewares/Third_Party/FreeRTOS/Source/tasks.c **** 
 2117              		.loc 1 1911 3 is_stmt 1 discriminator 1 view .LVU586
 2118              	.LBB140:
 2119              	.LBI140:
 191:Middlewares/Third_Party/FreeRTOS/Source/portable/GCC/ARM_CM4F/portmacro.h **** {
 2120              		.loc 2 191 30 view .LVU587
 2121              	.LBB141:
 193:Middlewares/Third_Party/FreeRTOS/Source/portable/GCC/ARM_CM4F/portmacro.h **** 
 2122              		.loc 2 193 1 view .LVU588
 195:Middlewares/Third_Party/FreeRTOS/Source/portable/GCC/ARM_CM4F/portmacro.h **** 	(
 2123              		.loc 2 195 2 view .LVU589
 2124              		.syntax unified
 2125              	@ 195 "Middlewares/Third_Party/FreeRTOS/Source/portable/GCC/ARM_CM4F/portmacro.h" 1
 2126 0072 4FF05003 			mov r3, #80												
 2127 0076 83F31188 		msr basepri, r3											
 2128 007a BFF36F8F 		isb														
 2129 007e BFF34F8F 		dsb														
 2130              	
 2131              	@ 0 "" 2
 2132              		.thumb
 2133              		.syntax unified
 2134              	.L151:
 2135              	.LBE141:
 2136              	.LBE140:
1911:Middlewares/Third_Party/FreeRTOS/Source/tasks.c **** 
 2137              		.loc 1 1911 3 view .LVU590
 2138 0082 FEE7     		b	.L151
 2139              	.LVL158:
 2140              	.L155:
1944:Middlewares/Third_Party/FreeRTOS/Source/tasks.c **** 					}
 2141              		.loc 1 1944 22 is_stmt 0 view .LVU591
 2142 0084 0123     		movs	r3, #1
 2143 0086 1E46     		mov	r6, r3
 2144 0088 DBE7     		b	.L154
 2145              	.L153:
1959:Middlewares/Third_Party/FreeRTOS/Source/tasks.c **** 				}
 2146              		.loc 1 1959 6 is_stmt 1 view .LVU592
 2147 008a 2146     		mov	r1, r4
 2148 008c 1831     		adds	r1, r1, #24
 2149 008e 0748     		ldr	r0, .L158+16
 2150 0090 FFF7FEFF 		bl	vListInsertEnd
 2151              	.LVL159:
ARM GAS  D:\temp\TMP\ccyP8bey.s 			page 144


1907:Middlewares/Third_Party/FreeRTOS/Source/tasks.c **** 	TCB_t * const pxTCB = xTaskToResume;
 2152              		.loc 1 1907 13 is_stmt 0 view .LVU593
 2153 0094 0023     		movs	r3, #0
 2154 0096 1E46     		mov	r6, r3
 2155 0098 E7E7     		b	.L152
 2156              	.L159:
 2157 009a 00BF     		.align	2
 2158              	.L158:
 2159 009c 00000000 		.word	uxSchedulerSuspended
 2160 00a0 00000000 		.word	pxCurrentTCB
 2161 00a4 00000000 		.word	uxTopReadyPriority
 2162 00a8 00000000 		.word	pxReadyTasksLists
 2163 00ac 00000000 		.word	xPendingReadyList
 2164              		.cfi_endproc
 2165              	.LFE17:
 2167              		.section	.rodata.vTaskStartScheduler.str1.4,"aMS",%progbits,1
 2168              		.align	2
 2169              	.LC0:
 2170 0000 49444C45 		.ascii	"IDLE\000"
 2170      00
 2171              		.section	.text.vTaskStartScheduler,"ax",%progbits
 2172              		.align	1
 2173              		.global	vTaskStartScheduler
 2174              		.syntax unified
 2175              		.thumb
 2176              		.thumb_func
 2178              	vTaskStartScheduler:
 2179              	.LFB18:
1976:Middlewares/Third_Party/FreeRTOS/Source/tasks.c **** BaseType_t xReturn;
 2180              		.loc 1 1976 1 is_stmt 1 view -0
 2181              		.cfi_startproc
 2182              		@ args = 0, pretend = 0, frame = 16
 2183              		@ frame_needed = 0, uses_anonymous_args = 0
 2184 0000 10B5     		push	{r4, lr}
 2185              	.LCFI20:
 2186              		.cfi_def_cfa_offset 8
 2187              		.cfi_offset 4, -8
 2188              		.cfi_offset 14, -4
 2189 0002 88B0     		sub	sp, sp, #32
 2190              	.LCFI21:
 2191              		.cfi_def_cfa_offset 40
1977:Middlewares/Third_Party/FreeRTOS/Source/tasks.c **** 
 2192              		.loc 1 1977 1 view .LVU595
 2193              	.LBB142:
1982:Middlewares/Third_Party/FreeRTOS/Source/tasks.c **** 		StackType_t *pxIdleTaskStackBuffer = NULL;
 2194              		.loc 1 1982 3 view .LVU596
1982:Middlewares/Third_Party/FreeRTOS/Source/tasks.c **** 		StackType_t *pxIdleTaskStackBuffer = NULL;
 2195              		.loc 1 1982 17 is_stmt 0 view .LVU597
 2196 0004 0024     		movs	r4, #0
 2197 0006 0594     		str	r4, [sp, #20]
1983:Middlewares/Third_Party/FreeRTOS/Source/tasks.c **** 		uint32_t ulIdleTaskStackSize;
 2198              		.loc 1 1983 3 is_stmt 1 view .LVU598
1983:Middlewares/Third_Party/FreeRTOS/Source/tasks.c **** 		uint32_t ulIdleTaskStackSize;
 2199              		.loc 1 1983 16 is_stmt 0 view .LVU599
 2200 0008 0694     		str	r4, [sp, #24]
1984:Middlewares/Third_Party/FreeRTOS/Source/tasks.c **** 
 2201              		.loc 1 1984 3 is_stmt 1 view .LVU600
ARM GAS  D:\temp\TMP\ccyP8bey.s 			page 145


1988:Middlewares/Third_Party/FreeRTOS/Source/tasks.c **** 		xIdleTaskHandle = xTaskCreateStatic(	prvIdleTask,
 2202              		.loc 1 1988 3 view .LVU601
 2203 000a 07AA     		add	r2, sp, #28
 2204 000c 06A9     		add	r1, sp, #24
 2205 000e 05A8     		add	r0, sp, #20
 2206 0010 FFF7FEFF 		bl	vApplicationGetIdleTaskMemory
 2207              	.LVL160:
1989:Middlewares/Third_Party/FreeRTOS/Source/tasks.c **** 												configIDLE_TASK_NAME,
 2208              		.loc 1 1989 3 view .LVU602
1989:Middlewares/Third_Party/FreeRTOS/Source/tasks.c **** 												configIDLE_TASK_NAME,
 2209              		.loc 1 1989 21 is_stmt 0 view .LVU603
 2210 0014 059B     		ldr	r3, [sp, #20]
 2211 0016 0293     		str	r3, [sp, #8]
 2212 0018 069B     		ldr	r3, [sp, #24]
 2213 001a 0193     		str	r3, [sp, #4]
 2214 001c 0094     		str	r4, [sp]
 2215 001e 2346     		mov	r3, r4
 2216 0020 079A     		ldr	r2, [sp, #28]
 2217 0022 0E49     		ldr	r1, .L164
 2218 0024 0E48     		ldr	r0, .L164+4
 2219 0026 FFF7FEFF 		bl	xTaskCreateStatic
 2220              	.LVL161:
1989:Middlewares/Third_Party/FreeRTOS/Source/tasks.c **** 												configIDLE_TASK_NAME,
 2221              		.loc 1 1989 19 discriminator 1 view .LVU604
 2222 002a 0E4B     		ldr	r3, .L164+8
 2223 002c 1860     		str	r0, [r3]
1997:Middlewares/Third_Party/FreeRTOS/Source/tasks.c **** 		{
 2224              		.loc 1 1997 3 is_stmt 1 view .LVU605
1997:Middlewares/Third_Party/FreeRTOS/Source/tasks.c **** 		{
 2225              		.loc 1 1997 5 is_stmt 0 view .LVU606
 2226 002e 90B1     		cbz	r0, .L160
 2227              	.LVL162:
1997:Middlewares/Third_Party/FreeRTOS/Source/tasks.c **** 		{
 2228              		.loc 1 1997 5 view .LVU607
 2229              	.LBE142:
2031:Middlewares/Third_Party/FreeRTOS/Source/tasks.c **** 	{
 2230              		.loc 1 2031 2 is_stmt 1 view .LVU608
2047:Middlewares/Third_Party/FreeRTOS/Source/tasks.c **** 
 2231              		.loc 1 2047 3 view .LVU609
 2232              	.LBB143:
 2233              	.LBI143:
 191:Middlewares/Third_Party/FreeRTOS/Source/portable/GCC/ARM_CM4F/portmacro.h **** {
 2234              		.loc 2 191 30 view .LVU610
 2235              	.LBB144:
 193:Middlewares/Third_Party/FreeRTOS/Source/portable/GCC/ARM_CM4F/portmacro.h **** 
 2236              		.loc 2 193 1 view .LVU611
 195:Middlewares/Third_Party/FreeRTOS/Source/portable/GCC/ARM_CM4F/portmacro.h **** 	(
 2237              		.loc 2 195 2 view .LVU612
 2238              		.syntax unified
 2239              	@ 195 "Middlewares/Third_Party/FreeRTOS/Source/portable/GCC/ARM_CM4F/portmacro.h" 1
 2240 0030 4FF05003 			mov r3, #80												
 2241 0034 83F31188 		msr basepri, r3											
 2242 0038 BFF36F8F 		isb														
 2243 003c BFF34F8F 		dsb														
 2244              	
 2245              	@ 0 "" 2
 2246              		.thumb
ARM GAS  D:\temp\TMP\ccyP8bey.s 			page 146


 2247              		.syntax unified
 2248              	.LBE144:
 2249              	.LBE143:
2059:Middlewares/Third_Party/FreeRTOS/Source/tasks.c **** 		xSchedulerRunning = pdTRUE;
 2250              		.loc 1 2059 3 view .LVU613
2059:Middlewares/Third_Party/FreeRTOS/Source/tasks.c **** 		xSchedulerRunning = pdTRUE;
 2251              		.loc 1 2059 24 is_stmt 0 view .LVU614
 2252 0040 094B     		ldr	r3, .L164+12
 2253 0042 4FF0FF32 		mov	r2, #-1
 2254 0046 1A60     		str	r2, [r3]
2060:Middlewares/Third_Party/FreeRTOS/Source/tasks.c **** 		xTickCount = ( TickType_t ) configINITIAL_TICK_COUNT;
 2255              		.loc 1 2060 3 is_stmt 1 view .LVU615
2060:Middlewares/Third_Party/FreeRTOS/Source/tasks.c **** 		xTickCount = ( TickType_t ) configINITIAL_TICK_COUNT;
 2256              		.loc 1 2060 21 is_stmt 0 view .LVU616
 2257 0048 084B     		ldr	r3, .L164+16
 2258 004a 0122     		movs	r2, #1
 2259 004c 1A60     		str	r2, [r3]
2061:Middlewares/Third_Party/FreeRTOS/Source/tasks.c **** 
 2260              		.loc 1 2061 3 is_stmt 1 view .LVU617
2061:Middlewares/Third_Party/FreeRTOS/Source/tasks.c **** 
 2261              		.loc 1 2061 14 is_stmt 0 view .LVU618
 2262 004e 084B     		ldr	r3, .L164+20
 2263 0050 1C60     		str	r4, [r3]
2069:Middlewares/Third_Party/FreeRTOS/Source/tasks.c **** 
 2264              		.loc 1 2069 43 is_stmt 1 view .LVU619
2071:Middlewares/Third_Party/FreeRTOS/Source/tasks.c **** 
 2265              		.loc 1 2071 26 view .LVU620
2075:Middlewares/Third_Party/FreeRTOS/Source/tasks.c **** 		{
 2266              		.loc 1 2075 3 view .LVU621
2075:Middlewares/Third_Party/FreeRTOS/Source/tasks.c **** 		{
 2267              		.loc 1 2075 7 is_stmt 0 view .LVU622
 2268 0052 FFF7FEFF 		bl	xPortStartScheduler
 2269              	.LVL163:
2079:Middlewares/Third_Party/FreeRTOS/Source/tasks.c **** 		else
 2270              		.loc 1 2079 3 is_stmt 1 view .LVU623
2083:Middlewares/Third_Party/FreeRTOS/Source/tasks.c **** 	}
 2271              		.loc 1 2083 3 view .LVU624
 2272              	.L160:
2096:Middlewares/Third_Party/FreeRTOS/Source/tasks.c **** /*-----------------------------------------------------------*/
 2273              		.loc 1 2096 1 is_stmt 0 view .LVU625
 2274 0056 08B0     		add	sp, sp, #32
 2275              	.LCFI22:
 2276              		.cfi_def_cfa_offset 8
 2277              		@ sp needed
 2278 0058 10BD     		pop	{r4, pc}
 2279              	.L165:
 2280 005a 00BF     		.align	2
 2281              	.L164:
 2282 005c 00000000 		.word	.LC0
 2283 0060 00000000 		.word	prvIdleTask
 2284 0064 00000000 		.word	xIdleTaskHandle
 2285 0068 00000000 		.word	xNextTaskUnblockTime
 2286 006c 00000000 		.word	xSchedulerRunning
 2287 0070 00000000 		.word	xTickCount
 2288              		.cfi_endproc
 2289              	.LFE18:
 2291              		.section	.text.vTaskEndScheduler,"ax",%progbits
ARM GAS  D:\temp\TMP\ccyP8bey.s 			page 147


 2292              		.align	1
 2293              		.global	vTaskEndScheduler
 2294              		.syntax unified
 2295              		.thumb
 2296              		.thumb_func
 2298              	vTaskEndScheduler:
 2299              	.LFB19:
2100:Middlewares/Third_Party/FreeRTOS/Source/tasks.c **** 	/* Stop the scheduler interrupts and call the portable scheduler end
 2300              		.loc 1 2100 1 is_stmt 1 view -0
 2301              		.cfi_startproc
 2302              		@ args = 0, pretend = 0, frame = 0
 2303              		@ frame_needed = 0, uses_anonymous_args = 0
 2304 0000 08B5     		push	{r3, lr}
 2305              	.LCFI23:
 2306              		.cfi_def_cfa_offset 8
 2307              		.cfi_offset 3, -8
 2308              		.cfi_offset 14, -4
2104:Middlewares/Third_Party/FreeRTOS/Source/tasks.c **** 	xSchedulerRunning = pdFALSE;
 2309              		.loc 1 2104 2 view .LVU627
 2310              	.LBB145:
 2311              	.LBI145:
 191:Middlewares/Third_Party/FreeRTOS/Source/portable/GCC/ARM_CM4F/portmacro.h **** {
 2312              		.loc 2 191 30 view .LVU628
 2313              	.LBB146:
 193:Middlewares/Third_Party/FreeRTOS/Source/portable/GCC/ARM_CM4F/portmacro.h **** 
 2314              		.loc 2 193 1 view .LVU629
 195:Middlewares/Third_Party/FreeRTOS/Source/portable/GCC/ARM_CM4F/portmacro.h **** 	(
 2315              		.loc 2 195 2 view .LVU630
 2316              		.syntax unified
 2317              	@ 195 "Middlewares/Third_Party/FreeRTOS/Source/portable/GCC/ARM_CM4F/portmacro.h" 1
 2318 0002 4FF05003 			mov r3, #80												
 2319 0006 83F31188 		msr basepri, r3											
 2320 000a BFF36F8F 		isb														
 2321 000e BFF34F8F 		dsb														
 2322              	
 2323              	@ 0 "" 2
 2324              		.thumb
 2325              		.syntax unified
 2326              	.LBE146:
 2327              	.LBE145:
2105:Middlewares/Third_Party/FreeRTOS/Source/tasks.c **** 	vPortEndScheduler();
 2328              		.loc 1 2105 2 view .LVU631
2105:Middlewares/Third_Party/FreeRTOS/Source/tasks.c **** 	vPortEndScheduler();
 2329              		.loc 1 2105 20 is_stmt 0 view .LVU632
 2330 0012 034B     		ldr	r3, .L168
 2331 0014 0022     		movs	r2, #0
 2332 0016 1A60     		str	r2, [r3]
2106:Middlewares/Third_Party/FreeRTOS/Source/tasks.c **** }
 2333              		.loc 1 2106 2 is_stmt 1 view .LVU633
 2334 0018 FFF7FEFF 		bl	vPortEndScheduler
 2335              	.LVL164:
2107:Middlewares/Third_Party/FreeRTOS/Source/tasks.c **** /*----------------------------------------------------------*/
 2336              		.loc 1 2107 1 is_stmt 0 view .LVU634
 2337 001c 08BD     		pop	{r3, pc}
 2338              	.L169:
 2339 001e 00BF     		.align	2
 2340              	.L168:
ARM GAS  D:\temp\TMP\ccyP8bey.s 			page 148


 2341 0020 00000000 		.word	xSchedulerRunning
 2342              		.cfi_endproc
 2343              	.LFE19:
 2345              		.section	.text.vTaskSuspendAll,"ax",%progbits
 2346              		.align	1
 2347              		.global	vTaskSuspendAll
 2348              		.syntax unified
 2349              		.thumb
 2350              		.thumb_func
 2352              	vTaskSuspendAll:
 2353              	.LFB20:
2111:Middlewares/Third_Party/FreeRTOS/Source/tasks.c **** 	/* A critical section is not required as the variable is of type
 2354              		.loc 1 2111 1 is_stmt 1 view -0
 2355              		.cfi_startproc
 2356              		@ args = 0, pretend = 0, frame = 0
 2357              		@ frame_needed = 0, uses_anonymous_args = 0
 2358              		@ link register save eliminated.
2119:Middlewares/Third_Party/FreeRTOS/Source/tasks.c **** 
 2359              		.loc 1 2119 24 view .LVU636
2123:Middlewares/Third_Party/FreeRTOS/Source/tasks.c **** 
 2360              		.loc 1 2123 2 view .LVU637
 2361 0000 024A     		ldr	r2, .L171
 2362 0002 1368     		ldr	r3, [r2]
 2363 0004 0133     		adds	r3, r3, #1
 2364 0006 1360     		str	r3, [r2]
2127:Middlewares/Third_Party/FreeRTOS/Source/tasks.c **** }
 2365              		.loc 1 2127 2 view .LVU638
2128:Middlewares/Third_Party/FreeRTOS/Source/tasks.c **** /*----------------------------------------------------------*/
 2366              		.loc 1 2128 1 is_stmt 0 view .LVU639
 2367 0008 7047     		bx	lr
 2368              	.L172:
 2369 000a 00BF     		.align	2
 2370              	.L171:
 2371 000c 00000000 		.word	uxSchedulerSuspended
 2372              		.cfi_endproc
 2373              	.LFE20:
 2375              		.section	.text.xTaskGetTickCount,"ax",%progbits
 2376              		.align	1
 2377              		.global	xTaskGetTickCount
 2378              		.syntax unified
 2379              		.thumb
 2380              		.thumb_func
 2382              	xTaskGetTickCount:
 2383              	.LFB22:
2305:Middlewares/Third_Party/FreeRTOS/Source/tasks.c **** TickType_t xTicks;
 2384              		.loc 1 2305 1 is_stmt 1 view -0
 2385              		.cfi_startproc
 2386              		@ args = 0, pretend = 0, frame = 0
 2387              		@ frame_needed = 0, uses_anonymous_args = 0
 2388              		@ link register save eliminated.
2306:Middlewares/Third_Party/FreeRTOS/Source/tasks.c **** 
 2389              		.loc 1 2306 1 view .LVU641
2309:Middlewares/Third_Party/FreeRTOS/Source/tasks.c **** 	{
 2390              		.loc 1 2309 32 view .LVU642
2311:Middlewares/Third_Party/FreeRTOS/Source/tasks.c **** 	}
 2391              		.loc 1 2311 3 view .LVU643
2311:Middlewares/Third_Party/FreeRTOS/Source/tasks.c **** 	}
ARM GAS  D:\temp\TMP\ccyP8bey.s 			page 149


 2392              		.loc 1 2311 10 is_stmt 0 view .LVU644
 2393 0000 014B     		ldr	r3, .L174
 2394 0002 1868     		ldr	r0, [r3]
 2395              	.LVL165:
2313:Middlewares/Third_Party/FreeRTOS/Source/tasks.c **** 
 2396              		.loc 1 2313 31 is_stmt 1 view .LVU645
2315:Middlewares/Third_Party/FreeRTOS/Source/tasks.c **** }
 2397              		.loc 1 2315 2 view .LVU646
2316:Middlewares/Third_Party/FreeRTOS/Source/tasks.c **** /*-----------------------------------------------------------*/
 2398              		.loc 1 2316 1 is_stmt 0 view .LVU647
 2399 0004 7047     		bx	lr
 2400              	.L175:
 2401 0006 00BF     		.align	2
 2402              	.L174:
 2403 0008 00000000 		.word	xTickCount
 2404              		.cfi_endproc
 2405              	.LFE22:
 2407              		.section	.text.xTaskGetTickCountFromISR,"ax",%progbits
 2408              		.align	1
 2409              		.global	xTaskGetTickCountFromISR
 2410              		.syntax unified
 2411              		.thumb
 2412              		.thumb_func
 2414              	xTaskGetTickCountFromISR:
 2415              	.LFB23:
2320:Middlewares/Third_Party/FreeRTOS/Source/tasks.c **** TickType_t xReturn;
 2416              		.loc 1 2320 1 is_stmt 1 view -0
 2417              		.cfi_startproc
 2418              		@ args = 0, pretend = 0, frame = 0
 2419              		@ frame_needed = 0, uses_anonymous_args = 0
 2420 0000 08B5     		push	{r3, lr}
 2421              	.LCFI24:
 2422              		.cfi_def_cfa_offset 8
 2423              		.cfi_offset 3, -8
 2424              		.cfi_offset 14, -4
2321:Middlewares/Third_Party/FreeRTOS/Source/tasks.c **** UBaseType_t uxSavedInterruptStatus;
 2425              		.loc 1 2321 1 view .LVU649
2322:Middlewares/Third_Party/FreeRTOS/Source/tasks.c **** 
 2426              		.loc 1 2322 1 view .LVU650
2338:Middlewares/Third_Party/FreeRTOS/Source/tasks.c **** 
 2427              		.loc 1 2338 2 view .LVU651
 2428 0002 FFF7FEFF 		bl	vPortValidateInterruptPriority
 2429              	.LVL166:
2340:Middlewares/Third_Party/FreeRTOS/Source/tasks.c **** 	{
 2430              		.loc 1 2340 2 view .LVU652
2342:Middlewares/Third_Party/FreeRTOS/Source/tasks.c **** 	}
 2431              		.loc 1 2342 3 view .LVU653
2342:Middlewares/Third_Party/FreeRTOS/Source/tasks.c **** 	}
 2432              		.loc 1 2342 11 is_stmt 0 view .LVU654
 2433 0006 014B     		ldr	r3, .L178
 2434 0008 1868     		ldr	r0, [r3]
 2435              	.LVL167:
2344:Middlewares/Third_Party/FreeRTOS/Source/tasks.c **** 
 2436              		.loc 1 2344 2 is_stmt 1 view .LVU655
2346:Middlewares/Third_Party/FreeRTOS/Source/tasks.c **** }
 2437              		.loc 1 2346 2 view .LVU656
2347:Middlewares/Third_Party/FreeRTOS/Source/tasks.c **** /*-----------------------------------------------------------*/
ARM GAS  D:\temp\TMP\ccyP8bey.s 			page 150


 2438              		.loc 1 2347 1 is_stmt 0 view .LVU657
 2439 000a 08BD     		pop	{r3, pc}
 2440              	.L179:
 2441              		.align	2
 2442              	.L178:
 2443 000c 00000000 		.word	xTickCount
 2444              		.cfi_endproc
 2445              	.LFE23:
 2447              		.section	.text.uxTaskGetNumberOfTasks,"ax",%progbits
 2448              		.align	1
 2449              		.global	uxTaskGetNumberOfTasks
 2450              		.syntax unified
 2451              		.thumb
 2452              		.thumb_func
 2454              	uxTaskGetNumberOfTasks:
 2455              	.LFB24:
2351:Middlewares/Third_Party/FreeRTOS/Source/tasks.c **** 	/* A critical section is not required because the variables are of type
 2456              		.loc 1 2351 1 is_stmt 1 view -0
 2457              		.cfi_startproc
 2458              		@ args = 0, pretend = 0, frame = 0
 2459              		@ frame_needed = 0, uses_anonymous_args = 0
 2460              		@ link register save eliminated.
2354:Middlewares/Third_Party/FreeRTOS/Source/tasks.c **** }
 2461              		.loc 1 2354 2 view .LVU659
2354:Middlewares/Third_Party/FreeRTOS/Source/tasks.c **** }
 2462              		.loc 1 2354 9 is_stmt 0 view .LVU660
 2463 0000 014B     		ldr	r3, .L181
 2464 0002 1868     		ldr	r0, [r3]
2355:Middlewares/Third_Party/FreeRTOS/Source/tasks.c **** /*-----------------------------------------------------------*/
 2465              		.loc 1 2355 1 view .LVU661
 2466 0004 7047     		bx	lr
 2467              	.L182:
 2468 0006 00BF     		.align	2
 2469              	.L181:
 2470 0008 00000000 		.word	uxCurrentNumberOfTasks
 2471              		.cfi_endproc
 2472              	.LFE24:
 2474              		.section	.text.pcTaskGetName,"ax",%progbits
 2475              		.align	1
 2476              		.global	pcTaskGetName
 2477              		.syntax unified
 2478              		.thumb
 2479              		.thumb_func
 2481              	pcTaskGetName:
 2482              	.LVL168:
 2483              	.LFB25:
2359:Middlewares/Third_Party/FreeRTOS/Source/tasks.c **** TCB_t *pxTCB;
 2484              		.loc 1 2359 1 is_stmt 1 view -0
 2485              		.cfi_startproc
 2486              		@ args = 0, pretend = 0, frame = 0
 2487              		@ frame_needed = 0, uses_anonymous_args = 0
 2488              		@ link register save eliminated.
2360:Middlewares/Third_Party/FreeRTOS/Source/tasks.c **** 
 2489              		.loc 1 2360 1 view .LVU663
2364:Middlewares/Third_Party/FreeRTOS/Source/tasks.c **** 	configASSERT( pxTCB );
 2490              		.loc 1 2364 2 view .LVU664
2364:Middlewares/Third_Party/FreeRTOS/Source/tasks.c **** 	configASSERT( pxTCB );
ARM GAS  D:\temp\TMP\ccyP8bey.s 			page 151


 2491              		.loc 1 2364 10 is_stmt 0 view .LVU665
 2492 0000 0346     		mov	r3, r0
 2493 0002 10B1     		cbz	r0, .L186
 2494              	.LVL169:
 2495              	.L184:
2365:Middlewares/Third_Party/FreeRTOS/Source/tasks.c **** 	return &( pxTCB->pcTaskName[ 0 ] );
 2496              		.loc 1 2365 23 is_stmt 1 view .LVU666
2366:Middlewares/Third_Party/FreeRTOS/Source/tasks.c **** }
 2497              		.loc 1 2366 2 view .LVU667
2367:Middlewares/Third_Party/FreeRTOS/Source/tasks.c **** /*-----------------------------------------------------------*/
 2498              		.loc 1 2367 1 is_stmt 0 view .LVU668
 2499 0004 03F13400 		add	r0, r3, #52
 2500 0008 7047     		bx	lr
 2501              	.LVL170:
 2502              	.L186:
2364:Middlewares/Third_Party/FreeRTOS/Source/tasks.c **** 	configASSERT( pxTCB );
 2503              		.loc 1 2364 8 discriminator 1 view .LVU669
 2504 000a 064B     		ldr	r3, .L187
 2505 000c 1B68     		ldr	r3, [r3]
 2506              	.LVL171:
2365:Middlewares/Third_Party/FreeRTOS/Source/tasks.c **** 	return &( pxTCB->pcTaskName[ 0 ] );
 2507              		.loc 1 2365 2 is_stmt 1 view .LVU670
 2508 000e 002B     		cmp	r3, #0
 2509 0010 F8D1     		bne	.L184
2365:Middlewares/Third_Party/FreeRTOS/Source/tasks.c **** 	return &( pxTCB->pcTaskName[ 0 ] );
 2510              		.loc 1 2365 2 discriminator 1 view .LVU671
 2511              	.LBB147:
 2512              	.LBI147:
 191:Middlewares/Third_Party/FreeRTOS/Source/portable/GCC/ARM_CM4F/portmacro.h **** {
 2513              		.loc 2 191 30 view .LVU672
 2514              	.LBB148:
 193:Middlewares/Third_Party/FreeRTOS/Source/portable/GCC/ARM_CM4F/portmacro.h **** 
 2515              		.loc 2 193 1 view .LVU673
 195:Middlewares/Third_Party/FreeRTOS/Source/portable/GCC/ARM_CM4F/portmacro.h **** 	(
 2516              		.loc 2 195 2 view .LVU674
 2517              		.syntax unified
 2518              	@ 195 "Middlewares/Third_Party/FreeRTOS/Source/portable/GCC/ARM_CM4F/portmacro.h" 1
 2519 0012 4FF05003 			mov r3, #80												
 2520 0016 83F31188 		msr basepri, r3											
 2521 001a BFF36F8F 		isb														
 2522 001e BFF34F8F 		dsb														
 2523              	
 2524              	@ 0 "" 2
 2525              	.LVL172:
 2526              		.thumb
 2527              		.syntax unified
 2528              	.L185:
 195:Middlewares/Third_Party/FreeRTOS/Source/portable/GCC/ARM_CM4F/portmacro.h **** 	(
 2529              		.loc 2 195 2 is_stmt 0 view .LVU675
 2530              	.LBE148:
 2531              	.LBE147:
2365:Middlewares/Third_Party/FreeRTOS/Source/tasks.c **** 	return &( pxTCB->pcTaskName[ 0 ] );
 2532              		.loc 1 2365 2 is_stmt 1 view .LVU676
 2533 0022 FEE7     		b	.L185
 2534              	.L188:
 2535              		.align	2
 2536              	.L187:
ARM GAS  D:\temp\TMP\ccyP8bey.s 			page 152


 2537 0024 00000000 		.word	pxCurrentTCB
 2538              		.cfi_endproc
 2539              	.LFE25:
 2541              		.section	.text.xTaskIncrementTick,"ax",%progbits
 2542              		.align	1
 2543              		.global	xTaskIncrementTick
 2544              		.syntax unified
 2545              		.thumb
 2546              		.thumb_func
 2548              	xTaskIncrementTick:
 2549              	.LFB27:
2708:Middlewares/Third_Party/FreeRTOS/Source/tasks.c **** TCB_t * pxTCB;
 2550              		.loc 1 2708 1 view -0
 2551              		.cfi_startproc
 2552              		@ args = 0, pretend = 0, frame = 0
 2553              		@ frame_needed = 0, uses_anonymous_args = 0
 2554 0000 F8B5     		push	{r3, r4, r5, r6, r7, lr}
 2555              	.LCFI25:
 2556              		.cfi_def_cfa_offset 24
 2557              		.cfi_offset 3, -24
 2558              		.cfi_offset 4, -20
 2559              		.cfi_offset 5, -16
 2560              		.cfi_offset 6, -12
 2561              		.cfi_offset 7, -8
 2562              		.cfi_offset 14, -4
2709:Middlewares/Third_Party/FreeRTOS/Source/tasks.c **** TickType_t xItemValue;
 2563              		.loc 1 2709 1 view .LVU678
2710:Middlewares/Third_Party/FreeRTOS/Source/tasks.c **** BaseType_t xSwitchRequired = pdFALSE;
 2564              		.loc 1 2710 1 view .LVU679
2711:Middlewares/Third_Party/FreeRTOS/Source/tasks.c **** 
 2565              		.loc 1 2711 1 view .LVU680
 2566              	.LVL173:
2716:Middlewares/Third_Party/FreeRTOS/Source/tasks.c **** 	if( uxSchedulerSuspended == ( UBaseType_t ) pdFALSE )
 2567              		.loc 1 2716 40 view .LVU681
2717:Middlewares/Third_Party/FreeRTOS/Source/tasks.c **** 	{
 2568              		.loc 1 2717 2 view .LVU682
2717:Middlewares/Third_Party/FreeRTOS/Source/tasks.c **** 	{
 2569              		.loc 1 2717 27 is_stmt 0 view .LVU683
 2570 0002 3D4B     		ldr	r3, .L210
 2571 0004 1B68     		ldr	r3, [r3]
2717:Middlewares/Third_Party/FreeRTOS/Source/tasks.c **** 	{
 2572              		.loc 1 2717 4 view .LVU684
 2573 0006 002B     		cmp	r3, #0
 2574 0008 6ED1     		bne	.L190
 2575              	.LBB149:
2721:Middlewares/Third_Party/FreeRTOS/Source/tasks.c **** 
 2576              		.loc 1 2721 3 is_stmt 1 view .LVU685
2721:Middlewares/Third_Party/FreeRTOS/Source/tasks.c **** 
 2577              		.loc 1 2721 49 is_stmt 0 view .LVU686
 2578 000a 3C4B     		ldr	r3, .L210+4
 2579 000c 1D68     		ldr	r5, [r3]
2721:Middlewares/Third_Party/FreeRTOS/Source/tasks.c **** 
 2580              		.loc 1 2721 20 view .LVU687
 2581 000e 0135     		adds	r5, r5, #1
 2582              	.LVL174:
2725:Middlewares/Third_Party/FreeRTOS/Source/tasks.c **** 
 2583              		.loc 1 2725 3 is_stmt 1 view .LVU688
ARM GAS  D:\temp\TMP\ccyP8bey.s 			page 153


2725:Middlewares/Third_Party/FreeRTOS/Source/tasks.c **** 
 2584              		.loc 1 2725 14 is_stmt 0 view .LVU689
 2585 0010 1D60     		str	r5, [r3]
2727:Middlewares/Third_Party/FreeRTOS/Source/tasks.c **** 		{
 2586              		.loc 1 2727 3 is_stmt 1 view .LVU690
2727:Middlewares/Third_Party/FreeRTOS/Source/tasks.c **** 		{
 2587              		.loc 1 2727 5 is_stmt 0 view .LVU691
 2588 0012 C5B9     		cbnz	r5, .L191
 2589              	.LBB150:
2729:Middlewares/Third_Party/FreeRTOS/Source/tasks.c **** 		}
 2590              		.loc 1 2729 4 is_stmt 1 view .LVU692
2729:Middlewares/Third_Party/FreeRTOS/Source/tasks.c **** 		}
 2591              		.loc 1 2729 4 view .LVU693
 2592 0014 3A4B     		ldr	r3, .L210+8
 2593 0016 1B68     		ldr	r3, [r3]
 2594 0018 1B68     		ldr	r3, [r3]
 2595 001a 43B1     		cbz	r3, .L192
2729:Middlewares/Third_Party/FreeRTOS/Source/tasks.c **** 		}
 2596              		.loc 1 2729 4 discriminator 1 view .LVU694
 2597              	.LBB151:
 2598              	.LBI151:
 191:Middlewares/Third_Party/FreeRTOS/Source/portable/GCC/ARM_CM4F/portmacro.h **** {
 2599              		.loc 2 191 30 view .LVU695
 2600              	.LBB152:
 193:Middlewares/Third_Party/FreeRTOS/Source/portable/GCC/ARM_CM4F/portmacro.h **** 
 2601              		.loc 2 193 1 view .LVU696
 195:Middlewares/Third_Party/FreeRTOS/Source/portable/GCC/ARM_CM4F/portmacro.h **** 	(
 2602              		.loc 2 195 2 view .LVU697
 2603              		.syntax unified
 2604              	@ 195 "Middlewares/Third_Party/FreeRTOS/Source/portable/GCC/ARM_CM4F/portmacro.h" 1
 2605 001c 4FF05003 			mov r3, #80												
 2606 0020 83F31188 		msr basepri, r3											
 2607 0024 BFF36F8F 		isb														
 2608 0028 BFF34F8F 		dsb														
 2609              	
 2610              	@ 0 "" 2
 2611              		.thumb
 2612              		.syntax unified
 2613              	.L193:
 2614              	.LBE152:
 2615              	.LBE151:
2729:Middlewares/Third_Party/FreeRTOS/Source/tasks.c **** 		}
 2616              		.loc 1 2729 4 view .LVU698
 2617 002c FEE7     		b	.L193
 2618              	.L192:
2729:Middlewares/Third_Party/FreeRTOS/Source/tasks.c **** 		}
 2619              		.loc 1 2729 4 discriminator 2 view .LVU699
2729:Middlewares/Third_Party/FreeRTOS/Source/tasks.c **** 		}
 2620              		.loc 1 2729 4 discriminator 2 view .LVU700
 2621 002e 344A     		ldr	r2, .L210+8
 2622 0030 1168     		ldr	r1, [r2]
 2623              	.LVL175:
2729:Middlewares/Third_Party/FreeRTOS/Source/tasks.c **** 		}
 2624              		.loc 1 2729 4 view .LVU701
2729:Middlewares/Third_Party/FreeRTOS/Source/tasks.c **** 		}
 2625              		.loc 1 2729 4 is_stmt 0 discriminator 2 view .LVU702
 2626 0032 344B     		ldr	r3, .L210+12
ARM GAS  D:\temp\TMP\ccyP8bey.s 			page 154


 2627 0034 1868     		ldr	r0, [r3]
 2628 0036 1060     		str	r0, [r2]
2729:Middlewares/Third_Party/FreeRTOS/Source/tasks.c **** 		}
 2629              		.loc 1 2729 4 is_stmt 1 view .LVU703
2729:Middlewares/Third_Party/FreeRTOS/Source/tasks.c **** 		}
 2630              		.loc 1 2729 4 is_stmt 0 discriminator 2 view .LVU704
 2631 0038 1960     		str	r1, [r3]
2729:Middlewares/Third_Party/FreeRTOS/Source/tasks.c **** 		}
 2632              		.loc 1 2729 4 is_stmt 1 view .LVU705
2729:Middlewares/Third_Party/FreeRTOS/Source/tasks.c **** 		}
 2633              		.loc 1 2729 4 is_stmt 0 discriminator 2 view .LVU706
 2634 003a 334A     		ldr	r2, .L210+16
 2635 003c 1368     		ldr	r3, [r2]
 2636 003e 0133     		adds	r3, r3, #1
 2637 0040 1360     		str	r3, [r2]
2729:Middlewares/Third_Party/FreeRTOS/Source/tasks.c **** 		}
 2638              		.loc 1 2729 4 is_stmt 1 view .LVU707
2729:Middlewares/Third_Party/FreeRTOS/Source/tasks.c **** 		}
 2639              		.loc 1 2729 4 is_stmt 0 discriminator 2 view .LVU708
 2640 0042 FFF7FEFF 		bl	prvResetNextTaskUnblockTime
 2641              	.LVL176:
2729:Middlewares/Third_Party/FreeRTOS/Source/tasks.c **** 		}
 2642              		.loc 1 2729 4 discriminator 2 view .LVU709
 2643              	.LBE150:
2729:Middlewares/Third_Party/FreeRTOS/Source/tasks.c **** 		}
 2644              		.loc 1 2729 30 is_stmt 1 discriminator 4 view .LVU710
 2645              	.L191:
2733:Middlewares/Third_Party/FreeRTOS/Source/tasks.c **** 		}
 2646              		.loc 1 2733 28 view .LVU711
2740:Middlewares/Third_Party/FreeRTOS/Source/tasks.c **** 		{
 2647              		.loc 1 2740 3 view .LVU712
2740:Middlewares/Third_Party/FreeRTOS/Source/tasks.c **** 		{
 2648              		.loc 1 2740 23 is_stmt 0 view .LVU713
 2649 0046 314B     		ldr	r3, .L210+20
 2650 0048 1B68     		ldr	r3, [r3]
2740:Middlewares/Third_Party/FreeRTOS/Source/tasks.c **** 		{
 2651              		.loc 1 2740 5 view .LVU714
 2652 004a AB42     		cmp	r3, r5
 2653 004c 41D9     		bls	.L203
 2654              	.LBE149:
2711:Middlewares/Third_Party/FreeRTOS/Source/tasks.c **** 
 2655              		.loc 1 2711 12 view .LVU715
 2656 004e 0023     		movs	r3, #0
 2657 0050 1F46     		mov	r7, r3
 2658              	.LVL177:
 2659              	.L195:
 2660              	.LBB153:
2823:Middlewares/Third_Party/FreeRTOS/Source/tasks.c **** 			{
 2661              		.loc 1 2823 4 is_stmt 1 view .LVU716
2823:Middlewares/Third_Party/FreeRTOS/Source/tasks.c **** 			{
 2662              		.loc 1 2823 8 is_stmt 0 view .LVU717
 2663 0052 2F4B     		ldr	r3, .L210+24
 2664 0054 1B68     		ldr	r3, [r3]
 2665 0056 DB6A     		ldr	r3, [r3, #44]
 2666 0058 03EB8303 		add	r3, r3, r3, lsl #2
 2667 005c 9B00     		lsls	r3, r3, #2
 2668 005e 2D4A     		ldr	r2, .L210+28
ARM GAS  D:\temp\TMP\ccyP8bey.s 			page 155


 2669 0060 D358     		ldr	r3, [r2, r3]
2823:Middlewares/Third_Party/FreeRTOS/Source/tasks.c **** 			{
 2670              		.loc 1 2823 6 view .LVU718
 2671 0062 012B     		cmp	r3, #1
 2672 0064 01D9     		bls	.L201
2825:Middlewares/Third_Party/FreeRTOS/Source/tasks.c **** 			}
 2673              		.loc 1 2825 21 view .LVU719
 2674 0066 0123     		movs	r3, #1
 2675 0068 1F46     		mov	r7, r3
 2676              	.LVL178:
 2677              	.L201:
2829:Middlewares/Third_Party/FreeRTOS/Source/tasks.c **** 			}
 2678              		.loc 1 2829 29 is_stmt 1 view .LVU720
2851:Middlewares/Third_Party/FreeRTOS/Source/tasks.c **** 			{
 2679              		.loc 1 2851 4 view .LVU721
2851:Middlewares/Third_Party/FreeRTOS/Source/tasks.c **** 			{
 2680              		.loc 1 2851 22 is_stmt 0 view .LVU722
 2681 006a 2B4B     		ldr	r3, .L210+32
 2682 006c 1B68     		ldr	r3, [r3]
2851:Middlewares/Third_Party/FreeRTOS/Source/tasks.c **** 			{
 2683              		.loc 1 2851 6 view .LVU723
 2684 006e 002B     		cmp	r3, #0
 2685 0070 40D0     		beq	.L189
2853:Middlewares/Third_Party/FreeRTOS/Source/tasks.c **** 			}
 2686              		.loc 1 2853 21 view .LVU724
 2687 0072 0123     		movs	r3, #1
 2688 0074 1F46     		mov	r7, r3
 2689              	.LVL179:
2853:Middlewares/Third_Party/FreeRTOS/Source/tasks.c **** 			}
 2690              		.loc 1 2853 21 view .LVU725
 2691              	.LBE153:
2875:Middlewares/Third_Party/FreeRTOS/Source/tasks.c **** }
 2692              		.loc 1 2875 2 is_stmt 1 view .LVU726
2875:Middlewares/Third_Party/FreeRTOS/Source/tasks.c **** }
 2693              		.loc 1 2875 9 is_stmt 0 view .LVU727
 2694 0076 3DE0     		b	.L189
 2695              	.LVL180:
 2696              	.L204:
 2697              	.LBB154:
2806:Middlewares/Third_Party/FreeRTOS/Source/tasks.c **** 						}
 2698              		.loc 1 2806 24 view .LVU728
 2699 0078 0123     		movs	r3, #1
 2700 007a 1F46     		mov	r7, r3
 2701              	.LVL181:
 2702              	.L194:
2742:Middlewares/Third_Party/FreeRTOS/Source/tasks.c **** 			{
 2703              		.loc 1 2742 4 is_stmt 1 view .LVU729
2744:Middlewares/Third_Party/FreeRTOS/Source/tasks.c **** 				{
 2704              		.loc 1 2744 5 view .LVU730
2744:Middlewares/Third_Party/FreeRTOS/Source/tasks.c **** 				{
 2705              		.loc 1 2744 9 is_stmt 0 view .LVU731
 2706 007c 204B     		ldr	r3, .L210+8
 2707 007e 1B68     		ldr	r3, [r3]
 2708 0080 1B68     		ldr	r3, [r3]
2744:Middlewares/Third_Party/FreeRTOS/Source/tasks.c **** 				{
 2709              		.loc 1 2744 7 view .LVU732
 2710 0082 4BB3     		cbz	r3, .L208
ARM GAS  D:\temp\TMP\ccyP8bey.s 			page 156


2760:Middlewares/Third_Party/FreeRTOS/Source/tasks.c **** 					xItemValue = listGET_LIST_ITEM_VALUE( &( pxTCB->xStateListItem ) );
 2711              		.loc 1 2760 6 is_stmt 1 view .LVU733
2760:Middlewares/Third_Party/FreeRTOS/Source/tasks.c **** 					xItemValue = listGET_LIST_ITEM_VALUE( &( pxTCB->xStateListItem ) );
 2712              		.loc 1 2760 14 is_stmt 0 view .LVU734
 2713 0084 1E4B     		ldr	r3, .L210+8
 2714 0086 1B68     		ldr	r3, [r3]
 2715 0088 DB68     		ldr	r3, [r3, #12]
2760:Middlewares/Third_Party/FreeRTOS/Source/tasks.c **** 					xItemValue = listGET_LIST_ITEM_VALUE( &( pxTCB->xStateListItem ) );
 2716              		.loc 1 2760 12 view .LVU735
 2717 008a DC68     		ldr	r4, [r3, #12]
 2718              	.LVL182:
2761:Middlewares/Third_Party/FreeRTOS/Source/tasks.c **** 
 2719              		.loc 1 2761 6 is_stmt 1 view .LVU736
2761:Middlewares/Third_Party/FreeRTOS/Source/tasks.c **** 
 2720              		.loc 1 2761 17 is_stmt 0 view .LVU737
 2721 008c 6368     		ldr	r3, [r4, #4]
 2722              	.LVL183:
2763:Middlewares/Third_Party/FreeRTOS/Source/tasks.c **** 					{
 2723              		.loc 1 2763 6 is_stmt 1 view .LVU738
2763:Middlewares/Third_Party/FreeRTOS/Source/tasks.c **** 					{
 2724              		.loc 1 2763 8 is_stmt 0 view .LVU739
 2725 008e 9D42     		cmp	r5, r3
 2726 0090 27D3     		bcc	.L209
2775:Middlewares/Third_Party/FreeRTOS/Source/tasks.c **** 					}
 2727              		.loc 1 2775 31 is_stmt 1 view .LVU740
2779:Middlewares/Third_Party/FreeRTOS/Source/tasks.c **** 
 2728              		.loc 1 2779 6 view .LVU741
2779:Middlewares/Third_Party/FreeRTOS/Source/tasks.c **** 
 2729              		.loc 1 2779 29 is_stmt 0 view .LVU742
 2730 0092 261D     		adds	r6, r4, #4
2779:Middlewares/Third_Party/FreeRTOS/Source/tasks.c **** 
 2731              		.loc 1 2779 15 view .LVU743
 2732 0094 3046     		mov	r0, r6
 2733 0096 FFF7FEFF 		bl	uxListRemove
 2734              	.LVL184:
2783:Middlewares/Third_Party/FreeRTOS/Source/tasks.c **** 					{
 2735              		.loc 1 2783 6 is_stmt 1 view .LVU744
2783:Middlewares/Third_Party/FreeRTOS/Source/tasks.c **** 					{
 2736              		.loc 1 2783 10 is_stmt 0 view .LVU745
 2737 009a A36A     		ldr	r3, [r4, #40]
2783:Middlewares/Third_Party/FreeRTOS/Source/tasks.c **** 					{
 2738              		.loc 1 2783 8 view .LVU746
 2739 009c 1BB1     		cbz	r3, .L198
2785:Middlewares/Third_Party/FreeRTOS/Source/tasks.c **** 					}
 2740              		.loc 1 2785 7 is_stmt 1 view .LVU747
2785:Middlewares/Third_Party/FreeRTOS/Source/tasks.c **** 					}
 2741              		.loc 1 2785 16 is_stmt 0 view .LVU748
 2742 009e 04F11800 		add	r0, r4, #24
 2743 00a2 FFF7FEFF 		bl	uxListRemove
 2744              	.LVL185:
 2745              	.L198:
2789:Middlewares/Third_Party/FreeRTOS/Source/tasks.c **** 					}
 2746              		.loc 1 2789 31 is_stmt 1 view .LVU749
2794:Middlewares/Third_Party/FreeRTOS/Source/tasks.c **** 
 2747              		.loc 1 2794 6 view .LVU750
2794:Middlewares/Third_Party/FreeRTOS/Source/tasks.c **** 
 2748              		.loc 1 2794 6 view .LVU751
ARM GAS  D:\temp\TMP\ccyP8bey.s 			page 157


 2749 00a6 E06A     		ldr	r0, [r4, #44]
 2750 00a8 0123     		movs	r3, #1
 2751 00aa 8340     		lsls	r3, r3, r0
 2752 00ac 1B4A     		ldr	r2, .L210+36
 2753 00ae 1168     		ldr	r1, [r2]
 2754 00b0 0B43     		orrs	r3, r3, r1
 2755 00b2 1360     		str	r3, [r2]
2794:Middlewares/Third_Party/FreeRTOS/Source/tasks.c **** 
 2756              		.loc 1 2794 6 view .LVU752
 2757 00b4 00EB8000 		add	r0, r0, r0, lsl #2
 2758 00b8 3146     		mov	r1, r6
 2759 00ba 164B     		ldr	r3, .L210+28
 2760 00bc 03EB8000 		add	r0, r3, r0, lsl #2
 2761 00c0 FFF7FEFF 		bl	vListInsertEnd
 2762              	.LVL186:
2794:Middlewares/Third_Party/FreeRTOS/Source/tasks.c **** 
 2763              		.loc 1 2794 36 discriminator 1 view .LVU753
2804:Middlewares/Third_Party/FreeRTOS/Source/tasks.c **** 						{
 2764              		.loc 1 2804 7 view .LVU754
2804:Middlewares/Third_Party/FreeRTOS/Source/tasks.c **** 						{
 2765              		.loc 1 2804 16 is_stmt 0 view .LVU755
 2766 00c4 E26A     		ldr	r2, [r4, #44]
2804:Middlewares/Third_Party/FreeRTOS/Source/tasks.c **** 						{
 2767              		.loc 1 2804 44 view .LVU756
 2768 00c6 124B     		ldr	r3, .L210+24
 2769 00c8 1B68     		ldr	r3, [r3]
 2770 00ca DB6A     		ldr	r3, [r3, #44]
2804:Middlewares/Third_Party/FreeRTOS/Source/tasks.c **** 						{
 2771              		.loc 1 2804 9 view .LVU757
 2772 00cc 9A42     		cmp	r2, r3
 2773 00ce D3D2     		bcs	.L204
 2774 00d0 D4E7     		b	.L194
 2775              	.LVL187:
 2776              	.L203:
2804:Middlewares/Third_Party/FreeRTOS/Source/tasks.c **** 						{
 2777              		.loc 1 2804 9 view .LVU758
 2778              	.LBE154:
2711:Middlewares/Third_Party/FreeRTOS/Source/tasks.c **** 
 2779              		.loc 1 2711 12 view .LVU759
 2780 00d2 0023     		movs	r3, #0
 2781 00d4 1F46     		mov	r7, r3
 2782 00d6 D1E7     		b	.L194
 2783              	.LVL188:
 2784              	.L208:
 2785              	.LBB155:
2751:Middlewares/Third_Party/FreeRTOS/Source/tasks.c **** 					break;
 2786              		.loc 1 2751 6 is_stmt 1 view .LVU760
2751:Middlewares/Third_Party/FreeRTOS/Source/tasks.c **** 					break;
 2787              		.loc 1 2751 27 is_stmt 0 view .LVU761
 2788 00d8 0C4B     		ldr	r3, .L210+20
 2789 00da 4FF0FF32 		mov	r2, #-1
 2790 00de 1A60     		str	r2, [r3]
2752:Middlewares/Third_Party/FreeRTOS/Source/tasks.c **** 				}
 2791              		.loc 1 2752 6 is_stmt 1 view .LVU762
 2792 00e0 B7E7     		b	.L195
 2793              	.LVL189:
 2794              	.L209:
ARM GAS  D:\temp\TMP\ccyP8bey.s 			page 158


2770:Middlewares/Third_Party/FreeRTOS/Source/tasks.c **** 						break; /*lint !e9011 Code structure here is deedmed easier to understand with multiple breaks
 2795              		.loc 1 2770 7 view .LVU763
2770:Middlewares/Third_Party/FreeRTOS/Source/tasks.c **** 						break; /*lint !e9011 Code structure here is deedmed easier to understand with multiple breaks
 2796              		.loc 1 2770 28 is_stmt 0 view .LVU764
 2797 00e2 0A4A     		ldr	r2, .L210+20
 2798 00e4 1360     		str	r3, [r2]
2771:Middlewares/Third_Party/FreeRTOS/Source/tasks.c **** 					}
 2799              		.loc 1 2771 7 is_stmt 1 view .LVU765
 2800 00e6 B4E7     		b	.L195
 2801              	.LVL190:
 2802              	.L190:
2771:Middlewares/Third_Party/FreeRTOS/Source/tasks.c **** 					}
 2803              		.loc 1 2771 7 is_stmt 0 view .LVU766
 2804              	.LBE155:
2864:Middlewares/Third_Party/FreeRTOS/Source/tasks.c **** 
 2805              		.loc 1 2864 3 is_stmt 1 view .LVU767
 2806 00e8 0D4A     		ldr	r2, .L210+40
 2807 00ea 1368     		ldr	r3, [r2]
 2808 00ec 0133     		adds	r3, r3, #1
 2809 00ee 1360     		str	r3, [r2]
2711:Middlewares/Third_Party/FreeRTOS/Source/tasks.c **** 
 2810              		.loc 1 2711 12 is_stmt 0 view .LVU768
 2811 00f0 0023     		movs	r3, #0
 2812 00f2 1F46     		mov	r7, r3
 2813              	.LVL191:
 2814              	.L189:
2876:Middlewares/Third_Party/FreeRTOS/Source/tasks.c **** /*-----------------------------------------------------------*/
 2815              		.loc 1 2876 1 view .LVU769
 2816 00f4 3846     		mov	r0, r7
 2817 00f6 F8BD     		pop	{r3, r4, r5, r6, r7, pc}
 2818              	.L211:
 2819              		.align	2
 2820              	.L210:
 2821 00f8 00000000 		.word	uxSchedulerSuspended
 2822 00fc 00000000 		.word	xTickCount
 2823 0100 00000000 		.word	pxDelayedTaskList
 2824 0104 00000000 		.word	pxOverflowDelayedTaskList
 2825 0108 00000000 		.word	xNumOfOverflows
 2826 010c 00000000 		.word	xNextTaskUnblockTime
 2827 0110 00000000 		.word	pxCurrentTCB
 2828 0114 00000000 		.word	pxReadyTasksLists
 2829 0118 00000000 		.word	xYieldPending
 2830 011c 00000000 		.word	uxTopReadyPriority
 2831 0120 00000000 		.word	xPendedTicks
 2832              		.cfi_endproc
 2833              	.LFE27:
 2835              		.section	.text.xTaskResumeAll,"ax",%progbits
 2836              		.align	1
 2837              		.global	xTaskResumeAll
 2838              		.syntax unified
 2839              		.thumb
 2840              		.thumb_func
 2842              	xTaskResumeAll:
 2843              	.LFB21:
2195:Middlewares/Third_Party/FreeRTOS/Source/tasks.c **** TCB_t *pxTCB = NULL;
 2844              		.loc 1 2195 1 is_stmt 1 view -0
 2845              		.cfi_startproc
ARM GAS  D:\temp\TMP\ccyP8bey.s 			page 159


 2846              		@ args = 0, pretend = 0, frame = 0
 2847              		@ frame_needed = 0, uses_anonymous_args = 0
 2848 0000 38B5     		push	{r3, r4, r5, lr}
 2849              	.LCFI26:
 2850              		.cfi_def_cfa_offset 16
 2851              		.cfi_offset 3, -16
 2852              		.cfi_offset 4, -12
 2853              		.cfi_offset 5, -8
 2854              		.cfi_offset 14, -4
2196:Middlewares/Third_Party/FreeRTOS/Source/tasks.c **** BaseType_t xAlreadyYielded = pdFALSE;
 2855              		.loc 1 2196 1 view .LVU771
 2856              	.LVL192:
2197:Middlewares/Third_Party/FreeRTOS/Source/tasks.c **** 
 2857              		.loc 1 2197 1 view .LVU772
2201:Middlewares/Third_Party/FreeRTOS/Source/tasks.c **** 
 2858              		.loc 1 2201 2 view .LVU773
 2859 0002 354B     		ldr	r3, .L228
 2860 0004 1B68     		ldr	r3, [r3]
 2861 0006 43B9     		cbnz	r3, .L213
2201:Middlewares/Third_Party/FreeRTOS/Source/tasks.c **** 
 2862              		.loc 1 2201 2 discriminator 1 view .LVU774
 2863              	.LBB156:
 2864              	.LBI156:
 191:Middlewares/Third_Party/FreeRTOS/Source/portable/GCC/ARM_CM4F/portmacro.h **** {
 2865              		.loc 2 191 30 view .LVU775
 2866              	.LBB157:
 193:Middlewares/Third_Party/FreeRTOS/Source/portable/GCC/ARM_CM4F/portmacro.h **** 
 2867              		.loc 2 193 1 view .LVU776
 195:Middlewares/Third_Party/FreeRTOS/Source/portable/GCC/ARM_CM4F/portmacro.h **** 	(
 2868              		.loc 2 195 2 view .LVU777
 2869              		.syntax unified
 2870              	@ 195 "Middlewares/Third_Party/FreeRTOS/Source/portable/GCC/ARM_CM4F/portmacro.h" 1
 2871 0008 4FF05003 			mov r3, #80												
 2872 000c 83F31188 		msr basepri, r3											
 2873 0010 BFF36F8F 		isb														
 2874 0014 BFF34F8F 		dsb														
 2875              	
 2876              	@ 0 "" 2
 2877              		.thumb
 2878              		.syntax unified
 2879              	.L214:
 2880              	.LBE157:
 2881              	.LBE156:
2201:Middlewares/Third_Party/FreeRTOS/Source/tasks.c **** 
 2882              		.loc 1 2201 2 view .LVU778
 2883 0018 FEE7     		b	.L214
 2884              	.L213:
2201:Middlewares/Third_Party/FreeRTOS/Source/tasks.c **** 
 2885              		.loc 1 2201 38 view .LVU779
2208:Middlewares/Third_Party/FreeRTOS/Source/tasks.c **** 	{
 2886              		.loc 1 2208 2 view .LVU780
 2887 001a FFF7FEFF 		bl	vPortEnterCritical
 2888              	.LVL193:
2210:Middlewares/Third_Party/FreeRTOS/Source/tasks.c **** 
 2889              		.loc 1 2210 3 view .LVU781
 2890 001e 2E4B     		ldr	r3, .L228
 2891 0020 1A68     		ldr	r2, [r3]
ARM GAS  D:\temp\TMP\ccyP8bey.s 			page 160


 2892 0022 013A     		subs	r2, r2, #1
 2893 0024 1A60     		str	r2, [r3]
2212:Middlewares/Third_Party/FreeRTOS/Source/tasks.c **** 		{
 2894              		.loc 1 2212 3 view .LVU782
2212:Middlewares/Third_Party/FreeRTOS/Source/tasks.c **** 		{
 2895              		.loc 1 2212 28 is_stmt 0 view .LVU783
 2896 0026 1B68     		ldr	r3, [r3]
2212:Middlewares/Third_Party/FreeRTOS/Source/tasks.c **** 		{
 2897              		.loc 1 2212 5 view .LVU784
 2898 0028 002B     		cmp	r3, #0
 2899 002a 4FD1     		bne	.L223
2214:Middlewares/Third_Party/FreeRTOS/Source/tasks.c **** 			{
 2900              		.loc 1 2214 4 is_stmt 1 view .LVU785
2214:Middlewares/Third_Party/FreeRTOS/Source/tasks.c **** 			{
 2901              		.loc 1 2214 31 is_stmt 0 view .LVU786
 2902 002c 2B4B     		ldr	r3, .L228+4
 2903 002e 1B68     		ldr	r3, [r3]
2214:Middlewares/Third_Party/FreeRTOS/Source/tasks.c **** 			{
 2904              		.loc 1 2214 6 view .LVU787
 2905 0030 0BB9     		cbnz	r3, .L224
2197:Middlewares/Third_Party/FreeRTOS/Source/tasks.c **** 
 2906              		.loc 1 2197 12 view .LVU788
 2907 0032 1C46     		mov	r4, r3
 2908 0034 4BE0     		b	.L215
 2909              	.L224:
2196:Middlewares/Third_Party/FreeRTOS/Source/tasks.c **** BaseType_t xAlreadyYielded = pdFALSE;
 2910              		.loc 1 2196 8 view .LVU789
 2911 0036 0024     		movs	r4, #0
 2912              	.LVL194:
 2913              	.L216:
2233:Middlewares/Third_Party/FreeRTOS/Source/tasks.c **** 					}
 2914              		.loc 1 2233 31 is_stmt 1 view .LVU790
2218:Middlewares/Third_Party/FreeRTOS/Source/tasks.c **** 				{
 2915              		.loc 1 2218 52 view .LVU791
2218:Middlewares/Third_Party/FreeRTOS/Source/tasks.c **** 				{
 2916              		.loc 1 2218 12 is_stmt 0 view .LVU792
 2917 0038 294B     		ldr	r3, .L228+8
 2918 003a 1B68     		ldr	r3, [r3]
2218:Middlewares/Third_Party/FreeRTOS/Source/tasks.c **** 				{
 2919              		.loc 1 2218 52 view .LVU793
 2920 003c 1BB3     		cbz	r3, .L226
2220:Middlewares/Third_Party/FreeRTOS/Source/tasks.c **** 					( void ) uxListRemove( &( pxTCB->xEventListItem ) );
 2921              		.loc 1 2220 6 is_stmt 1 view .LVU794
2220:Middlewares/Third_Party/FreeRTOS/Source/tasks.c **** 					( void ) uxListRemove( &( pxTCB->xEventListItem ) );
 2922              		.loc 1 2220 14 is_stmt 0 view .LVU795
 2923 003e 284B     		ldr	r3, .L228+8
 2924 0040 DB68     		ldr	r3, [r3, #12]
2220:Middlewares/Third_Party/FreeRTOS/Source/tasks.c **** 					( void ) uxListRemove( &( pxTCB->xEventListItem ) );
 2925              		.loc 1 2220 12 view .LVU796
 2926 0042 DC68     		ldr	r4, [r3, #12]
 2927              	.LVL195:
2221:Middlewares/Third_Party/FreeRTOS/Source/tasks.c **** 					( void ) uxListRemove( &( pxTCB->xStateListItem ) );
 2928              		.loc 1 2221 6 is_stmt 1 view .LVU797
2221:Middlewares/Third_Party/FreeRTOS/Source/tasks.c **** 					( void ) uxListRemove( &( pxTCB->xStateListItem ) );
 2929              		.loc 1 2221 15 is_stmt 0 view .LVU798
 2930 0044 04F11800 		add	r0, r4, #24
 2931 0048 FFF7FEFF 		bl	uxListRemove
ARM GAS  D:\temp\TMP\ccyP8bey.s 			page 161


 2932              	.LVL196:
2222:Middlewares/Third_Party/FreeRTOS/Source/tasks.c **** 					prvAddTaskToReadyList( pxTCB );
 2933              		.loc 1 2222 6 is_stmt 1 view .LVU799
2222:Middlewares/Third_Party/FreeRTOS/Source/tasks.c **** 					prvAddTaskToReadyList( pxTCB );
 2934              		.loc 1 2222 29 is_stmt 0 view .LVU800
 2935 004c 251D     		adds	r5, r4, #4
2222:Middlewares/Third_Party/FreeRTOS/Source/tasks.c **** 					prvAddTaskToReadyList( pxTCB );
 2936              		.loc 1 2222 15 view .LVU801
 2937 004e 2846     		mov	r0, r5
 2938 0050 FFF7FEFF 		bl	uxListRemove
 2939              	.LVL197:
2223:Middlewares/Third_Party/FreeRTOS/Source/tasks.c **** 
 2940              		.loc 1 2223 6 is_stmt 1 view .LVU802
2223:Middlewares/Third_Party/FreeRTOS/Source/tasks.c **** 
 2941              		.loc 1 2223 6 view .LVU803
 2942 0054 E06A     		ldr	r0, [r4, #44]
 2943 0056 0123     		movs	r3, #1
 2944 0058 8340     		lsls	r3, r3, r0
 2945 005a 224A     		ldr	r2, .L228+12
 2946 005c 1168     		ldr	r1, [r2]
 2947 005e 0B43     		orrs	r3, r3, r1
 2948 0060 1360     		str	r3, [r2]
2223:Middlewares/Third_Party/FreeRTOS/Source/tasks.c **** 
 2949              		.loc 1 2223 6 view .LVU804
 2950 0062 00EB8000 		add	r0, r0, r0, lsl #2
 2951 0066 2946     		mov	r1, r5
 2952 0068 1F4B     		ldr	r3, .L228+16
 2953 006a 03EB8000 		add	r0, r3, r0, lsl #2
 2954 006e FFF7FEFF 		bl	vListInsertEnd
 2955              	.LVL198:
2223:Middlewares/Third_Party/FreeRTOS/Source/tasks.c **** 
 2956              		.loc 1 2223 36 discriminator 1 view .LVU805
2227:Middlewares/Third_Party/FreeRTOS/Source/tasks.c **** 					{
 2957              		.loc 1 2227 6 view .LVU806
2227:Middlewares/Third_Party/FreeRTOS/Source/tasks.c **** 					{
 2958              		.loc 1 2227 15 is_stmt 0 view .LVU807
 2959 0072 E26A     		ldr	r2, [r4, #44]
2227:Middlewares/Third_Party/FreeRTOS/Source/tasks.c **** 					{
 2960              		.loc 1 2227 43 view .LVU808
 2961 0074 1D4B     		ldr	r3, .L228+20
 2962 0076 1B68     		ldr	r3, [r3]
 2963 0078 DB6A     		ldr	r3, [r3, #44]
2227:Middlewares/Third_Party/FreeRTOS/Source/tasks.c **** 					{
 2964              		.loc 1 2227 8 view .LVU809
 2965 007a 9A42     		cmp	r2, r3
 2966 007c DCD3     		bcc	.L216
2229:Middlewares/Third_Party/FreeRTOS/Source/tasks.c **** 					}
 2967              		.loc 1 2229 7 is_stmt 1 view .LVU810
2229:Middlewares/Third_Party/FreeRTOS/Source/tasks.c **** 					}
 2968              		.loc 1 2229 21 is_stmt 0 view .LVU811
 2969 007e 1C4B     		ldr	r3, .L228+24
 2970 0080 0122     		movs	r2, #1
 2971 0082 1A60     		str	r2, [r3]
 2972 0084 D8E7     		b	.L216
 2973              	.L226:
2237:Middlewares/Third_Party/FreeRTOS/Source/tasks.c **** 				{
 2974              		.loc 1 2237 5 is_stmt 1 view .LVU812
ARM GAS  D:\temp\TMP\ccyP8bey.s 			page 162


2237:Middlewares/Third_Party/FreeRTOS/Source/tasks.c **** 				{
 2975              		.loc 1 2237 7 is_stmt 0 view .LVU813
 2976 0086 0CB1     		cbz	r4, .L219
2245:Middlewares/Third_Party/FreeRTOS/Source/tasks.c **** 				}
 2977              		.loc 1 2245 6 is_stmt 1 view .LVU814
 2978 0088 FFF7FEFF 		bl	prvResetNextTaskUnblockTime
 2979              	.LVL199:
 2980              	.L219:
 2981              	.LBB158:
2253:Middlewares/Third_Party/FreeRTOS/Source/tasks.c **** 
 2982              		.loc 1 2253 6 view .LVU815
2253:Middlewares/Third_Party/FreeRTOS/Source/tasks.c **** 
 2983              		.loc 1 2253 17 is_stmt 0 view .LVU816
 2984 008c 194B     		ldr	r3, .L228+28
 2985 008e 1C68     		ldr	r4, [r3]
 2986              	.LVL200:
2255:Middlewares/Third_Party/FreeRTOS/Source/tasks.c **** 					{
 2987              		.loc 1 2255 6 is_stmt 1 view .LVU817
2255:Middlewares/Third_Party/FreeRTOS/Source/tasks.c **** 					{
 2988              		.loc 1 2255 8 is_stmt 0 view .LVU818
 2989 0090 84B9     		cbnz	r4, .L222
 2990              	.L220:
2274:Middlewares/Third_Party/FreeRTOS/Source/tasks.c **** 					}
 2991              		.loc 1 2274 31 is_stmt 1 view .LVU819
 2992              	.LBE158:
2278:Middlewares/Third_Party/FreeRTOS/Source/tasks.c **** 				{
 2993              		.loc 1 2278 5 view .LVU820
2278:Middlewares/Third_Party/FreeRTOS/Source/tasks.c **** 				{
 2994              		.loc 1 2278 23 is_stmt 0 view .LVU821
 2995 0092 174B     		ldr	r3, .L228+24
 2996 0094 1C68     		ldr	r4, [r3]
 2997              	.LVL201:
2278:Middlewares/Third_Party/FreeRTOS/Source/tasks.c **** 				{
 2998              		.loc 1 2278 7 view .LVU822
 2999 0096 D4B1     		cbz	r4, .L215
2282:Middlewares/Third_Party/FreeRTOS/Source/tasks.c **** 					}
 3000              		.loc 1 2282 7 is_stmt 1 view .LVU823
 3001              	.LVL202:
2285:Middlewares/Third_Party/FreeRTOS/Source/tasks.c **** 				}
 3002              		.loc 1 2285 6 view .LVU824
 3003 0098 4FF0E023 		mov	r3, #-536813568
 3004 009c 4FF08052 		mov	r2, #268435456
 3005 00a0 C3F8042D 		str	r2, [r3, #3332]
2285:Middlewares/Third_Party/FreeRTOS/Source/tasks.c **** 				}
 3006              		.loc 1 2285 6 view .LVU825
 3007              		.syntax unified
 3008              	@ 2285 "Middlewares/Third_Party/FreeRTOS/Source/tasks.c" 1
 3009 00a4 BFF34F8F 		dsb
 3010              	@ 0 "" 2
2285:Middlewares/Third_Party/FreeRTOS/Source/tasks.c **** 				}
 3011              		.loc 1 2285 6 view .LVU826
 3012              	@ 2285 "Middlewares/Third_Party/FreeRTOS/Source/tasks.c" 1
 3013 00a8 BFF36F8F 		isb
 3014              	@ 0 "" 2
2285:Middlewares/Third_Party/FreeRTOS/Source/tasks.c **** 				}
 3015              		.loc 1 2285 37 view .LVU827
2282:Middlewares/Third_Party/FreeRTOS/Source/tasks.c **** 					}
ARM GAS  D:\temp\TMP\ccyP8bey.s 			page 163


 3016              		.loc 1 2282 23 is_stmt 0 view .LVU828
 3017              		.thumb
 3018              		.syntax unified
 3019 00ac 0124     		movs	r4, #1
 3020 00ae 0EE0     		b	.L215
 3021              	.LVL203:
 3022              	.L221:
 3023              	.LBB159:
2265:Middlewares/Third_Party/FreeRTOS/Source/tasks.c **** 							}
 3024              		.loc 1 2265 33 is_stmt 1 view .LVU829
2267:Middlewares/Third_Party/FreeRTOS/Source/tasks.c **** 						} while( xPendedCounts > ( TickType_t ) 0U );
 3025              		.loc 1 2267 8 view .LVU830
2268:Middlewares/Third_Party/FreeRTOS/Source/tasks.c **** 
 3026              		.loc 1 2268 30 view .LVU831
 3027 00b0 013C     		subs	r4, r4, #1
 3028              	.LVL204:
2268:Middlewares/Third_Party/FreeRTOS/Source/tasks.c **** 
 3029              		.loc 1 2268 30 is_stmt 0 view .LVU832
 3030 00b2 07D0     		beq	.L227
 3031              	.L222:
2257:Middlewares/Third_Party/FreeRTOS/Source/tasks.c **** 						{
 3032              		.loc 1 2257 7 is_stmt 1 view .LVU833
2259:Middlewares/Third_Party/FreeRTOS/Source/tasks.c **** 							{
 3033              		.loc 1 2259 8 view .LVU834
2259:Middlewares/Third_Party/FreeRTOS/Source/tasks.c **** 							{
 3034              		.loc 1 2259 12 is_stmt 0 view .LVU835
 3035 00b4 FFF7FEFF 		bl	xTaskIncrementTick
 3036              	.LVL205:
2259:Middlewares/Third_Party/FreeRTOS/Source/tasks.c **** 							{
 3037              		.loc 1 2259 10 discriminator 1 view .LVU836
 3038 00b8 0028     		cmp	r0, #0
 3039 00ba F9D0     		beq	.L221
2261:Middlewares/Third_Party/FreeRTOS/Source/tasks.c **** 							}
 3040              		.loc 1 2261 9 is_stmt 1 view .LVU837
2261:Middlewares/Third_Party/FreeRTOS/Source/tasks.c **** 							}
 3041              		.loc 1 2261 23 is_stmt 0 view .LVU838
 3042 00bc 0C4B     		ldr	r3, .L228+24
 3043 00be 0122     		movs	r2, #1
 3044 00c0 1A60     		str	r2, [r3]
 3045 00c2 F5E7     		b	.L221
 3046              	.L227:
2270:Middlewares/Third_Party/FreeRTOS/Source/tasks.c **** 					}
 3047              		.loc 1 2270 7 is_stmt 1 view .LVU839
2270:Middlewares/Third_Party/FreeRTOS/Source/tasks.c **** 					}
 3048              		.loc 1 2270 20 is_stmt 0 view .LVU840
 3049 00c4 0B4B     		ldr	r3, .L228+28
 3050 00c6 0022     		movs	r2, #0
 3051 00c8 1A60     		str	r2, [r3]
 3052 00ca E2E7     		b	.L220
 3053              	.LVL206:
 3054              	.L223:
2270:Middlewares/Third_Party/FreeRTOS/Source/tasks.c **** 					}
 3055              		.loc 1 2270 20 view .LVU841
 3056              	.LBE159:
2197:Middlewares/Third_Party/FreeRTOS/Source/tasks.c **** 
 3057              		.loc 1 2197 12 view .LVU842
 3058 00cc 0024     		movs	r4, #0
ARM GAS  D:\temp\TMP\ccyP8bey.s 			page 164


 3059              	.LVL207:
 3060              	.L215:
2295:Middlewares/Third_Party/FreeRTOS/Source/tasks.c **** 		}
 3061              		.loc 1 2295 28 is_stmt 1 view .LVU843
2298:Middlewares/Third_Party/FreeRTOS/Source/tasks.c **** 
 3062              		.loc 1 2298 2 view .LVU844
 3063 00ce FFF7FEFF 		bl	vPortExitCritical
 3064              	.LVL208:
2300:Middlewares/Third_Party/FreeRTOS/Source/tasks.c **** }
 3065              		.loc 1 2300 2 view .LVU845
2301:Middlewares/Third_Party/FreeRTOS/Source/tasks.c **** /*-----------------------------------------------------------*/
 3066              		.loc 1 2301 1 is_stmt 0 view .LVU846
 3067 00d2 2046     		mov	r0, r4
 3068 00d4 38BD     		pop	{r3, r4, r5, pc}
 3069              	.LVL209:
 3070              	.L229:
2301:Middlewares/Third_Party/FreeRTOS/Source/tasks.c **** /*-----------------------------------------------------------*/
 3071              		.loc 1 2301 1 view .LVU847
 3072 00d6 00BF     		.align	2
 3073              	.L228:
 3074 00d8 00000000 		.word	uxSchedulerSuspended
 3075 00dc 00000000 		.word	uxCurrentNumberOfTasks
 3076 00e0 00000000 		.word	xPendingReadyList
 3077 00e4 00000000 		.word	uxTopReadyPriority
 3078 00e8 00000000 		.word	pxReadyTasksLists
 3079 00ec 00000000 		.word	pxCurrentTCB
 3080 00f0 00000000 		.word	xYieldPending
 3081 00f4 00000000 		.word	xPendedTicks
 3082              		.cfi_endproc
 3083              	.LFE21:
 3085              		.section	.text.vTaskDelay,"ax",%progbits
 3086              		.align	1
 3087              		.global	vTaskDelay
 3088              		.syntax unified
 3089              		.thumb
 3090              		.thumb_func
 3092              	vTaskDelay:
 3093              	.LVL210:
 3094              	.LFB10:
1342:Middlewares/Third_Party/FreeRTOS/Source/tasks.c **** 	BaseType_t xAlreadyYielded = pdFALSE;
 3095              		.loc 1 1342 2 is_stmt 1 view -0
 3096              		.cfi_startproc
 3097              		@ args = 0, pretend = 0, frame = 0
 3098              		@ frame_needed = 0, uses_anonymous_args = 0
1342:Middlewares/Third_Party/FreeRTOS/Source/tasks.c **** 	BaseType_t xAlreadyYielded = pdFALSE;
 3099              		.loc 1 1342 2 is_stmt 0 view .LVU849
 3100 0000 10B5     		push	{r4, lr}
 3101              	.LCFI27:
 3102              		.cfi_def_cfa_offset 8
 3103              		.cfi_offset 4, -8
 3104              		.cfi_offset 14, -4
1343:Middlewares/Third_Party/FreeRTOS/Source/tasks.c **** 
 3105              		.loc 1 1343 2 is_stmt 1 view .LVU850
 3106              	.LVL211:
1346:Middlewares/Third_Party/FreeRTOS/Source/tasks.c **** 		{
 3107              		.loc 1 1346 3 view .LVU851
1346:Middlewares/Third_Party/FreeRTOS/Source/tasks.c **** 		{
ARM GAS  D:\temp\TMP\ccyP8bey.s 			page 165


 3108              		.loc 1 1346 5 is_stmt 0 view .LVU852
 3109 0002 A8B1     		cbz	r0, .L231
 3110 0004 0446     		mov	r4, r0
1348:Middlewares/Third_Party/FreeRTOS/Source/tasks.c **** 			vTaskSuspendAll();
 3111              		.loc 1 1348 4 is_stmt 1 view .LVU853
 3112 0006 104B     		ldr	r3, .L236
 3113 0008 1B68     		ldr	r3, [r3]
 3114 000a 43B1     		cbz	r3, .L232
1348:Middlewares/Third_Party/FreeRTOS/Source/tasks.c **** 			vTaskSuspendAll();
 3115              		.loc 1 1348 4 discriminator 1 view .LVU854
 3116              	.LBB160:
 3117              	.LBI160:
 191:Middlewares/Third_Party/FreeRTOS/Source/portable/GCC/ARM_CM4F/portmacro.h **** {
 3118              		.loc 2 191 30 view .LVU855
 3119              	.LBB161:
 193:Middlewares/Third_Party/FreeRTOS/Source/portable/GCC/ARM_CM4F/portmacro.h **** 
 3120              		.loc 2 193 1 view .LVU856
 195:Middlewares/Third_Party/FreeRTOS/Source/portable/GCC/ARM_CM4F/portmacro.h **** 	(
 3121              		.loc 2 195 2 view .LVU857
 3122              		.syntax unified
 3123              	@ 195 "Middlewares/Third_Party/FreeRTOS/Source/portable/GCC/ARM_CM4F/portmacro.h" 1
 3124 000c 4FF05003 			mov r3, #80												
 3125 0010 83F31188 		msr basepri, r3											
 3126 0014 BFF36F8F 		isb														
 3127 0018 BFF34F8F 		dsb														
 3128              	
 3129              	@ 0 "" 2
 3130              		.thumb
 3131              		.syntax unified
 3132              	.L233:
 3133              	.LBE161:
 3134              	.LBE160:
1348:Middlewares/Third_Party/FreeRTOS/Source/tasks.c **** 			vTaskSuspendAll();
 3135              		.loc 1 1348 4 view .LVU858
 3136 001c FEE7     		b	.L233
 3137              	.L232:
1348:Middlewares/Third_Party/FreeRTOS/Source/tasks.c **** 			vTaskSuspendAll();
 3138              		.loc 1 1348 45 view .LVU859
1349:Middlewares/Third_Party/FreeRTOS/Source/tasks.c **** 			{
 3139              		.loc 1 1349 4 view .LVU860
 3140 001e FFF7FEFF 		bl	vTaskSuspendAll
 3141              	.LVL212:
1351:Middlewares/Third_Party/FreeRTOS/Source/tasks.c **** 
 3142              		.loc 1 1351 22 view .LVU861
1360:Middlewares/Third_Party/FreeRTOS/Source/tasks.c **** 			}
 3143              		.loc 1 1360 5 view .LVU862
 3144 0022 0021     		movs	r1, #0
 3145 0024 2046     		mov	r0, r4
 3146 0026 FFF7FEFF 		bl	prvAddCurrentTaskToDelayedList
 3147              	.LVL213:
1362:Middlewares/Third_Party/FreeRTOS/Source/tasks.c **** 		}
 3148              		.loc 1 1362 4 view .LVU863
1362:Middlewares/Third_Party/FreeRTOS/Source/tasks.c **** 		}
 3149              		.loc 1 1362 22 is_stmt 0 view .LVU864
 3150 002a FFF7FEFF 		bl	xTaskResumeAll
 3151              	.LVL214:
1366:Middlewares/Third_Party/FreeRTOS/Source/tasks.c **** 		}
ARM GAS  D:\temp\TMP\ccyP8bey.s 			page 166


 3152              		.loc 1 1366 28 is_stmt 1 view .LVU865
1371:Middlewares/Third_Party/FreeRTOS/Source/tasks.c **** 		{
 3153              		.loc 1 1371 3 view .LVU866
1371:Middlewares/Third_Party/FreeRTOS/Source/tasks.c **** 		{
 3154              		.loc 1 1371 5 is_stmt 0 view .LVU867
 3155 002e 48B9     		cbnz	r0, .L230
 3156              	.LVL215:
 3157              	.L231:
1373:Middlewares/Third_Party/FreeRTOS/Source/tasks.c **** 		}
 3158              		.loc 1 1373 4 is_stmt 1 view .LVU868
 3159 0030 4FF0E023 		mov	r3, #-536813568
 3160 0034 4FF08052 		mov	r2, #268435456
 3161 0038 C3F8042D 		str	r2, [r3, #3332]
1373:Middlewares/Third_Party/FreeRTOS/Source/tasks.c **** 		}
 3162              		.loc 1 1373 4 view .LVU869
 3163              		.syntax unified
 3164              	@ 1373 "Middlewares/Third_Party/FreeRTOS/Source/tasks.c" 1
 3165 003c BFF34F8F 		dsb
 3166              	@ 0 "" 2
1373:Middlewares/Third_Party/FreeRTOS/Source/tasks.c **** 		}
 3167              		.loc 1 1373 4 view .LVU870
 3168              	@ 1373 "Middlewares/Third_Party/FreeRTOS/Source/tasks.c" 1
 3169 0040 BFF36F8F 		isb
 3170              	@ 0 "" 2
1373:Middlewares/Third_Party/FreeRTOS/Source/tasks.c **** 		}
 3171              		.loc 1 1373 26 view .LVU871
1377:Middlewares/Third_Party/FreeRTOS/Source/tasks.c **** 		}
 3172              		.loc 1 1377 28 view .LVU872
 3173              		.thumb
 3174              		.syntax unified
 3175              	.L230:
1379:Middlewares/Third_Party/FreeRTOS/Source/tasks.c **** 
 3176              		.loc 1 1379 2 is_stmt 0 view .LVU873
 3177 0044 10BD     		pop	{r4, pc}
 3178              	.L237:
 3179 0046 00BF     		.align	2
 3180              	.L236:
 3181 0048 00000000 		.word	uxSchedulerSuspended
 3182              		.cfi_endproc
 3183              	.LFE10:
 3185              		.section	.text.xTaskCatchUpTicks,"ax",%progbits
 3186              		.align	1
 3187              		.global	xTaskCatchUpTicks
 3188              		.syntax unified
 3189              		.thumb
 3190              		.thumb_func
 3192              	xTaskCatchUpTicks:
 3193              	.LVL216:
 3194              	.LFB26:
2610:Middlewares/Third_Party/FreeRTOS/Source/tasks.c **** BaseType_t xYieldRequired = pdFALSE;
 3195              		.loc 1 2610 1 is_stmt 1 view -0
 3196              		.cfi_startproc
 3197              		@ args = 0, pretend = 0, frame = 0
 3198              		@ frame_needed = 0, uses_anonymous_args = 0
2611:Middlewares/Third_Party/FreeRTOS/Source/tasks.c **** 
 3199              		.loc 1 2611 1 view .LVU875
2615:Middlewares/Third_Party/FreeRTOS/Source/tasks.c **** 
ARM GAS  D:\temp\TMP\ccyP8bey.s 			page 167


 3200              		.loc 1 2615 2 view .LVU876
 3201 0000 0B4B     		ldr	r3, .L243
 3202 0002 1B68     		ldr	r3, [r3]
 3203 0004 43B1     		cbz	r3, .L239
2615:Middlewares/Third_Party/FreeRTOS/Source/tasks.c **** 
 3204              		.loc 1 2615 2 discriminator 1 view .LVU877
 3205              	.LBB162:
 3206              	.LBI162:
 191:Middlewares/Third_Party/FreeRTOS/Source/portable/GCC/ARM_CM4F/portmacro.h **** {
 3207              		.loc 2 191 30 view .LVU878
 3208              	.LBB163:
 193:Middlewares/Third_Party/FreeRTOS/Source/portable/GCC/ARM_CM4F/portmacro.h **** 
 3209              		.loc 2 193 1 view .LVU879
 195:Middlewares/Third_Party/FreeRTOS/Source/portable/GCC/ARM_CM4F/portmacro.h **** 	(
 3210              		.loc 2 195 2 view .LVU880
 3211              		.syntax unified
 3212              	@ 195 "Middlewares/Third_Party/FreeRTOS/Source/portable/GCC/ARM_CM4F/portmacro.h" 1
 3213 0006 4FF05003 			mov r3, #80												
 3214 000a 83F31188 		msr basepri, r3											
 3215 000e BFF36F8F 		isb														
 3216 0012 BFF34F8F 		dsb														
 3217              	
 3218              	@ 0 "" 2
 3219              		.thumb
 3220              		.syntax unified
 3221              	.L240:
 3222              	.LBE163:
 3223              	.LBE162:
2615:Middlewares/Third_Party/FreeRTOS/Source/tasks.c **** 
 3224              		.loc 1 2615 2 view .LVU881
 3225 0016 FEE7     		b	.L240
 3226              	.L239:
2610:Middlewares/Third_Party/FreeRTOS/Source/tasks.c **** BaseType_t xYieldRequired = pdFALSE;
 3227              		.loc 1 2610 1 is_stmt 0 view .LVU882
 3228 0018 10B5     		push	{r4, lr}
 3229              	.LCFI28:
 3230              		.cfi_def_cfa_offset 8
 3231              		.cfi_offset 4, -8
 3232              		.cfi_offset 14, -4
 3233 001a 0446     		mov	r4, r0
2615:Middlewares/Third_Party/FreeRTOS/Source/tasks.c **** 
 3234              		.loc 1 2615 43 is_stmt 1 view .LVU883
2619:Middlewares/Third_Party/FreeRTOS/Source/tasks.c **** 	xPendedTicks += xTicksToCatchUp;
 3235              		.loc 1 2619 2 view .LVU884
 3236 001c FFF7FEFF 		bl	vTaskSuspendAll
 3237              	.LVL217:
2620:Middlewares/Third_Party/FreeRTOS/Source/tasks.c **** 	xYieldRequired = xTaskResumeAll();
 3238              		.loc 1 2620 2 view .LVU885
2620:Middlewares/Third_Party/FreeRTOS/Source/tasks.c **** 	xYieldRequired = xTaskResumeAll();
 3239              		.loc 1 2620 15 is_stmt 0 view .LVU886
 3240 0020 044A     		ldr	r2, .L243+4
 3241 0022 1368     		ldr	r3, [r2]
 3242 0024 2344     		add	r3, r3, r4
 3243 0026 1360     		str	r3, [r2]
2621:Middlewares/Third_Party/FreeRTOS/Source/tasks.c **** 
 3244              		.loc 1 2621 2 is_stmt 1 view .LVU887
2621:Middlewares/Third_Party/FreeRTOS/Source/tasks.c **** 
ARM GAS  D:\temp\TMP\ccyP8bey.s 			page 168


 3245              		.loc 1 2621 19 is_stmt 0 view .LVU888
 3246 0028 FFF7FEFF 		bl	xTaskResumeAll
 3247              	.LVL218:
2623:Middlewares/Third_Party/FreeRTOS/Source/tasks.c **** }
 3248              		.loc 1 2623 2 is_stmt 1 view .LVU889
2624:Middlewares/Third_Party/FreeRTOS/Source/tasks.c **** /*----------------------------------------------------------*/
 3249              		.loc 1 2624 1 is_stmt 0 view .LVU890
 3250 002c 10BD     		pop	{r4, pc}
 3251              	.LVL219:
 3252              	.L244:
2624:Middlewares/Third_Party/FreeRTOS/Source/tasks.c **** /*----------------------------------------------------------*/
 3253              		.loc 1 2624 1 view .LVU891
 3254 002e 00BF     		.align	2
 3255              	.L243:
 3256 0030 00000000 		.word	uxSchedulerSuspended
 3257 0034 00000000 		.word	xPendedTicks
 3258              		.cfi_endproc
 3259              	.LFE26:
 3261              		.section	.text.vTaskSwitchContext,"ax",%progbits
 3262              		.align	1
 3263              		.global	vTaskSwitchContext
 3264              		.syntax unified
 3265              		.thumb
 3266              		.thumb_func
 3268              	vTaskSwitchContext:
 3269              	.LFB28:
2990:Middlewares/Third_Party/FreeRTOS/Source/tasks.c **** 	if( uxSchedulerSuspended != ( UBaseType_t ) pdFALSE )
 3270              		.loc 1 2990 1 is_stmt 1 view -0
 3271              		.cfi_startproc
 3272              		@ args = 0, pretend = 0, frame = 0
 3273              		@ frame_needed = 0, uses_anonymous_args = 0
 3274              		@ link register save eliminated.
2991:Middlewares/Third_Party/FreeRTOS/Source/tasks.c **** 	{
 3275              		.loc 1 2991 2 view .LVU893
2991:Middlewares/Third_Party/FreeRTOS/Source/tasks.c **** 	{
 3276              		.loc 1 2991 27 is_stmt 0 view .LVU894
 3277 0000 204B     		ldr	r3, .L252
 3278 0002 1B68     		ldr	r3, [r3]
2991:Middlewares/Third_Party/FreeRTOS/Source/tasks.c **** 	{
 3279              		.loc 1 2991 4 view .LVU895
 3280 0004 1BB1     		cbz	r3, .L246
2995:Middlewares/Third_Party/FreeRTOS/Source/tasks.c **** 	}
 3281              		.loc 1 2995 3 is_stmt 1 view .LVU896
2995:Middlewares/Third_Party/FreeRTOS/Source/tasks.c **** 	}
 3282              		.loc 1 2995 17 is_stmt 0 view .LVU897
 3283 0006 204B     		ldr	r3, .L252+4
 3284 0008 0122     		movs	r2, #1
 3285 000a 1A60     		str	r2, [r3]
 3286 000c 7047     		bx	lr
 3287              	.L246:
2999:Middlewares/Third_Party/FreeRTOS/Source/tasks.c **** 		traceTASK_SWITCHED_OUT();
 3288              		.loc 1 2999 3 is_stmt 1 view .LVU898
2999:Middlewares/Third_Party/FreeRTOS/Source/tasks.c **** 		traceTASK_SWITCHED_OUT();
 3289              		.loc 1 2999 17 is_stmt 0 view .LVU899
 3290 000e 1E4B     		ldr	r3, .L252+4
 3291 0010 0022     		movs	r2, #0
 3292 0012 1A60     		str	r2, [r3]
ARM GAS  D:\temp\TMP\ccyP8bey.s 			page 169


3000:Middlewares/Third_Party/FreeRTOS/Source/tasks.c **** 
 3293              		.loc 1 3000 27 is_stmt 1 view .LVU900
3030:Middlewares/Third_Party/FreeRTOS/Source/tasks.c **** 
 3294              		.loc 1 3030 33 view .LVU901
 3295              	.LBB164:
3041:Middlewares/Third_Party/FreeRTOS/Source/tasks.c **** 		traceTASK_SWITCHED_IN();
 3296              		.loc 1 3041 3 view .LVU902
3041:Middlewares/Third_Party/FreeRTOS/Source/tasks.c **** 		traceTASK_SWITCHED_IN();
 3297              		.loc 1 3041 3 view .LVU903
 3298 0014 1D4B     		ldr	r3, .L252+8
 3299 0016 1B68     		ldr	r3, [r3]
 3300              	.LVL220:
 3301              	.LBB165:
 3302              	.LBI165:
 130:Middlewares/Third_Party/FreeRTOS/Source/portable/GCC/ARM_CM4F/portmacro.h **** 	{
 3303              		.loc 2 130 59 view .LVU904
 3304              	.LBB166:
 132:Middlewares/Third_Party/FreeRTOS/Source/portable/GCC/ARM_CM4F/portmacro.h **** 
 3305              		.loc 2 132 2 view .LVU905
 134:Middlewares/Third_Party/FreeRTOS/Source/portable/GCC/ARM_CM4F/portmacro.h **** 		return ucReturn;
 3306              		.loc 2 134 3 view .LVU906
 3307              		.syntax unified
 3308              	@ 134 "Middlewares/Third_Party/FreeRTOS/Source/portable/GCC/ARM_CM4F/portmacro.h" 1
 3309 0018 B3FA83F3 		clz r3, r3
 3310              	@ 0 "" 2
 3311              	.LVL221:
 134:Middlewares/Third_Party/FreeRTOS/Source/portable/GCC/ARM_CM4F/portmacro.h **** 		return ucReturn;
 3312              		.loc 2 134 3 is_stmt 0 view .LVU907
 3313              		.thumb
 3314              		.syntax unified
 3315 001c DBB2     		uxtb	r3, r3
 135:Middlewares/Third_Party/FreeRTOS/Source/portable/GCC/ARM_CM4F/portmacro.h **** 	}
 3316              		.loc 2 135 3 is_stmt 1 view .LVU908
 3317              	.LVL222:
 135:Middlewares/Third_Party/FreeRTOS/Source/portable/GCC/ARM_CM4F/portmacro.h **** 	}
 3318              		.loc 2 135 3 is_stmt 0 view .LVU909
 3319              	.LBE166:
 3320              	.LBE165:
3041:Middlewares/Third_Party/FreeRTOS/Source/tasks.c **** 		traceTASK_SWITCHED_IN();
 3321              		.loc 1 3041 3 discriminator 1 view .LVU910
 3322 001e C3F11F03 		rsb	r3, r3, #31
 3323              	.LVL223:
3041:Middlewares/Third_Party/FreeRTOS/Source/tasks.c **** 		traceTASK_SWITCHED_IN();
 3324              		.loc 1 3041 3 is_stmt 1 discriminator 1 view .LVU911
 3325 0022 03EB8302 		add	r2, r3, r3, lsl #2
 3326 0026 9200     		lsls	r2, r2, #2
 3327 0028 1949     		ldr	r1, .L252+12
 3328 002a 8A58     		ldr	r2, [r1, r2]
 3329 002c 42B9     		cbnz	r2, .L248
3041:Middlewares/Third_Party/FreeRTOS/Source/tasks.c **** 		traceTASK_SWITCHED_IN();
 3330              		.loc 1 3041 3 discriminator 2 view .LVU912
 3331              	.LBB167:
 3332              	.LBI167:
 191:Middlewares/Third_Party/FreeRTOS/Source/portable/GCC/ARM_CM4F/portmacro.h **** {
 3333              		.loc 2 191 30 view .LVU913
 3334              	.LBB168:
 193:Middlewares/Third_Party/FreeRTOS/Source/portable/GCC/ARM_CM4F/portmacro.h **** 
ARM GAS  D:\temp\TMP\ccyP8bey.s 			page 170


 3335              		.loc 2 193 1 view .LVU914
 195:Middlewares/Third_Party/FreeRTOS/Source/portable/GCC/ARM_CM4F/portmacro.h **** 	(
 3336              		.loc 2 195 2 view .LVU915
 3337              		.syntax unified
 3338              	@ 195 "Middlewares/Third_Party/FreeRTOS/Source/portable/GCC/ARM_CM4F/portmacro.h" 1
 3339 002e 4FF05003 			mov r3, #80												
 3340 0032 83F31188 		msr basepri, r3											
 3341 0036 BFF36F8F 		isb														
 3342 003a BFF34F8F 		dsb														
 3343              	
 3344              	@ 0 "" 2
 3345              	.LVL224:
 3346              		.thumb
 3347              		.syntax unified
 3348              	.L249:
 195:Middlewares/Third_Party/FreeRTOS/Source/portable/GCC/ARM_CM4F/portmacro.h **** 	(
 3349              		.loc 2 195 2 is_stmt 0 view .LVU916
 3350              	.LBE168:
 3351              	.LBE167:
3041:Middlewares/Third_Party/FreeRTOS/Source/tasks.c **** 		traceTASK_SWITCHED_IN();
 3352              		.loc 1 3041 3 is_stmt 1 view .LVU917
 3353 003e FEE7     		b	.L249
 3354              	.LVL225:
 3355              	.L248:
3041:Middlewares/Third_Party/FreeRTOS/Source/tasks.c **** 		traceTASK_SWITCHED_IN();
 3356              		.loc 1 3041 3 discriminator 3 view .LVU918
 3357              	.LBB169:
3041:Middlewares/Third_Party/FreeRTOS/Source/tasks.c **** 		traceTASK_SWITCHED_IN();
 3358              		.loc 1 3041 3 discriminator 3 view .LVU919
3041:Middlewares/Third_Party/FreeRTOS/Source/tasks.c **** 		traceTASK_SWITCHED_IN();
 3359              		.loc 1 3041 3 view .LVU920
3041:Middlewares/Third_Party/FreeRTOS/Source/tasks.c **** 		traceTASK_SWITCHED_IN();
 3360              		.loc 1 3041 3 is_stmt 0 discriminator 3 view .LVU921
 3361 0040 1348     		ldr	r0, .L252+12
 3362 0042 03EB8302 		add	r2, r3, r3, lsl #2
 3363 0046 00EB8202 		add	r2, r0, r2, lsl #2
 3364 004a 5168     		ldr	r1, [r2, #4]
 3365 004c 4968     		ldr	r1, [r1, #4]
 3366 004e 5160     		str	r1, [r2, #4]
3041:Middlewares/Third_Party/FreeRTOS/Source/tasks.c **** 		traceTASK_SWITCHED_IN();
 3367              		.loc 1 3041 3 is_stmt 1 view .LVU922
3041:Middlewares/Third_Party/FreeRTOS/Source/tasks.c **** 		traceTASK_SWITCHED_IN();
 3368              		.loc 1 3041 3 is_stmt 0 discriminator 3 view .LVU923
 3369 0050 03EB8302 		add	r2, r3, r3, lsl #2
 3370 0054 9200     		lsls	r2, r2, #2
 3371 0056 0832     		adds	r2, r2, #8
 3372 0058 0244     		add	r2, r2, r0
 3373 005a 9142     		cmp	r1, r2
 3374 005c 09D0     		beq	.L251
 3375              	.L250:
3041:Middlewares/Third_Party/FreeRTOS/Source/tasks.c **** 		traceTASK_SWITCHED_IN();
 3376              		.loc 1 3041 3 is_stmt 1 discriminator 7 view .LVU924
 3377 005e 03EB8303 		add	r3, r3, r3, lsl #2
 3378              	.LVL226:
3041:Middlewares/Third_Party/FreeRTOS/Source/tasks.c **** 		traceTASK_SWITCHED_IN();
 3379              		.loc 1 3041 3 is_stmt 0 discriminator 7 view .LVU925
 3380 0062 0B4A     		ldr	r2, .L252+12
ARM GAS  D:\temp\TMP\ccyP8bey.s 			page 171


 3381 0064 02EB8303 		add	r3, r2, r3, lsl #2
 3382 0068 5B68     		ldr	r3, [r3, #4]
 3383 006a DA68     		ldr	r2, [r3, #12]
 3384 006c 094B     		ldr	r3, .L252+16
 3385 006e 1A60     		str	r2, [r3]
 3386              	.LBE169:
3041:Middlewares/Third_Party/FreeRTOS/Source/tasks.c **** 		traceTASK_SWITCHED_IN();
 3387              		.loc 1 3041 3 is_stmt 1 view .LVU926
 3388              	.LBE164:
3041:Middlewares/Third_Party/FreeRTOS/Source/tasks.c **** 		traceTASK_SWITCHED_IN();
 3389              		.loc 1 3041 37 view .LVU927
3042:Middlewares/Third_Party/FreeRTOS/Source/tasks.c **** 
 3390              		.loc 1 3042 26 view .LVU928
3061:Middlewares/Third_Party/FreeRTOS/Source/tasks.c **** /*-----------------------------------------------------------*/
 3391              		.loc 1 3061 1 is_stmt 0 view .LVU929
 3392 0070 7047     		bx	lr
 3393              	.LVL227:
 3394              	.L251:
 3395              	.LBB171:
 3396              	.LBB170:
3041:Middlewares/Third_Party/FreeRTOS/Source/tasks.c **** 		traceTASK_SWITCHED_IN();
 3397              		.loc 1 3041 3 is_stmt 1 discriminator 5 view .LVU930
 3398 0072 4868     		ldr	r0, [r1, #4]
 3399 0074 03EB8301 		add	r1, r3, r3, lsl #2
 3400 0078 054A     		ldr	r2, .L252+12
 3401 007a 02EB8102 		add	r2, r2, r1, lsl #2
 3402 007e 5060     		str	r0, [r2, #4]
 3403 0080 EDE7     		b	.L250
 3404              	.L253:
 3405 0082 00BF     		.align	2
 3406              	.L252:
 3407 0084 00000000 		.word	uxSchedulerSuspended
 3408 0088 00000000 		.word	xYieldPending
 3409 008c 00000000 		.word	uxTopReadyPriority
 3410 0090 00000000 		.word	pxReadyTasksLists
 3411 0094 00000000 		.word	pxCurrentTCB
 3412              	.LBE170:
 3413              	.LBE171:
 3414              		.cfi_endproc
 3415              	.LFE28:
 3417              		.section	.text.vTaskSuspend,"ax",%progbits
 3418              		.align	1
 3419              		.global	vTaskSuspend
 3420              		.syntax unified
 3421              		.thumb
 3422              		.thumb_func
 3424              	vTaskSuspend:
 3425              	.LVL228:
 3426              	.LFB14:
1705:Middlewares/Third_Party/FreeRTOS/Source/tasks.c **** 	TCB_t *pxTCB;
 3427              		.loc 1 1705 2 view -0
 3428              		.cfi_startproc
 3429              		@ args = 0, pretend = 0, frame = 0
 3430              		@ frame_needed = 0, uses_anonymous_args = 0
1705:Middlewares/Third_Party/FreeRTOS/Source/tasks.c **** 	TCB_t *pxTCB;
 3431              		.loc 1 1705 2 is_stmt 0 view .LVU932
 3432 0000 38B5     		push	{r3, r4, r5, lr}
ARM GAS  D:\temp\TMP\ccyP8bey.s 			page 172


 3433              	.LCFI29:
 3434              		.cfi_def_cfa_offset 16
 3435              		.cfi_offset 3, -16
 3436              		.cfi_offset 4, -12
 3437              		.cfi_offset 5, -8
 3438              		.cfi_offset 14, -4
 3439 0002 0446     		mov	r4, r0
1706:Middlewares/Third_Party/FreeRTOS/Source/tasks.c **** 
 3440              		.loc 1 1706 2 is_stmt 1 view .LVU933
1708:Middlewares/Third_Party/FreeRTOS/Source/tasks.c **** 		{
 3441              		.loc 1 1708 3 view .LVU934
 3442 0004 FFF7FEFF 		bl	vPortEnterCritical
 3443              	.LVL229:
1712:Middlewares/Third_Party/FreeRTOS/Source/tasks.c **** 
 3444              		.loc 1 1712 4 view .LVU935
1712:Middlewares/Third_Party/FreeRTOS/Source/tasks.c **** 
 3445              		.loc 1 1712 12 is_stmt 0 view .LVU936
 3446 0008 5CB3     		cbz	r4, .L266
 3447              	.LVL230:
 3448              	.L255:
1714:Middlewares/Third_Party/FreeRTOS/Source/tasks.c **** 
 3449              		.loc 1 1714 30 is_stmt 1 view .LVU937
1718:Middlewares/Third_Party/FreeRTOS/Source/tasks.c **** 			{
 3450              		.loc 1 1718 4 view .LVU938
1718:Middlewares/Third_Party/FreeRTOS/Source/tasks.c **** 			{
 3451              		.loc 1 1718 22 is_stmt 0 view .LVU939
 3452 000a 251D     		adds	r5, r4, #4
1718:Middlewares/Third_Party/FreeRTOS/Source/tasks.c **** 			{
 3453              		.loc 1 1718 8 view .LVU940
 3454 000c 2846     		mov	r0, r5
 3455 000e FFF7FEFF 		bl	uxListRemove
 3456              	.LVL231:
1718:Middlewares/Third_Party/FreeRTOS/Source/tasks.c **** 			{
 3457              		.loc 1 1718 6 discriminator 1 view .LVU941
 3458 0012 70B9     		cbnz	r0, .L256
1720:Middlewares/Third_Party/FreeRTOS/Source/tasks.c **** 			}
 3459              		.loc 1 1720 5 is_stmt 1 view .LVU942
 3460 0014 E26A     		ldr	r2, [r4, #44]
 3461 0016 02EB8203 		add	r3, r2, r2, lsl #2
 3462 001a 9B00     		lsls	r3, r3, #2
 3463 001c 2B49     		ldr	r1, .L270
 3464 001e CB58     		ldr	r3, [r1, r3]
 3465 0020 3BB9     		cbnz	r3, .L256
1720:Middlewares/Third_Party/FreeRTOS/Source/tasks.c **** 			}
 3466              		.loc 1 1720 5 discriminator 1 view .LVU943
 3467 0022 0123     		movs	r3, #1
 3468 0024 03FA02F2 		lsl	r2, r3, r2
 3469 0028 2949     		ldr	r1, .L270+4
 3470 002a 0B68     		ldr	r3, [r1]
 3471 002c 23EA0203 		bic	r3, r3, r2
 3472 0030 0B60     		str	r3, [r1]
 3473              	.L256:
1724:Middlewares/Third_Party/FreeRTOS/Source/tasks.c **** 			}
 3474              		.loc 1 1724 29 view .LVU944
1728:Middlewares/Third_Party/FreeRTOS/Source/tasks.c **** 			{
 3475              		.loc 1 1728 4 view .LVU945
1728:Middlewares/Third_Party/FreeRTOS/Source/tasks.c **** 			{
ARM GAS  D:\temp\TMP\ccyP8bey.s 			page 173


 3476              		.loc 1 1728 8 is_stmt 0 view .LVU946
 3477 0032 A36A     		ldr	r3, [r4, #40]
1728:Middlewares/Third_Party/FreeRTOS/Source/tasks.c **** 			{
 3478              		.loc 1 1728 6 view .LVU947
 3479 0034 1BB1     		cbz	r3, .L257
1730:Middlewares/Third_Party/FreeRTOS/Source/tasks.c **** 			}
 3480              		.loc 1 1730 5 is_stmt 1 view .LVU948
1730:Middlewares/Third_Party/FreeRTOS/Source/tasks.c **** 			}
 3481              		.loc 1 1730 14 is_stmt 0 view .LVU949
 3482 0036 04F11800 		add	r0, r4, #24
 3483 003a FFF7FEFF 		bl	uxListRemove
 3484              	.LVL232:
 3485              	.L257:
1734:Middlewares/Third_Party/FreeRTOS/Source/tasks.c **** 			}
 3486              		.loc 1 1734 29 is_stmt 1 view .LVU950
1737:Middlewares/Third_Party/FreeRTOS/Source/tasks.c **** 
 3487              		.loc 1 1737 4 view .LVU951
 3488 003e 2946     		mov	r1, r5
 3489 0040 2448     		ldr	r0, .L270+8
 3490 0042 FFF7FEFF 		bl	vListInsertEnd
 3491              	.LVL233:
1741:Middlewares/Third_Party/FreeRTOS/Source/tasks.c **** 				{
 3492              		.loc 1 1741 5 view .LVU952
1741:Middlewares/Third_Party/FreeRTOS/Source/tasks.c **** 				{
 3493              		.loc 1 1741 14 is_stmt 0 view .LVU953
 3494 0046 94F85030 		ldrb	r3, [r4, #80]	@ zero_extendqisi2
1741:Middlewares/Third_Party/FreeRTOS/Source/tasks.c **** 				{
 3495              		.loc 1 1741 7 view .LVU954
 3496 004a 012B     		cmp	r3, #1
 3497 004c 0CD0     		beq	.L267
 3498              	.L258:
1750:Middlewares/Third_Party/FreeRTOS/Source/tasks.c **** 
 3499              		.loc 1 1750 3 is_stmt 1 view .LVU955
 3500 004e FFF7FEFF 		bl	vPortExitCritical
 3501              	.LVL234:
1752:Middlewares/Third_Party/FreeRTOS/Source/tasks.c **** 		{
 3502              		.loc 1 1752 3 view .LVU956
1752:Middlewares/Third_Party/FreeRTOS/Source/tasks.c **** 		{
 3503              		.loc 1 1752 25 is_stmt 0 view .LVU957
 3504 0052 214B     		ldr	r3, .L270+12
 3505 0054 1B68     		ldr	r3, [r3]
1752:Middlewares/Third_Party/FreeRTOS/Source/tasks.c **** 		{
 3506              		.loc 1 1752 5 view .LVU958
 3507 0056 5BB9     		cbnz	r3, .L268
 3508              	.L259:
1764:Middlewares/Third_Party/FreeRTOS/Source/tasks.c **** 		}
 3509              		.loc 1 1764 28 is_stmt 1 view .LVU959
1767:Middlewares/Third_Party/FreeRTOS/Source/tasks.c **** 		{
 3510              		.loc 1 1767 3 view .LVU960
1767:Middlewares/Third_Party/FreeRTOS/Source/tasks.c **** 		{
 3511              		.loc 1 1767 13 is_stmt 0 view .LVU961
 3512 0058 204B     		ldr	r3, .L270+16
 3513 005a 1B68     		ldr	r3, [r3]
1767:Middlewares/Third_Party/FreeRTOS/Source/tasks.c **** 		{
 3514              		.loc 1 1767 5 view .LVU962
 3515 005c A342     		cmp	r3, r4
 3516 005e 0ED0     		beq	.L269
ARM GAS  D:\temp\TMP\ccyP8bey.s 			page 174


 3517              	.L254:
1798:Middlewares/Third_Party/FreeRTOS/Source/tasks.c **** 
 3518              		.loc 1 1798 2 view .LVU963
 3519 0060 38BD     		pop	{r3, r4, r5, pc}
 3520              	.LVL235:
 3521              	.L266:
1712:Middlewares/Third_Party/FreeRTOS/Source/tasks.c **** 
 3522              		.loc 1 1712 10 discriminator 1 view .LVU964
 3523 0062 1E4B     		ldr	r3, .L270+16
 3524 0064 1C68     		ldr	r4, [r3]
 3525              	.LVL236:
1712:Middlewares/Third_Party/FreeRTOS/Source/tasks.c **** 
 3526              		.loc 1 1712 10 discriminator 1 view .LVU965
 3527 0066 D0E7     		b	.L255
 3528              	.LVL237:
 3529              	.L267:
1745:Middlewares/Third_Party/FreeRTOS/Source/tasks.c **** 				}
 3530              		.loc 1 1745 6 is_stmt 1 view .LVU966
1745:Middlewares/Third_Party/FreeRTOS/Source/tasks.c **** 				}
 3531              		.loc 1 1745 27 is_stmt 0 view .LVU967
 3532 0068 0023     		movs	r3, #0
 3533 006a 84F85030 		strb	r3, [r4, #80]
 3534 006e EEE7     		b	.L258
 3535              	.L268:
1756:Middlewares/Third_Party/FreeRTOS/Source/tasks.c **** 			{
 3536              		.loc 1 1756 4 is_stmt 1 view .LVU968
 3537 0070 FFF7FEFF 		bl	vPortEnterCritical
 3538              	.LVL238:
1758:Middlewares/Third_Party/FreeRTOS/Source/tasks.c **** 			}
 3539              		.loc 1 1758 5 view .LVU969
 3540 0074 FFF7FEFF 		bl	prvResetNextTaskUnblockTime
 3541              	.LVL239:
1760:Middlewares/Third_Party/FreeRTOS/Source/tasks.c **** 		}
 3542              		.loc 1 1760 4 view .LVU970
 3543 0078 FFF7FEFF 		bl	vPortExitCritical
 3544              	.LVL240:
 3545 007c ECE7     		b	.L259
 3546              	.L269:
1769:Middlewares/Third_Party/FreeRTOS/Source/tasks.c **** 			{
 3547              		.loc 1 1769 4 view .LVU971
1769:Middlewares/Third_Party/FreeRTOS/Source/tasks.c **** 			{
 3548              		.loc 1 1769 26 is_stmt 0 view .LVU972
 3549 007e 164B     		ldr	r3, .L270+12
 3550 0080 1B68     		ldr	r3, [r3]
1769:Middlewares/Third_Party/FreeRTOS/Source/tasks.c **** 			{
 3551              		.loc 1 1769 6 view .LVU973
 3552 0082 B3B1     		cbz	r3, .L261
1772:Middlewares/Third_Party/FreeRTOS/Source/tasks.c **** 				portYIELD_WITHIN_API();
 3553              		.loc 1 1772 5 is_stmt 1 view .LVU974
 3554 0084 164B     		ldr	r3, .L270+20
 3555 0086 1B68     		ldr	r3, [r3]
 3556 0088 43B1     		cbz	r3, .L262
1772:Middlewares/Third_Party/FreeRTOS/Source/tasks.c **** 				portYIELD_WITHIN_API();
 3557              		.loc 1 1772 5 discriminator 1 view .LVU975
 3558              	.LBB172:
 3559              	.LBI172:
 191:Middlewares/Third_Party/FreeRTOS/Source/portable/GCC/ARM_CM4F/portmacro.h **** {
ARM GAS  D:\temp\TMP\ccyP8bey.s 			page 175


 3560              		.loc 2 191 30 view .LVU976
 3561              	.LBB173:
 193:Middlewares/Third_Party/FreeRTOS/Source/portable/GCC/ARM_CM4F/portmacro.h **** 
 3562              		.loc 2 193 1 view .LVU977
 195:Middlewares/Third_Party/FreeRTOS/Source/portable/GCC/ARM_CM4F/portmacro.h **** 	(
 3563              		.loc 2 195 2 view .LVU978
 3564              		.syntax unified
 3565              	@ 195 "Middlewares/Third_Party/FreeRTOS/Source/portable/GCC/ARM_CM4F/portmacro.h" 1
 3566 008a 4FF05003 			mov r3, #80												
 3567 008e 83F31188 		msr basepri, r3											
 3568 0092 BFF36F8F 		isb														
 3569 0096 BFF34F8F 		dsb														
 3570              	
 3571              	@ 0 "" 2
 3572              		.thumb
 3573              		.syntax unified
 3574              	.L263:
 3575              	.LBE173:
 3576              	.LBE172:
1772:Middlewares/Third_Party/FreeRTOS/Source/tasks.c **** 				portYIELD_WITHIN_API();
 3577              		.loc 1 1772 5 view .LVU979
 3578 009a FEE7     		b	.L263
 3579              	.L262:
1772:Middlewares/Third_Party/FreeRTOS/Source/tasks.c **** 				portYIELD_WITHIN_API();
 3580              		.loc 1 1772 46 view .LVU980
1773:Middlewares/Third_Party/FreeRTOS/Source/tasks.c **** 			}
 3581              		.loc 1 1773 5 view .LVU981
 3582 009c 4FF0E023 		mov	r3, #-536813568
 3583 00a0 4FF08052 		mov	r2, #268435456
 3584 00a4 C3F8042D 		str	r2, [r3, #3332]
1773:Middlewares/Third_Party/FreeRTOS/Source/tasks.c **** 			}
 3585              		.loc 1 1773 5 view .LVU982
 3586              		.syntax unified
 3587              	@ 1773 "Middlewares/Third_Party/FreeRTOS/Source/tasks.c" 1
 3588 00a8 BFF34F8F 		dsb
 3589              	@ 0 "" 2
1773:Middlewares/Third_Party/FreeRTOS/Source/tasks.c **** 			}
 3590              		.loc 1 1773 5 view .LVU983
 3591              	@ 1773 "Middlewares/Third_Party/FreeRTOS/Source/tasks.c" 1
 3592 00ac BFF36F8F 		isb
 3593              	@ 0 "" 2
1773:Middlewares/Third_Party/FreeRTOS/Source/tasks.c **** 			}
 3594              		.loc 1 1773 27 view .LVU984
 3595              		.thumb
 3596              		.syntax unified
 3597 00b0 D6E7     		b	.L254
 3598              	.L261:
1780:Middlewares/Third_Party/FreeRTOS/Source/tasks.c **** 				{
 3599              		.loc 1 1780 5 view .LVU985
1780:Middlewares/Third_Party/FreeRTOS/Source/tasks.c **** 				{
 3600              		.loc 1 1780 9 is_stmt 0 view .LVU986
 3601 00b2 084B     		ldr	r3, .L270+8
 3602 00b4 1A68     		ldr	r2, [r3]
1780:Middlewares/Third_Party/FreeRTOS/Source/tasks.c **** 				{
 3603              		.loc 1 1780 56 view .LVU987
 3604 00b6 0B4B     		ldr	r3, .L270+24
 3605 00b8 1B68     		ldr	r3, [r3]
ARM GAS  D:\temp\TMP\ccyP8bey.s 			page 176


1780:Middlewares/Third_Party/FreeRTOS/Source/tasks.c **** 				{
 3606              		.loc 1 1780 7 view .LVU988
 3607 00ba 9A42     		cmp	r2, r3
 3608 00bc 03D1     		bne	.L264
1786:Middlewares/Third_Party/FreeRTOS/Source/tasks.c **** 				}
 3609              		.loc 1 1786 6 is_stmt 1 view .LVU989
1786:Middlewares/Third_Party/FreeRTOS/Source/tasks.c **** 				}
 3610              		.loc 1 1786 19 is_stmt 0 view .LVU990
 3611 00be 074B     		ldr	r3, .L270+16
 3612 00c0 0022     		movs	r2, #0
 3613 00c2 1A60     		str	r2, [r3]
 3614 00c4 CCE7     		b	.L254
 3615              	.L264:
1790:Middlewares/Third_Party/FreeRTOS/Source/tasks.c **** 				}
 3616              		.loc 1 1790 6 is_stmt 1 view .LVU991
 3617 00c6 FFF7FEFF 		bl	vTaskSwitchContext
 3618              	.LVL241:
1796:Middlewares/Third_Party/FreeRTOS/Source/tasks.c **** 		}
 3619              		.loc 1 1796 28 view .LVU992
1798:Middlewares/Third_Party/FreeRTOS/Source/tasks.c **** 
 3620              		.loc 1 1798 2 is_stmt 0 view .LVU993
 3621 00ca C9E7     		b	.L254
 3622              	.L271:
 3623              		.align	2
 3624              	.L270:
 3625 00cc 00000000 		.word	pxReadyTasksLists
 3626 00d0 00000000 		.word	uxTopReadyPriority
 3627 00d4 00000000 		.word	xSuspendedTaskList
 3628 00d8 00000000 		.word	xSchedulerRunning
 3629 00dc 00000000 		.word	pxCurrentTCB
 3630 00e0 00000000 		.word	uxSchedulerSuspended
 3631 00e4 00000000 		.word	uxCurrentNumberOfTasks
 3632              		.cfi_endproc
 3633              	.LFE14:
 3635              		.section	.text.vTaskPlaceOnEventList,"ax",%progbits
 3636              		.align	1
 3637              		.global	vTaskPlaceOnEventList
 3638              		.syntax unified
 3639              		.thumb
 3640              		.thumb_func
 3642              	vTaskPlaceOnEventList:
 3643              	.LVL242:
 3644              	.LFB29:
3065:Middlewares/Third_Party/FreeRTOS/Source/tasks.c **** 	configASSERT( pxEventList );
 3645              		.loc 1 3065 1 is_stmt 1 view -0
 3646              		.cfi_startproc
 3647              		@ args = 0, pretend = 0, frame = 0
 3648              		@ frame_needed = 0, uses_anonymous_args = 0
3066:Middlewares/Third_Party/FreeRTOS/Source/tasks.c **** 
 3649              		.loc 1 3066 2 view .LVU995
 3650 0000 58B1     		cbz	r0, .L277
3065:Middlewares/Third_Party/FreeRTOS/Source/tasks.c **** 	configASSERT( pxEventList );
 3651              		.loc 1 3065 1 is_stmt 0 view .LVU996
 3652 0002 10B5     		push	{r4, lr}
 3653              	.LCFI30:
 3654              		.cfi_def_cfa_offset 8
 3655              		.cfi_offset 4, -8
ARM GAS  D:\temp\TMP\ccyP8bey.s 			page 177


 3656              		.cfi_offset 14, -4
 3657 0004 0C46     		mov	r4, r1
3066:Middlewares/Third_Party/FreeRTOS/Source/tasks.c **** 
 3658              		.loc 1 3066 29 is_stmt 1 view .LVU997
3075:Middlewares/Third_Party/FreeRTOS/Source/tasks.c **** 
 3659              		.loc 1 3075 2 view .LVU998
3075:Middlewares/Third_Party/FreeRTOS/Source/tasks.c **** 
 3660              		.loc 1 3075 43 is_stmt 0 view .LVU999
 3661 0006 094A     		ldr	r2, .L278
 3662 0008 1168     		ldr	r1, [r2]
 3663              	.LVL243:
3075:Middlewares/Third_Party/FreeRTOS/Source/tasks.c **** 
 3664              		.loc 1 3075 2 view .LVU1000
 3665 000a 1831     		adds	r1, r1, #24
 3666 000c FFF7FEFF 		bl	vListInsert
 3667              	.LVL244:
3077:Middlewares/Third_Party/FreeRTOS/Source/tasks.c **** }
 3668              		.loc 1 3077 2 is_stmt 1 view .LVU1001
 3669 0010 0121     		movs	r1, #1
 3670 0012 2046     		mov	r0, r4
 3671 0014 FFF7FEFF 		bl	prvAddCurrentTaskToDelayedList
 3672              	.LVL245:
3078:Middlewares/Third_Party/FreeRTOS/Source/tasks.c **** /*-----------------------------------------------------------*/
 3673              		.loc 1 3078 1 is_stmt 0 view .LVU1002
 3674 0018 10BD     		pop	{r4, pc}
 3675              	.LVL246:
 3676              	.L277:
 3677              	.LCFI31:
 3678              		.cfi_def_cfa_offset 0
 3679              		.cfi_restore 4
 3680              		.cfi_restore 14
3066:Middlewares/Third_Party/FreeRTOS/Source/tasks.c **** 
 3681              		.loc 1 3066 2 is_stmt 1 discriminator 1 view .LVU1003
 3682              	.LBB174:
 3683              	.LBI174:
 191:Middlewares/Third_Party/FreeRTOS/Source/portable/GCC/ARM_CM4F/portmacro.h **** {
 3684              		.loc 2 191 30 view .LVU1004
 3685              	.LBB175:
 193:Middlewares/Third_Party/FreeRTOS/Source/portable/GCC/ARM_CM4F/portmacro.h **** 
 3686              		.loc 2 193 1 view .LVU1005
 195:Middlewares/Third_Party/FreeRTOS/Source/portable/GCC/ARM_CM4F/portmacro.h **** 	(
 3687              		.loc 2 195 2 view .LVU1006
 3688              		.syntax unified
 3689              	@ 195 "Middlewares/Third_Party/FreeRTOS/Source/portable/GCC/ARM_CM4F/portmacro.h" 1
 3690 001a 4FF05003 			mov r3, #80												
 3691 001e 83F31188 		msr basepri, r3											
 3692 0022 BFF36F8F 		isb														
 3693 0026 BFF34F8F 		dsb														
 3694              	
 3695              	@ 0 "" 2
 3696              		.thumb
 3697              		.syntax unified
 3698              	.L274:
 3699              	.LBE175:
 3700              	.LBE174:
3066:Middlewares/Third_Party/FreeRTOS/Source/tasks.c **** 
 3701              		.loc 1 3066 2 view .LVU1007
ARM GAS  D:\temp\TMP\ccyP8bey.s 			page 178


 3702 002a FEE7     		b	.L274
 3703              	.L279:
 3704              		.align	2
 3705              	.L278:
 3706 002c 00000000 		.word	pxCurrentTCB
 3707              		.cfi_endproc
 3708              	.LFE29:
 3710              		.section	.text.vTaskPlaceOnUnorderedEventList,"ax",%progbits
 3711              		.align	1
 3712              		.global	vTaskPlaceOnUnorderedEventList
 3713              		.syntax unified
 3714              		.thumb
 3715              		.thumb_func
 3717              	vTaskPlaceOnUnorderedEventList:
 3718              	.LVL247:
 3719              	.LFB30:
3082:Middlewares/Third_Party/FreeRTOS/Source/tasks.c **** 	configASSERT( pxEventList );
 3720              		.loc 1 3082 1 view -0
 3721              		.cfi_startproc
 3722              		@ args = 0, pretend = 0, frame = 0
 3723              		@ frame_needed = 0, uses_anonymous_args = 0
3083:Middlewares/Third_Party/FreeRTOS/Source/tasks.c **** 
 3724              		.loc 1 3083 2 view .LVU1009
 3725 0000 70B1     		cbz	r0, .L287
3082:Middlewares/Third_Party/FreeRTOS/Source/tasks.c **** 	configASSERT( pxEventList );
 3726              		.loc 1 3082 1 is_stmt 0 view .LVU1010
 3727 0002 10B5     		push	{r4, lr}
 3728              	.LCFI32:
 3729              		.cfi_def_cfa_offset 8
 3730              		.cfi_offset 4, -8
 3731              		.cfi_offset 14, -4
 3732 0004 1446     		mov	r4, r2
 3733 0006 0246     		mov	r2, r0
 3734              	.LVL248:
3083:Middlewares/Third_Party/FreeRTOS/Source/tasks.c **** 
 3735              		.loc 1 3083 29 is_stmt 1 view .LVU1011
3087:Middlewares/Third_Party/FreeRTOS/Source/tasks.c **** 
 3736              		.loc 1 3087 2 view .LVU1012
 3737 0008 114B     		ldr	r3, .L288
 3738 000a 1B68     		ldr	r3, [r3]
 3739 000c 8BB9     		cbnz	r3, .L283
3087:Middlewares/Third_Party/FreeRTOS/Source/tasks.c **** 
 3740              		.loc 1 3087 2 discriminator 1 view .LVU1013
 3741              	.LBB176:
 3742              	.LBI176:
 191:Middlewares/Third_Party/FreeRTOS/Source/portable/GCC/ARM_CM4F/portmacro.h **** {
 3743              		.loc 2 191 30 view .LVU1014
 3744              	.LBB177:
 193:Middlewares/Third_Party/FreeRTOS/Source/portable/GCC/ARM_CM4F/portmacro.h **** 
 3745              		.loc 2 193 1 view .LVU1015
 195:Middlewares/Third_Party/FreeRTOS/Source/portable/GCC/ARM_CM4F/portmacro.h **** 	(
 3746              		.loc 2 195 2 view .LVU1016
 3747              		.syntax unified
 3748              	@ 195 "Middlewares/Third_Party/FreeRTOS/Source/portable/GCC/ARM_CM4F/portmacro.h" 1
 3749 000e 4FF05003 			mov r3, #80												
 3750 0012 83F31188 		msr basepri, r3											
 3751 0016 BFF36F8F 		isb														
ARM GAS  D:\temp\TMP\ccyP8bey.s 			page 179


 3752 001a BFF34F8F 		dsb														
 3753              	
 3754              	@ 0 "" 2
 3755              		.thumb
 3756              		.syntax unified
 3757              	.L284:
 3758              	.LBE177:
 3759              	.LBE176:
3087:Middlewares/Third_Party/FreeRTOS/Source/tasks.c **** 
 3760              		.loc 1 3087 2 view .LVU1017
 3761 001e FEE7     		b	.L284
 3762              	.LVL249:
 3763              	.L287:
 3764              	.LCFI33:
 3765              		.cfi_def_cfa_offset 0
 3766              		.cfi_restore 4
 3767              		.cfi_restore 14
3083:Middlewares/Third_Party/FreeRTOS/Source/tasks.c **** 
 3768              		.loc 1 3083 2 discriminator 1 view .LVU1018
 3769              	.LBB178:
 3770              	.LBI178:
 191:Middlewares/Third_Party/FreeRTOS/Source/portable/GCC/ARM_CM4F/portmacro.h **** {
 3771              		.loc 2 191 30 view .LVU1019
 3772              	.LBB179:
 193:Middlewares/Third_Party/FreeRTOS/Source/portable/GCC/ARM_CM4F/portmacro.h **** 
 3773              		.loc 2 193 1 view .LVU1020
 195:Middlewares/Third_Party/FreeRTOS/Source/portable/GCC/ARM_CM4F/portmacro.h **** 	(
 3774              		.loc 2 195 2 view .LVU1021
 3775              		.syntax unified
 3776              	@ 195 "Middlewares/Third_Party/FreeRTOS/Source/portable/GCC/ARM_CM4F/portmacro.h" 1
 3777 0020 4FF05003 			mov r3, #80												
 3778 0024 83F31188 		msr basepri, r3											
 3779 0028 BFF36F8F 		isb														
 3780 002c BFF34F8F 		dsb														
 3781              	
 3782              	@ 0 "" 2
 3783              		.thumb
 3784              		.syntax unified
 3785              	.L282:
 3786              	.LBE179:
 3787              	.LBE178:
3083:Middlewares/Third_Party/FreeRTOS/Source/tasks.c **** 
 3788              		.loc 1 3083 2 view .LVU1022
 3789 0030 FEE7     		b	.L282
 3790              	.LVL250:
 3791              	.L283:
 3792              	.LCFI34:
 3793              		.cfi_def_cfa_offset 8
 3794              		.cfi_offset 4, -8
 3795              		.cfi_offset 14, -4
3087:Middlewares/Third_Party/FreeRTOS/Source/tasks.c **** 
 3796              		.loc 1 3087 43 view .LVU1023
3092:Middlewares/Third_Party/FreeRTOS/Source/tasks.c **** 
 3797              		.loc 1 3092 2 view .LVU1024
 3798 0032 084B     		ldr	r3, .L288+4
 3799 0034 1868     		ldr	r0, [r3]
 3800              	.LVL251:
ARM GAS  D:\temp\TMP\ccyP8bey.s 			page 180


3092:Middlewares/Third_Party/FreeRTOS/Source/tasks.c **** 
 3801              		.loc 1 3092 2 is_stmt 0 view .LVU1025
 3802 0036 41F00041 		orr	r1, r1, #-2147483648
 3803              	.LVL252:
3092:Middlewares/Third_Party/FreeRTOS/Source/tasks.c **** 
 3804              		.loc 1 3092 2 view .LVU1026
 3805 003a 8161     		str	r1, [r0, #24]
3099:Middlewares/Third_Party/FreeRTOS/Source/tasks.c **** 
 3806              		.loc 1 3099 2 is_stmt 1 view .LVU1027
3099:Middlewares/Third_Party/FreeRTOS/Source/tasks.c **** 
 3807              		.loc 1 3099 46 is_stmt 0 view .LVU1028
 3808 003c 1968     		ldr	r1, [r3]
3099:Middlewares/Third_Party/FreeRTOS/Source/tasks.c **** 
 3809              		.loc 1 3099 2 view .LVU1029
 3810 003e 1831     		adds	r1, r1, #24
 3811 0040 1046     		mov	r0, r2
 3812 0042 FFF7FEFF 		bl	vListInsertEnd
 3813              	.LVL253:
3101:Middlewares/Third_Party/FreeRTOS/Source/tasks.c **** }
 3814              		.loc 1 3101 2 is_stmt 1 view .LVU1030
 3815 0046 0121     		movs	r1, #1
 3816 0048 2046     		mov	r0, r4
 3817 004a FFF7FEFF 		bl	prvAddCurrentTaskToDelayedList
 3818              	.LVL254:
3102:Middlewares/Third_Party/FreeRTOS/Source/tasks.c **** /*-----------------------------------------------------------*/
 3819              		.loc 1 3102 1 is_stmt 0 view .LVU1031
 3820 004e 10BD     		pop	{r4, pc}
 3821              	.LVL255:
 3822              	.L289:
3102:Middlewares/Third_Party/FreeRTOS/Source/tasks.c **** /*-----------------------------------------------------------*/
 3823              		.loc 1 3102 1 view .LVU1032
 3824              		.align	2
 3825              	.L288:
 3826 0050 00000000 		.word	uxSchedulerSuspended
 3827 0054 00000000 		.word	pxCurrentTCB
 3828              		.cfi_endproc
 3829              	.LFE30:
 3831              		.section	.text.xTaskRemoveFromEventList,"ax",%progbits
 3832              		.align	1
 3833              		.global	xTaskRemoveFromEventList
 3834              		.syntax unified
 3835              		.thumb
 3836              		.thumb_func
 3838              	xTaskRemoveFromEventList:
 3839              	.LVL256:
 3840              	.LFB31:
3139:Middlewares/Third_Party/FreeRTOS/Source/tasks.c **** TCB_t *pxUnblockedTCB;
 3841              		.loc 1 3139 1 is_stmt 1 view -0
 3842              		.cfi_startproc
 3843              		@ args = 0, pretend = 0, frame = 0
 3844              		@ frame_needed = 0, uses_anonymous_args = 0
3139:Middlewares/Third_Party/FreeRTOS/Source/tasks.c **** TCB_t *pxUnblockedTCB;
 3845              		.loc 1 3139 1 is_stmt 0 view .LVU1034
 3846 0000 38B5     		push	{r3, r4, r5, lr}
 3847              	.LCFI35:
 3848              		.cfi_def_cfa_offset 16
 3849              		.cfi_offset 3, -16
ARM GAS  D:\temp\TMP\ccyP8bey.s 			page 181


 3850              		.cfi_offset 4, -12
 3851              		.cfi_offset 5, -8
 3852              		.cfi_offset 14, -4
3140:Middlewares/Third_Party/FreeRTOS/Source/tasks.c **** BaseType_t xReturn;
 3853              		.loc 1 3140 1 is_stmt 1 view .LVU1035
3141:Middlewares/Third_Party/FreeRTOS/Source/tasks.c **** 
 3854              		.loc 1 3141 1 view .LVU1036
3156:Middlewares/Third_Party/FreeRTOS/Source/tasks.c **** 	configASSERT( pxUnblockedTCB );
 3855              		.loc 1 3156 2 view .LVU1037
3156:Middlewares/Third_Party/FreeRTOS/Source/tasks.c **** 	configASSERT( pxUnblockedTCB );
 3856              		.loc 1 3156 19 is_stmt 0 view .LVU1038
 3857 0002 C368     		ldr	r3, [r0, #12]
3156:Middlewares/Third_Party/FreeRTOS/Source/tasks.c **** 	configASSERT( pxUnblockedTCB );
 3858              		.loc 1 3156 17 view .LVU1039
 3859 0004 DC68     		ldr	r4, [r3, #12]
 3860              	.LVL257:
3157:Middlewares/Third_Party/FreeRTOS/Source/tasks.c **** 	( void ) uxListRemove( &( pxUnblockedTCB->xEventListItem ) );
 3861              		.loc 1 3157 2 is_stmt 1 view .LVU1040
 3862 0006 34B3     		cbz	r4, .L298
3157:Middlewares/Third_Party/FreeRTOS/Source/tasks.c **** 	( void ) uxListRemove( &( pxUnblockedTCB->xEventListItem ) );
 3863              		.loc 1 3157 32 view .LVU1041
3158:Middlewares/Third_Party/FreeRTOS/Source/tasks.c **** 
 3864              		.loc 1 3158 2 view .LVU1042
3158:Middlewares/Third_Party/FreeRTOS/Source/tasks.c **** 
 3865              		.loc 1 3158 25 is_stmt 0 view .LVU1043
 3866 0008 04F11803 		add	r3, r4, #24
 3867 000c 1D46     		mov	r5, r3
3158:Middlewares/Third_Party/FreeRTOS/Source/tasks.c **** 
 3868              		.loc 1 3158 11 view .LVU1044
 3869 000e 1846     		mov	r0, r3
 3870              	.LVL258:
3158:Middlewares/Third_Party/FreeRTOS/Source/tasks.c **** 
 3871              		.loc 1 3158 11 view .LVU1045
 3872 0010 FFF7FEFF 		bl	uxListRemove
 3873              	.LVL259:
3160:Middlewares/Third_Party/FreeRTOS/Source/tasks.c **** 	{
 3874              		.loc 1 3160 2 is_stmt 1 view .LVU1046
3160:Middlewares/Third_Party/FreeRTOS/Source/tasks.c **** 	{
 3875              		.loc 1 3160 27 is_stmt 0 view .LVU1047
 3876 0014 184B     		ldr	r3, .L299
 3877 0016 1B68     		ldr	r3, [r3]
3160:Middlewares/Third_Party/FreeRTOS/Source/tasks.c **** 	{
 3878              		.loc 1 3160 4 view .LVU1048
 3879 0018 33BB     		cbnz	r3, .L293
3162:Middlewares/Third_Party/FreeRTOS/Source/tasks.c **** 		prvAddTaskToReadyList( pxUnblockedTCB );
 3880              		.loc 1 3162 3 is_stmt 1 view .LVU1049
3162:Middlewares/Third_Party/FreeRTOS/Source/tasks.c **** 		prvAddTaskToReadyList( pxUnblockedTCB );
 3881              		.loc 1 3162 26 is_stmt 0 view .LVU1050
 3882 001a 231D     		adds	r3, r4, #4
 3883 001c 1D46     		mov	r5, r3
3162:Middlewares/Third_Party/FreeRTOS/Source/tasks.c **** 		prvAddTaskToReadyList( pxUnblockedTCB );
 3884              		.loc 1 3162 12 view .LVU1051
 3885 001e 1846     		mov	r0, r3
 3886 0020 FFF7FEFF 		bl	uxListRemove
 3887              	.LVL260:
3163:Middlewares/Third_Party/FreeRTOS/Source/tasks.c **** 
 3888              		.loc 1 3163 3 is_stmt 1 view .LVU1052
ARM GAS  D:\temp\TMP\ccyP8bey.s 			page 182


3163:Middlewares/Third_Party/FreeRTOS/Source/tasks.c **** 
 3889              		.loc 1 3163 3 view .LVU1053
 3890 0024 E06A     		ldr	r0, [r4, #44]
 3891 0026 0123     		movs	r3, #1
 3892 0028 8340     		lsls	r3, r3, r0
 3893 002a 144A     		ldr	r2, .L299+4
 3894 002c 1168     		ldr	r1, [r2]
 3895 002e 0B43     		orrs	r3, r3, r1
 3896 0030 1360     		str	r3, [r2]
3163:Middlewares/Third_Party/FreeRTOS/Source/tasks.c **** 
 3897              		.loc 1 3163 3 view .LVU1054
 3898 0032 00EB8000 		add	r0, r0, r0, lsl #2
 3899 0036 2946     		mov	r1, r5
 3900 0038 114B     		ldr	r3, .L299+8
 3901 003a 03EB8000 		add	r0, r3, r0, lsl #2
 3902 003e FFF7FEFF 		bl	vListInsertEnd
 3903              	.LVL261:
3163:Middlewares/Third_Party/FreeRTOS/Source/tasks.c **** 
 3904              		.loc 1 3163 42 discriminator 1 view .LVU1055
 3905              	.L294:
3186:Middlewares/Third_Party/FreeRTOS/Source/tasks.c **** 	{
 3906              		.loc 1 3186 2 view .LVU1056
3186:Middlewares/Third_Party/FreeRTOS/Source/tasks.c **** 	{
 3907              		.loc 1 3186 20 is_stmt 0 view .LVU1057
 3908 0042 E26A     		ldr	r2, [r4, #44]
3186:Middlewares/Third_Party/FreeRTOS/Source/tasks.c **** 	{
 3909              		.loc 1 3186 47 view .LVU1058
 3910 0044 0F4B     		ldr	r3, .L299+12
 3911 0046 1B68     		ldr	r3, [r3]
 3912 0048 DB6A     		ldr	r3, [r3, #44]
3186:Middlewares/Third_Party/FreeRTOS/Source/tasks.c **** 	{
 3913              		.loc 1 3186 4 view .LVU1059
 3914 004a 9A42     		cmp	r2, r3
 3915 004c 11D9     		bls	.L296
3191:Middlewares/Third_Party/FreeRTOS/Source/tasks.c **** 
 3916              		.loc 1 3191 3 is_stmt 1 view .LVU1060
 3917              	.LVL262:
3195:Middlewares/Third_Party/FreeRTOS/Source/tasks.c **** 	}
 3918              		.loc 1 3195 3 view .LVU1061
3195:Middlewares/Third_Party/FreeRTOS/Source/tasks.c **** 	}
 3919              		.loc 1 3195 17 is_stmt 0 view .LVU1062
 3920 004e 0120     		movs	r0, #1
 3921 0050 0D4B     		ldr	r3, .L299+16
 3922 0052 1860     		str	r0, [r3]
 3923              	.LVL263:
 3924              	.L290:
3203:Middlewares/Third_Party/FreeRTOS/Source/tasks.c **** /*-----------------------------------------------------------*/
 3925              		.loc 1 3203 1 view .LVU1063
 3926 0054 38BD     		pop	{r3, r4, r5, pc}
 3927              	.LVL264:
 3928              	.L298:
3157:Middlewares/Third_Party/FreeRTOS/Source/tasks.c **** 	( void ) uxListRemove( &( pxUnblockedTCB->xEventListItem ) );
 3929              		.loc 1 3157 2 is_stmt 1 discriminator 1 view .LVU1064
 3930              	.LBB180:
 3931              	.LBI180:
 191:Middlewares/Third_Party/FreeRTOS/Source/portable/GCC/ARM_CM4F/portmacro.h **** {
 3932              		.loc 2 191 30 view .LVU1065
ARM GAS  D:\temp\TMP\ccyP8bey.s 			page 183


 3933              	.LBB181:
 193:Middlewares/Third_Party/FreeRTOS/Source/portable/GCC/ARM_CM4F/portmacro.h **** 
 3934              		.loc 2 193 1 view .LVU1066
 195:Middlewares/Third_Party/FreeRTOS/Source/portable/GCC/ARM_CM4F/portmacro.h **** 	(
 3935              		.loc 2 195 2 view .LVU1067
 3936              		.syntax unified
 3937              	@ 195 "Middlewares/Third_Party/FreeRTOS/Source/portable/GCC/ARM_CM4F/portmacro.h" 1
 3938 0056 4FF05003 			mov r3, #80												
 3939 005a 83F31188 		msr basepri, r3											
 3940 005e BFF36F8F 		isb														
 3941 0062 BFF34F8F 		dsb														
 3942              	
 3943              	@ 0 "" 2
 3944              		.thumb
 3945              		.syntax unified
 3946              	.L292:
 3947              	.LBE181:
 3948              	.LBE180:
3157:Middlewares/Third_Party/FreeRTOS/Source/tasks.c **** 	( void ) uxListRemove( &( pxUnblockedTCB->xEventListItem ) );
 3949              		.loc 1 3157 2 view .LVU1068
 3950 0066 FEE7     		b	.L292
 3951              	.LVL265:
 3952              	.L293:
3183:Middlewares/Third_Party/FreeRTOS/Source/tasks.c **** 	}
 3953              		.loc 1 3183 3 view .LVU1069
 3954 0068 2946     		mov	r1, r5
 3955 006a 0848     		ldr	r0, .L299+20
 3956 006c FFF7FEFF 		bl	vListInsertEnd
 3957              	.LVL266:
 3958 0070 E7E7     		b	.L294
 3959              	.L296:
3199:Middlewares/Third_Party/FreeRTOS/Source/tasks.c **** 	}
 3960              		.loc 1 3199 11 is_stmt 0 view .LVU1070
 3961 0072 0020     		movs	r0, #0
 3962              	.LVL267:
3202:Middlewares/Third_Party/FreeRTOS/Source/tasks.c **** }
 3963              		.loc 1 3202 2 is_stmt 1 view .LVU1071
3202:Middlewares/Third_Party/FreeRTOS/Source/tasks.c **** }
 3964              		.loc 1 3202 9 is_stmt 0 view .LVU1072
 3965 0074 EEE7     		b	.L290
 3966              	.L300:
 3967 0076 00BF     		.align	2
 3968              	.L299:
 3969 0078 00000000 		.word	uxSchedulerSuspended
 3970 007c 00000000 		.word	uxTopReadyPriority
 3971 0080 00000000 		.word	pxReadyTasksLists
 3972 0084 00000000 		.word	pxCurrentTCB
 3973 0088 00000000 		.word	xYieldPending
 3974 008c 00000000 		.word	xPendingReadyList
 3975              		.cfi_endproc
 3976              	.LFE31:
 3978              		.section	.text.vTaskRemoveFromUnorderedEventList,"ax",%progbits
 3979              		.align	1
 3980              		.global	vTaskRemoveFromUnorderedEventList
 3981              		.syntax unified
 3982              		.thumb
 3983              		.thumb_func
ARM GAS  D:\temp\TMP\ccyP8bey.s 			page 184


 3985              	vTaskRemoveFromUnorderedEventList:
 3986              	.LVL268:
 3987              	.LFB32:
3207:Middlewares/Third_Party/FreeRTOS/Source/tasks.c **** TCB_t *pxUnblockedTCB;
 3988              		.loc 1 3207 1 is_stmt 1 view -0
 3989              		.cfi_startproc
 3990              		@ args = 0, pretend = 0, frame = 0
 3991              		@ frame_needed = 0, uses_anonymous_args = 0
3207:Middlewares/Third_Party/FreeRTOS/Source/tasks.c **** TCB_t *pxUnblockedTCB;
 3992              		.loc 1 3207 1 is_stmt 0 view .LVU1074
 3993 0000 38B5     		push	{r3, r4, r5, lr}
 3994              	.LCFI36:
 3995              		.cfi_def_cfa_offset 16
 3996              		.cfi_offset 3, -16
 3997              		.cfi_offset 4, -12
 3998              		.cfi_offset 5, -8
 3999              		.cfi_offset 14, -4
3208:Middlewares/Third_Party/FreeRTOS/Source/tasks.c **** 
 4000              		.loc 1 3208 1 is_stmt 1 view .LVU1075
3212:Middlewares/Third_Party/FreeRTOS/Source/tasks.c **** 
 4001              		.loc 1 3212 2 view .LVU1076
 4002 0002 1D4B     		ldr	r3, .L309
 4003 0004 1B68     		ldr	r3, [r3]
 4004 0006 43B9     		cbnz	r3, .L302
3212:Middlewares/Third_Party/FreeRTOS/Source/tasks.c **** 
 4005              		.loc 1 3212 2 discriminator 1 view .LVU1077
 4006              	.LBB182:
 4007              	.LBI182:
 191:Middlewares/Third_Party/FreeRTOS/Source/portable/GCC/ARM_CM4F/portmacro.h **** {
 4008              		.loc 2 191 30 view .LVU1078
 4009              	.LBB183:
 193:Middlewares/Third_Party/FreeRTOS/Source/portable/GCC/ARM_CM4F/portmacro.h **** 
 4010              		.loc 2 193 1 view .LVU1079
 195:Middlewares/Third_Party/FreeRTOS/Source/portable/GCC/ARM_CM4F/portmacro.h **** 	(
 4011              		.loc 2 195 2 view .LVU1080
 4012              		.syntax unified
 4013              	@ 195 "Middlewares/Third_Party/FreeRTOS/Source/portable/GCC/ARM_CM4F/portmacro.h" 1
 4014 0008 4FF05003 			mov r3, #80												
 4015 000c 83F31188 		msr basepri, r3											
 4016 0010 BFF36F8F 		isb														
 4017 0014 BFF34F8F 		dsb														
 4018              	
 4019              	@ 0 "" 2
 4020              		.thumb
 4021              		.syntax unified
 4022              	.L303:
 4023              	.LBE183:
 4024              	.LBE182:
3212:Middlewares/Third_Party/FreeRTOS/Source/tasks.c **** 
 4025              		.loc 1 3212 2 view .LVU1081
 4026 0018 FEE7     		b	.L303
 4027              	.L302:
3212:Middlewares/Third_Party/FreeRTOS/Source/tasks.c **** 
 4028              		.loc 1 3212 49 view .LVU1082
3215:Middlewares/Third_Party/FreeRTOS/Source/tasks.c **** 
 4029              		.loc 1 3215 2 view .LVU1083
 4030 001a 41F00041 		orr	r1, r1, #-2147483648
ARM GAS  D:\temp\TMP\ccyP8bey.s 			page 185


 4031              	.LVL269:
3215:Middlewares/Third_Party/FreeRTOS/Source/tasks.c **** 
 4032              		.loc 1 3215 2 is_stmt 0 view .LVU1084
 4033 001e 0160     		str	r1, [r0]
3219:Middlewares/Third_Party/FreeRTOS/Source/tasks.c **** 	configASSERT( pxUnblockedTCB );
 4034              		.loc 1 3219 2 is_stmt 1 view .LVU1085
3219:Middlewares/Third_Party/FreeRTOS/Source/tasks.c **** 	configASSERT( pxUnblockedTCB );
 4035              		.loc 1 3219 17 is_stmt 0 view .LVU1086
 4036 0020 C468     		ldr	r4, [r0, #12]
 4037              	.LVL270:
3220:Middlewares/Third_Party/FreeRTOS/Source/tasks.c **** 	( void ) uxListRemove( pxEventListItem );
 4038              		.loc 1 3220 2 is_stmt 1 view .LVU1087
 4039 0022 FCB1     		cbz	r4, .L308
3220:Middlewares/Third_Party/FreeRTOS/Source/tasks.c **** 	( void ) uxListRemove( pxEventListItem );
 4040              		.loc 1 3220 32 view .LVU1088
3221:Middlewares/Third_Party/FreeRTOS/Source/tasks.c **** 
 4041              		.loc 1 3221 2 view .LVU1089
3221:Middlewares/Third_Party/FreeRTOS/Source/tasks.c **** 
 4042              		.loc 1 3221 11 is_stmt 0 view .LVU1090
 4043 0024 FFF7FEFF 		bl	uxListRemove
 4044              	.LVL271:
3240:Middlewares/Third_Party/FreeRTOS/Source/tasks.c **** 	prvAddTaskToReadyList( pxUnblockedTCB );
 4045              		.loc 1 3240 2 is_stmt 1 view .LVU1091
3240:Middlewares/Third_Party/FreeRTOS/Source/tasks.c **** 	prvAddTaskToReadyList( pxUnblockedTCB );
 4046              		.loc 1 3240 25 is_stmt 0 view .LVU1092
 4047 0028 231D     		adds	r3, r4, #4
 4048 002a 1D46     		mov	r5, r3
3240:Middlewares/Third_Party/FreeRTOS/Source/tasks.c **** 	prvAddTaskToReadyList( pxUnblockedTCB );
 4049              		.loc 1 3240 11 view .LVU1093
 4050 002c 1846     		mov	r0, r3
 4051 002e FFF7FEFF 		bl	uxListRemove
 4052              	.LVL272:
3241:Middlewares/Third_Party/FreeRTOS/Source/tasks.c **** 
 4053              		.loc 1 3241 2 is_stmt 1 view .LVU1094
3241:Middlewares/Third_Party/FreeRTOS/Source/tasks.c **** 
 4054              		.loc 1 3241 2 view .LVU1095
 4055 0032 E06A     		ldr	r0, [r4, #44]
 4056 0034 0123     		movs	r3, #1
 4057 0036 8340     		lsls	r3, r3, r0
 4058 0038 104A     		ldr	r2, .L309+4
 4059 003a 1168     		ldr	r1, [r2]
 4060 003c 0B43     		orrs	r3, r3, r1
 4061 003e 1360     		str	r3, [r2]
3241:Middlewares/Third_Party/FreeRTOS/Source/tasks.c **** 
 4062              		.loc 1 3241 2 view .LVU1096
 4063 0040 00EB8000 		add	r0, r0, r0, lsl #2
 4064 0044 2946     		mov	r1, r5
 4065 0046 0E4B     		ldr	r3, .L309+8
 4066 0048 03EB8000 		add	r0, r3, r0, lsl #2
 4067 004c FFF7FEFF 		bl	vListInsertEnd
 4068              	.LVL273:
3241:Middlewares/Third_Party/FreeRTOS/Source/tasks.c **** 
 4069              		.loc 1 3241 41 discriminator 1 view .LVU1097
3243:Middlewares/Third_Party/FreeRTOS/Source/tasks.c **** 	{
 4070              		.loc 1 3243 2 view .LVU1098
3243:Middlewares/Third_Party/FreeRTOS/Source/tasks.c **** 	{
 4071              		.loc 1 3243 20 is_stmt 0 view .LVU1099
ARM GAS  D:\temp\TMP\ccyP8bey.s 			page 186


 4072 0050 E26A     		ldr	r2, [r4, #44]
3243:Middlewares/Third_Party/FreeRTOS/Source/tasks.c **** 	{
 4073              		.loc 1 3243 47 view .LVU1100
 4074 0052 0C4B     		ldr	r3, .L309+12
 4075 0054 1B68     		ldr	r3, [r3]
 4076 0056 DB6A     		ldr	r3, [r3, #44]
3243:Middlewares/Third_Party/FreeRTOS/Source/tasks.c **** 	{
 4077              		.loc 1 3243 4 view .LVU1101
 4078 0058 9A42     		cmp	r2, r3
 4079 005a 02D9     		bls	.L301
3249:Middlewares/Third_Party/FreeRTOS/Source/tasks.c **** 	}
 4080              		.loc 1 3249 3 is_stmt 1 view .LVU1102
3249:Middlewares/Third_Party/FreeRTOS/Source/tasks.c **** 	}
 4081              		.loc 1 3249 17 is_stmt 0 view .LVU1103
 4082 005c 0A4B     		ldr	r3, .L309+16
 4083 005e 0122     		movs	r2, #1
 4084 0060 1A60     		str	r2, [r3]
 4085              	.L301:
3251:Middlewares/Third_Party/FreeRTOS/Source/tasks.c **** /*-----------------------------------------------------------*/
 4086              		.loc 1 3251 1 view .LVU1104
 4087 0062 38BD     		pop	{r3, r4, r5, pc}
 4088              	.LVL274:
 4089              	.L308:
3220:Middlewares/Third_Party/FreeRTOS/Source/tasks.c **** 	( void ) uxListRemove( pxEventListItem );
 4090              		.loc 1 3220 2 is_stmt 1 discriminator 1 view .LVU1105
 4091              	.LBB184:
 4092              	.LBI184:
 191:Middlewares/Third_Party/FreeRTOS/Source/portable/GCC/ARM_CM4F/portmacro.h **** {
 4093              		.loc 2 191 30 view .LVU1106
 4094              	.LBB185:
 193:Middlewares/Third_Party/FreeRTOS/Source/portable/GCC/ARM_CM4F/portmacro.h **** 
 4095              		.loc 2 193 1 view .LVU1107
 195:Middlewares/Third_Party/FreeRTOS/Source/portable/GCC/ARM_CM4F/portmacro.h **** 	(
 4096              		.loc 2 195 2 view .LVU1108
 4097              		.syntax unified
 4098              	@ 195 "Middlewares/Third_Party/FreeRTOS/Source/portable/GCC/ARM_CM4F/portmacro.h" 1
 4099 0064 4FF05003 			mov r3, #80												
 4100 0068 83F31188 		msr basepri, r3											
 4101 006c BFF36F8F 		isb														
 4102 0070 BFF34F8F 		dsb														
 4103              	
 4104              	@ 0 "" 2
 4105              		.thumb
 4106              		.syntax unified
 4107              	.L305:
 4108              	.LBE185:
 4109              	.LBE184:
3220:Middlewares/Third_Party/FreeRTOS/Source/tasks.c **** 	( void ) uxListRemove( pxEventListItem );
 4110              		.loc 1 3220 2 view .LVU1109
 4111 0074 FEE7     		b	.L305
 4112              	.L310:
 4113 0076 00BF     		.align	2
 4114              	.L309:
 4115 0078 00000000 		.word	uxSchedulerSuspended
 4116 007c 00000000 		.word	uxTopReadyPriority
 4117 0080 00000000 		.word	pxReadyTasksLists
 4118 0084 00000000 		.word	pxCurrentTCB
ARM GAS  D:\temp\TMP\ccyP8bey.s 			page 187


 4119 0088 00000000 		.word	xYieldPending
 4120              		.cfi_endproc
 4121              	.LFE32:
 4123              		.section	.text.vTaskSetTimeOutState,"ax",%progbits
 4124              		.align	1
 4125              		.global	vTaskSetTimeOutState
 4126              		.syntax unified
 4127              		.thumb
 4128              		.thumb_func
 4130              	vTaskSetTimeOutState:
 4131              	.LVL275:
 4132              	.LFB33:
3255:Middlewares/Third_Party/FreeRTOS/Source/tasks.c **** 	configASSERT( pxTimeOut );
 4133              		.loc 1 3255 1 view -0
 4134              		.cfi_startproc
 4135              		@ args = 0, pretend = 0, frame = 0
 4136              		@ frame_needed = 0, uses_anonymous_args = 0
3256:Middlewares/Third_Party/FreeRTOS/Source/tasks.c **** 	taskENTER_CRITICAL();
 4137              		.loc 1 3256 2 view .LVU1111
 4138 0000 60B1     		cbz	r0, .L316
3255:Middlewares/Third_Party/FreeRTOS/Source/tasks.c **** 	configASSERT( pxTimeOut );
 4139              		.loc 1 3255 1 is_stmt 0 view .LVU1112
 4140 0002 10B5     		push	{r4, lr}
 4141              	.LCFI37:
 4142              		.cfi_def_cfa_offset 8
 4143              		.cfi_offset 4, -8
 4144              		.cfi_offset 14, -4
 4145 0004 0446     		mov	r4, r0
3256:Middlewares/Third_Party/FreeRTOS/Source/tasks.c **** 	taskENTER_CRITICAL();
 4146              		.loc 1 3256 27 is_stmt 1 view .LVU1113
3257:Middlewares/Third_Party/FreeRTOS/Source/tasks.c **** 	{
 4147              		.loc 1 3257 2 view .LVU1114
 4148 0006 FFF7FEFF 		bl	vPortEnterCritical
 4149              	.LVL276:
3259:Middlewares/Third_Party/FreeRTOS/Source/tasks.c **** 		pxTimeOut->xTimeOnEntering = xTickCount;
 4150              		.loc 1 3259 3 view .LVU1115
3259:Middlewares/Third_Party/FreeRTOS/Source/tasks.c **** 		pxTimeOut->xTimeOnEntering = xTickCount;
 4151              		.loc 1 3259 29 is_stmt 0 view .LVU1116
 4152 000a 094B     		ldr	r3, .L317
 4153 000c 1B68     		ldr	r3, [r3]
 4154 000e 2360     		str	r3, [r4]
3260:Middlewares/Third_Party/FreeRTOS/Source/tasks.c **** 	}
 4155              		.loc 1 3260 3 is_stmt 1 view .LVU1117
3260:Middlewares/Third_Party/FreeRTOS/Source/tasks.c **** 	}
 4156              		.loc 1 3260 30 is_stmt 0 view .LVU1118
 4157 0010 084B     		ldr	r3, .L317+4
 4158 0012 1B68     		ldr	r3, [r3]
 4159 0014 6360     		str	r3, [r4, #4]
3262:Middlewares/Third_Party/FreeRTOS/Source/tasks.c **** }
 4160              		.loc 1 3262 2 is_stmt 1 view .LVU1119
 4161 0016 FFF7FEFF 		bl	vPortExitCritical
 4162              	.LVL277:
3263:Middlewares/Third_Party/FreeRTOS/Source/tasks.c **** /*-----------------------------------------------------------*/
 4163              		.loc 1 3263 1 is_stmt 0 view .LVU1120
 4164 001a 10BD     		pop	{r4, pc}
 4165              	.LVL278:
 4166              	.L316:
ARM GAS  D:\temp\TMP\ccyP8bey.s 			page 188


 4167              	.LCFI38:
 4168              		.cfi_def_cfa_offset 0
 4169              		.cfi_restore 4
 4170              		.cfi_restore 14
3256:Middlewares/Third_Party/FreeRTOS/Source/tasks.c **** 	taskENTER_CRITICAL();
 4171              		.loc 1 3256 2 is_stmt 1 discriminator 1 view .LVU1121
 4172              	.LBB186:
 4173              	.LBI186:
 191:Middlewares/Third_Party/FreeRTOS/Source/portable/GCC/ARM_CM4F/portmacro.h **** {
 4174              		.loc 2 191 30 view .LVU1122
 4175              	.LBB187:
 193:Middlewares/Third_Party/FreeRTOS/Source/portable/GCC/ARM_CM4F/portmacro.h **** 
 4176              		.loc 2 193 1 view .LVU1123
 195:Middlewares/Third_Party/FreeRTOS/Source/portable/GCC/ARM_CM4F/portmacro.h **** 	(
 4177              		.loc 2 195 2 view .LVU1124
 4178              		.syntax unified
 4179              	@ 195 "Middlewares/Third_Party/FreeRTOS/Source/portable/GCC/ARM_CM4F/portmacro.h" 1
 4180 001c 4FF05003 			mov r3, #80												
 4181 0020 83F31188 		msr basepri, r3											
 4182 0024 BFF36F8F 		isb														
 4183 0028 BFF34F8F 		dsb														
 4184              	
 4185              	@ 0 "" 2
 4186              		.thumb
 4187              		.syntax unified
 4188              	.L313:
 4189              	.LBE187:
 4190              	.LBE186:
3256:Middlewares/Third_Party/FreeRTOS/Source/tasks.c **** 	taskENTER_CRITICAL();
 4191              		.loc 1 3256 2 view .LVU1125
 4192 002c FEE7     		b	.L313
 4193              	.L318:
 4194 002e 00BF     		.align	2
 4195              	.L317:
 4196 0030 00000000 		.word	xNumOfOverflows
 4197 0034 00000000 		.word	xTickCount
 4198              		.cfi_endproc
 4199              	.LFE33:
 4201              		.section	.text.vTaskInternalSetTimeOutState,"ax",%progbits
 4202              		.align	1
 4203              		.global	vTaskInternalSetTimeOutState
 4204              		.syntax unified
 4205              		.thumb
 4206              		.thumb_func
 4208              	vTaskInternalSetTimeOutState:
 4209              	.LVL279:
 4210              	.LFB34:
3267:Middlewares/Third_Party/FreeRTOS/Source/tasks.c **** 	/* For internal use only as it does not use a critical section. */
 4211              		.loc 1 3267 1 view -0
 4212              		.cfi_startproc
 4213              		@ args = 0, pretend = 0, frame = 0
 4214              		@ frame_needed = 0, uses_anonymous_args = 0
 4215              		@ link register save eliminated.
3269:Middlewares/Third_Party/FreeRTOS/Source/tasks.c **** 	pxTimeOut->xTimeOnEntering = xTickCount;
 4216              		.loc 1 3269 2 view .LVU1127
3269:Middlewares/Third_Party/FreeRTOS/Source/tasks.c **** 	pxTimeOut->xTimeOnEntering = xTickCount;
 4217              		.loc 1 3269 28 is_stmt 0 view .LVU1128
ARM GAS  D:\temp\TMP\ccyP8bey.s 			page 189


 4218 0000 034B     		ldr	r3, .L320
 4219 0002 1B68     		ldr	r3, [r3]
 4220 0004 0360     		str	r3, [r0]
3270:Middlewares/Third_Party/FreeRTOS/Source/tasks.c **** }
 4221              		.loc 1 3270 2 is_stmt 1 view .LVU1129
3270:Middlewares/Third_Party/FreeRTOS/Source/tasks.c **** }
 4222              		.loc 1 3270 29 is_stmt 0 view .LVU1130
 4223 0006 034B     		ldr	r3, .L320+4
 4224 0008 1B68     		ldr	r3, [r3]
 4225 000a 4360     		str	r3, [r0, #4]
3271:Middlewares/Third_Party/FreeRTOS/Source/tasks.c **** /*-----------------------------------------------------------*/
 4226              		.loc 1 3271 1 view .LVU1131
 4227 000c 7047     		bx	lr
 4228              	.L321:
 4229 000e 00BF     		.align	2
 4230              	.L320:
 4231 0010 00000000 		.word	xNumOfOverflows
 4232 0014 00000000 		.word	xTickCount
 4233              		.cfi_endproc
 4234              	.LFE34:
 4236              		.section	.text.xTaskCheckForTimeOut,"ax",%progbits
 4237              		.align	1
 4238              		.global	xTaskCheckForTimeOut
 4239              		.syntax unified
 4240              		.thumb
 4241              		.thumb_func
 4243              	xTaskCheckForTimeOut:
 4244              	.LVL280:
 4245              	.LFB35:
3275:Middlewares/Third_Party/FreeRTOS/Source/tasks.c **** BaseType_t xReturn;
 4246              		.loc 1 3275 1 is_stmt 1 view -0
 4247              		.cfi_startproc
 4248              		@ args = 0, pretend = 0, frame = 0
 4249              		@ frame_needed = 0, uses_anonymous_args = 0
3276:Middlewares/Third_Party/FreeRTOS/Source/tasks.c **** 
 4250              		.loc 1 3276 1 view .LVU1133
3278:Middlewares/Third_Party/FreeRTOS/Source/tasks.c **** 	configASSERT( pxTicksToWait );
 4251              		.loc 1 3278 2 view .LVU1134
 4252 0000 E0B1     		cbz	r0, .L334
3275:Middlewares/Third_Party/FreeRTOS/Source/tasks.c **** BaseType_t xReturn;
 4253              		.loc 1 3275 1 is_stmt 0 view .LVU1135
 4254 0002 70B5     		push	{r4, r5, r6, lr}
 4255              	.LCFI39:
 4256              		.cfi_def_cfa_offset 16
 4257              		.cfi_offset 4, -16
 4258              		.cfi_offset 5, -12
 4259              		.cfi_offset 6, -8
 4260              		.cfi_offset 14, -4
 4261 0004 0C46     		mov	r4, r1
 4262 0006 0646     		mov	r6, r0
3278:Middlewares/Third_Party/FreeRTOS/Source/tasks.c **** 	configASSERT( pxTicksToWait );
 4263              		.loc 1 3278 27 is_stmt 1 view .LVU1136
3279:Middlewares/Third_Party/FreeRTOS/Source/tasks.c **** 
 4264              		.loc 1 3279 2 view .LVU1137
 4265 0008 09B3     		cbz	r1, .L335
3279:Middlewares/Third_Party/FreeRTOS/Source/tasks.c **** 
 4266              		.loc 1 3279 31 view .LVU1138
ARM GAS  D:\temp\TMP\ccyP8bey.s 			page 190


3281:Middlewares/Third_Party/FreeRTOS/Source/tasks.c **** 	{
 4267              		.loc 1 3281 2 view .LVU1139
 4268 000a FFF7FEFF 		bl	vPortEnterCritical
 4269              	.LVL281:
 4270              	.LBB188:
3284:Middlewares/Third_Party/FreeRTOS/Source/tasks.c **** 		const TickType_t xElapsedTime = xConstTickCount - pxTimeOut->xTimeOnEntering;
 4271              		.loc 1 3284 3 view .LVU1140
3284:Middlewares/Third_Party/FreeRTOS/Source/tasks.c **** 		const TickType_t xElapsedTime = xConstTickCount - pxTimeOut->xTimeOnEntering;
 4272              		.loc 1 3284 20 is_stmt 0 view .LVU1141
 4273 000e 1C4B     		ldr	r3, .L337
 4274 0010 1968     		ldr	r1, [r3]
 4275              	.LVL282:
3285:Middlewares/Third_Party/FreeRTOS/Source/tasks.c **** 
 4276              		.loc 1 3285 3 is_stmt 1 view .LVU1142
3285:Middlewares/Third_Party/FreeRTOS/Source/tasks.c **** 
 4277              		.loc 1 3285 62 is_stmt 0 view .LVU1143
 4278 0012 7368     		ldr	r3, [r6, #4]
3285:Middlewares/Third_Party/FreeRTOS/Source/tasks.c **** 
 4279              		.loc 1 3285 20 view .LVU1144
 4280 0014 C81A     		subs	r0, r1, r3
 4281              	.LVL283:
3299:Middlewares/Third_Party/FreeRTOS/Source/tasks.c **** 			{
 4282              		.loc 1 3299 4 is_stmt 1 view .LVU1145
3299:Middlewares/Third_Party/FreeRTOS/Source/tasks.c **** 			{
 4283              		.loc 1 3299 8 is_stmt 0 view .LVU1146
 4284 0016 2268     		ldr	r2, [r4]
3299:Middlewares/Third_Party/FreeRTOS/Source/tasks.c **** 			{
 4285              		.loc 1 3299 6 view .LVU1147
 4286 0018 B2F1FF3F 		cmp	r2, #-1
 4287 001c 28D0     		beq	.L330
3309:Middlewares/Third_Party/FreeRTOS/Source/tasks.c **** 		{
 4288              		.loc 1 3309 3 is_stmt 1 view .LVU1148
3309:Middlewares/Third_Party/FreeRTOS/Source/tasks.c **** 		{
 4289              		.loc 1 3309 37 is_stmt 0 view .LVU1149
 4290 001e 3568     		ldr	r5, [r6]
3309:Middlewares/Third_Party/FreeRTOS/Source/tasks.c **** 		{
 4291              		.loc 1 3309 25 view .LVU1150
 4292 0020 DFF860C0 		ldr	ip, .L337+4
 4293 0024 DCF800C0 		ldr	ip, [ip]
3309:Middlewares/Third_Party/FreeRTOS/Source/tasks.c **** 		{
 4294              		.loc 1 3309 5 view .LVU1151
 4295 0028 6545     		cmp	r5, ip
 4296 002a 01D0     		beq	.L328
3309:Middlewares/Third_Party/FreeRTOS/Source/tasks.c **** 		{
 4297              		.loc 1 3309 56 discriminator 1 view .LVU1152
 4298 002c 8B42     		cmp	r3, r1
 4299 002e 24D9     		bls	.L331
 4300              	.L328:
3318:Middlewares/Third_Party/FreeRTOS/Source/tasks.c **** 		{
 4301              		.loc 1 3318 8 is_stmt 1 view .LVU1153
3318:Middlewares/Third_Party/FreeRTOS/Source/tasks.c **** 		{
 4302              		.loc 1 3318 10 is_stmt 0 view .LVU1154
 4303 0030 8242     		cmp	r2, r0
 4304 0032 15D8     		bhi	.L336
3327:Middlewares/Third_Party/FreeRTOS/Source/tasks.c **** 			xReturn = pdTRUE;
 4305              		.loc 1 3327 4 is_stmt 1 view .LVU1155
3327:Middlewares/Third_Party/FreeRTOS/Source/tasks.c **** 			xReturn = pdTRUE;
ARM GAS  D:\temp\TMP\ccyP8bey.s 			page 191


 4306              		.loc 1 3327 19 is_stmt 0 view .LVU1156
 4307 0034 0023     		movs	r3, #0
 4308 0036 2360     		str	r3, [r4]
3328:Middlewares/Third_Party/FreeRTOS/Source/tasks.c **** 		}
 4309              		.loc 1 3328 4 is_stmt 1 view .LVU1157
 4310              	.LVL284:
3328:Middlewares/Third_Party/FreeRTOS/Source/tasks.c **** 		}
 4311              		.loc 1 3328 12 is_stmt 0 view .LVU1158
 4312 0038 0124     		movs	r4, #1
 4313              	.LVL285:
3328:Middlewares/Third_Party/FreeRTOS/Source/tasks.c **** 		}
 4314              		.loc 1 3328 12 view .LVU1159
 4315 003a 1AE0     		b	.L327
 4316              	.LVL286:
 4317              	.L334:
 4318              	.LCFI40:
 4319              		.cfi_def_cfa_offset 0
 4320              		.cfi_restore 4
 4321              		.cfi_restore 5
 4322              		.cfi_restore 6
 4323              		.cfi_restore 14
3328:Middlewares/Third_Party/FreeRTOS/Source/tasks.c **** 		}
 4324              		.loc 1 3328 12 view .LVU1160
 4325              	.LBE188:
3278:Middlewares/Third_Party/FreeRTOS/Source/tasks.c **** 	configASSERT( pxTicksToWait );
 4326              		.loc 1 3278 2 is_stmt 1 discriminator 1 view .LVU1161
 4327              	.LBB189:
 4328              	.LBI189:
 191:Middlewares/Third_Party/FreeRTOS/Source/portable/GCC/ARM_CM4F/portmacro.h **** {
 4329              		.loc 2 191 30 view .LVU1162
 4330              	.LBB190:
 193:Middlewares/Third_Party/FreeRTOS/Source/portable/GCC/ARM_CM4F/portmacro.h **** 
 4331              		.loc 2 193 1 view .LVU1163
 195:Middlewares/Third_Party/FreeRTOS/Source/portable/GCC/ARM_CM4F/portmacro.h **** 	(
 4332              		.loc 2 195 2 view .LVU1164
 4333              		.syntax unified
 4334              	@ 195 "Middlewares/Third_Party/FreeRTOS/Source/portable/GCC/ARM_CM4F/portmacro.h" 1
 4335 003c 4FF05003 			mov r3, #80												
 4336 0040 83F31188 		msr basepri, r3											
 4337 0044 BFF36F8F 		isb														
 4338 0048 BFF34F8F 		dsb														
 4339              	
 4340              	@ 0 "" 2
 4341              		.thumb
 4342              		.syntax unified
 4343              	.L324:
 4344              	.LBE190:
 4345              	.LBE189:
3278:Middlewares/Third_Party/FreeRTOS/Source/tasks.c **** 	configASSERT( pxTicksToWait );
 4346              		.loc 1 3278 2 view .LVU1165
 4347 004c FEE7     		b	.L324
 4348              	.L335:
 4349              	.LCFI41:
 4350              		.cfi_def_cfa_offset 16
 4351              		.cfi_offset 4, -16
 4352              		.cfi_offset 5, -12
 4353              		.cfi_offset 6, -8
ARM GAS  D:\temp\TMP\ccyP8bey.s 			page 192


 4354              		.cfi_offset 14, -4
3279:Middlewares/Third_Party/FreeRTOS/Source/tasks.c **** 
 4355              		.loc 1 3279 2 discriminator 1 view .LVU1166
 4356              	.LBB191:
 4357              	.LBI191:
 191:Middlewares/Third_Party/FreeRTOS/Source/portable/GCC/ARM_CM4F/portmacro.h **** {
 4358              		.loc 2 191 30 view .LVU1167
 4359              	.LBB192:
 193:Middlewares/Third_Party/FreeRTOS/Source/portable/GCC/ARM_CM4F/portmacro.h **** 
 4360              		.loc 2 193 1 view .LVU1168
 195:Middlewares/Third_Party/FreeRTOS/Source/portable/GCC/ARM_CM4F/portmacro.h **** 	(
 4361              		.loc 2 195 2 view .LVU1169
 4362              		.syntax unified
 4363              	@ 195 "Middlewares/Third_Party/FreeRTOS/Source/portable/GCC/ARM_CM4F/portmacro.h" 1
 4364 004e 4FF05003 			mov r3, #80												
 4365 0052 83F31188 		msr basepri, r3											
 4366 0056 BFF36F8F 		isb														
 4367 005a BFF34F8F 		dsb														
 4368              	
 4369              	@ 0 "" 2
 4370              		.thumb
 4371              		.syntax unified
 4372              	.L326:
 4373              	.LBE192:
 4374              	.LBE191:
3279:Middlewares/Third_Party/FreeRTOS/Source/tasks.c **** 
 4375              		.loc 1 3279 2 view .LVU1170
 4376 005e FEE7     		b	.L326
 4377              	.LVL287:
 4378              	.L336:
 4379              	.LBB193:
3321:Middlewares/Third_Party/FreeRTOS/Source/tasks.c **** 			vTaskInternalSetTimeOutState( pxTimeOut );
 4380              		.loc 1 3321 4 view .LVU1171
3321:Middlewares/Third_Party/FreeRTOS/Source/tasks.c **** 			vTaskInternalSetTimeOutState( pxTimeOut );
 4381              		.loc 1 3321 19 is_stmt 0 view .LVU1172
 4382 0060 5B1A     		subs	r3, r3, r1
 4383 0062 1344     		add	r3, r3, r2
 4384 0064 2360     		str	r3, [r4]
3322:Middlewares/Third_Party/FreeRTOS/Source/tasks.c **** 			xReturn = pdFALSE;
 4385              		.loc 1 3322 4 is_stmt 1 view .LVU1173
 4386 0066 3046     		mov	r0, r6
 4387              	.LVL288:
3322:Middlewares/Third_Party/FreeRTOS/Source/tasks.c **** 			xReturn = pdFALSE;
 4388              		.loc 1 3322 4 is_stmt 0 view .LVU1174
 4389 0068 FFF7FEFF 		bl	vTaskInternalSetTimeOutState
 4390              	.LVL289:
3323:Middlewares/Third_Party/FreeRTOS/Source/tasks.c **** 		}
 4391              		.loc 1 3323 4 is_stmt 1 view .LVU1175
3323:Middlewares/Third_Party/FreeRTOS/Source/tasks.c **** 		}
 4392              		.loc 1 3323 12 is_stmt 0 view .LVU1176
 4393 006c 0024     		movs	r4, #0
 4394              	.LVL290:
3323:Middlewares/Third_Party/FreeRTOS/Source/tasks.c **** 		}
 4395              		.loc 1 3323 12 view .LVU1177
 4396 006e 00E0     		b	.L327
 4397              	.LVL291:
 4398              	.L330:
ARM GAS  D:\temp\TMP\ccyP8bey.s 			page 193


3304:Middlewares/Third_Party/FreeRTOS/Source/tasks.c **** 			}
 4399              		.loc 1 3304 13 view .LVU1178
 4400 0070 0024     		movs	r4, #0
 4401              	.LVL292:
 4402              	.L327:
3304:Middlewares/Third_Party/FreeRTOS/Source/tasks.c **** 			}
 4403              		.loc 1 3304 13 view .LVU1179
 4404              	.LBE193:
3331:Middlewares/Third_Party/FreeRTOS/Source/tasks.c **** 
 4405              		.loc 1 3331 2 is_stmt 1 view .LVU1180
 4406 0072 FFF7FEFF 		bl	vPortExitCritical
 4407              	.LVL293:
3333:Middlewares/Third_Party/FreeRTOS/Source/tasks.c **** }
 4408              		.loc 1 3333 2 view .LVU1181
3334:Middlewares/Third_Party/FreeRTOS/Source/tasks.c **** /*-----------------------------------------------------------*/
 4409              		.loc 1 3334 1 is_stmt 0 view .LVU1182
 4410 0076 2046     		mov	r0, r4
 4411 0078 70BD     		pop	{r4, r5, r6, pc}
 4412              	.LVL294:
 4413              	.L331:
 4414              	.LBB194:
3316:Middlewares/Third_Party/FreeRTOS/Source/tasks.c **** 		}
 4415              		.loc 1 3316 12 view .LVU1183
 4416 007a 0124     		movs	r4, #1
 4417              	.LVL295:
3316:Middlewares/Third_Party/FreeRTOS/Source/tasks.c **** 		}
 4418              		.loc 1 3316 12 view .LVU1184
 4419 007c F9E7     		b	.L327
 4420              	.L338:
 4421 007e 00BF     		.align	2
 4422              	.L337:
 4423 0080 00000000 		.word	xTickCount
 4424 0084 00000000 		.word	xNumOfOverflows
 4425              	.LBE194:
 4426              		.cfi_endproc
 4427              	.LFE35:
 4429              		.section	.text.vTaskMissedYield,"ax",%progbits
 4430              		.align	1
 4431              		.global	vTaskMissedYield
 4432              		.syntax unified
 4433              		.thumb
 4434              		.thumb_func
 4436              	vTaskMissedYield:
 4437              	.LFB36:
3338:Middlewares/Third_Party/FreeRTOS/Source/tasks.c **** 	xYieldPending = pdTRUE;
 4438              		.loc 1 3338 1 is_stmt 1 view -0
 4439              		.cfi_startproc
 4440              		@ args = 0, pretend = 0, frame = 0
 4441              		@ frame_needed = 0, uses_anonymous_args = 0
 4442              		@ link register save eliminated.
3339:Middlewares/Third_Party/FreeRTOS/Source/tasks.c **** }
 4443              		.loc 1 3339 2 view .LVU1186
3339:Middlewares/Third_Party/FreeRTOS/Source/tasks.c **** }
 4444              		.loc 1 3339 16 is_stmt 0 view .LVU1187
 4445 0000 014B     		ldr	r3, .L340
 4446 0002 0122     		movs	r2, #1
 4447 0004 1A60     		str	r2, [r3]
ARM GAS  D:\temp\TMP\ccyP8bey.s 			page 194


3340:Middlewares/Third_Party/FreeRTOS/Source/tasks.c **** /*-----------------------------------------------------------*/
 4448              		.loc 1 3340 1 view .LVU1188
 4449 0006 7047     		bx	lr
 4450              	.L341:
 4451              		.align	2
 4452              	.L340:
 4453 0008 00000000 		.word	xYieldPending
 4454              		.cfi_endproc
 4455              	.LFE36:
 4457              		.section	.text.xTaskGetCurrentTaskHandle,"ax",%progbits
 4458              		.align	1
 4459              		.global	xTaskGetCurrentTaskHandle
 4460              		.syntax unified
 4461              		.thumb
 4462              		.thumb_func
 4464              	xTaskGetCurrentTaskHandle:
 4465              	.LFB42:
3970:Middlewares/Third_Party/FreeRTOS/Source/tasks.c **** 	TaskHandle_t xReturn;
 4466              		.loc 1 3970 2 is_stmt 1 view -0
 4467              		.cfi_startproc
 4468              		@ args = 0, pretend = 0, frame = 0
 4469              		@ frame_needed = 0, uses_anonymous_args = 0
 4470              		@ link register save eliminated.
3971:Middlewares/Third_Party/FreeRTOS/Source/tasks.c **** 
 4471              		.loc 1 3971 2 view .LVU1190
3976:Middlewares/Third_Party/FreeRTOS/Source/tasks.c **** 
 4472              		.loc 1 3976 3 view .LVU1191
3976:Middlewares/Third_Party/FreeRTOS/Source/tasks.c **** 
 4473              		.loc 1 3976 11 is_stmt 0 view .LVU1192
 4474 0000 014B     		ldr	r3, .L343
 4475 0002 1868     		ldr	r0, [r3]
 4476              	.LVL296:
3978:Middlewares/Third_Party/FreeRTOS/Source/tasks.c **** 	}
 4477              		.loc 1 3978 3 is_stmt 1 view .LVU1193
3979:Middlewares/Third_Party/FreeRTOS/Source/tasks.c **** 
 4478              		.loc 1 3979 2 is_stmt 0 view .LVU1194
 4479 0004 7047     		bx	lr
 4480              	.L344:
 4481 0006 00BF     		.align	2
 4482              	.L343:
 4483 0008 00000000 		.word	pxCurrentTCB
 4484              		.cfi_endproc
 4485              	.LFE42:
 4487              		.section	.text.xTaskGetSchedulerState,"ax",%progbits
 4488              		.align	1
 4489              		.global	xTaskGetSchedulerState
 4490              		.syntax unified
 4491              		.thumb
 4492              		.thumb_func
 4494              	xTaskGetSchedulerState:
 4495              	.LFB43:
3987:Middlewares/Third_Party/FreeRTOS/Source/tasks.c **** 	BaseType_t xReturn;
 4496              		.loc 1 3987 2 is_stmt 1 view -0
 4497              		.cfi_startproc
 4498              		@ args = 0, pretend = 0, frame = 0
 4499              		@ frame_needed = 0, uses_anonymous_args = 0
 4500              		@ link register save eliminated.
ARM GAS  D:\temp\TMP\ccyP8bey.s 			page 195


3988:Middlewares/Third_Party/FreeRTOS/Source/tasks.c **** 
 4501              		.loc 1 3988 2 view .LVU1196
3990:Middlewares/Third_Party/FreeRTOS/Source/tasks.c **** 		{
 4502              		.loc 1 3990 3 view .LVU1197
3990:Middlewares/Third_Party/FreeRTOS/Source/tasks.c **** 		{
 4503              		.loc 1 3990 25 is_stmt 0 view .LVU1198
 4504 0000 054B     		ldr	r3, .L350
 4505 0002 1B68     		ldr	r3, [r3]
3990:Middlewares/Third_Party/FreeRTOS/Source/tasks.c **** 		{
 4506              		.loc 1 3990 5 view .LVU1199
 4507 0004 33B1     		cbz	r3, .L347
3996:Middlewares/Third_Party/FreeRTOS/Source/tasks.c **** 			{
 4508              		.loc 1 3996 4 is_stmt 1 view .LVU1200
3996:Middlewares/Third_Party/FreeRTOS/Source/tasks.c **** 			{
 4509              		.loc 1 3996 29 is_stmt 0 view .LVU1201
 4510 0006 054B     		ldr	r3, .L350+4
 4511 0008 1B68     		ldr	r3, [r3]
3996:Middlewares/Third_Party/FreeRTOS/Source/tasks.c **** 			{
 4512              		.loc 1 3996 6 view .LVU1202
 4513 000a 0BB1     		cbz	r3, .L349
4002:Middlewares/Third_Party/FreeRTOS/Source/tasks.c **** 			}
 4514              		.loc 1 4002 13 view .LVU1203
 4515 000c 0020     		movs	r0, #0
 4516              	.LVL297:
4006:Middlewares/Third_Party/FreeRTOS/Source/tasks.c **** 	}
 4517              		.loc 1 4006 3 is_stmt 1 view .LVU1204
4007:Middlewares/Third_Party/FreeRTOS/Source/tasks.c **** 
 4518              		.loc 1 4007 2 is_stmt 0 view .LVU1205
 4519 000e 7047     		bx	lr
 4520              	.LVL298:
 4521              	.L349:
3998:Middlewares/Third_Party/FreeRTOS/Source/tasks.c **** 			}
 4522              		.loc 1 3998 13 view .LVU1206
 4523 0010 0220     		movs	r0, #2
 4524 0012 7047     		bx	lr
 4525              	.L347:
3992:Middlewares/Third_Party/FreeRTOS/Source/tasks.c **** 		}
 4526              		.loc 1 3992 12 view .LVU1207
 4527 0014 0120     		movs	r0, #1
 4528 0016 7047     		bx	lr
 4529              	.L351:
 4530              		.align	2
 4531              	.L350:
 4532 0018 00000000 		.word	xSchedulerRunning
 4533 001c 00000000 		.word	uxSchedulerSuspended
 4534              		.cfi_endproc
 4535              	.LFE43:
 4537              		.section	.text.xTaskPriorityInherit,"ax",%progbits
 4538              		.align	1
 4539              		.global	xTaskPriorityInherit
 4540              		.syntax unified
 4541              		.thumb
 4542              		.thumb_func
 4544              	xTaskPriorityInherit:
 4545              	.LVL299:
 4546              	.LFB44:
4015:Middlewares/Third_Party/FreeRTOS/Source/tasks.c **** 	TCB_t * const pxMutexHolderTCB = pxMutexHolder;
ARM GAS  D:\temp\TMP\ccyP8bey.s 			page 196


 4547              		.loc 1 4015 2 is_stmt 1 view -0
 4548              		.cfi_startproc
 4549              		@ args = 0, pretend = 0, frame = 0
 4550              		@ frame_needed = 0, uses_anonymous_args = 0
4016:Middlewares/Third_Party/FreeRTOS/Source/tasks.c **** 	BaseType_t xReturn = pdFALSE;
 4551              		.loc 1 4016 2 view .LVU1209
4017:Middlewares/Third_Party/FreeRTOS/Source/tasks.c **** 
 4552              		.loc 1 4017 2 view .LVU1210
4022:Middlewares/Third_Party/FreeRTOS/Source/tasks.c **** 		{
 4553              		.loc 1 4022 3 view .LVU1211
4022:Middlewares/Third_Party/FreeRTOS/Source/tasks.c **** 		{
 4554              		.loc 1 4022 5 is_stmt 0 view .LVU1212
 4555 0000 0028     		cmp	r0, #0
 4556 0002 4BD0     		beq	.L361
4015:Middlewares/Third_Party/FreeRTOS/Source/tasks.c **** 	TCB_t * const pxMutexHolderTCB = pxMutexHolder;
 4557              		.loc 1 4015 2 view .LVU1213
 4558 0004 38B5     		push	{r3, r4, r5, lr}
 4559              	.LCFI42:
 4560              		.cfi_def_cfa_offset 16
 4561              		.cfi_offset 3, -16
 4562              		.cfi_offset 4, -12
 4563              		.cfi_offset 5, -8
 4564              		.cfi_offset 14, -4
 4565 0006 0446     		mov	r4, r0
4027:Middlewares/Third_Party/FreeRTOS/Source/tasks.c **** 			{
 4566              		.loc 1 4027 4 is_stmt 1 view .LVU1214
4027:Middlewares/Third_Party/FreeRTOS/Source/tasks.c **** 			{
 4567              		.loc 1 4027 24 is_stmt 0 view .LVU1215
 4568 0008 C36A     		ldr	r3, [r0, #44]
4027:Middlewares/Third_Party/FreeRTOS/Source/tasks.c **** 			{
 4569              		.loc 1 4027 51 view .LVU1216
 4570 000a 254A     		ldr	r2, .L365
 4571 000c 1268     		ldr	r2, [r2]
 4572 000e D26A     		ldr	r2, [r2, #44]
4027:Middlewares/Third_Party/FreeRTOS/Source/tasks.c **** 			{
 4573              		.loc 1 4027 6 view .LVU1217
 4574 0010 9342     		cmp	r3, r2
 4575 0012 39D2     		bcs	.L354
4032:Middlewares/Third_Party/FreeRTOS/Source/tasks.c **** 				{
 4576              		.loc 1 4032 5 is_stmt 1 view .LVU1218
4032:Middlewares/Third_Party/FreeRTOS/Source/tasks.c **** 				{
 4577              		.loc 1 4032 11 is_stmt 0 view .LVU1219
 4578 0014 8269     		ldr	r2, [r0, #24]
4032:Middlewares/Third_Party/FreeRTOS/Source/tasks.c **** 				{
 4579              		.loc 1 4032 7 view .LVU1220
 4580 0016 002A     		cmp	r2, #0
 4581 0018 05DB     		blt	.L355
4034:Middlewares/Third_Party/FreeRTOS/Source/tasks.c **** 				}
 4582              		.loc 1 4034 6 is_stmt 1 view .LVU1221
 4583 001a 214A     		ldr	r2, .L365
 4584 001c 1268     		ldr	r2, [r2]
 4585 001e D26A     		ldr	r2, [r2, #44]
 4586 0020 C2F10702 		rsb	r2, r2, #7
 4587 0024 8261     		str	r2, [r0, #24]
 4588              	.L355:
4038:Middlewares/Third_Party/FreeRTOS/Source/tasks.c **** 				}
 4589              		.loc 1 4038 30 view .LVU1222
ARM GAS  D:\temp\TMP\ccyP8bey.s 			page 197


4043:Middlewares/Third_Party/FreeRTOS/Source/tasks.c **** 				{
 4590              		.loc 1 4043 5 view .LVU1223
4043:Middlewares/Third_Party/FreeRTOS/Source/tasks.c **** 				{
 4591              		.loc 1 4043 9 is_stmt 0 view .LVU1224
 4592 0026 6169     		ldr	r1, [r4, #20]
 4593 0028 03EB8303 		add	r3, r3, r3, lsl #2
 4594 002c 1D4A     		ldr	r2, .L365+4
 4595 002e 02EB8303 		add	r3, r2, r3, lsl #2
4043:Middlewares/Third_Party/FreeRTOS/Source/tasks.c **** 				{
 4596              		.loc 1 4043 7 view .LVU1225
 4597 0032 9942     		cmp	r1, r3
 4598 0034 05D0     		beq	.L364
4064:Middlewares/Third_Party/FreeRTOS/Source/tasks.c **** 				}
 4599              		.loc 1 4064 6 is_stmt 1 view .LVU1226
4064:Middlewares/Third_Party/FreeRTOS/Source/tasks.c **** 				}
 4600              		.loc 1 4064 49 is_stmt 0 view .LVU1227
 4601 0036 1A4B     		ldr	r3, .L365
 4602 0038 1B68     		ldr	r3, [r3]
 4603 003a DB6A     		ldr	r3, [r3, #44]
4064:Middlewares/Third_Party/FreeRTOS/Source/tasks.c **** 				}
 4604              		.loc 1 4064 35 view .LVU1228
 4605 003c E362     		str	r3, [r4, #44]
4070:Middlewares/Third_Party/FreeRTOS/Source/tasks.c **** 			}
 4606              		.loc 1 4070 13 view .LVU1229
 4607 003e 0120     		movs	r0, #1
 4608              	.LVL300:
 4609              	.L352:
4097:Middlewares/Third_Party/FreeRTOS/Source/tasks.c **** 
 4610              		.loc 1 4097 2 view .LVU1230
 4611 0040 38BD     		pop	{r3, r4, r5, pc}
 4612              	.LVL301:
 4613              	.L364:
4045:Middlewares/Third_Party/FreeRTOS/Source/tasks.c **** 					{
 4614              		.loc 1 4045 6 is_stmt 1 view .LVU1231
4045:Middlewares/Third_Party/FreeRTOS/Source/tasks.c **** 					{
 4615              		.loc 1 4045 24 is_stmt 0 view .LVU1232
 4616 0042 231D     		adds	r3, r4, #4
 4617 0044 1D46     		mov	r5, r3
4045:Middlewares/Third_Party/FreeRTOS/Source/tasks.c **** 					{
 4618              		.loc 1 4045 10 view .LVU1233
 4619 0046 1846     		mov	r0, r3
 4620              	.LVL302:
4045:Middlewares/Third_Party/FreeRTOS/Source/tasks.c **** 					{
 4621              		.loc 1 4045 10 view .LVU1234
 4622 0048 FFF7FEFF 		bl	uxListRemove
 4623              	.LVL303:
4045:Middlewares/Third_Party/FreeRTOS/Source/tasks.c **** 					{
 4624              		.loc 1 4045 8 discriminator 1 view .LVU1235
 4625 004c 38B9     		cbnz	r0, .L357
4050:Middlewares/Third_Party/FreeRTOS/Source/tasks.c **** 					}
 4626              		.loc 1 4050 7 is_stmt 1 view .LVU1236
 4627 004e E36A     		ldr	r3, [r4, #44]
 4628 0050 0122     		movs	r2, #1
 4629 0052 9A40     		lsls	r2, r2, r3
 4630 0054 1449     		ldr	r1, .L365+8
 4631 0056 0B68     		ldr	r3, [r1]
 4632 0058 23EA0203 		bic	r3, r3, r2
ARM GAS  D:\temp\TMP\ccyP8bey.s 			page 198


 4633 005c 0B60     		str	r3, [r1]
 4634              	.L357:
4054:Middlewares/Third_Party/FreeRTOS/Source/tasks.c **** 					}
 4635              		.loc 1 4054 31 view .LVU1237
4058:Middlewares/Third_Party/FreeRTOS/Source/tasks.c **** 					prvAddTaskToReadyList( pxMutexHolderTCB );
 4636              		.loc 1 4058 6 view .LVU1238
4058:Middlewares/Third_Party/FreeRTOS/Source/tasks.c **** 					prvAddTaskToReadyList( pxMutexHolderTCB );
 4637              		.loc 1 4058 49 is_stmt 0 view .LVU1239
 4638 005e 104B     		ldr	r3, .L365
 4639 0060 1B68     		ldr	r3, [r3]
 4640 0062 D86A     		ldr	r0, [r3, #44]
4058:Middlewares/Third_Party/FreeRTOS/Source/tasks.c **** 					prvAddTaskToReadyList( pxMutexHolderTCB );
 4641              		.loc 1 4058 35 view .LVU1240
 4642 0064 E062     		str	r0, [r4, #44]
4059:Middlewares/Third_Party/FreeRTOS/Source/tasks.c **** 				}
 4643              		.loc 1 4059 6 is_stmt 1 view .LVU1241
4059:Middlewares/Third_Party/FreeRTOS/Source/tasks.c **** 				}
 4644              		.loc 1 4059 6 view .LVU1242
 4645 0066 0124     		movs	r4, #1
 4646              	.LVL304:
4059:Middlewares/Third_Party/FreeRTOS/Source/tasks.c **** 				}
 4647              		.loc 1 4059 6 is_stmt 0 view .LVU1243
 4648 0068 04FA00F3 		lsl	r3, r4, r0
 4649 006c 0E4A     		ldr	r2, .L365+8
 4650 006e 1168     		ldr	r1, [r2]
 4651 0070 0B43     		orrs	r3, r3, r1
 4652 0072 1360     		str	r3, [r2]
4059:Middlewares/Third_Party/FreeRTOS/Source/tasks.c **** 				}
 4653              		.loc 1 4059 6 is_stmt 1 view .LVU1244
 4654 0074 00EB8000 		add	r0, r0, r0, lsl #2
 4655 0078 2946     		mov	r1, r5
 4656 007a 0A4B     		ldr	r3, .L365+4
 4657 007c 03EB8000 		add	r0, r3, r0, lsl #2
 4658 0080 FFF7FEFF 		bl	vListInsertEnd
 4659              	.LVL305:
4059:Middlewares/Third_Party/FreeRTOS/Source/tasks.c **** 				}
 4660              		.loc 1 4059 47 discriminator 1 view .LVU1245
4070:Middlewares/Third_Party/FreeRTOS/Source/tasks.c **** 			}
 4661              		.loc 1 4070 13 is_stmt 0 view .LVU1246
 4662 0084 2046     		mov	r0, r4
 4663 0086 DBE7     		b	.L352
 4664              	.LVL306:
 4665              	.L354:
4074:Middlewares/Third_Party/FreeRTOS/Source/tasks.c **** 				{
 4666              		.loc 1 4074 5 is_stmt 1 view .LVU1247
4074:Middlewares/Third_Party/FreeRTOS/Source/tasks.c **** 				{
 4667              		.loc 1 4074 25 is_stmt 0 view .LVU1248
 4668 0088 426C     		ldr	r2, [r0, #68]
4074:Middlewares/Third_Party/FreeRTOS/Source/tasks.c **** 				{
 4669              		.loc 1 4074 56 view .LVU1249
 4670 008a 054B     		ldr	r3, .L365
 4671 008c 1B68     		ldr	r3, [r3]
 4672 008e DB6A     		ldr	r3, [r3, #44]
4074:Middlewares/Third_Party/FreeRTOS/Source/tasks.c **** 				{
 4673              		.loc 1 4074 7 view .LVU1250
 4674 0090 9A42     		cmp	r2, r3
 4675 0092 01D3     		bcc	.L359
ARM GAS  D:\temp\TMP\ccyP8bey.s 			page 199


4017:Middlewares/Third_Party/FreeRTOS/Source/tasks.c **** 
 4676              		.loc 1 4017 13 view .LVU1251
 4677 0094 0020     		movs	r0, #0
 4678              	.LVL307:
4017:Middlewares/Third_Party/FreeRTOS/Source/tasks.c **** 
 4679              		.loc 1 4017 13 view .LVU1252
 4680 0096 D3E7     		b	.L352
 4681              	.LVL308:
 4682              	.L359:
4083:Middlewares/Third_Party/FreeRTOS/Source/tasks.c **** 				}
 4683              		.loc 1 4083 14 view .LVU1253
 4684 0098 0120     		movs	r0, #1
 4685              	.LVL309:
4093:Middlewares/Third_Party/FreeRTOS/Source/tasks.c **** 		}
 4686              		.loc 1 4093 28 is_stmt 1 view .LVU1254
4096:Middlewares/Third_Party/FreeRTOS/Source/tasks.c **** 	}
 4687              		.loc 1 4096 3 view .LVU1255
4096:Middlewares/Third_Party/FreeRTOS/Source/tasks.c **** 	}
 4688              		.loc 1 4096 10 is_stmt 0 view .LVU1256
 4689 009a D1E7     		b	.L352
 4690              	.LVL310:
 4691              	.L361:
 4692              	.LCFI43:
 4693              		.cfi_def_cfa_offset 0
 4694              		.cfi_restore 3
 4695              		.cfi_restore 4
 4696              		.cfi_restore 5
 4697              		.cfi_restore 14
4097:Middlewares/Third_Party/FreeRTOS/Source/tasks.c **** 
 4698              		.loc 1 4097 2 view .LVU1257
 4699 009c 7047     		bx	lr
 4700              	.L366:
 4701 009e 00BF     		.align	2
 4702              	.L365:
 4703 00a0 00000000 		.word	pxCurrentTCB
 4704 00a4 00000000 		.word	pxReadyTasksLists
 4705 00a8 00000000 		.word	uxTopReadyPriority
 4706              		.cfi_endproc
 4707              	.LFE44:
 4709              		.section	.text.xTaskPriorityDisinherit,"ax",%progbits
 4710              		.align	1
 4711              		.global	xTaskPriorityDisinherit
 4712              		.syntax unified
 4713              		.thumb
 4714              		.thumb_func
 4716              	xTaskPriorityDisinherit:
 4717              	.LVL311:
 4718              	.LFB45:
4105:Middlewares/Third_Party/FreeRTOS/Source/tasks.c **** 	TCB_t * const pxTCB = pxMutexHolder;
 4719              		.loc 1 4105 2 is_stmt 1 view -0
 4720              		.cfi_startproc
 4721              		@ args = 0, pretend = 0, frame = 0
 4722              		@ frame_needed = 0, uses_anonymous_args = 0
4106:Middlewares/Third_Party/FreeRTOS/Source/tasks.c **** 	BaseType_t xReturn = pdFALSE;
 4723              		.loc 1 4106 2 view .LVU1259
4107:Middlewares/Third_Party/FreeRTOS/Source/tasks.c **** 
 4724              		.loc 1 4107 2 view .LVU1260
ARM GAS  D:\temp\TMP\ccyP8bey.s 			page 200


4109:Middlewares/Third_Party/FreeRTOS/Source/tasks.c **** 		{
 4725              		.loc 1 4109 3 view .LVU1261
4109:Middlewares/Third_Party/FreeRTOS/Source/tasks.c **** 		{
 4726              		.loc 1 4109 5 is_stmt 0 view .LVU1262
 4727 0000 0028     		cmp	r0, #0
 4728 0002 4ED0     		beq	.L378
4105:Middlewares/Third_Party/FreeRTOS/Source/tasks.c **** 	TCB_t * const pxTCB = pxMutexHolder;
 4729              		.loc 1 4105 2 view .LVU1263
 4730 0004 38B5     		push	{r3, r4, r5, lr}
 4731              	.LCFI44:
 4732              		.cfi_def_cfa_offset 16
 4733              		.cfi_offset 3, -16
 4734              		.cfi_offset 4, -12
 4735              		.cfi_offset 5, -8
 4736              		.cfi_offset 14, -4
 4737 0006 0446     		mov	r4, r0
4115:Middlewares/Third_Party/FreeRTOS/Source/tasks.c **** 			configASSERT( pxTCB->uxMutexesHeld );
 4738              		.loc 1 4115 4 is_stmt 1 view .LVU1264
 4739 0008 264B     		ldr	r3, .L382
 4740 000a 1B68     		ldr	r3, [r3]
 4741 000c 8342     		cmp	r3, r0
 4742 000e 08D0     		beq	.L369
4115:Middlewares/Third_Party/FreeRTOS/Source/tasks.c **** 			configASSERT( pxTCB->uxMutexesHeld );
 4743              		.loc 1 4115 4 discriminator 1 view .LVU1265
 4744              	.LBB195:
 4745              	.LBI195:
 191:Middlewares/Third_Party/FreeRTOS/Source/portable/GCC/ARM_CM4F/portmacro.h **** {
 4746              		.loc 2 191 30 view .LVU1266
 4747              	.LBB196:
 193:Middlewares/Third_Party/FreeRTOS/Source/portable/GCC/ARM_CM4F/portmacro.h **** 
 4748              		.loc 2 193 1 view .LVU1267
 195:Middlewares/Third_Party/FreeRTOS/Source/portable/GCC/ARM_CM4F/portmacro.h **** 	(
 4749              		.loc 2 195 2 view .LVU1268
 4750              		.syntax unified
 4751              	@ 195 "Middlewares/Third_Party/FreeRTOS/Source/portable/GCC/ARM_CM4F/portmacro.h" 1
 4752 0010 4FF05003 			mov r3, #80												
 4753 0014 83F31188 		msr basepri, r3											
 4754 0018 BFF36F8F 		isb														
 4755 001c BFF34F8F 		dsb														
 4756              	
 4757              	@ 0 "" 2
 4758              		.thumb
 4759              		.syntax unified
 4760              	.L370:
 4761              	.LBE196:
 4762              	.LBE195:
4115:Middlewares/Third_Party/FreeRTOS/Source/tasks.c **** 			configASSERT( pxTCB->uxMutexesHeld );
 4763              		.loc 1 4115 4 view .LVU1269
 4764 0020 FEE7     		b	.L370
 4765              	.L369:
4115:Middlewares/Third_Party/FreeRTOS/Source/tasks.c **** 			configASSERT( pxTCB->uxMutexesHeld );
 4766              		.loc 1 4115 41 view .LVU1270
4116:Middlewares/Third_Party/FreeRTOS/Source/tasks.c **** 			( pxTCB->uxMutexesHeld )--;
 4767              		.loc 1 4116 4 view .LVU1271
 4768 0022 836C     		ldr	r3, [r0, #72]
 4769 0024 43B9     		cbnz	r3, .L371
4116:Middlewares/Third_Party/FreeRTOS/Source/tasks.c **** 			( pxTCB->uxMutexesHeld )--;
ARM GAS  D:\temp\TMP\ccyP8bey.s 			page 201


 4770              		.loc 1 4116 4 discriminator 1 view .LVU1272
 4771              	.LBB197:
 4772              	.LBI197:
 191:Middlewares/Third_Party/FreeRTOS/Source/portable/GCC/ARM_CM4F/portmacro.h **** {
 4773              		.loc 2 191 30 view .LVU1273
 4774              	.LBB198:
 193:Middlewares/Third_Party/FreeRTOS/Source/portable/GCC/ARM_CM4F/portmacro.h **** 
 4775              		.loc 2 193 1 view .LVU1274
 195:Middlewares/Third_Party/FreeRTOS/Source/portable/GCC/ARM_CM4F/portmacro.h **** 	(
 4776              		.loc 2 195 2 view .LVU1275
 4777              		.syntax unified
 4778              	@ 195 "Middlewares/Third_Party/FreeRTOS/Source/portable/GCC/ARM_CM4F/portmacro.h" 1
 4779 0026 4FF05003 			mov r3, #80												
 4780 002a 83F31188 		msr basepri, r3											
 4781 002e BFF36F8F 		isb														
 4782 0032 BFF34F8F 		dsb														
 4783              	
 4784              	@ 0 "" 2
 4785              		.thumb
 4786              		.syntax unified
 4787              	.L372:
 4788              	.LBE198:
 4789              	.LBE197:
4116:Middlewares/Third_Party/FreeRTOS/Source/tasks.c **** 			( pxTCB->uxMutexesHeld )--;
 4790              		.loc 1 4116 4 view .LVU1276
 4791 0036 FEE7     		b	.L372
 4792              	.L371:
4116:Middlewares/Third_Party/FreeRTOS/Source/tasks.c **** 			( pxTCB->uxMutexesHeld )--;
 4793              		.loc 1 4116 40 view .LVU1277
4117:Middlewares/Third_Party/FreeRTOS/Source/tasks.c **** 
 4794              		.loc 1 4117 4 view .LVU1278
4117:Middlewares/Third_Party/FreeRTOS/Source/tasks.c **** 
 4795              		.loc 1 4117 28 is_stmt 0 view .LVU1279
 4796 0038 013B     		subs	r3, r3, #1
 4797 003a 8364     		str	r3, [r0, #72]
4121:Middlewares/Third_Party/FreeRTOS/Source/tasks.c **** 			{
 4798              		.loc 1 4121 4 is_stmt 1 view .LVU1280
4121:Middlewares/Third_Party/FreeRTOS/Source/tasks.c **** 			{
 4799              		.loc 1 4121 13 is_stmt 0 view .LVU1281
 4800 003c C16A     		ldr	r1, [r0, #44]
4121:Middlewares/Third_Party/FreeRTOS/Source/tasks.c **** 			{
 4801              		.loc 1 4121 34 view .LVU1282
 4802 003e 426C     		ldr	r2, [r0, #68]
4121:Middlewares/Third_Party/FreeRTOS/Source/tasks.c **** 			{
 4803              		.loc 1 4121 6 view .LVU1283
 4804 0040 9142     		cmp	r1, r2
 4805 0042 2CD0     		beq	.L375
4124:Middlewares/Third_Party/FreeRTOS/Source/tasks.c **** 				{
 4806              		.loc 1 4124 5 is_stmt 1 view .LVU1284
4124:Middlewares/Third_Party/FreeRTOS/Source/tasks.c **** 				{
 4807              		.loc 1 4124 7 is_stmt 0 view .LVU1285
 4808 0044 0BB1     		cbz	r3, .L381
4107:Middlewares/Third_Party/FreeRTOS/Source/tasks.c **** 
 4809              		.loc 1 4107 13 view .LVU1286
 4810 0046 0020     		movs	r0, #0
 4811              	.LVL312:
4173:Middlewares/Third_Party/FreeRTOS/Source/tasks.c **** 		}
ARM GAS  D:\temp\TMP\ccyP8bey.s 			page 202


 4812              		.loc 1 4173 28 is_stmt 1 view .LVU1287
4176:Middlewares/Third_Party/FreeRTOS/Source/tasks.c **** 	}
 4813              		.loc 1 4176 3 view .LVU1288
 4814              	.L367:
4177:Middlewares/Third_Party/FreeRTOS/Source/tasks.c **** 
 4815              		.loc 1 4177 2 is_stmt 0 view .LVU1289
 4816 0048 38BD     		pop	{r3, r4, r5, pc}
 4817              	.LVL313:
 4818              	.L381:
4131:Middlewares/Third_Party/FreeRTOS/Source/tasks.c **** 					{
 4819              		.loc 1 4131 6 is_stmt 1 view .LVU1290
4131:Middlewares/Third_Party/FreeRTOS/Source/tasks.c **** 					{
 4820              		.loc 1 4131 24 is_stmt 0 view .LVU1291
 4821 004a 031D     		adds	r3, r0, #4
 4822 004c 1D46     		mov	r5, r3
4131:Middlewares/Third_Party/FreeRTOS/Source/tasks.c **** 					{
 4823              		.loc 1 4131 10 view .LVU1292
 4824 004e 1846     		mov	r0, r3
 4825              	.LVL314:
4131:Middlewares/Third_Party/FreeRTOS/Source/tasks.c **** 					{
 4826              		.loc 1 4131 10 view .LVU1293
 4827 0050 FFF7FEFF 		bl	uxListRemove
 4828              	.LVL315:
4131:Middlewares/Third_Party/FreeRTOS/Source/tasks.c **** 					{
 4829              		.loc 1 4131 8 discriminator 1 view .LVU1294
 4830 0054 68B9     		cbnz	r0, .L373
4133:Middlewares/Third_Party/FreeRTOS/Source/tasks.c **** 					}
 4831              		.loc 1 4133 7 is_stmt 1 view .LVU1295
 4832 0056 E36A     		ldr	r3, [r4, #44]
 4833 0058 03EB8302 		add	r2, r3, r3, lsl #2
 4834 005c 9200     		lsls	r2, r2, #2
 4835 005e 1249     		ldr	r1, .L382+4
 4836 0060 8A58     		ldr	r2, [r1, r2]
 4837 0062 32B9     		cbnz	r2, .L373
4133:Middlewares/Third_Party/FreeRTOS/Source/tasks.c **** 					}
 4838              		.loc 1 4133 7 discriminator 1 view .LVU1296
 4839 0064 0122     		movs	r2, #1
 4840 0066 9A40     		lsls	r2, r2, r3
 4841 0068 1049     		ldr	r1, .L382+8
 4842 006a 0B68     		ldr	r3, [r1]
 4843 006c 23EA0203 		bic	r3, r3, r2
 4844 0070 0B60     		str	r3, [r1]
 4845              	.L373:
4137:Middlewares/Third_Party/FreeRTOS/Source/tasks.c **** 					}
 4846              		.loc 1 4137 31 view .LVU1297
4142:Middlewares/Third_Party/FreeRTOS/Source/tasks.c **** 					pxTCB->uxPriority = pxTCB->uxBasePriority;
 4847              		.loc 1 4142 67 view .LVU1298
4143:Middlewares/Third_Party/FreeRTOS/Source/tasks.c **** 
 4848              		.loc 1 4143 6 view .LVU1299
4143:Middlewares/Third_Party/FreeRTOS/Source/tasks.c **** 
 4849              		.loc 1 4143 31 is_stmt 0 view .LVU1300
 4850 0072 606C     		ldr	r0, [r4, #68]
4143:Middlewares/Third_Party/FreeRTOS/Source/tasks.c **** 
 4851              		.loc 1 4143 24 view .LVU1301
 4852 0074 E062     		str	r0, [r4, #44]
4148:Middlewares/Third_Party/FreeRTOS/Source/tasks.c **** 					prvAddTaskToReadyList( pxTCB );
 4853              		.loc 1 4148 6 is_stmt 1 view .LVU1302
ARM GAS  D:\temp\TMP\ccyP8bey.s 			page 203


 4854 0076 C0F10703 		rsb	r3, r0, #7
 4855 007a A361     		str	r3, [r4, #24]
4149:Middlewares/Third_Party/FreeRTOS/Source/tasks.c **** 
 4856              		.loc 1 4149 6 view .LVU1303
4149:Middlewares/Third_Party/FreeRTOS/Source/tasks.c **** 
 4857              		.loc 1 4149 6 view .LVU1304
 4858 007c 0124     		movs	r4, #1
 4859              	.LVL316:
4149:Middlewares/Third_Party/FreeRTOS/Source/tasks.c **** 
 4860              		.loc 1 4149 6 is_stmt 0 view .LVU1305
 4861 007e 04FA00F3 		lsl	r3, r4, r0
 4862 0082 0A4A     		ldr	r2, .L382+8
 4863 0084 1168     		ldr	r1, [r2]
 4864 0086 0B43     		orrs	r3, r3, r1
 4865 0088 1360     		str	r3, [r2]
4149:Middlewares/Third_Party/FreeRTOS/Source/tasks.c **** 
 4866              		.loc 1 4149 6 is_stmt 1 view .LVU1306
 4867 008a 00EB8000 		add	r0, r0, r0, lsl #2
 4868 008e 2946     		mov	r1, r5
 4869 0090 054B     		ldr	r3, .L382+4
 4870 0092 03EB8000 		add	r0, r3, r0, lsl #2
 4871 0096 FFF7FEFF 		bl	vListInsertEnd
 4872              	.LVL317:
4149:Middlewares/Third_Party/FreeRTOS/Source/tasks.c **** 
 4873              		.loc 1 4149 36 discriminator 1 view .LVU1307
4159:Middlewares/Third_Party/FreeRTOS/Source/tasks.c **** 				}
 4874              		.loc 1 4159 6 view .LVU1308
4159:Middlewares/Third_Party/FreeRTOS/Source/tasks.c **** 				}
 4875              		.loc 1 4159 14 is_stmt 0 view .LVU1309
 4876 009a 2046     		mov	r0, r4
 4877 009c D4E7     		b	.L367
 4878              	.LVL318:
 4879              	.L375:
4107:Middlewares/Third_Party/FreeRTOS/Source/tasks.c **** 
 4880              		.loc 1 4107 13 view .LVU1310
 4881 009e 0020     		movs	r0, #0
 4882              	.LVL319:
4107:Middlewares/Third_Party/FreeRTOS/Source/tasks.c **** 
 4883              		.loc 1 4107 13 view .LVU1311
 4884 00a0 D2E7     		b	.L367
 4885              	.LVL320:
 4886              	.L378:
 4887              	.LCFI45:
 4888              		.cfi_def_cfa_offset 0
 4889              		.cfi_restore 3
 4890              		.cfi_restore 4
 4891              		.cfi_restore 5
 4892              		.cfi_restore 14
4177:Middlewares/Third_Party/FreeRTOS/Source/tasks.c **** 
 4893              		.loc 1 4177 2 view .LVU1312
 4894 00a2 7047     		bx	lr
 4895              	.L383:
 4896              		.align	2
 4897              	.L382:
 4898 00a4 00000000 		.word	pxCurrentTCB
 4899 00a8 00000000 		.word	pxReadyTasksLists
 4900 00ac 00000000 		.word	uxTopReadyPriority
ARM GAS  D:\temp\TMP\ccyP8bey.s 			page 204


 4901              		.cfi_endproc
 4902              	.LFE45:
 4904              		.section	.text.vTaskPriorityDisinheritAfterTimeout,"ax",%progbits
 4905              		.align	1
 4906              		.global	vTaskPriorityDisinheritAfterTimeout
 4907              		.syntax unified
 4908              		.thumb
 4909              		.thumb_func
 4911              	vTaskPriorityDisinheritAfterTimeout:
 4912              	.LVL321:
 4913              	.LFB46:
4185:Middlewares/Third_Party/FreeRTOS/Source/tasks.c **** 	TCB_t * const pxTCB = pxMutexHolder;
 4914              		.loc 1 4185 2 is_stmt 1 view -0
 4915              		.cfi_startproc
 4916              		@ args = 0, pretend = 0, frame = 0
 4917              		@ frame_needed = 0, uses_anonymous_args = 0
4186:Middlewares/Third_Party/FreeRTOS/Source/tasks.c **** 	UBaseType_t uxPriorityUsedOnEntry, uxPriorityToUse;
 4918              		.loc 1 4186 2 view .LVU1314
4187:Middlewares/Third_Party/FreeRTOS/Source/tasks.c **** 	const UBaseType_t uxOnlyOneMutexHeld = ( UBaseType_t ) 1;
 4919              		.loc 1 4187 2 view .LVU1315
4188:Middlewares/Third_Party/FreeRTOS/Source/tasks.c **** 
 4920              		.loc 1 4188 2 view .LVU1316
4190:Middlewares/Third_Party/FreeRTOS/Source/tasks.c **** 		{
 4921              		.loc 1 4190 3 view .LVU1317
4190:Middlewares/Third_Party/FreeRTOS/Source/tasks.c **** 		{
 4922              		.loc 1 4190 5 is_stmt 0 view .LVU1318
 4923 0000 0028     		cmp	r0, #0
 4924 0002 50D0     		beq	.L394
4185:Middlewares/Third_Party/FreeRTOS/Source/tasks.c **** 	TCB_t * const pxTCB = pxMutexHolder;
 4925              		.loc 1 4185 2 view .LVU1319
 4926 0004 38B5     		push	{r3, r4, r5, lr}
 4927              	.LCFI46:
 4928              		.cfi_def_cfa_offset 16
 4929              		.cfi_offset 3, -16
 4930              		.cfi_offset 4, -12
 4931              		.cfi_offset 5, -8
 4932              		.cfi_offset 14, -4
 4933 0006 0446     		mov	r4, r0
4194:Middlewares/Third_Party/FreeRTOS/Source/tasks.c **** 
 4934              		.loc 1 4194 4 is_stmt 1 view .LVU1320
 4935 0008 836C     		ldr	r3, [r0, #72]
 4936 000a 43B9     		cbnz	r3, .L386
4194:Middlewares/Third_Party/FreeRTOS/Source/tasks.c **** 
 4937              		.loc 1 4194 4 discriminator 1 view .LVU1321
 4938              	.LBB199:
 4939              	.LBI199:
 191:Middlewares/Third_Party/FreeRTOS/Source/portable/GCC/ARM_CM4F/portmacro.h **** {
 4940              		.loc 2 191 30 view .LVU1322
 4941              	.LBB200:
 193:Middlewares/Third_Party/FreeRTOS/Source/portable/GCC/ARM_CM4F/portmacro.h **** 
 4942              		.loc 2 193 1 view .LVU1323
 195:Middlewares/Third_Party/FreeRTOS/Source/portable/GCC/ARM_CM4F/portmacro.h **** 	(
 4943              		.loc 2 195 2 view .LVU1324
 4944              		.syntax unified
 4945              	@ 195 "Middlewares/Third_Party/FreeRTOS/Source/portable/GCC/ARM_CM4F/portmacro.h" 1
 4946 000c 4FF05003 			mov r3, #80												
 4947 0010 83F31188 		msr basepri, r3											
ARM GAS  D:\temp\TMP\ccyP8bey.s 			page 205


 4948 0014 BFF36F8F 		isb														
 4949 0018 BFF34F8F 		dsb														
 4950              	
 4951              	@ 0 "" 2
 4952              		.thumb
 4953              		.syntax unified
 4954              	.L387:
 4955              	.LBE200:
 4956              	.LBE199:
4194:Middlewares/Third_Party/FreeRTOS/Source/tasks.c **** 
 4957              		.loc 1 4194 4 view .LVU1325
 4958 001c FEE7     		b	.L387
 4959              	.L386:
4194:Middlewares/Third_Party/FreeRTOS/Source/tasks.c **** 
 4960              		.loc 1 4194 40 view .LVU1326
4200:Middlewares/Third_Party/FreeRTOS/Source/tasks.c **** 			{
 4961              		.loc 1 4200 4 view .LVU1327
4200:Middlewares/Third_Party/FreeRTOS/Source/tasks.c **** 			{
 4962              		.loc 1 4200 13 is_stmt 0 view .LVU1328
 4963 001e 426C     		ldr	r2, [r0, #68]
4200:Middlewares/Third_Party/FreeRTOS/Source/tasks.c **** 			{
 4964              		.loc 1 4200 6 view .LVU1329
 4965 0020 8A42     		cmp	r2, r1
 4966 0022 00D2     		bcs	.L388
4202:Middlewares/Third_Party/FreeRTOS/Source/tasks.c **** 			}
 4967              		.loc 1 4202 21 view .LVU1330
 4968 0024 0A46     		mov	r2, r1
 4969              	.L388:
 4970              	.LVL322:
4210:Middlewares/Third_Party/FreeRTOS/Source/tasks.c **** 			{
 4971              		.loc 1 4210 4 is_stmt 1 view .LVU1331
4210:Middlewares/Third_Party/FreeRTOS/Source/tasks.c **** 			{
 4972              		.loc 1 4210 13 is_stmt 0 view .LVU1332
 4973 0026 E16A     		ldr	r1, [r4, #44]
 4974              	.LVL323:
4210:Middlewares/Third_Party/FreeRTOS/Source/tasks.c **** 			{
 4975              		.loc 1 4210 6 view .LVU1333
 4976 0028 9142     		cmp	r1, r2
 4977 002a 01D0     		beq	.L384
4216:Middlewares/Third_Party/FreeRTOS/Source/tasks.c **** 				{
 4978              		.loc 1 4216 5 is_stmt 1 view .LVU1334
4216:Middlewares/Third_Party/FreeRTOS/Source/tasks.c **** 				{
 4979              		.loc 1 4216 7 is_stmt 0 view .LVU1335
 4980 002c 012B     		cmp	r3, #1
 4981 002e 00D0     		beq	.L397
 4982              	.LVL324:
 4983              	.L384:
4282:Middlewares/Third_Party/FreeRTOS/Source/tasks.c **** 
 4984              		.loc 1 4282 2 view .LVU1336
 4985 0030 38BD     		pop	{r3, r4, r5, pc}
 4986              	.LVL325:
 4987              	.L397:
4221:Middlewares/Third_Party/FreeRTOS/Source/tasks.c **** 
 4988              		.loc 1 4221 6 is_stmt 1 view .LVU1337
 4989 0032 1D4B     		ldr	r3, .L399
 4990 0034 1B68     		ldr	r3, [r3]
 4991 0036 A342     		cmp	r3, r4
ARM GAS  D:\temp\TMP\ccyP8bey.s 			page 206


 4992 0038 2CD0     		beq	.L398
4221:Middlewares/Third_Party/FreeRTOS/Source/tasks.c **** 
 4993              		.loc 1 4221 43 view .LVU1338
4226:Middlewares/Third_Party/FreeRTOS/Source/tasks.c **** 					uxPriorityUsedOnEntry = pxTCB->uxPriority;
 4994              		.loc 1 4226 67 view .LVU1339
4227:Middlewares/Third_Party/FreeRTOS/Source/tasks.c **** 					pxTCB->uxPriority = uxPriorityToUse;
 4995              		.loc 1 4227 6 view .LVU1340
 4996              	.LVL326:
4228:Middlewares/Third_Party/FreeRTOS/Source/tasks.c **** 
 4997              		.loc 1 4228 6 view .LVU1341
4228:Middlewares/Third_Party/FreeRTOS/Source/tasks.c **** 
 4998              		.loc 1 4228 24 is_stmt 0 view .LVU1342
 4999 003a E262     		str	r2, [r4, #44]
4232:Middlewares/Third_Party/FreeRTOS/Source/tasks.c **** 					{
 5000              		.loc 1 4232 6 is_stmt 1 view .LVU1343
4232:Middlewares/Third_Party/FreeRTOS/Source/tasks.c **** 					{
 5001              		.loc 1 4232 12 is_stmt 0 view .LVU1344
 5002 003c A369     		ldr	r3, [r4, #24]
4232:Middlewares/Third_Party/FreeRTOS/Source/tasks.c **** 					{
 5003              		.loc 1 4232 8 view .LVU1345
 5004 003e 002B     		cmp	r3, #0
 5005 0040 02DB     		blt	.L391
4234:Middlewares/Third_Party/FreeRTOS/Source/tasks.c **** 					}
 5006              		.loc 1 4234 7 is_stmt 1 view .LVU1346
 5007 0042 C2F10702 		rsb	r2, r2, #7
 5008              	.LVL327:
4234:Middlewares/Third_Party/FreeRTOS/Source/tasks.c **** 					}
 5009              		.loc 1 4234 7 is_stmt 0 view .LVU1347
 5010 0046 A261     		str	r2, [r4, #24]
 5011              	.L391:
4238:Middlewares/Third_Party/FreeRTOS/Source/tasks.c **** 					}
 5012              		.loc 1 4238 31 is_stmt 1 view .LVU1348
4247:Middlewares/Third_Party/FreeRTOS/Source/tasks.c **** 					{
 5013              		.loc 1 4247 6 view .LVU1349
4247:Middlewares/Third_Party/FreeRTOS/Source/tasks.c **** 					{
 5014              		.loc 1 4247 10 is_stmt 0 view .LVU1350
 5015 0048 6269     		ldr	r2, [r4, #20]
 5016 004a 01EB8101 		add	r1, r1, r1, lsl #2
 5017              	.LVL328:
4247:Middlewares/Third_Party/FreeRTOS/Source/tasks.c **** 					{
 5018              		.loc 1 4247 10 view .LVU1351
 5019 004e 174B     		ldr	r3, .L399+4
 5020 0050 03EB8103 		add	r3, r3, r1, lsl #2
4247:Middlewares/Third_Party/FreeRTOS/Source/tasks.c **** 					{
 5021              		.loc 1 4247 8 view .LVU1352
 5022 0054 9A42     		cmp	r2, r3
 5023 0056 EBD1     		bne	.L384
4249:Middlewares/Third_Party/FreeRTOS/Source/tasks.c **** 						{
 5024              		.loc 1 4249 7 is_stmt 1 view .LVU1353
4249:Middlewares/Third_Party/FreeRTOS/Source/tasks.c **** 						{
 5025              		.loc 1 4249 25 is_stmt 0 view .LVU1354
 5026 0058 231D     		adds	r3, r4, #4
 5027 005a 1D46     		mov	r5, r3
4249:Middlewares/Third_Party/FreeRTOS/Source/tasks.c **** 						{
 5028              		.loc 1 4249 11 view .LVU1355
 5029 005c 1846     		mov	r0, r3
 5030              	.LVL329:
ARM GAS  D:\temp\TMP\ccyP8bey.s 			page 207


4249:Middlewares/Third_Party/FreeRTOS/Source/tasks.c **** 						{
 5031              		.loc 1 4249 11 view .LVU1356
 5032 005e FFF7FEFF 		bl	uxListRemove
 5033              	.LVL330:
4249:Middlewares/Third_Party/FreeRTOS/Source/tasks.c **** 						{
 5034              		.loc 1 4249 9 discriminator 1 view .LVU1357
 5035 0062 38B9     		cbnz	r0, .L392
4254:Middlewares/Third_Party/FreeRTOS/Source/tasks.c **** 						}
 5036              		.loc 1 4254 8 is_stmt 1 view .LVU1358
 5037 0064 E36A     		ldr	r3, [r4, #44]
 5038 0066 0122     		movs	r2, #1
 5039 0068 9A40     		lsls	r2, r2, r3
 5040 006a 1149     		ldr	r1, .L399+8
 5041 006c 0B68     		ldr	r3, [r1]
 5042 006e 23EA0203 		bic	r3, r3, r2
 5043 0072 0B60     		str	r3, [r1]
 5044              	.L392:
4258:Middlewares/Third_Party/FreeRTOS/Source/tasks.c **** 						}
 5045              		.loc 1 4258 32 view .LVU1359
4261:Middlewares/Third_Party/FreeRTOS/Source/tasks.c **** 					}
 5046              		.loc 1 4261 7 view .LVU1360
4261:Middlewares/Third_Party/FreeRTOS/Source/tasks.c **** 					}
 5047              		.loc 1 4261 7 view .LVU1361
 5048 0074 E06A     		ldr	r0, [r4, #44]
 5049 0076 0123     		movs	r3, #1
 5050 0078 8340     		lsls	r3, r3, r0
 5051 007a 0D4A     		ldr	r2, .L399+8
 5052 007c 1168     		ldr	r1, [r2]
 5053 007e 0B43     		orrs	r3, r3, r1
 5054 0080 1360     		str	r3, [r2]
4261:Middlewares/Third_Party/FreeRTOS/Source/tasks.c **** 					}
 5055              		.loc 1 4261 7 view .LVU1362
 5056 0082 00EB8000 		add	r0, r0, r0, lsl #2
 5057 0086 2946     		mov	r1, r5
 5058 0088 084B     		ldr	r3, .L399+4
 5059 008a 03EB8000 		add	r0, r3, r0, lsl #2
 5060 008e FFF7FEFF 		bl	vListInsertEnd
 5061              	.LVL331:
4261:Middlewares/Third_Party/FreeRTOS/Source/tasks.c **** 					}
 5062              		.loc 1 4261 37 discriminator 1 view .LVU1363
4280:Middlewares/Third_Party/FreeRTOS/Source/tasks.c **** 		}
 5063              		.loc 1 4280 28 view .LVU1364
4282:Middlewares/Third_Party/FreeRTOS/Source/tasks.c **** 
 5064              		.loc 1 4282 2 is_stmt 0 view .LVU1365
 5065 0092 CDE7     		b	.L384
 5066              	.LVL332:
 5067              	.L398:
4221:Middlewares/Third_Party/FreeRTOS/Source/tasks.c **** 
 5068              		.loc 1 4221 6 is_stmt 1 discriminator 1 view .LVU1366
 5069              	.LBB201:
 5070              	.LBI201:
 191:Middlewares/Third_Party/FreeRTOS/Source/portable/GCC/ARM_CM4F/portmacro.h **** {
 5071              		.loc 2 191 30 view .LVU1367
 5072              	.LBB202:
 193:Middlewares/Third_Party/FreeRTOS/Source/portable/GCC/ARM_CM4F/portmacro.h **** 
 5073              		.loc 2 193 1 view .LVU1368
 195:Middlewares/Third_Party/FreeRTOS/Source/portable/GCC/ARM_CM4F/portmacro.h **** 	(
ARM GAS  D:\temp\TMP\ccyP8bey.s 			page 208


 5074              		.loc 2 195 2 view .LVU1369
 5075              		.syntax unified
 5076              	@ 195 "Middlewares/Third_Party/FreeRTOS/Source/portable/GCC/ARM_CM4F/portmacro.h" 1
 5077 0094 4FF05003 			mov r3, #80												
 5078 0098 83F31188 		msr basepri, r3											
 5079 009c BFF36F8F 		isb														
 5080 00a0 BFF34F8F 		dsb														
 5081              	
 5082              	@ 0 "" 2
 5083              		.thumb
 5084              		.syntax unified
 5085              	.L390:
 5086              	.LBE202:
 5087              	.LBE201:
4221:Middlewares/Third_Party/FreeRTOS/Source/tasks.c **** 
 5088              		.loc 1 4221 6 view .LVU1370
 5089 00a4 FEE7     		b	.L390
 5090              	.LVL333:
 5091              	.L394:
 5092              	.LCFI47:
 5093              		.cfi_def_cfa_offset 0
 5094              		.cfi_restore 3
 5095              		.cfi_restore 4
 5096              		.cfi_restore 5
 5097              		.cfi_restore 14
4221:Middlewares/Third_Party/FreeRTOS/Source/tasks.c **** 
 5098              		.loc 1 4221 6 is_stmt 0 view .LVU1371
 5099 00a6 7047     		bx	lr
 5100              	.L400:
 5101              		.align	2
 5102              	.L399:
 5103 00a8 00000000 		.word	pxCurrentTCB
 5104 00ac 00000000 		.word	pxReadyTasksLists
 5105 00b0 00000000 		.word	uxTopReadyPriority
 5106              		.cfi_endproc
 5107              	.LFE46:
 5109              		.section	.text.uxTaskResetEventItemValue,"ax",%progbits
 5110              		.align	1
 5111              		.global	uxTaskResetEventItemValue
 5112              		.syntax unified
 5113              		.thumb
 5114              		.thumb_func
 5116              	uxTaskResetEventItemValue:
 5117              	.LFB47:
4603:Middlewares/Third_Party/FreeRTOS/Source/tasks.c **** TickType_t uxReturn;
 5118              		.loc 1 4603 1 is_stmt 1 view -0
 5119              		.cfi_startproc
 5120              		@ args = 0, pretend = 0, frame = 0
 5121              		@ frame_needed = 0, uses_anonymous_args = 0
 5122              		@ link register save eliminated.
4604:Middlewares/Third_Party/FreeRTOS/Source/tasks.c **** 
 5123              		.loc 1 4604 1 view .LVU1373
4606:Middlewares/Third_Party/FreeRTOS/Source/tasks.c **** 
 5124              		.loc 1 4606 2 view .LVU1374
4606:Middlewares/Third_Party/FreeRTOS/Source/tasks.c **** 
 5125              		.loc 1 4606 13 is_stmt 0 view .LVU1375
 5126 0000 044A     		ldr	r2, .L402
ARM GAS  D:\temp\TMP\ccyP8bey.s 			page 209


 5127 0002 1368     		ldr	r3, [r2]
4606:Middlewares/Third_Party/FreeRTOS/Source/tasks.c **** 
 5128              		.loc 1 4606 11 view .LVU1376
 5129 0004 9869     		ldr	r0, [r3, #24]
 5130              	.LVL334:
4610:Middlewares/Third_Party/FreeRTOS/Source/tasks.c **** 
 5131              		.loc 1 4610 2 is_stmt 1 view .LVU1377
 5132 0006 1368     		ldr	r3, [r2]
 5133 0008 DB6A     		ldr	r3, [r3, #44]
 5134 000a 1268     		ldr	r2, [r2]
 5135 000c C3F10703 		rsb	r3, r3, #7
 5136 0010 9361     		str	r3, [r2, #24]
4612:Middlewares/Third_Party/FreeRTOS/Source/tasks.c **** }
 5137              		.loc 1 4612 2 view .LVU1378
4613:Middlewares/Third_Party/FreeRTOS/Source/tasks.c **** /*-----------------------------------------------------------*/
 5138              		.loc 1 4613 1 is_stmt 0 view .LVU1379
 5139 0012 7047     		bx	lr
 5140              	.L403:
 5141              		.align	2
 5142              	.L402:
 5143 0014 00000000 		.word	pxCurrentTCB
 5144              		.cfi_endproc
 5145              	.LFE47:
 5147              		.section	.text.pvTaskIncrementMutexHeldCount,"ax",%progbits
 5148              		.align	1
 5149              		.global	pvTaskIncrementMutexHeldCount
 5150              		.syntax unified
 5151              		.thumb
 5152              		.thumb_func
 5154              	pvTaskIncrementMutexHeldCount:
 5155              	.LFB48:
4619:Middlewares/Third_Party/FreeRTOS/Source/tasks.c **** 		/* If xSemaphoreCreateMutex() is called before any tasks have been created
 5156              		.loc 1 4619 2 is_stmt 1 view -0
 5157              		.cfi_startproc
 5158              		@ args = 0, pretend = 0, frame = 0
 5159              		@ frame_needed = 0, uses_anonymous_args = 0
 5160              		@ link register save eliminated.
4622:Middlewares/Third_Party/FreeRTOS/Source/tasks.c **** 		{
 5161              		.loc 1 4622 3 view .LVU1381
4622:Middlewares/Third_Party/FreeRTOS/Source/tasks.c **** 		{
 5162              		.loc 1 4622 20 is_stmt 0 view .LVU1382
 5163 0000 054B     		ldr	r3, .L406
 5164 0002 1B68     		ldr	r3, [r3]
4622:Middlewares/Third_Party/FreeRTOS/Source/tasks.c **** 		{
 5165              		.loc 1 4622 5 view .LVU1383
 5166 0004 23B1     		cbz	r3, .L405
4624:Middlewares/Third_Party/FreeRTOS/Source/tasks.c **** 		}
 5167              		.loc 1 4624 4 is_stmt 1 view .LVU1384
4624:Middlewares/Third_Party/FreeRTOS/Source/tasks.c **** 		}
 5168              		.loc 1 4624 18 is_stmt 0 view .LVU1385
 5169 0006 044B     		ldr	r3, .L406
 5170 0008 1A68     		ldr	r2, [r3]
 5171 000a 936C     		ldr	r3, [r2, #72]
4624:Middlewares/Third_Party/FreeRTOS/Source/tasks.c **** 		}
 5172              		.loc 1 4624 35 view .LVU1386
 5173 000c 0133     		adds	r3, r3, #1
 5174 000e 9364     		str	r3, [r2, #72]
ARM GAS  D:\temp\TMP\ccyP8bey.s 			page 210


 5175              	.L405:
4627:Middlewares/Third_Party/FreeRTOS/Source/tasks.c **** 	}
 5176              		.loc 1 4627 3 is_stmt 1 view .LVU1387
4627:Middlewares/Third_Party/FreeRTOS/Source/tasks.c **** 	}
 5177              		.loc 1 4627 10 is_stmt 0 view .LVU1388
 5178 0010 014B     		ldr	r3, .L406
 5179 0012 1868     		ldr	r0, [r3]
4628:Middlewares/Third_Party/FreeRTOS/Source/tasks.c **** 
 5180              		.loc 1 4628 2 view .LVU1389
 5181 0014 7047     		bx	lr
 5182              	.L407:
 5183 0016 00BF     		.align	2
 5184              	.L406:
 5185 0018 00000000 		.word	pxCurrentTCB
 5186              		.cfi_endproc
 5187              	.LFE48:
 5189              		.section	.text.ulTaskNotifyTake,"ax",%progbits
 5190              		.align	1
 5191              		.global	ulTaskNotifyTake
 5192              		.syntax unified
 5193              		.thumb
 5194              		.thumb_func
 5196              	ulTaskNotifyTake:
 5197              	.LVL335:
 5198              	.LFB49:
4636:Middlewares/Third_Party/FreeRTOS/Source/tasks.c **** 	uint32_t ulReturn;
 5199              		.loc 1 4636 2 is_stmt 1 view -0
 5200              		.cfi_startproc
 5201              		@ args = 0, pretend = 0, frame = 0
 5202              		@ frame_needed = 0, uses_anonymous_args = 0
4636:Middlewares/Third_Party/FreeRTOS/Source/tasks.c **** 	uint32_t ulReturn;
 5203              		.loc 1 4636 2 is_stmt 0 view .LVU1391
 5204 0000 38B5     		push	{r3, r4, r5, lr}
 5205              	.LCFI48:
 5206              		.cfi_def_cfa_offset 16
 5207              		.cfi_offset 3, -16
 5208              		.cfi_offset 4, -12
 5209              		.cfi_offset 5, -8
 5210              		.cfi_offset 14, -4
 5211 0002 0546     		mov	r5, r0
 5212 0004 0C46     		mov	r4, r1
4637:Middlewares/Third_Party/FreeRTOS/Source/tasks.c **** 
 5213              		.loc 1 4637 2 is_stmt 1 view .LVU1392
4639:Middlewares/Third_Party/FreeRTOS/Source/tasks.c **** 		{
 5214              		.loc 1 4639 3 view .LVU1393
 5215 0006 FFF7FEFF 		bl	vPortEnterCritical
 5216              	.LVL336:
4642:Middlewares/Third_Party/FreeRTOS/Source/tasks.c **** 			{
 5217              		.loc 1 4642 4 view .LVU1394
4642:Middlewares/Third_Party/FreeRTOS/Source/tasks.c **** 			{
 5218              		.loc 1 4642 20 is_stmt 0 view .LVU1395
 5219 000a 1A4B     		ldr	r3, .L414
 5220 000c 1B68     		ldr	r3, [r3]
 5221 000e DB6C     		ldr	r3, [r3, #76]
4642:Middlewares/Third_Party/FreeRTOS/Source/tasks.c **** 			{
 5222              		.loc 1 4642 6 view .LVU1396
 5223 0010 2BB9     		cbnz	r3, .L409
ARM GAS  D:\temp\TMP\ccyP8bey.s 			page 211


4645:Middlewares/Third_Party/FreeRTOS/Source/tasks.c **** 
 5224              		.loc 1 4645 5 is_stmt 1 view .LVU1397
4645:Middlewares/Third_Party/FreeRTOS/Source/tasks.c **** 
 5225              		.loc 1 4645 17 is_stmt 0 view .LVU1398
 5226 0012 184B     		ldr	r3, .L414
 5227 0014 1B68     		ldr	r3, [r3]
4645:Middlewares/Third_Party/FreeRTOS/Source/tasks.c **** 
 5228              		.loc 1 4645 33 view .LVU1399
 5229 0016 0122     		movs	r2, #1
 5230 0018 83F85020 		strb	r2, [r3, #80]
4647:Middlewares/Third_Party/FreeRTOS/Source/tasks.c **** 				{
 5231              		.loc 1 4647 5 is_stmt 1 view .LVU1400
4647:Middlewares/Third_Party/FreeRTOS/Source/tasks.c **** 				{
 5232              		.loc 1 4647 7 is_stmt 0 view .LVU1401
 5233 001c ACB9     		cbnz	r4, .L413
 5234              	.L409:
4665:Middlewares/Third_Party/FreeRTOS/Source/tasks.c **** 			}
 5235              		.loc 1 4665 29 is_stmt 1 view .LVU1402
4668:Middlewares/Third_Party/FreeRTOS/Source/tasks.c **** 
 5236              		.loc 1 4668 3 view .LVU1403
 5237 001e FFF7FEFF 		bl	vPortExitCritical
 5238              	.LVL337:
4670:Middlewares/Third_Party/FreeRTOS/Source/tasks.c **** 		{
 5239              		.loc 1 4670 3 view .LVU1404
 5240 0022 FFF7FEFF 		bl	vPortEnterCritical
 5241              	.LVL338:
4672:Middlewares/Third_Party/FreeRTOS/Source/tasks.c **** 			ulReturn = pxCurrentTCB->ulNotifiedValue;
 5242              		.loc 1 4672 27 view .LVU1405
4673:Middlewares/Third_Party/FreeRTOS/Source/tasks.c **** 
 5243              		.loc 1 4673 4 view .LVU1406
4673:Middlewares/Third_Party/FreeRTOS/Source/tasks.c **** 
 5244              		.loc 1 4673 27 is_stmt 0 view .LVU1407
 5245 0026 134B     		ldr	r3, .L414
 5246 0028 1B68     		ldr	r3, [r3]
4673:Middlewares/Third_Party/FreeRTOS/Source/tasks.c **** 
 5247              		.loc 1 4673 13 view .LVU1408
 5248 002a DC6C     		ldr	r4, [r3, #76]
 5249              	.LVL339:
4675:Middlewares/Third_Party/FreeRTOS/Source/tasks.c **** 			{
 5250              		.loc 1 4675 4 is_stmt 1 view .LVU1409
4675:Middlewares/Third_Party/FreeRTOS/Source/tasks.c **** 			{
 5251              		.loc 1 4675 6 is_stmt 0 view .LVU1410
 5252 002c 24B1     		cbz	r4, .L410
4677:Middlewares/Third_Party/FreeRTOS/Source/tasks.c **** 				{
 5253              		.loc 1 4677 5 is_stmt 1 view .LVU1411
4677:Middlewares/Third_Party/FreeRTOS/Source/tasks.c **** 				{
 5254              		.loc 1 4677 7 is_stmt 0 view .LVU1412
 5255 002e DDB1     		cbz	r5, .L411
4679:Middlewares/Third_Party/FreeRTOS/Source/tasks.c **** 				}
 5256              		.loc 1 4679 6 is_stmt 1 view .LVU1413
4679:Middlewares/Third_Party/FreeRTOS/Source/tasks.c **** 				}
 5257              		.loc 1 4679 18 is_stmt 0 view .LVU1414
 5258 0030 104B     		ldr	r3, .L414
 5259 0032 1B68     		ldr	r3, [r3]
4679:Middlewares/Third_Party/FreeRTOS/Source/tasks.c **** 				}
 5260              		.loc 1 4679 36 view .LVU1415
 5261 0034 0022     		movs	r2, #0
ARM GAS  D:\temp\TMP\ccyP8bey.s 			page 212


 5262 0036 DA64     		str	r2, [r3, #76]
 5263              	.L410:
4688:Middlewares/Third_Party/FreeRTOS/Source/tasks.c **** 			}
 5264              		.loc 1 4688 29 is_stmt 1 view .LVU1416
4691:Middlewares/Third_Party/FreeRTOS/Source/tasks.c **** 		}
 5265              		.loc 1 4691 4 view .LVU1417
4691:Middlewares/Third_Party/FreeRTOS/Source/tasks.c **** 		}
 5266              		.loc 1 4691 16 is_stmt 0 view .LVU1418
 5267 0038 0E4B     		ldr	r3, .L414
 5268 003a 1B68     		ldr	r3, [r3]
4691:Middlewares/Third_Party/FreeRTOS/Source/tasks.c **** 		}
 5269              		.loc 1 4691 32 view .LVU1419
 5270 003c 0022     		movs	r2, #0
 5271 003e 83F85020 		strb	r2, [r3, #80]
4693:Middlewares/Third_Party/FreeRTOS/Source/tasks.c **** 
 5272              		.loc 1 4693 3 is_stmt 1 view .LVU1420
 5273 0042 FFF7FEFF 		bl	vPortExitCritical
 5274              	.LVL340:
4695:Middlewares/Third_Party/FreeRTOS/Source/tasks.c **** 	}
 5275              		.loc 1 4695 3 view .LVU1421
4696:Middlewares/Third_Party/FreeRTOS/Source/tasks.c **** 
 5276              		.loc 1 4696 2 is_stmt 0 view .LVU1422
 5277 0046 2046     		mov	r0, r4
 5278 0048 38BD     		pop	{r3, r4, r5, pc}
 5279              	.LVL341:
 5280              	.L413:
4649:Middlewares/Third_Party/FreeRTOS/Source/tasks.c **** 					traceTASK_NOTIFY_TAKE_BLOCK();
 5281              		.loc 1 4649 6 is_stmt 1 view .LVU1423
 5282 004a 1146     		mov	r1, r2
 5283 004c 2046     		mov	r0, r4
 5284 004e FFF7FEFF 		bl	prvAddCurrentTaskToDelayedList
 5285              	.LVL342:
4650:Middlewares/Third_Party/FreeRTOS/Source/tasks.c **** 
 5286              		.loc 1 4650 35 view .LVU1424
4656:Middlewares/Third_Party/FreeRTOS/Source/tasks.c **** 				}
 5287              		.loc 1 4656 6 view .LVU1425
 5288 0052 4FF0E023 		mov	r3, #-536813568
 5289 0056 4FF08052 		mov	r2, #268435456
 5290 005a C3F8042D 		str	r2, [r3, #3332]
4656:Middlewares/Third_Party/FreeRTOS/Source/tasks.c **** 				}
 5291              		.loc 1 4656 6 view .LVU1426
 5292              		.syntax unified
 5293              	@ 4656 "Middlewares/Third_Party/FreeRTOS/Source/tasks.c" 1
 5294 005e BFF34F8F 		dsb
 5295              	@ 0 "" 2
4656:Middlewares/Third_Party/FreeRTOS/Source/tasks.c **** 				}
 5296              		.loc 1 4656 6 view .LVU1427
 5297              	@ 4656 "Middlewares/Third_Party/FreeRTOS/Source/tasks.c" 1
 5298 0062 BFF36F8F 		isb
 5299              	@ 0 "" 2
4656:Middlewares/Third_Party/FreeRTOS/Source/tasks.c **** 				}
 5300              		.loc 1 4656 28 view .LVU1428
 5301              		.thumb
 5302              		.syntax unified
 5303 0066 DAE7     		b	.L409
 5304              	.LVL343:
 5305              	.L411:
ARM GAS  D:\temp\TMP\ccyP8bey.s 			page 213


4683:Middlewares/Third_Party/FreeRTOS/Source/tasks.c **** 				}
 5306              		.loc 1 4683 6 view .LVU1429
4683:Middlewares/Third_Party/FreeRTOS/Source/tasks.c **** 				}
 5307              		.loc 1 4683 18 is_stmt 0 view .LVU1430
 5308 0068 024B     		ldr	r3, .L414
 5309 006a 1B68     		ldr	r3, [r3]
4683:Middlewares/Third_Party/FreeRTOS/Source/tasks.c **** 				}
 5310              		.loc 1 4683 47 view .LVU1431
 5311 006c 621E     		subs	r2, r4, #1
4683:Middlewares/Third_Party/FreeRTOS/Source/tasks.c **** 				}
 5312              		.loc 1 4683 36 view .LVU1432
 5313 006e DA64     		str	r2, [r3, #76]
 5314 0070 E2E7     		b	.L410
 5315              	.L415:
 5316 0072 00BF     		.align	2
 5317              	.L414:
 5318 0074 00000000 		.word	pxCurrentTCB
 5319              		.cfi_endproc
 5320              	.LFE49:
 5322              		.section	.text.xTaskNotifyWait,"ax",%progbits
 5323              		.align	1
 5324              		.global	xTaskNotifyWait
 5325              		.syntax unified
 5326              		.thumb
 5327              		.thumb_func
 5329              	xTaskNotifyWait:
 5330              	.LVL344:
 5331              	.LFB50:
4704:Middlewares/Third_Party/FreeRTOS/Source/tasks.c **** 	BaseType_t xReturn;
 5332              		.loc 1 4704 2 is_stmt 1 view -0
 5333              		.cfi_startproc
 5334              		@ args = 0, pretend = 0, frame = 0
 5335              		@ frame_needed = 0, uses_anonymous_args = 0
4704:Middlewares/Third_Party/FreeRTOS/Source/tasks.c **** 	BaseType_t xReturn;
 5336              		.loc 1 4704 2 is_stmt 0 view .LVU1434
 5337 0000 F8B5     		push	{r3, r4, r5, r6, r7, lr}
 5338              	.LCFI49:
 5339              		.cfi_def_cfa_offset 24
 5340              		.cfi_offset 3, -24
 5341              		.cfi_offset 4, -20
 5342              		.cfi_offset 5, -16
 5343              		.cfi_offset 6, -12
 5344              		.cfi_offset 7, -8
 5345              		.cfi_offset 14, -4
 5346 0002 0546     		mov	r5, r0
 5347 0004 0F46     		mov	r7, r1
 5348 0006 1646     		mov	r6, r2
 5349 0008 1C46     		mov	r4, r3
4705:Middlewares/Third_Party/FreeRTOS/Source/tasks.c **** 
 5350              		.loc 1 4705 2 is_stmt 1 view .LVU1435
4707:Middlewares/Third_Party/FreeRTOS/Source/tasks.c **** 		{
 5351              		.loc 1 4707 3 view .LVU1436
 5352 000a FFF7FEFF 		bl	vPortEnterCritical
 5353              	.LVL345:
4710:Middlewares/Third_Party/FreeRTOS/Source/tasks.c **** 			{
 5354              		.loc 1 4710 4 view .LVU1437
4710:Middlewares/Third_Party/FreeRTOS/Source/tasks.c **** 			{
ARM GAS  D:\temp\TMP\ccyP8bey.s 			page 214


 5355              		.loc 1 4710 20 is_stmt 0 view .LVU1438
 5356 000e 214B     		ldr	r3, .L424
 5357 0010 1B68     		ldr	r3, [r3]
 5358 0012 93F85030 		ldrb	r3, [r3, #80]	@ zero_extendqisi2
4710:Middlewares/Third_Party/FreeRTOS/Source/tasks.c **** 			{
 5359              		.loc 1 4710 6 view .LVU1439
 5360 0016 022B     		cmp	r3, #2
 5361 0018 0AD0     		beq	.L417
4715:Middlewares/Third_Party/FreeRTOS/Source/tasks.c **** 
 5362              		.loc 1 4715 5 is_stmt 1 view .LVU1440
4715:Middlewares/Third_Party/FreeRTOS/Source/tasks.c **** 
 5363              		.loc 1 4715 17 is_stmt 0 view .LVU1441
 5364 001a 1E4A     		ldr	r2, .L424
 5365 001c 1168     		ldr	r1, [r2]
 5366 001e CB6C     		ldr	r3, [r1, #76]
4715:Middlewares/Third_Party/FreeRTOS/Source/tasks.c **** 
 5367              		.loc 1 4715 35 view .LVU1442
 5368 0020 23EA0503 		bic	r3, r3, r5
 5369 0024 CB64     		str	r3, [r1, #76]
4718:Middlewares/Third_Party/FreeRTOS/Source/tasks.c **** 
 5370              		.loc 1 4718 5 is_stmt 1 view .LVU1443
4718:Middlewares/Third_Party/FreeRTOS/Source/tasks.c **** 
 5371              		.loc 1 4718 17 is_stmt 0 view .LVU1444
 5372 0026 1368     		ldr	r3, [r2]
4718:Middlewares/Third_Party/FreeRTOS/Source/tasks.c **** 
 5373              		.loc 1 4718 33 view .LVU1445
 5374 0028 0122     		movs	r2, #1
 5375 002a 83F85020 		strb	r2, [r3, #80]
4720:Middlewares/Third_Party/FreeRTOS/Source/tasks.c **** 				{
 5376              		.loc 1 4720 5 is_stmt 1 view .LVU1446
4720:Middlewares/Third_Party/FreeRTOS/Source/tasks.c **** 				{
 5377              		.loc 1 4720 7 is_stmt 0 view .LVU1447
 5378 002e CCB9     		cbnz	r4, .L422
 5379              	.L417:
4738:Middlewares/Third_Party/FreeRTOS/Source/tasks.c **** 			}
 5380              		.loc 1 4738 29 is_stmt 1 view .LVU1448
4741:Middlewares/Third_Party/FreeRTOS/Source/tasks.c **** 
 5381              		.loc 1 4741 3 view .LVU1449
 5382 0030 FFF7FEFF 		bl	vPortExitCritical
 5383              	.LVL346:
4743:Middlewares/Third_Party/FreeRTOS/Source/tasks.c **** 		{
 5384              		.loc 1 4743 3 view .LVU1450
 5385 0034 FFF7FEFF 		bl	vPortEnterCritical
 5386              	.LVL347:
4745:Middlewares/Third_Party/FreeRTOS/Source/tasks.c **** 
 5387              		.loc 1 4745 27 view .LVU1451
4747:Middlewares/Third_Party/FreeRTOS/Source/tasks.c **** 			{
 5388              		.loc 1 4747 4 view .LVU1452
4747:Middlewares/Third_Party/FreeRTOS/Source/tasks.c **** 			{
 5389              		.loc 1 4747 6 is_stmt 0 view .LVU1453
 5390 0038 1EB1     		cbz	r6, .L418
4751:Middlewares/Third_Party/FreeRTOS/Source/tasks.c **** 			}
 5391              		.loc 1 4751 5 is_stmt 1 view .LVU1454
4751:Middlewares/Third_Party/FreeRTOS/Source/tasks.c **** 			}
 5392              		.loc 1 4751 41 is_stmt 0 view .LVU1455
 5393 003a 164B     		ldr	r3, .L424
 5394 003c 1B68     		ldr	r3, [r3]
ARM GAS  D:\temp\TMP\ccyP8bey.s 			page 215


 5395 003e DB6C     		ldr	r3, [r3, #76]
4751:Middlewares/Third_Party/FreeRTOS/Source/tasks.c **** 			}
 5396              		.loc 1 4751 27 view .LVU1456
 5397 0040 3360     		str	r3, [r6]
 5398              	.L418:
4758:Middlewares/Third_Party/FreeRTOS/Source/tasks.c **** 			{
 5399              		.loc 1 4758 4 is_stmt 1 view .LVU1457
4758:Middlewares/Third_Party/FreeRTOS/Source/tasks.c **** 			{
 5400              		.loc 1 4758 20 is_stmt 0 view .LVU1458
 5401 0042 144B     		ldr	r3, .L424
 5402 0044 1B68     		ldr	r3, [r3]
 5403 0046 93F85030 		ldrb	r3, [r3, #80]	@ zero_extendqisi2
4758:Middlewares/Third_Party/FreeRTOS/Source/tasks.c **** 			{
 5404              		.loc 1 4758 6 view .LVU1459
 5405 004a 022B     		cmp	r3, #2
 5406 004c 19D0     		beq	.L423
4761:Middlewares/Third_Party/FreeRTOS/Source/tasks.c **** 			}
 5407              		.loc 1 4761 13 view .LVU1460
 5408 004e 0023     		movs	r3, #0
 5409 0050 1C46     		mov	r4, r3
 5410              	.LVL348:
 5411              	.L419:
4771:Middlewares/Third_Party/FreeRTOS/Source/tasks.c **** 		}
 5412              		.loc 1 4771 4 is_stmt 1 view .LVU1461
4771:Middlewares/Third_Party/FreeRTOS/Source/tasks.c **** 		}
 5413              		.loc 1 4771 16 is_stmt 0 view .LVU1462
 5414 0052 104B     		ldr	r3, .L424
 5415 0054 1B68     		ldr	r3, [r3]
4771:Middlewares/Third_Party/FreeRTOS/Source/tasks.c **** 		}
 5416              		.loc 1 4771 32 view .LVU1463
 5417 0056 0022     		movs	r2, #0
 5418 0058 83F85020 		strb	r2, [r3, #80]
4773:Middlewares/Third_Party/FreeRTOS/Source/tasks.c **** 
 5419              		.loc 1 4773 3 is_stmt 1 view .LVU1464
 5420 005c FFF7FEFF 		bl	vPortExitCritical
 5421              	.LVL349:
4775:Middlewares/Third_Party/FreeRTOS/Source/tasks.c **** 	}
 5422              		.loc 1 4775 3 view .LVU1465
4776:Middlewares/Third_Party/FreeRTOS/Source/tasks.c **** 
 5423              		.loc 1 4776 2 is_stmt 0 view .LVU1466
 5424 0060 2046     		mov	r0, r4
 5425 0062 F8BD     		pop	{r3, r4, r5, r6, r7, pc}
 5426              	.LVL350:
 5427              	.L422:
4722:Middlewares/Third_Party/FreeRTOS/Source/tasks.c **** 					traceTASK_NOTIFY_WAIT_BLOCK();
 5428              		.loc 1 4722 6 is_stmt 1 view .LVU1467
 5429 0064 1146     		mov	r1, r2
 5430 0066 2046     		mov	r0, r4
 5431 0068 FFF7FEFF 		bl	prvAddCurrentTaskToDelayedList
 5432              	.LVL351:
4723:Middlewares/Third_Party/FreeRTOS/Source/tasks.c **** 
 5433              		.loc 1 4723 35 view .LVU1468
4729:Middlewares/Third_Party/FreeRTOS/Source/tasks.c **** 				}
 5434              		.loc 1 4729 6 view .LVU1469
 5435 006c 4FF0E023 		mov	r3, #-536813568
 5436 0070 4FF08052 		mov	r2, #268435456
 5437 0074 C3F8042D 		str	r2, [r3, #3332]
ARM GAS  D:\temp\TMP\ccyP8bey.s 			page 216


4729:Middlewares/Third_Party/FreeRTOS/Source/tasks.c **** 				}
 5438              		.loc 1 4729 6 view .LVU1470
 5439              		.syntax unified
 5440              	@ 4729 "Middlewares/Third_Party/FreeRTOS/Source/tasks.c" 1
 5441 0078 BFF34F8F 		dsb
 5442              	@ 0 "" 2
4729:Middlewares/Third_Party/FreeRTOS/Source/tasks.c **** 				}
 5443              		.loc 1 4729 6 view .LVU1471
 5444              	@ 4729 "Middlewares/Third_Party/FreeRTOS/Source/tasks.c" 1
 5445 007c BFF36F8F 		isb
 5446              	@ 0 "" 2
4729:Middlewares/Third_Party/FreeRTOS/Source/tasks.c **** 				}
 5447              		.loc 1 4729 28 view .LVU1472
 5448              		.thumb
 5449              		.syntax unified
 5450 0080 D6E7     		b	.L417
 5451              	.L423:
4767:Middlewares/Third_Party/FreeRTOS/Source/tasks.c **** 				xReturn = pdTRUE;
 5452              		.loc 1 4767 5 view .LVU1473
4767:Middlewares/Third_Party/FreeRTOS/Source/tasks.c **** 				xReturn = pdTRUE;
 5453              		.loc 1 4767 17 is_stmt 0 view .LVU1474
 5454 0082 044B     		ldr	r3, .L424
 5455 0084 1A68     		ldr	r2, [r3]
 5456 0086 D36C     		ldr	r3, [r2, #76]
4767:Middlewares/Third_Party/FreeRTOS/Source/tasks.c **** 				xReturn = pdTRUE;
 5457              		.loc 1 4767 35 view .LVU1475
 5458 0088 23EA0703 		bic	r3, r3, r7
 5459 008c D364     		str	r3, [r2, #76]
4768:Middlewares/Third_Party/FreeRTOS/Source/tasks.c **** 			}
 5460              		.loc 1 4768 5 is_stmt 1 view .LVU1476
 5461              	.LVL352:
4768:Middlewares/Third_Party/FreeRTOS/Source/tasks.c **** 			}
 5462              		.loc 1 4768 13 is_stmt 0 view .LVU1477
 5463 008e 0123     		movs	r3, #1
 5464 0090 1C46     		mov	r4, r3
 5465              	.LVL353:
4768:Middlewares/Third_Party/FreeRTOS/Source/tasks.c **** 			}
 5466              		.loc 1 4768 13 view .LVU1478
 5467 0092 DEE7     		b	.L419
 5468              	.L425:
 5469              		.align	2
 5470              	.L424:
 5471 0094 00000000 		.word	pxCurrentTCB
 5472              		.cfi_endproc
 5473              	.LFE50:
 5475              		.section	.text.xTaskGenericNotify,"ax",%progbits
 5476              		.align	1
 5477              		.global	xTaskGenericNotify
 5478              		.syntax unified
 5479              		.thumb
 5480              		.thumb_func
 5482              	xTaskGenericNotify:
 5483              	.LVL354:
 5484              	.LFB51:
4784:Middlewares/Third_Party/FreeRTOS/Source/tasks.c **** 	TCB_t * pxTCB;
 5485              		.loc 1 4784 2 is_stmt 1 view -0
 5486              		.cfi_startproc
ARM GAS  D:\temp\TMP\ccyP8bey.s 			page 217


 5487              		@ args = 0, pretend = 0, frame = 0
 5488              		@ frame_needed = 0, uses_anonymous_args = 0
4784:Middlewares/Third_Party/FreeRTOS/Source/tasks.c **** 	TCB_t * pxTCB;
 5489              		.loc 1 4784 2 is_stmt 0 view .LVU1480
 5490 0000 F8B5     		push	{r3, r4, r5, r6, r7, lr}
 5491              	.LCFI50:
 5492              		.cfi_def_cfa_offset 24
 5493              		.cfi_offset 3, -24
 5494              		.cfi_offset 4, -20
 5495              		.cfi_offset 5, -16
 5496              		.cfi_offset 6, -12
 5497              		.cfi_offset 7, -8
 5498              		.cfi_offset 14, -4
4785:Middlewares/Third_Party/FreeRTOS/Source/tasks.c **** 	BaseType_t xReturn = pdPASS;
 5499              		.loc 1 4785 2 is_stmt 1 view .LVU1481
4786:Middlewares/Third_Party/FreeRTOS/Source/tasks.c **** 	uint8_t ucOriginalNotifyState;
 5500              		.loc 1 4786 2 view .LVU1482
 5501              	.LVL355:
4787:Middlewares/Third_Party/FreeRTOS/Source/tasks.c **** 
 5502              		.loc 1 4787 2 view .LVU1483
4789:Middlewares/Third_Party/FreeRTOS/Source/tasks.c **** 		pxTCB = xTaskToNotify;
 5503              		.loc 1 4789 3 view .LVU1484
 5504 0002 F0B1     		cbz	r0, .L445
 5505 0004 0F46     		mov	r7, r1
 5506 0006 1446     		mov	r4, r2
 5507 0008 1E46     		mov	r6, r3
 5508 000a 0546     		mov	r5, r0
4789:Middlewares/Third_Party/FreeRTOS/Source/tasks.c **** 		pxTCB = xTaskToNotify;
 5509              		.loc 1 4789 32 view .LVU1485
4790:Middlewares/Third_Party/FreeRTOS/Source/tasks.c **** 
 5510              		.loc 1 4790 3 view .LVU1486
 5511              	.LVL356:
4792:Middlewares/Third_Party/FreeRTOS/Source/tasks.c **** 		{
 5512              		.loc 1 4792 3 view .LVU1487
 5513 000c FFF7FEFF 		bl	vPortEnterCritical
 5514              	.LVL357:
4794:Middlewares/Third_Party/FreeRTOS/Source/tasks.c **** 			{
 5515              		.loc 1 4794 4 view .LVU1488
4794:Middlewares/Third_Party/FreeRTOS/Source/tasks.c **** 			{
 5516              		.loc 1 4794 6 is_stmt 0 view .LVU1489
 5517 0010 0EB1     		cbz	r6, .L429
4796:Middlewares/Third_Party/FreeRTOS/Source/tasks.c **** 			}
 5518              		.loc 1 4796 5 is_stmt 1 view .LVU1490
4796:Middlewares/Third_Party/FreeRTOS/Source/tasks.c **** 			}
 5519              		.loc 1 4796 42 is_stmt 0 view .LVU1491
 5520 0012 EB6C     		ldr	r3, [r5, #76]
4796:Middlewares/Third_Party/FreeRTOS/Source/tasks.c **** 			}
 5521              		.loc 1 4796 35 view .LVU1492
 5522 0014 3360     		str	r3, [r6]
 5523              	.L429:
4799:Middlewares/Third_Party/FreeRTOS/Source/tasks.c **** 
 5524              		.loc 1 4799 4 is_stmt 1 view .LVU1493
4799:Middlewares/Third_Party/FreeRTOS/Source/tasks.c **** 
 5525              		.loc 1 4799 26 is_stmt 0 view .LVU1494
 5526 0016 95F85030 		ldrb	r3, [r5, #80]	@ zero_extendqisi2
 5527 001a DBB2     		uxtb	r3, r3
 5528              	.LVL358:
ARM GAS  D:\temp\TMP\ccyP8bey.s 			page 218


4801:Middlewares/Third_Party/FreeRTOS/Source/tasks.c **** 
 5529              		.loc 1 4801 4 is_stmt 1 view .LVU1495
4801:Middlewares/Third_Party/FreeRTOS/Source/tasks.c **** 
 5530              		.loc 1 4801 25 is_stmt 0 view .LVU1496
 5531 001c 0222     		movs	r2, #2
 5532 001e 85F85020 		strb	r2, [r5, #80]
4803:Middlewares/Third_Party/FreeRTOS/Source/tasks.c **** 			{
 5533              		.loc 1 4803 4 is_stmt 1 view .LVU1497
 5534 0022 9442     		cmp	r4, r2
 5535 0024 1ED0     		beq	.L430
 5536 0026 15D8     		bhi	.L431
 5537 0028 24B1     		cbz	r4, .L432
 5538 002a 012C     		cmp	r4, #1
 5539 002c 20D1     		bne	.L434
4806:Middlewares/Third_Party/FreeRTOS/Source/tasks.c **** 					break;
 5540              		.loc 1 4806 6 view .LVU1498
4806:Middlewares/Third_Party/FreeRTOS/Source/tasks.c **** 					break;
 5541              		.loc 1 4806 11 is_stmt 0 view .LVU1499
 5542 002e EA6C     		ldr	r2, [r5, #76]
4806:Middlewares/Third_Party/FreeRTOS/Source/tasks.c **** 					break;
 5543              		.loc 1 4806 29 view .LVU1500
 5544 0030 3A43     		orrs	r2, r2, r7
 5545 0032 EA64     		str	r2, [r5, #76]
4807:Middlewares/Third_Party/FreeRTOS/Source/tasks.c **** 
 5546              		.loc 1 4807 6 is_stmt 1 view .LVU1501
 5547              	.L432:
4843:Middlewares/Third_Party/FreeRTOS/Source/tasks.c **** 
 5548              		.loc 1 4843 22 view .LVU1502
4847:Middlewares/Third_Party/FreeRTOS/Source/tasks.c **** 			{
 5549              		.loc 1 4847 4 view .LVU1503
4847:Middlewares/Third_Party/FreeRTOS/Source/tasks.c **** 			{
 5550              		.loc 1 4847 6 is_stmt 0 view .LVU1504
 5551 0034 012B     		cmp	r3, #1
 5552 0036 28D0     		beq	.L446
 5553 0038 0124     		movs	r4, #1
 5554              	.LVL359:
 5555              	.L437:
4884:Middlewares/Third_Party/FreeRTOS/Source/tasks.c **** 			}
 5556              		.loc 1 4884 29 is_stmt 1 view .LVU1505
4887:Middlewares/Third_Party/FreeRTOS/Source/tasks.c **** 
 5557              		.loc 1 4887 3 view .LVU1506
 5558 003a FFF7FEFF 		bl	vPortExitCritical
 5559              	.LVL360:
4889:Middlewares/Third_Party/FreeRTOS/Source/tasks.c **** 	}
 5560              		.loc 1 4889 3 view .LVU1507
4890:Middlewares/Third_Party/FreeRTOS/Source/tasks.c **** 
 5561              		.loc 1 4890 2 is_stmt 0 view .LVU1508
 5562 003e 2046     		mov	r0, r4
 5563 0040 F8BD     		pop	{r3, r4, r5, r6, r7, pc}
 5564              	.LVL361:
 5565              	.L445:
4789:Middlewares/Third_Party/FreeRTOS/Source/tasks.c **** 		pxTCB = xTaskToNotify;
 5566              		.loc 1 4789 3 is_stmt 1 discriminator 1 view .LVU1509
 5567              	.LBB203:
 5568              	.LBI203:
 191:Middlewares/Third_Party/FreeRTOS/Source/portable/GCC/ARM_CM4F/portmacro.h **** {
 5569              		.loc 2 191 30 view .LVU1510
ARM GAS  D:\temp\TMP\ccyP8bey.s 			page 219


 5570              	.LBB204:
 193:Middlewares/Third_Party/FreeRTOS/Source/portable/GCC/ARM_CM4F/portmacro.h **** 
 5571              		.loc 2 193 1 view .LVU1511
 195:Middlewares/Third_Party/FreeRTOS/Source/portable/GCC/ARM_CM4F/portmacro.h **** 	(
 5572              		.loc 2 195 2 view .LVU1512
 5573              		.syntax unified
 5574              	@ 195 "Middlewares/Third_Party/FreeRTOS/Source/portable/GCC/ARM_CM4F/portmacro.h" 1
 5575 0042 4FF05003 			mov r3, #80												
 5576 0046 83F31188 		msr basepri, r3											
 5577 004a BFF36F8F 		isb														
 5578 004e BFF34F8F 		dsb														
 5579              	
 5580              	@ 0 "" 2
 5581              	.LVL362:
 5582              		.thumb
 5583              		.syntax unified
 5584              	.L428:
 195:Middlewares/Third_Party/FreeRTOS/Source/portable/GCC/ARM_CM4F/portmacro.h **** 	(
 5585              		.loc 2 195 2 is_stmt 0 view .LVU1513
 5586              	.LBE204:
 5587              	.LBE203:
4789:Middlewares/Third_Party/FreeRTOS/Source/tasks.c **** 		pxTCB = xTaskToNotify;
 5588              		.loc 1 4789 3 is_stmt 1 view .LVU1514
 5589 0052 FEE7     		b	.L428
 5590              	.LVL363:
 5591              	.L431:
4803:Middlewares/Third_Party/FreeRTOS/Source/tasks.c **** 			{
 5592              		.loc 1 4803 4 is_stmt 0 view .LVU1515
 5593 0054 032C     		cmp	r4, #3
 5594 0056 09D0     		beq	.L435
 5595 0058 042C     		cmp	r4, #4
 5596 005a 09D1     		bne	.L434
4818:Middlewares/Third_Party/FreeRTOS/Source/tasks.c **** 					{
 5597              		.loc 1 4818 6 is_stmt 1 view .LVU1516
4818:Middlewares/Third_Party/FreeRTOS/Source/tasks.c **** 					{
 5598              		.loc 1 4818 8 is_stmt 0 view .LVU1517
 5599 005c 022B     		cmp	r3, #2
 5600 005e 44D0     		beq	.L441
4820:Middlewares/Third_Party/FreeRTOS/Source/tasks.c **** 					}
 5601              		.loc 1 4820 7 is_stmt 1 view .LVU1518
4820:Middlewares/Third_Party/FreeRTOS/Source/tasks.c **** 					}
 5602              		.loc 1 4820 30 is_stmt 0 view .LVU1519
 5603 0060 EF64     		str	r7, [r5, #76]
 5604 0062 E7E7     		b	.L432
 5605              	.L430:
4810:Middlewares/Third_Party/FreeRTOS/Source/tasks.c **** 					break;
 5606              		.loc 1 4810 6 is_stmt 1 view .LVU1520
4810:Middlewares/Third_Party/FreeRTOS/Source/tasks.c **** 					break;
 5607              		.loc 1 4810 13 is_stmt 0 view .LVU1521
 5608 0064 EA6C     		ldr	r2, [r5, #76]
4810:Middlewares/Third_Party/FreeRTOS/Source/tasks.c **** 					break;
 5609              		.loc 1 4810 32 view .LVU1522
 5610 0066 0132     		adds	r2, r2, #1
 5611 0068 EA64     		str	r2, [r5, #76]
4811:Middlewares/Third_Party/FreeRTOS/Source/tasks.c **** 
 5612              		.loc 1 4811 6 is_stmt 1 view .LVU1523
 5613 006a E3E7     		b	.L432
ARM GAS  D:\temp\TMP\ccyP8bey.s 			page 220


 5614              	.L435:
4814:Middlewares/Third_Party/FreeRTOS/Source/tasks.c **** 					break;
 5615              		.loc 1 4814 6 view .LVU1524
4814:Middlewares/Third_Party/FreeRTOS/Source/tasks.c **** 					break;
 5616              		.loc 1 4814 29 is_stmt 0 view .LVU1525
 5617 006c EF64     		str	r7, [r5, #76]
4815:Middlewares/Third_Party/FreeRTOS/Source/tasks.c **** 
 5618              		.loc 1 4815 6 is_stmt 1 view .LVU1526
 5619 006e E1E7     		b	.L432
 5620              	.L434:
4838:Middlewares/Third_Party/FreeRTOS/Source/tasks.c **** 
 5621              		.loc 1 4838 6 view .LVU1527
 5622 0070 EA6C     		ldr	r2, [r5, #76]
 5623 0072 B2F1FF3F 		cmp	r2, #-1
 5624 0076 DDD0     		beq	.L432
4838:Middlewares/Third_Party/FreeRTOS/Source/tasks.c **** 
 5625              		.loc 1 4838 6 discriminator 1 view .LVU1528
 5626              	.LBB205:
 5627              	.LBI205:
 191:Middlewares/Third_Party/FreeRTOS/Source/portable/GCC/ARM_CM4F/portmacro.h **** {
 5628              		.loc 2 191 30 view .LVU1529
 5629              	.LBB206:
 193:Middlewares/Third_Party/FreeRTOS/Source/portable/GCC/ARM_CM4F/portmacro.h **** 
 5630              		.loc 2 193 1 view .LVU1530
 195:Middlewares/Third_Party/FreeRTOS/Source/portable/GCC/ARM_CM4F/portmacro.h **** 	(
 5631              		.loc 2 195 2 view .LVU1531
 5632              		.syntax unified
 5633              	@ 195 "Middlewares/Third_Party/FreeRTOS/Source/portable/GCC/ARM_CM4F/portmacro.h" 1
 5634 0078 4FF05003 			mov r3, #80												
 5635 007c 83F31188 		msr basepri, r3											
 5636 0080 BFF36F8F 		isb														
 5637 0084 BFF34F8F 		dsb														
 5638              	
 5639              	@ 0 "" 2
 5640              	.LVL364:
 5641              		.thumb
 5642              		.syntax unified
 5643              	.L438:
 195:Middlewares/Third_Party/FreeRTOS/Source/portable/GCC/ARM_CM4F/portmacro.h **** 	(
 5644              		.loc 2 195 2 is_stmt 0 view .LVU1532
 5645              	.LBE206:
 5646              	.LBE205:
4838:Middlewares/Third_Party/FreeRTOS/Source/tasks.c **** 
 5647              		.loc 1 4838 6 is_stmt 1 view .LVU1533
 5648 0088 FEE7     		b	.L438
 5649              	.LVL365:
 5650              	.L446:
4849:Middlewares/Third_Party/FreeRTOS/Source/tasks.c **** 				prvAddTaskToReadyList( pxTCB );
 5651              		.loc 1 4849 5 view .LVU1534
4849:Middlewares/Third_Party/FreeRTOS/Source/tasks.c **** 				prvAddTaskToReadyList( pxTCB );
 5652              		.loc 1 4849 28 is_stmt 0 view .LVU1535
 5653 008a 2C1D     		adds	r4, r5, #4
 5654              	.LVL366:
4849:Middlewares/Third_Party/FreeRTOS/Source/tasks.c **** 				prvAddTaskToReadyList( pxTCB );
 5655              		.loc 1 4849 14 view .LVU1536
 5656 008c 2046     		mov	r0, r4
 5657 008e FFF7FEFF 		bl	uxListRemove
ARM GAS  D:\temp\TMP\ccyP8bey.s 			page 221


 5658              	.LVL367:
4850:Middlewares/Third_Party/FreeRTOS/Source/tasks.c **** 
 5659              		.loc 1 4850 5 is_stmt 1 view .LVU1537
4850:Middlewares/Third_Party/FreeRTOS/Source/tasks.c **** 
 5660              		.loc 1 4850 5 view .LVU1538
 5661 0092 E86A     		ldr	r0, [r5, #44]
 5662 0094 0123     		movs	r3, #1
 5663 0096 8340     		lsls	r3, r3, r0
 5664 0098 164A     		ldr	r2, .L447
 5665 009a 1168     		ldr	r1, [r2]
 5666 009c 0B43     		orrs	r3, r3, r1
 5667 009e 1360     		str	r3, [r2]
4850:Middlewares/Third_Party/FreeRTOS/Source/tasks.c **** 
 5668              		.loc 1 4850 5 view .LVU1539
 5669 00a0 00EB8000 		add	r0, r0, r0, lsl #2
 5670 00a4 2146     		mov	r1, r4
 5671 00a6 144B     		ldr	r3, .L447+4
 5672 00a8 03EB8000 		add	r0, r3, r0, lsl #2
 5673 00ac FFF7FEFF 		bl	vListInsertEnd
 5674              	.LVL368:
4850:Middlewares/Third_Party/FreeRTOS/Source/tasks.c **** 
 5675              		.loc 1 4850 35 discriminator 1 view .LVU1540
4853:Middlewares/Third_Party/FreeRTOS/Source/tasks.c **** 
 5676              		.loc 1 4853 5 view .LVU1541
 5677 00b0 AB6A     		ldr	r3, [r5, #40]
 5678 00b2 43B1     		cbz	r3, .L439
4853:Middlewares/Third_Party/FreeRTOS/Source/tasks.c **** 
 5679              		.loc 1 4853 5 discriminator 1 view .LVU1542
 5680              	.LBB207:
 5681              	.LBI207:
 191:Middlewares/Third_Party/FreeRTOS/Source/portable/GCC/ARM_CM4F/portmacro.h **** {
 5682              		.loc 2 191 30 view .LVU1543
 5683              	.LBB208:
 193:Middlewares/Third_Party/FreeRTOS/Source/portable/GCC/ARM_CM4F/portmacro.h **** 
 5684              		.loc 2 193 1 view .LVU1544
 195:Middlewares/Third_Party/FreeRTOS/Source/portable/GCC/ARM_CM4F/portmacro.h **** 	(
 5685              		.loc 2 195 2 view .LVU1545
 5686              		.syntax unified
 5687              	@ 195 "Middlewares/Third_Party/FreeRTOS/Source/portable/GCC/ARM_CM4F/portmacro.h" 1
 5688 00b4 4FF05003 			mov r3, #80												
 5689 00b8 83F31188 		msr basepri, r3											
 5690 00bc BFF36F8F 		isb														
 5691 00c0 BFF34F8F 		dsb														
 5692              	
 5693              	@ 0 "" 2
 5694              		.thumb
 5695              		.syntax unified
 5696              	.L440:
 5697              	.LBE208:
 5698              	.LBE207:
4853:Middlewares/Third_Party/FreeRTOS/Source/tasks.c **** 
 5699              		.loc 1 4853 5 view .LVU1546
 5700 00c4 FEE7     		b	.L440
 5701              	.L439:
4853:Middlewares/Third_Party/FreeRTOS/Source/tasks.c **** 
 5702              		.loc 1 4853 82 view .LVU1547
4871:Middlewares/Third_Party/FreeRTOS/Source/tasks.c **** 				{
ARM GAS  D:\temp\TMP\ccyP8bey.s 			page 222


 5703              		.loc 1 4871 5 view .LVU1548
4871:Middlewares/Third_Party/FreeRTOS/Source/tasks.c **** 				{
 5704              		.loc 1 4871 14 is_stmt 0 view .LVU1549
 5705 00c6 EA6A     		ldr	r2, [r5, #44]
4871:Middlewares/Third_Party/FreeRTOS/Source/tasks.c **** 				{
 5706              		.loc 1 4871 41 view .LVU1550
 5707 00c8 0C4B     		ldr	r3, .L447+8
 5708 00ca 1B68     		ldr	r3, [r3]
 5709 00cc DB6A     		ldr	r3, [r3, #44]
4871:Middlewares/Third_Party/FreeRTOS/Source/tasks.c **** 				{
 5710              		.loc 1 4871 7 view .LVU1551
 5711 00ce 9A42     		cmp	r2, r3
 5712 00d0 0DD9     		bls	.L443
4875:Middlewares/Third_Party/FreeRTOS/Source/tasks.c **** 				}
 5713              		.loc 1 4875 6 is_stmt 1 view .LVU1552
 5714 00d2 4FF0E023 		mov	r3, #-536813568
 5715 00d6 4FF08052 		mov	r2, #268435456
 5716 00da C3F8042D 		str	r2, [r3, #3332]
4875:Middlewares/Third_Party/FreeRTOS/Source/tasks.c **** 				}
 5717              		.loc 1 4875 6 view .LVU1553
 5718              		.syntax unified
 5719              	@ 4875 "Middlewares/Third_Party/FreeRTOS/Source/tasks.c" 1
 5720 00de BFF34F8F 		dsb
 5721              	@ 0 "" 2
4875:Middlewares/Third_Party/FreeRTOS/Source/tasks.c **** 				}
 5722              		.loc 1 4875 6 view .LVU1554
 5723              	@ 4875 "Middlewares/Third_Party/FreeRTOS/Source/tasks.c" 1
 5724 00e2 BFF36F8F 		isb
 5725              	@ 0 "" 2
4875:Middlewares/Third_Party/FreeRTOS/Source/tasks.c **** 				}
 5726              		.loc 1 4875 37 view .LVU1555
 5727              		.thumb
 5728              		.syntax unified
 5729 00e6 0124     		movs	r4, #1
 5730 00e8 A7E7     		b	.L437
 5731              	.LVL369:
 5732              	.L441:
4825:Middlewares/Third_Party/FreeRTOS/Source/tasks.c **** 					}
 5733              		.loc 1 4825 15 is_stmt 0 view .LVU1556
 5734 00ea 0024     		movs	r4, #0
 5735 00ec A5E7     		b	.L437
 5736              	.LVL370:
 5737              	.L443:
4825:Middlewares/Third_Party/FreeRTOS/Source/tasks.c **** 					}
 5738              		.loc 1 4825 15 view .LVU1557
 5739 00ee 0124     		movs	r4, #1
 5740 00f0 A3E7     		b	.L437
 5741              	.L448:
 5742 00f2 00BF     		.align	2
 5743              	.L447:
 5744 00f4 00000000 		.word	uxTopReadyPriority
 5745 00f8 00000000 		.word	pxReadyTasksLists
 5746 00fc 00000000 		.word	pxCurrentTCB
 5747              		.cfi_endproc
 5748              	.LFE51:
 5750              		.section	.text.xTaskGenericNotifyFromISR,"ax",%progbits
 5751              		.align	1
ARM GAS  D:\temp\TMP\ccyP8bey.s 			page 223


 5752              		.global	xTaskGenericNotifyFromISR
 5753              		.syntax unified
 5754              		.thumb
 5755              		.thumb_func
 5757              	xTaskGenericNotifyFromISR:
 5758              	.LVL371:
 5759              	.LFB52:
4898:Middlewares/Third_Party/FreeRTOS/Source/tasks.c **** 	TCB_t * pxTCB;
 5760              		.loc 1 4898 2 is_stmt 1 view -0
 5761              		.cfi_startproc
 5762              		@ args = 4, pretend = 0, frame = 0
 5763              		@ frame_needed = 0, uses_anonymous_args = 0
4899:Middlewares/Third_Party/FreeRTOS/Source/tasks.c **** 	uint8_t ucOriginalNotifyState;
 5764              		.loc 1 4899 2 view .LVU1559
4900:Middlewares/Third_Party/FreeRTOS/Source/tasks.c **** 	BaseType_t xReturn = pdPASS;
 5765              		.loc 1 4900 2 view .LVU1560
4901:Middlewares/Third_Party/FreeRTOS/Source/tasks.c **** 	UBaseType_t uxSavedInterruptStatus;
 5766              		.loc 1 4901 2 view .LVU1561
4902:Middlewares/Third_Party/FreeRTOS/Source/tasks.c **** 
 5767              		.loc 1 4902 2 view .LVU1562
4904:Middlewares/Third_Party/FreeRTOS/Source/tasks.c **** 
 5768              		.loc 1 4904 3 view .LVU1563
 5769 0000 58B3     		cbz	r0, .L472
4898:Middlewares/Third_Party/FreeRTOS/Source/tasks.c **** 	TCB_t * pxTCB;
 5770              		.loc 1 4898 2 is_stmt 0 view .LVU1564
 5771 0002 2DE9F041 		push	{r4, r5, r6, r7, r8, lr}
 5772              	.LCFI51:
 5773              		.cfi_def_cfa_offset 24
 5774              		.cfi_offset 4, -24
 5775              		.cfi_offset 5, -20
 5776              		.cfi_offset 6, -16
 5777              		.cfi_offset 7, -12
 5778              		.cfi_offset 8, -8
 5779              		.cfi_offset 14, -4
 5780 0006 0F46     		mov	r7, r1
 5781 0008 1446     		mov	r4, r2
 5782 000a 1E46     		mov	r6, r3
 5783 000c 0546     		mov	r5, r0
4904:Middlewares/Third_Party/FreeRTOS/Source/tasks.c **** 
 5784              		.loc 1 4904 32 is_stmt 1 view .LVU1565
4922:Middlewares/Third_Party/FreeRTOS/Source/tasks.c **** 
 5785              		.loc 1 4922 3 view .LVU1566
 5786 000e FFF7FEFF 		bl	vPortValidateInterruptPriority
 5787              	.LVL372:
4924:Middlewares/Third_Party/FreeRTOS/Source/tasks.c **** 
 5788              		.loc 1 4924 3 view .LVU1567
4926:Middlewares/Third_Party/FreeRTOS/Source/tasks.c **** 		{
 5789              		.loc 1 4926 3 view .LVU1568
 5790              	.LBB209:
 5791              	.LBI209:
 207:Middlewares/Third_Party/FreeRTOS/Source/portable/GCC/ARM_CM4F/portmacro.h **** {
 5792              		.loc 2 207 34 view .LVU1569
 5793              	.LBB210:
 209:Middlewares/Third_Party/FreeRTOS/Source/portable/GCC/ARM_CM4F/portmacro.h **** 
 5794              		.loc 2 209 1 view .LVU1570
 211:Middlewares/Third_Party/FreeRTOS/Source/portable/GCC/ARM_CM4F/portmacro.h **** 	(
 5795              		.loc 2 211 2 view .LVU1571
ARM GAS  D:\temp\TMP\ccyP8bey.s 			page 224


 5796              		.syntax unified
 5797              	@ 211 "Middlewares/Third_Party/FreeRTOS/Source/portable/GCC/ARM_CM4F/portmacro.h" 1
 5798 0012 EFF31183 			mrs r3, basepri											
 5799 0016 4FF05002 		mov r2, #80												
 5800 001a 82F31188 		msr basepri, r2											
 5801 001e BFF36F8F 		isb														
 5802 0022 BFF34F8F 		dsb														
 5803              	
 5804              	@ 0 "" 2
 5805              		.thumb
 5806              		.syntax unified
 5807 0026 9846     		mov	r8, r3
 223:Middlewares/Third_Party/FreeRTOS/Source/portable/GCC/ARM_CM4F/portmacro.h **** }
 5808              		.loc 2 223 2 view .LVU1572
 5809              	.LVL373:
 223:Middlewares/Third_Party/FreeRTOS/Source/portable/GCC/ARM_CM4F/portmacro.h **** }
 5810              		.loc 2 223 2 is_stmt 0 view .LVU1573
 5811              	.LBE210:
 5812              	.LBE209:
4928:Middlewares/Third_Party/FreeRTOS/Source/tasks.c **** 			{
 5813              		.loc 1 4928 4 is_stmt 1 view .LVU1574
4928:Middlewares/Third_Party/FreeRTOS/Source/tasks.c **** 			{
 5814              		.loc 1 4928 6 is_stmt 0 view .LVU1575
 5815 0028 0EB1     		cbz	r6, .L452
4930:Middlewares/Third_Party/FreeRTOS/Source/tasks.c **** 			}
 5816              		.loc 1 4930 5 is_stmt 1 view .LVU1576
4930:Middlewares/Third_Party/FreeRTOS/Source/tasks.c **** 			}
 5817              		.loc 1 4930 42 is_stmt 0 view .LVU1577
 5818 002a EB6C     		ldr	r3, [r5, #76]
 5819              	.LVL374:
4930:Middlewares/Third_Party/FreeRTOS/Source/tasks.c **** 			}
 5820              		.loc 1 4930 35 view .LVU1578
 5821 002c 3360     		str	r3, [r6]
 5822              	.L452:
4933:Middlewares/Third_Party/FreeRTOS/Source/tasks.c **** 			pxTCB->ucNotifyState = taskNOTIFICATION_RECEIVED;
 5823              		.loc 1 4933 4 is_stmt 1 view .LVU1579
4933:Middlewares/Third_Party/FreeRTOS/Source/tasks.c **** 			pxTCB->ucNotifyState = taskNOTIFICATION_RECEIVED;
 5824              		.loc 1 4933 26 is_stmt 0 view .LVU1580
 5825 002e 95F85030 		ldrb	r3, [r5, #80]	@ zero_extendqisi2
 5826 0032 DBB2     		uxtb	r3, r3
 5827              	.LVL375:
4934:Middlewares/Third_Party/FreeRTOS/Source/tasks.c **** 
 5828              		.loc 1 4934 4 is_stmt 1 view .LVU1581
4934:Middlewares/Third_Party/FreeRTOS/Source/tasks.c **** 
 5829              		.loc 1 4934 25 is_stmt 0 view .LVU1582
 5830 0034 0222     		movs	r2, #2
 5831 0036 85F85020 		strb	r2, [r5, #80]
4936:Middlewares/Third_Party/FreeRTOS/Source/tasks.c **** 			{
 5832              		.loc 1 4936 4 is_stmt 1 view .LVU1583
 5833 003a 9442     		cmp	r4, r2
 5834 003c 1ED0     		beq	.L453
 5835 003e 15D8     		bhi	.L454
 5836 0040 24B1     		cbz	r4, .L455
 5837 0042 012C     		cmp	r4, #1
 5838 0044 20D1     		bne	.L457
4939:Middlewares/Third_Party/FreeRTOS/Source/tasks.c **** 					break;
 5839              		.loc 1 4939 6 view .LVU1584
ARM GAS  D:\temp\TMP\ccyP8bey.s 			page 225


4939:Middlewares/Third_Party/FreeRTOS/Source/tasks.c **** 					break;
 5840              		.loc 1 4939 11 is_stmt 0 view .LVU1585
 5841 0046 EA6C     		ldr	r2, [r5, #76]
4939:Middlewares/Third_Party/FreeRTOS/Source/tasks.c **** 					break;
 5842              		.loc 1 4939 29 view .LVU1586
 5843 0048 3A43     		orrs	r2, r2, r7
 5844 004a EA64     		str	r2, [r5, #76]
4940:Middlewares/Third_Party/FreeRTOS/Source/tasks.c **** 
 5845              		.loc 1 4940 6 is_stmt 1 view .LVU1587
 5846              	.L455:
4975:Middlewares/Third_Party/FreeRTOS/Source/tasks.c **** 
 5847              		.loc 1 4975 31 view .LVU1588
4979:Middlewares/Third_Party/FreeRTOS/Source/tasks.c **** 			{
 5848              		.loc 1 4979 4 view .LVU1589
4979:Middlewares/Third_Party/FreeRTOS/Source/tasks.c **** 			{
 5849              		.loc 1 4979 6 is_stmt 0 view .LVU1590
 5850 004c 012B     		cmp	r3, #1
 5851 004e 28D0     		beq	.L473
 5852 0050 0120     		movs	r0, #1
 5853              	.LVL376:
 5854              	.L460:
5012:Middlewares/Third_Party/FreeRTOS/Source/tasks.c **** 				}
 5855              		.loc 1 5012 30 is_stmt 1 view .LVU1591
5016:Middlewares/Third_Party/FreeRTOS/Source/tasks.c **** 
 5856              		.loc 1 5016 3 view .LVU1592
 5857              	.LBB211:
 5858              	.LBI211:
 227:Middlewares/Third_Party/FreeRTOS/Source/portable/GCC/ARM_CM4F/portmacro.h **** {
 5859              		.loc 2 227 30 view .LVU1593
 5860              	.LBB212:
 5861              		.loc 2 229 2 view .LVU1594
 5862              		.syntax unified
 5863              	@ 229 "Middlewares/Third_Party/FreeRTOS/Source/portable/GCC/ARM_CM4F/portmacro.h" 1
 5864 0052 88F31188 			msr basepri, r8	
 5865              	@ 0 "" 2
 5866              		.thumb
 5867              		.syntax unified
 5868              	.LBE212:
 5869              	.LBE211:
5018:Middlewares/Third_Party/FreeRTOS/Source/tasks.c **** 	}
 5870              		.loc 1 5018 3 view .LVU1595
5019:Middlewares/Third_Party/FreeRTOS/Source/tasks.c **** 
 5871              		.loc 1 5019 2 is_stmt 0 view .LVU1596
 5872 0056 BDE8F081 		pop	{r4, r5, r6, r7, r8, pc}
 5873              	.LVL377:
 5874              	.L472:
 5875              	.LCFI52:
 5876              		.cfi_def_cfa_offset 0
 5877              		.cfi_restore 4
 5878              		.cfi_restore 5
 5879              		.cfi_restore 6
 5880              		.cfi_restore 7
 5881              		.cfi_restore 8
 5882              		.cfi_restore 14
4904:Middlewares/Third_Party/FreeRTOS/Source/tasks.c **** 
 5883              		.loc 1 4904 3 is_stmt 1 discriminator 1 view .LVU1597
 5884              	.LBB213:
ARM GAS  D:\temp\TMP\ccyP8bey.s 			page 226


 5885              	.LBI213:
 191:Middlewares/Third_Party/FreeRTOS/Source/portable/GCC/ARM_CM4F/portmacro.h **** {
 5886              		.loc 2 191 30 view .LVU1598
 5887              	.LBB214:
 193:Middlewares/Third_Party/FreeRTOS/Source/portable/GCC/ARM_CM4F/portmacro.h **** 
 5888              		.loc 2 193 1 view .LVU1599
 195:Middlewares/Third_Party/FreeRTOS/Source/portable/GCC/ARM_CM4F/portmacro.h **** 	(
 5889              		.loc 2 195 2 view .LVU1600
 5890              		.syntax unified
 5891              	@ 195 "Middlewares/Third_Party/FreeRTOS/Source/portable/GCC/ARM_CM4F/portmacro.h" 1
 5892 005a 4FF05003 			mov r3, #80												
 5893 005e 83F31188 		msr basepri, r3											
 5894 0062 BFF36F8F 		isb														
 5895 0066 BFF34F8F 		dsb														
 5896              	
 5897              	@ 0 "" 2
 5898              	.LVL378:
 5899              		.thumb
 5900              		.syntax unified
 5901              	.L451:
 195:Middlewares/Third_Party/FreeRTOS/Source/portable/GCC/ARM_CM4F/portmacro.h **** 	(
 5902              		.loc 2 195 2 is_stmt 0 view .LVU1601
 5903              	.LBE214:
 5904              	.LBE213:
4904:Middlewares/Third_Party/FreeRTOS/Source/tasks.c **** 
 5905              		.loc 1 4904 3 is_stmt 1 view .LVU1602
 5906 006a FEE7     		b	.L451
 5907              	.LVL379:
 5908              	.L454:
 5909              	.LCFI53:
 5910              		.cfi_def_cfa_offset 24
 5911              		.cfi_offset 4, -24
 5912              		.cfi_offset 5, -20
 5913              		.cfi_offset 6, -16
 5914              		.cfi_offset 7, -12
 5915              		.cfi_offset 8, -8
 5916              		.cfi_offset 14, -4
4936:Middlewares/Third_Party/FreeRTOS/Source/tasks.c **** 			{
 5917              		.loc 1 4936 4 is_stmt 0 view .LVU1603
 5918 006c 032C     		cmp	r4, #3
 5919 006e 09D0     		beq	.L458
 5920 0070 042C     		cmp	r4, #4
 5921 0072 09D1     		bne	.L457
4951:Middlewares/Third_Party/FreeRTOS/Source/tasks.c **** 					{
 5922              		.loc 1 4951 6 is_stmt 1 view .LVU1604
4951:Middlewares/Third_Party/FreeRTOS/Source/tasks.c **** 					{
 5923              		.loc 1 4951 8 is_stmt 0 view .LVU1605
 5924 0074 022B     		cmp	r3, #2
 5925 0076 4AD0     		beq	.L467
4953:Middlewares/Third_Party/FreeRTOS/Source/tasks.c **** 					}
 5926              		.loc 1 4953 7 is_stmt 1 view .LVU1606
4953:Middlewares/Third_Party/FreeRTOS/Source/tasks.c **** 					}
 5927              		.loc 1 4953 30 is_stmt 0 view .LVU1607
 5928 0078 EF64     		str	r7, [r5, #76]
 5929 007a E7E7     		b	.L455
 5930              	.L453:
4943:Middlewares/Third_Party/FreeRTOS/Source/tasks.c **** 					break;
ARM GAS  D:\temp\TMP\ccyP8bey.s 			page 227


 5931              		.loc 1 4943 6 is_stmt 1 view .LVU1608
4943:Middlewares/Third_Party/FreeRTOS/Source/tasks.c **** 					break;
 5932              		.loc 1 4943 13 is_stmt 0 view .LVU1609
 5933 007c EA6C     		ldr	r2, [r5, #76]
4943:Middlewares/Third_Party/FreeRTOS/Source/tasks.c **** 					break;
 5934              		.loc 1 4943 32 view .LVU1610
 5935 007e 0132     		adds	r2, r2, #1
 5936 0080 EA64     		str	r2, [r5, #76]
4944:Middlewares/Third_Party/FreeRTOS/Source/tasks.c **** 
 5937              		.loc 1 4944 6 is_stmt 1 view .LVU1611
 5938 0082 E3E7     		b	.L455
 5939              	.L458:
4947:Middlewares/Third_Party/FreeRTOS/Source/tasks.c **** 					break;
 5940              		.loc 1 4947 6 view .LVU1612
4947:Middlewares/Third_Party/FreeRTOS/Source/tasks.c **** 					break;
 5941              		.loc 1 4947 29 is_stmt 0 view .LVU1613
 5942 0084 EF64     		str	r7, [r5, #76]
4948:Middlewares/Third_Party/FreeRTOS/Source/tasks.c **** 
 5943              		.loc 1 4948 6 is_stmt 1 view .LVU1614
 5944 0086 E1E7     		b	.L455
 5945              	.L457:
4971:Middlewares/Third_Party/FreeRTOS/Source/tasks.c **** 					break;
 5946              		.loc 1 4971 6 view .LVU1615
 5947 0088 EA6C     		ldr	r2, [r5, #76]
 5948 008a B2F1FF3F 		cmp	r2, #-1
 5949 008e DDD0     		beq	.L455
4971:Middlewares/Third_Party/FreeRTOS/Source/tasks.c **** 					break;
 5950              		.loc 1 4971 6 discriminator 1 view .LVU1616
 5951              	.LBB215:
 5952              	.LBI215:
 191:Middlewares/Third_Party/FreeRTOS/Source/portable/GCC/ARM_CM4F/portmacro.h **** {
 5953              		.loc 2 191 30 view .LVU1617
 5954              	.LBB216:
 193:Middlewares/Third_Party/FreeRTOS/Source/portable/GCC/ARM_CM4F/portmacro.h **** 
 5955              		.loc 2 193 1 view .LVU1618
 195:Middlewares/Third_Party/FreeRTOS/Source/portable/GCC/ARM_CM4F/portmacro.h **** 	(
 5956              		.loc 2 195 2 view .LVU1619
 5957              		.syntax unified
 5958              	@ 195 "Middlewares/Third_Party/FreeRTOS/Source/portable/GCC/ARM_CM4F/portmacro.h" 1
 5959 0090 4FF05003 			mov r3, #80												
 5960 0094 83F31188 		msr basepri, r3											
 5961 0098 BFF36F8F 		isb														
 5962 009c BFF34F8F 		dsb														
 5963              	
 5964              	@ 0 "" 2
 5965              	.LVL380:
 5966              		.thumb
 5967              		.syntax unified
 5968              	.L461:
 195:Middlewares/Third_Party/FreeRTOS/Source/portable/GCC/ARM_CM4F/portmacro.h **** 	(
 5969              		.loc 2 195 2 is_stmt 0 view .LVU1620
 5970              	.LBE216:
 5971              	.LBE215:
4971:Middlewares/Third_Party/FreeRTOS/Source/tasks.c **** 					break;
 5972              		.loc 1 4971 6 is_stmt 1 view .LVU1621
 5973 00a0 FEE7     		b	.L461
 5974              	.LVL381:
ARM GAS  D:\temp\TMP\ccyP8bey.s 			page 228


 5975              	.L473:
4982:Middlewares/Third_Party/FreeRTOS/Source/tasks.c **** 
 5976              		.loc 1 4982 5 view .LVU1622
 5977 00a2 AB6A     		ldr	r3, [r5, #40]
 5978              	.LVL382:
4982:Middlewares/Third_Party/FreeRTOS/Source/tasks.c **** 
 5979              		.loc 1 4982 5 is_stmt 0 view .LVU1623
 5980 00a4 43B1     		cbz	r3, .L462
4982:Middlewares/Third_Party/FreeRTOS/Source/tasks.c **** 
 5981              		.loc 1 4982 5 is_stmt 1 discriminator 1 view .LVU1624
 5982              	.LBB217:
 5983              	.LBI217:
 191:Middlewares/Third_Party/FreeRTOS/Source/portable/GCC/ARM_CM4F/portmacro.h **** {
 5984              		.loc 2 191 30 view .LVU1625
 5985              	.LBB218:
 193:Middlewares/Third_Party/FreeRTOS/Source/portable/GCC/ARM_CM4F/portmacro.h **** 
 5986              		.loc 2 193 1 view .LVU1626
 195:Middlewares/Third_Party/FreeRTOS/Source/portable/GCC/ARM_CM4F/portmacro.h **** 	(
 5987              		.loc 2 195 2 view .LVU1627
 5988              		.syntax unified
 5989              	@ 195 "Middlewares/Third_Party/FreeRTOS/Source/portable/GCC/ARM_CM4F/portmacro.h" 1
 5990 00a6 4FF05003 			mov r3, #80												
 5991 00aa 83F31188 		msr basepri, r3											
 5992 00ae BFF36F8F 		isb														
 5993 00b2 BFF34F8F 		dsb														
 5994              	
 5995              	@ 0 "" 2
 5996              		.thumb
 5997              		.syntax unified
 5998              	.L463:
 5999              	.LBE218:
 6000              	.LBE217:
4982:Middlewares/Third_Party/FreeRTOS/Source/tasks.c **** 
 6001              		.loc 1 4982 5 view .LVU1628
 6002 00b6 FEE7     		b	.L463
 6003              	.L462:
4982:Middlewares/Third_Party/FreeRTOS/Source/tasks.c **** 
 6004              		.loc 1 4982 82 view .LVU1629
4984:Middlewares/Third_Party/FreeRTOS/Source/tasks.c **** 				{
 6005              		.loc 1 4984 5 view .LVU1630
4984:Middlewares/Third_Party/FreeRTOS/Source/tasks.c **** 				{
 6006              		.loc 1 4984 30 is_stmt 0 view .LVU1631
 6007 00b8 174B     		ldr	r3, .L474
 6008 00ba 1B68     		ldr	r3, [r3]
4984:Middlewares/Third_Party/FreeRTOS/Source/tasks.c **** 				{
 6009              		.loc 1 4984 7 view .LVU1632
 6010 00bc 0BBB     		cbnz	r3, .L464
4986:Middlewares/Third_Party/FreeRTOS/Source/tasks.c **** 					prvAddTaskToReadyList( pxTCB );
 6011              		.loc 1 4986 6 is_stmt 1 view .LVU1633
4986:Middlewares/Third_Party/FreeRTOS/Source/tasks.c **** 					prvAddTaskToReadyList( pxTCB );
 6012              		.loc 1 4986 29 is_stmt 0 view .LVU1634
 6013 00be 2C1D     		adds	r4, r5, #4
 6014              	.LVL383:
4986:Middlewares/Third_Party/FreeRTOS/Source/tasks.c **** 					prvAddTaskToReadyList( pxTCB );
 6015              		.loc 1 4986 15 view .LVU1635
 6016 00c0 2046     		mov	r0, r4
 6017 00c2 FFF7FEFF 		bl	uxListRemove
ARM GAS  D:\temp\TMP\ccyP8bey.s 			page 229


 6018              	.LVL384:
4987:Middlewares/Third_Party/FreeRTOS/Source/tasks.c **** 				}
 6019              		.loc 1 4987 6 is_stmt 1 view .LVU1636
4987:Middlewares/Third_Party/FreeRTOS/Source/tasks.c **** 				}
 6020              		.loc 1 4987 6 view .LVU1637
 6021 00c6 E86A     		ldr	r0, [r5, #44]
 6022 00c8 0123     		movs	r3, #1
 6023 00ca 8340     		lsls	r3, r3, r0
 6024 00cc 134A     		ldr	r2, .L474+4
 6025 00ce 1168     		ldr	r1, [r2]
 6026 00d0 0B43     		orrs	r3, r3, r1
 6027 00d2 1360     		str	r3, [r2]
4987:Middlewares/Third_Party/FreeRTOS/Source/tasks.c **** 				}
 6028              		.loc 1 4987 6 view .LVU1638
 6029 00d4 00EB8000 		add	r0, r0, r0, lsl #2
 6030 00d8 2146     		mov	r1, r4
 6031 00da 114B     		ldr	r3, .L474+8
 6032 00dc 03EB8000 		add	r0, r3, r0, lsl #2
 6033 00e0 FFF7FEFF 		bl	vListInsertEnd
 6034              	.LVL385:
4987:Middlewares/Third_Party/FreeRTOS/Source/tasks.c **** 				}
 6035              		.loc 1 4987 36 discriminator 1 view .LVU1639
 6036              	.L465:
4996:Middlewares/Third_Party/FreeRTOS/Source/tasks.c **** 				{
 6037              		.loc 1 4996 5 view .LVU1640
4996:Middlewares/Third_Party/FreeRTOS/Source/tasks.c **** 				{
 6038              		.loc 1 4996 14 is_stmt 0 view .LVU1641
 6039 00e4 EA6A     		ldr	r2, [r5, #44]
4996:Middlewares/Third_Party/FreeRTOS/Source/tasks.c **** 				{
 6040              		.loc 1 4996 41 view .LVU1642
 6041 00e6 0F4B     		ldr	r3, .L474+12
 6042 00e8 1B68     		ldr	r3, [r3]
 6043 00ea DB6A     		ldr	r3, [r3, #44]
4996:Middlewares/Third_Party/FreeRTOS/Source/tasks.c **** 				{
 6044              		.loc 1 4996 7 view .LVU1643
 6045 00ec 9A42     		cmp	r2, r3
 6046 00ee 10D9     		bls	.L469
5000:Middlewares/Third_Party/FreeRTOS/Source/tasks.c **** 					{
 6047              		.loc 1 5000 6 is_stmt 1 view .LVU1644
5000:Middlewares/Third_Party/FreeRTOS/Source/tasks.c **** 					{
 6048              		.loc 1 5000 8 is_stmt 0 view .LVU1645
 6049 00f0 069B     		ldr	r3, [sp, #24]
 6050 00f2 13B1     		cbz	r3, .L466
5002:Middlewares/Third_Party/FreeRTOS/Source/tasks.c **** 					}
 6051              		.loc 1 5002 7 is_stmt 1 view .LVU1646
5002:Middlewares/Third_Party/FreeRTOS/Source/tasks.c **** 					}
 6052              		.loc 1 5002 34 is_stmt 0 view .LVU1647
 6053 00f4 0123     		movs	r3, #1
 6054 00f6 069A     		ldr	r2, [sp, #24]
 6055 00f8 1360     		str	r3, [r2]
 6056              	.L466:
5008:Middlewares/Third_Party/FreeRTOS/Source/tasks.c **** 				}
 6057              		.loc 1 5008 6 is_stmt 1 view .LVU1648
5008:Middlewares/Third_Party/FreeRTOS/Source/tasks.c **** 				}
 6058              		.loc 1 5008 20 is_stmt 0 view .LVU1649
 6059 00fa 0120     		movs	r0, #1
 6060 00fc 0A4B     		ldr	r3, .L474+16
ARM GAS  D:\temp\TMP\ccyP8bey.s 			page 230


 6061 00fe 1860     		str	r0, [r3]
 6062 0100 A7E7     		b	.L460
 6063              	.L464:
4993:Middlewares/Third_Party/FreeRTOS/Source/tasks.c **** 				}
 6064              		.loc 1 4993 6 is_stmt 1 view .LVU1650
 6065 0102 05F11801 		add	r1, r5, #24
 6066 0106 0948     		ldr	r0, .L474+20
 6067 0108 FFF7FEFF 		bl	vListInsertEnd
 6068              	.LVL386:
 6069 010c EAE7     		b	.L465
 6070              	.LVL387:
 6071              	.L467:
4958:Middlewares/Third_Party/FreeRTOS/Source/tasks.c **** 					}
 6072              		.loc 1 4958 15 is_stmt 0 view .LVU1651
 6073 010e 0020     		movs	r0, #0
 6074 0110 9FE7     		b	.L460
 6075              	.LVL388:
 6076              	.L469:
4958:Middlewares/Third_Party/FreeRTOS/Source/tasks.c **** 					}
 6077              		.loc 1 4958 15 view .LVU1652
 6078 0112 0120     		movs	r0, #1
 6079 0114 9DE7     		b	.L460
 6080              	.L475:
 6081 0116 00BF     		.align	2
 6082              	.L474:
 6083 0118 00000000 		.word	uxSchedulerSuspended
 6084 011c 00000000 		.word	uxTopReadyPriority
 6085 0120 00000000 		.word	pxReadyTasksLists
 6086 0124 00000000 		.word	pxCurrentTCB
 6087 0128 00000000 		.word	xYieldPending
 6088 012c 00000000 		.word	xPendingReadyList
 6089              		.cfi_endproc
 6090              	.LFE52:
 6092              		.section	.text.vTaskNotifyGiveFromISR,"ax",%progbits
 6093              		.align	1
 6094              		.global	vTaskNotifyGiveFromISR
 6095              		.syntax unified
 6096              		.thumb
 6097              		.thumb_func
 6099              	vTaskNotifyGiveFromISR:
 6100              	.LVL389:
 6101              	.LFB53:
5027:Middlewares/Third_Party/FreeRTOS/Source/tasks.c **** 	TCB_t * pxTCB;
 6102              		.loc 1 5027 2 is_stmt 1 view -0
 6103              		.cfi_startproc
 6104              		@ args = 0, pretend = 0, frame = 0
 6105              		@ frame_needed = 0, uses_anonymous_args = 0
5027:Middlewares/Third_Party/FreeRTOS/Source/tasks.c **** 	TCB_t * pxTCB;
 6106              		.loc 1 5027 2 is_stmt 0 view .LVU1654
 6107 0000 F8B5     		push	{r3, r4, r5, r6, r7, lr}
 6108              	.LCFI54:
 6109              		.cfi_def_cfa_offset 24
 6110              		.cfi_offset 3, -24
 6111              		.cfi_offset 4, -20
 6112              		.cfi_offset 5, -16
 6113              		.cfi_offset 6, -12
 6114              		.cfi_offset 7, -8
ARM GAS  D:\temp\TMP\ccyP8bey.s 			page 231


 6115              		.cfi_offset 14, -4
5028:Middlewares/Third_Party/FreeRTOS/Source/tasks.c **** 	uint8_t ucOriginalNotifyState;
 6116              		.loc 1 5028 2 is_stmt 1 view .LVU1655
5029:Middlewares/Third_Party/FreeRTOS/Source/tasks.c **** 	UBaseType_t uxSavedInterruptStatus;
 6117              		.loc 1 5029 2 view .LVU1656
5030:Middlewares/Third_Party/FreeRTOS/Source/tasks.c **** 
 6118              		.loc 1 5030 2 view .LVU1657
5032:Middlewares/Third_Party/FreeRTOS/Source/tasks.c **** 
 6119              		.loc 1 5032 3 view .LVU1658
 6120 0002 D8B1     		cbz	r0, .L486
 6121 0004 0E46     		mov	r6, r1
 6122 0006 0446     		mov	r4, r0
5032:Middlewares/Third_Party/FreeRTOS/Source/tasks.c **** 
 6123              		.loc 1 5032 32 view .LVU1659
5050:Middlewares/Third_Party/FreeRTOS/Source/tasks.c **** 
 6124              		.loc 1 5050 3 view .LVU1660
 6125 0008 FFF7FEFF 		bl	vPortValidateInterruptPriority
 6126              	.LVL390:
5052:Middlewares/Third_Party/FreeRTOS/Source/tasks.c **** 
 6127              		.loc 1 5052 3 view .LVU1661
5054:Middlewares/Third_Party/FreeRTOS/Source/tasks.c **** 		{
 6128              		.loc 1 5054 3 view .LVU1662
 6129              	.LBB219:
 6130              	.LBI219:
 207:Middlewares/Third_Party/FreeRTOS/Source/portable/GCC/ARM_CM4F/portmacro.h **** {
 6131              		.loc 2 207 34 view .LVU1663
 6132              	.LBB220:
 209:Middlewares/Third_Party/FreeRTOS/Source/portable/GCC/ARM_CM4F/portmacro.h **** 
 6133              		.loc 2 209 1 view .LVU1664
 211:Middlewares/Third_Party/FreeRTOS/Source/portable/GCC/ARM_CM4F/portmacro.h **** 	(
 6134              		.loc 2 211 2 view .LVU1665
 6135              		.syntax unified
 6136              	@ 211 "Middlewares/Third_Party/FreeRTOS/Source/portable/GCC/ARM_CM4F/portmacro.h" 1
 6137 000c EFF31183 			mrs r3, basepri											
 6138 0010 4FF05002 		mov r2, #80												
 6139 0014 82F31188 		msr basepri, r2											
 6140 0018 BFF36F8F 		isb														
 6141 001c BFF34F8F 		dsb														
 6142              	
 6143              	@ 0 "" 2
 6144              		.thumb
 6145              		.syntax unified
 6146 0020 1F46     		mov	r7, r3
 223:Middlewares/Third_Party/FreeRTOS/Source/portable/GCC/ARM_CM4F/portmacro.h **** }
 6147              		.loc 2 223 2 view .LVU1666
 6148              	.LVL391:
 223:Middlewares/Third_Party/FreeRTOS/Source/portable/GCC/ARM_CM4F/portmacro.h **** }
 6149              		.loc 2 223 2 is_stmt 0 view .LVU1667
 6150              	.LBE220:
 6151              	.LBE219:
5056:Middlewares/Third_Party/FreeRTOS/Source/tasks.c **** 			pxTCB->ucNotifyState = taskNOTIFICATION_RECEIVED;
 6152              		.loc 1 5056 4 is_stmt 1 view .LVU1668
5056:Middlewares/Third_Party/FreeRTOS/Source/tasks.c **** 			pxTCB->ucNotifyState = taskNOTIFICATION_RECEIVED;
 6153              		.loc 1 5056 26 is_stmt 0 view .LVU1669
 6154 0022 94F85020 		ldrb	r2, [r4, #80]	@ zero_extendqisi2
 6155              	.LVL392:
5057:Middlewares/Third_Party/FreeRTOS/Source/tasks.c **** 
ARM GAS  D:\temp\TMP\ccyP8bey.s 			page 232


 6156              		.loc 1 5057 4 is_stmt 1 view .LVU1670
5057:Middlewares/Third_Party/FreeRTOS/Source/tasks.c **** 
 6157              		.loc 1 5057 25 is_stmt 0 view .LVU1671
 6158 0026 0223     		movs	r3, #2
 6159              	.LVL393:
5057:Middlewares/Third_Party/FreeRTOS/Source/tasks.c **** 
 6160              		.loc 1 5057 25 view .LVU1672
 6161 0028 84F85030 		strb	r3, [r4, #80]
5061:Middlewares/Third_Party/FreeRTOS/Source/tasks.c **** 
 6162              		.loc 1 5061 4 is_stmt 1 view .LVU1673
5061:Middlewares/Third_Party/FreeRTOS/Source/tasks.c **** 
 6163              		.loc 1 5061 11 is_stmt 0 view .LVU1674
 6164 002c E36C     		ldr	r3, [r4, #76]
5061:Middlewares/Third_Party/FreeRTOS/Source/tasks.c **** 
 6165              		.loc 1 5061 30 view .LVU1675
 6166 002e 0133     		adds	r3, r3, #1
 6167 0030 E364     		str	r3, [r4, #76]
5063:Middlewares/Third_Party/FreeRTOS/Source/tasks.c **** 
 6168              		.loc 1 5063 36 is_stmt 1 view .LVU1676
5067:Middlewares/Third_Party/FreeRTOS/Source/tasks.c **** 			{
 6169              		.loc 1 5067 4 view .LVU1677
5067:Middlewares/Third_Party/FreeRTOS/Source/tasks.c **** 			{
 6170              		.loc 1 5067 6 is_stmt 0 view .LVU1678
 6171 0032 012A     		cmp	r2, #1
 6172 0034 0BD0     		beq	.L487
 6173              	.LVL394:
 6174              	.L479:
5100:Middlewares/Third_Party/FreeRTOS/Source/tasks.c **** 				}
 6175              		.loc 1 5100 30 is_stmt 1 view .LVU1679
5104:Middlewares/Third_Party/FreeRTOS/Source/tasks.c **** 	}
 6176              		.loc 1 5104 3 view .LVU1680
 6177              	.LBB221:
 6178              	.LBI221:
 227:Middlewares/Third_Party/FreeRTOS/Source/portable/GCC/ARM_CM4F/portmacro.h **** {
 6179              		.loc 2 227 30 view .LVU1681
 6180              	.LBB222:
 6181              		.loc 2 229 2 view .LVU1682
 6182              		.syntax unified
 6183              	@ 229 "Middlewares/Third_Party/FreeRTOS/Source/portable/GCC/ARM_CM4F/portmacro.h" 1
 6184 0036 87F31188 			msr basepri, r7	
 6185              	@ 0 "" 2
 6186              		.thumb
 6187              		.syntax unified
 6188              	.LBE222:
 6189              	.LBE221:
5105:Middlewares/Third_Party/FreeRTOS/Source/tasks.c **** 
 6190              		.loc 1 5105 2 is_stmt 0 view .LVU1683
 6191 003a F8BD     		pop	{r3, r4, r5, r6, r7, pc}
 6192              	.LVL395:
 6193              	.L486:
5032:Middlewares/Third_Party/FreeRTOS/Source/tasks.c **** 
 6194              		.loc 1 5032 3 is_stmt 1 discriminator 1 view .LVU1684
 6195              	.LBB223:
 6196              	.LBI223:
 191:Middlewares/Third_Party/FreeRTOS/Source/portable/GCC/ARM_CM4F/portmacro.h **** {
 6197              		.loc 2 191 30 view .LVU1685
 6198              	.LBB224:
ARM GAS  D:\temp\TMP\ccyP8bey.s 			page 233


 193:Middlewares/Third_Party/FreeRTOS/Source/portable/GCC/ARM_CM4F/portmacro.h **** 
 6199              		.loc 2 193 1 view .LVU1686
 195:Middlewares/Third_Party/FreeRTOS/Source/portable/GCC/ARM_CM4F/portmacro.h **** 	(
 6200              		.loc 2 195 2 view .LVU1687
 6201              		.syntax unified
 6202              	@ 195 "Middlewares/Third_Party/FreeRTOS/Source/portable/GCC/ARM_CM4F/portmacro.h" 1
 6203 003c 4FF05003 			mov r3, #80												
 6204 0040 83F31188 		msr basepri, r3											
 6205 0044 BFF36F8F 		isb														
 6206 0048 BFF34F8F 		dsb														
 6207              	
 6208              	@ 0 "" 2
 6209              		.thumb
 6210              		.syntax unified
 6211              	.L478:
 6212              	.LBE224:
 6213              	.LBE223:
5032:Middlewares/Third_Party/FreeRTOS/Source/tasks.c **** 
 6214              		.loc 1 5032 3 view .LVU1688
 6215 004c FEE7     		b	.L478
 6216              	.LVL396:
 6217              	.L487:
5070:Middlewares/Third_Party/FreeRTOS/Source/tasks.c **** 
 6218              		.loc 1 5070 5 view .LVU1689
 6219 004e A36A     		ldr	r3, [r4, #40]
 6220 0050 43B1     		cbz	r3, .L480
5070:Middlewares/Third_Party/FreeRTOS/Source/tasks.c **** 
 6221              		.loc 1 5070 5 discriminator 1 view .LVU1690
 6222              	.LBB225:
 6223              	.LBI225:
 191:Middlewares/Third_Party/FreeRTOS/Source/portable/GCC/ARM_CM4F/portmacro.h **** {
 6224              		.loc 2 191 30 view .LVU1691
 6225              	.LBB226:
 193:Middlewares/Third_Party/FreeRTOS/Source/portable/GCC/ARM_CM4F/portmacro.h **** 
 6226              		.loc 2 193 1 view .LVU1692
 195:Middlewares/Third_Party/FreeRTOS/Source/portable/GCC/ARM_CM4F/portmacro.h **** 	(
 6227              		.loc 2 195 2 view .LVU1693
 6228              		.syntax unified
 6229              	@ 195 "Middlewares/Third_Party/FreeRTOS/Source/portable/GCC/ARM_CM4F/portmacro.h" 1
 6230 0052 4FF05003 			mov r3, #80												
 6231 0056 83F31188 		msr basepri, r3											
 6232 005a BFF36F8F 		isb														
 6233 005e BFF34F8F 		dsb														
 6234              	
 6235              	@ 0 "" 2
 6236              		.thumb
 6237              		.syntax unified
 6238              	.L481:
 6239              	.LBE226:
 6240              	.LBE225:
5070:Middlewares/Third_Party/FreeRTOS/Source/tasks.c **** 
 6241              		.loc 1 5070 5 view .LVU1694
 6242 0062 FEE7     		b	.L481
 6243              	.L480:
5070:Middlewares/Third_Party/FreeRTOS/Source/tasks.c **** 
 6244              		.loc 1 5070 82 view .LVU1695
5072:Middlewares/Third_Party/FreeRTOS/Source/tasks.c **** 				{
ARM GAS  D:\temp\TMP\ccyP8bey.s 			page 234


 6245              		.loc 1 5072 5 view .LVU1696
5072:Middlewares/Third_Party/FreeRTOS/Source/tasks.c **** 				{
 6246              		.loc 1 5072 30 is_stmt 0 view .LVU1697
 6247 0064 144B     		ldr	r3, .L488
 6248 0066 1B68     		ldr	r3, [r3]
5072:Middlewares/Third_Party/FreeRTOS/Source/tasks.c **** 				{
 6249              		.loc 1 5072 7 view .LVU1698
 6250 0068 03BB     		cbnz	r3, .L482
5074:Middlewares/Third_Party/FreeRTOS/Source/tasks.c **** 					prvAddTaskToReadyList( pxTCB );
 6251              		.loc 1 5074 6 is_stmt 1 view .LVU1699
5074:Middlewares/Third_Party/FreeRTOS/Source/tasks.c **** 					prvAddTaskToReadyList( pxTCB );
 6252              		.loc 1 5074 29 is_stmt 0 view .LVU1700
 6253 006a 231D     		adds	r3, r4, #4
 6254 006c 1D46     		mov	r5, r3
5074:Middlewares/Third_Party/FreeRTOS/Source/tasks.c **** 					prvAddTaskToReadyList( pxTCB );
 6255              		.loc 1 5074 15 view .LVU1701
 6256 006e 1846     		mov	r0, r3
 6257 0070 FFF7FEFF 		bl	uxListRemove
 6258              	.LVL397:
5075:Middlewares/Third_Party/FreeRTOS/Source/tasks.c **** 				}
 6259              		.loc 1 5075 6 is_stmt 1 view .LVU1702
5075:Middlewares/Third_Party/FreeRTOS/Source/tasks.c **** 				}
 6260              		.loc 1 5075 6 view .LVU1703
 6261 0074 E06A     		ldr	r0, [r4, #44]
 6262 0076 0123     		movs	r3, #1
 6263 0078 8340     		lsls	r3, r3, r0
 6264 007a 104A     		ldr	r2, .L488+4
 6265 007c 1168     		ldr	r1, [r2]
 6266 007e 0B43     		orrs	r3, r3, r1
 6267 0080 1360     		str	r3, [r2]
5075:Middlewares/Third_Party/FreeRTOS/Source/tasks.c **** 				}
 6268              		.loc 1 5075 6 view .LVU1704
 6269 0082 00EB8000 		add	r0, r0, r0, lsl #2
 6270 0086 2946     		mov	r1, r5
 6271 0088 0D4B     		ldr	r3, .L488+8
 6272 008a 03EB8000 		add	r0, r3, r0, lsl #2
 6273 008e FFF7FEFF 		bl	vListInsertEnd
 6274              	.LVL398:
5075:Middlewares/Third_Party/FreeRTOS/Source/tasks.c **** 				}
 6275              		.loc 1 5075 36 discriminator 1 view .LVU1705
 6276              	.L483:
5084:Middlewares/Third_Party/FreeRTOS/Source/tasks.c **** 				{
 6277              		.loc 1 5084 5 view .LVU1706
5084:Middlewares/Third_Party/FreeRTOS/Source/tasks.c **** 				{
 6278              		.loc 1 5084 14 is_stmt 0 view .LVU1707
 6279 0092 E26A     		ldr	r2, [r4, #44]
5084:Middlewares/Third_Party/FreeRTOS/Source/tasks.c **** 				{
 6280              		.loc 1 5084 41 view .LVU1708
 6281 0094 0B4B     		ldr	r3, .L488+12
 6282 0096 1B68     		ldr	r3, [r3]
 6283 0098 DB6A     		ldr	r3, [r3, #44]
5084:Middlewares/Third_Party/FreeRTOS/Source/tasks.c **** 				{
 6284              		.loc 1 5084 7 view .LVU1709
 6285 009a 9A42     		cmp	r2, r3
 6286 009c CBD9     		bls	.L479
5088:Middlewares/Third_Party/FreeRTOS/Source/tasks.c **** 					{
 6287              		.loc 1 5088 6 is_stmt 1 view .LVU1710
ARM GAS  D:\temp\TMP\ccyP8bey.s 			page 235


5088:Middlewares/Third_Party/FreeRTOS/Source/tasks.c **** 					{
 6288              		.loc 1 5088 8 is_stmt 0 view .LVU1711
 6289 009e 0EB1     		cbz	r6, .L484
5090:Middlewares/Third_Party/FreeRTOS/Source/tasks.c **** 					}
 6290              		.loc 1 5090 7 is_stmt 1 view .LVU1712
5090:Middlewares/Third_Party/FreeRTOS/Source/tasks.c **** 					}
 6291              		.loc 1 5090 34 is_stmt 0 view .LVU1713
 6292 00a0 0123     		movs	r3, #1
 6293 00a2 3360     		str	r3, [r6]
 6294              	.L484:
5096:Middlewares/Third_Party/FreeRTOS/Source/tasks.c **** 				}
 6295              		.loc 1 5096 6 is_stmt 1 view .LVU1714
5096:Middlewares/Third_Party/FreeRTOS/Source/tasks.c **** 				}
 6296              		.loc 1 5096 20 is_stmt 0 view .LVU1715
 6297 00a4 084B     		ldr	r3, .L488+16
 6298 00a6 0122     		movs	r2, #1
 6299 00a8 1A60     		str	r2, [r3]
 6300 00aa C4E7     		b	.L479
 6301              	.LVL399:
 6302              	.L482:
5081:Middlewares/Third_Party/FreeRTOS/Source/tasks.c **** 				}
 6303              		.loc 1 5081 6 is_stmt 1 view .LVU1716
 6304 00ac 04F11801 		add	r1, r4, #24
 6305 00b0 0648     		ldr	r0, .L488+20
 6306 00b2 FFF7FEFF 		bl	vListInsertEnd
 6307              	.LVL400:
5081:Middlewares/Third_Party/FreeRTOS/Source/tasks.c **** 				}
 6308              		.loc 1 5081 6 is_stmt 0 view .LVU1717
 6309 00b6 ECE7     		b	.L483
 6310              	.L489:
 6311              		.align	2
 6312              	.L488:
 6313 00b8 00000000 		.word	uxSchedulerSuspended
 6314 00bc 00000000 		.word	uxTopReadyPriority
 6315 00c0 00000000 		.word	pxReadyTasksLists
 6316 00c4 00000000 		.word	pxCurrentTCB
 6317 00c8 00000000 		.word	xYieldPending
 6318 00cc 00000000 		.word	xPendingReadyList
 6319              		.cfi_endproc
 6320              	.LFE53:
 6322              		.section	.text.xTaskNotifyStateClear,"ax",%progbits
 6323              		.align	1
 6324              		.global	xTaskNotifyStateClear
 6325              		.syntax unified
 6326              		.thumb
 6327              		.thumb_func
 6329              	xTaskNotifyStateClear:
 6330              	.LVL401:
 6331              	.LFB54:
5113:Middlewares/Third_Party/FreeRTOS/Source/tasks.c **** 	TCB_t *pxTCB;
 6332              		.loc 1 5113 2 is_stmt 1 view -0
 6333              		.cfi_startproc
 6334              		@ args = 0, pretend = 0, frame = 0
 6335              		@ frame_needed = 0, uses_anonymous_args = 0
5113:Middlewares/Third_Party/FreeRTOS/Source/tasks.c **** 	TCB_t *pxTCB;
 6336              		.loc 1 5113 2 is_stmt 0 view .LVU1719
 6337 0000 10B5     		push	{r4, lr}
ARM GAS  D:\temp\TMP\ccyP8bey.s 			page 236


 6338              	.LCFI55:
 6339              		.cfi_def_cfa_offset 8
 6340              		.cfi_offset 4, -8
 6341              		.cfi_offset 14, -4
5114:Middlewares/Third_Party/FreeRTOS/Source/tasks.c **** 	BaseType_t xReturn;
 6342              		.loc 1 5114 2 is_stmt 1 view .LVU1720
5115:Middlewares/Third_Party/FreeRTOS/Source/tasks.c **** 
 6343              		.loc 1 5115 2 view .LVU1721
5119:Middlewares/Third_Party/FreeRTOS/Source/tasks.c **** 
 6344              		.loc 1 5119 3 view .LVU1722
5119:Middlewares/Third_Party/FreeRTOS/Source/tasks.c **** 
 6345              		.loc 1 5119 11 is_stmt 0 view .LVU1723
 6346 0002 0446     		mov	r4, r0
 6347 0004 58B1     		cbz	r0, .L495
 6348              	.LVL402:
 6349              	.L491:
5121:Middlewares/Third_Party/FreeRTOS/Source/tasks.c **** 		{
 6350              		.loc 1 5121 3 is_stmt 1 view .LVU1724
 6351 0006 FFF7FEFF 		bl	vPortEnterCritical
 6352              	.LVL403:
5123:Middlewares/Third_Party/FreeRTOS/Source/tasks.c **** 			{
 6353              		.loc 1 5123 4 view .LVU1725
5123:Middlewares/Third_Party/FreeRTOS/Source/tasks.c **** 			{
 6354              		.loc 1 5123 13 is_stmt 0 view .LVU1726
 6355 000a 94F85030 		ldrb	r3, [r4, #80]	@ zero_extendqisi2
5123:Middlewares/Third_Party/FreeRTOS/Source/tasks.c **** 			{
 6356              		.loc 1 5123 6 view .LVU1727
 6357 000e 022B     		cmp	r3, #2
 6358 0010 09D0     		beq	.L496
5130:Middlewares/Third_Party/FreeRTOS/Source/tasks.c **** 			}
 6359              		.loc 1 5130 13 view .LVU1728
 6360 0012 0023     		movs	r3, #0
 6361 0014 1C46     		mov	r4, r3
 6362              	.LVL404:
 6363              	.L492:
5133:Middlewares/Third_Party/FreeRTOS/Source/tasks.c **** 
 6364              		.loc 1 5133 3 is_stmt 1 view .LVU1729
 6365 0016 FFF7FEFF 		bl	vPortExitCritical
 6366              	.LVL405:
5135:Middlewares/Third_Party/FreeRTOS/Source/tasks.c **** 	}
 6367              		.loc 1 5135 3 view .LVU1730
5136:Middlewares/Third_Party/FreeRTOS/Source/tasks.c **** 
 6368              		.loc 1 5136 2 is_stmt 0 view .LVU1731
 6369 001a 2046     		mov	r0, r4
 6370 001c 10BD     		pop	{r4, pc}
 6371              	.LVL406:
 6372              	.L495:
5119:Middlewares/Third_Party/FreeRTOS/Source/tasks.c **** 
 6373              		.loc 1 5119 9 discriminator 1 view .LVU1732
 6374 001e 054B     		ldr	r3, .L497
 6375 0020 1B68     		ldr	r3, [r3]
 6376              	.LVL407:
5119:Middlewares/Third_Party/FreeRTOS/Source/tasks.c **** 
 6377              		.loc 1 5119 9 discriminator 1 view .LVU1733
 6378 0022 1C46     		mov	r4, r3
 6379 0024 EFE7     		b	.L491
 6380              	.LVL408:
ARM GAS  D:\temp\TMP\ccyP8bey.s 			page 237


 6381              	.L496:
5125:Middlewares/Third_Party/FreeRTOS/Source/tasks.c **** 				xReturn = pdPASS;
 6382              		.loc 1 5125 5 is_stmt 1 view .LVU1734
5125:Middlewares/Third_Party/FreeRTOS/Source/tasks.c **** 				xReturn = pdPASS;
 6383              		.loc 1 5125 26 is_stmt 0 view .LVU1735
 6384 0026 0023     		movs	r3, #0
 6385 0028 84F85030 		strb	r3, [r4, #80]
5126:Middlewares/Third_Party/FreeRTOS/Source/tasks.c **** 			}
 6386              		.loc 1 5126 5 is_stmt 1 view .LVU1736
 6387              	.LVL409:
5126:Middlewares/Third_Party/FreeRTOS/Source/tasks.c **** 			}
 6388              		.loc 1 5126 13 is_stmt 0 view .LVU1737
 6389 002c 0123     		movs	r3, #1
 6390 002e 1C46     		mov	r4, r3
 6391              	.LVL410:
5126:Middlewares/Third_Party/FreeRTOS/Source/tasks.c **** 			}
 6392              		.loc 1 5126 13 view .LVU1738
 6393 0030 F1E7     		b	.L492
 6394              	.L498:
 6395 0032 00BF     		.align	2
 6396              	.L497:
 6397 0034 00000000 		.word	pxCurrentTCB
 6398              		.cfi_endproc
 6399              	.LFE54:
 6401              		.section	.text.ulTaskNotifyValueClear,"ax",%progbits
 6402              		.align	1
 6403              		.global	ulTaskNotifyValueClear
 6404              		.syntax unified
 6405              		.thumb
 6406              		.thumb_func
 6408              	ulTaskNotifyValueClear:
 6409              	.LVL411:
 6410              	.LFB55:
5144:Middlewares/Third_Party/FreeRTOS/Source/tasks.c **** 	TCB_t *pxTCB;
 6411              		.loc 1 5144 2 is_stmt 1 view -0
 6412              		.cfi_startproc
 6413              		@ args = 0, pretend = 0, frame = 0
 6414              		@ frame_needed = 0, uses_anonymous_args = 0
5144:Middlewares/Third_Party/FreeRTOS/Source/tasks.c **** 	TCB_t *pxTCB;
 6415              		.loc 1 5144 2 is_stmt 0 view .LVU1740
 6416 0000 70B5     		push	{r4, r5, r6, lr}
 6417              	.LCFI56:
 6418              		.cfi_def_cfa_offset 16
 6419              		.cfi_offset 4, -16
 6420              		.cfi_offset 5, -12
 6421              		.cfi_offset 6, -8
 6422              		.cfi_offset 14, -4
 6423 0002 0E46     		mov	r6, r1
5145:Middlewares/Third_Party/FreeRTOS/Source/tasks.c **** 	uint32_t ulReturn;
 6424              		.loc 1 5145 2 is_stmt 1 view .LVU1741
5146:Middlewares/Third_Party/FreeRTOS/Source/tasks.c **** 
 6425              		.loc 1 5146 2 view .LVU1742
5150:Middlewares/Third_Party/FreeRTOS/Source/tasks.c **** 
 6426              		.loc 1 5150 3 view .LVU1743
5150:Middlewares/Third_Party/FreeRTOS/Source/tasks.c **** 
 6427              		.loc 1 5150 11 is_stmt 0 view .LVU1744
 6428 0004 0446     		mov	r4, r0
ARM GAS  D:\temp\TMP\ccyP8bey.s 			page 238


 6429 0006 60B1     		cbz	r0, .L502
 6430              	.LVL412:
 6431              	.L500:
5152:Middlewares/Third_Party/FreeRTOS/Source/tasks.c **** 		{
 6432              		.loc 1 5152 3 is_stmt 1 view .LVU1745
 6433 0008 FFF7FEFF 		bl	vPortEnterCritical
 6434              	.LVL413:
5156:Middlewares/Third_Party/FreeRTOS/Source/tasks.c **** 			pxTCB->ulNotifiedValue &= ~ulBitsToClear;
 6435              		.loc 1 5156 4 view .LVU1746
5156:Middlewares/Third_Party/FreeRTOS/Source/tasks.c **** 			pxTCB->ulNotifiedValue &= ~ulBitsToClear;
 6436              		.loc 1 5156 27 is_stmt 0 view .LVU1747
 6437 000c 064B     		ldr	r3, .L503
 6438 000e 1B68     		ldr	r3, [r3]
5156:Middlewares/Third_Party/FreeRTOS/Source/tasks.c **** 			pxTCB->ulNotifiedValue &= ~ulBitsToClear;
 6439              		.loc 1 5156 13 view .LVU1748
 6440 0010 DD6C     		ldr	r5, [r3, #76]
 6441              	.LVL414:
5157:Middlewares/Third_Party/FreeRTOS/Source/tasks.c **** 		}
 6442              		.loc 1 5157 4 is_stmt 1 view .LVU1749
5157:Middlewares/Third_Party/FreeRTOS/Source/tasks.c **** 		}
 6443              		.loc 1 5157 9 is_stmt 0 view .LVU1750
 6444 0012 E36C     		ldr	r3, [r4, #76]
5157:Middlewares/Third_Party/FreeRTOS/Source/tasks.c **** 		}
 6445              		.loc 1 5157 27 view .LVU1751
 6446 0014 23EA0603 		bic	r3, r3, r6
 6447 0018 E364     		str	r3, [r4, #76]
5159:Middlewares/Third_Party/FreeRTOS/Source/tasks.c **** 
 6448              		.loc 1 5159 3 is_stmt 1 view .LVU1752
 6449 001a FFF7FEFF 		bl	vPortExitCritical
 6450              	.LVL415:
5161:Middlewares/Third_Party/FreeRTOS/Source/tasks.c **** 	}
 6451              		.loc 1 5161 3 view .LVU1753
5162:Middlewares/Third_Party/FreeRTOS/Source/tasks.c **** 
 6452              		.loc 1 5162 2 is_stmt 0 view .LVU1754
 6453 001e 2846     		mov	r0, r5
 6454 0020 70BD     		pop	{r4, r5, r6, pc}
 6455              	.LVL416:
 6456              	.L502:
5150:Middlewares/Third_Party/FreeRTOS/Source/tasks.c **** 
 6457              		.loc 1 5150 9 discriminator 1 view .LVU1755
 6458 0022 014B     		ldr	r3, .L503
 6459 0024 1C68     		ldr	r4, [r3]
 6460              	.LVL417:
5150:Middlewares/Third_Party/FreeRTOS/Source/tasks.c **** 
 6461              		.loc 1 5150 9 discriminator 1 view .LVU1756
 6462 0026 EFE7     		b	.L500
 6463              	.L504:
 6464              		.align	2
 6465              	.L503:
 6466 0028 00000000 		.word	pxCurrentTCB
 6467              		.cfi_endproc
 6468              	.LFE55:
 6470              		.section	.bss.uxSchedulerSuspended,"aw",%nobits
 6471              		.align	2
 6474              	uxSchedulerSuspended:
 6475 0000 00000000 		.space	4
 6476              		.section	.bss.xIdleTaskHandle,"aw",%nobits
ARM GAS  D:\temp\TMP\ccyP8bey.s 			page 239


 6477              		.align	2
 6480              	xIdleTaskHandle:
 6481 0000 00000000 		.space	4
 6482              		.section	.bss.xNextTaskUnblockTime,"aw",%nobits
 6483              		.align	2
 6486              	xNextTaskUnblockTime:
 6487 0000 00000000 		.space	4
 6488              		.section	.bss.uxTaskNumber,"aw",%nobits
 6489              		.align	2
 6492              	uxTaskNumber:
 6493 0000 00000000 		.space	4
 6494              		.section	.bss.xNumOfOverflows,"aw",%nobits
 6495              		.align	2
 6498              	xNumOfOverflows:
 6499 0000 00000000 		.space	4
 6500              		.section	.bss.xYieldPending,"aw",%nobits
 6501              		.align	2
 6504              	xYieldPending:
 6505 0000 00000000 		.space	4
 6506              		.section	.bss.xPendedTicks,"aw",%nobits
 6507              		.align	2
 6510              	xPendedTicks:
 6511 0000 00000000 		.space	4
 6512              		.section	.bss.xSchedulerRunning,"aw",%nobits
 6513              		.align	2
 6516              	xSchedulerRunning:
 6517 0000 00000000 		.space	4
 6518              		.section	.bss.uxTopReadyPriority,"aw",%nobits
 6519              		.align	2
 6522              	uxTopReadyPriority:
 6523 0000 00000000 		.space	4
 6524              		.section	.bss.xTickCount,"aw",%nobits
 6525              		.align	2
 6528              	xTickCount:
 6529 0000 00000000 		.space	4
 6530              		.section	.bss.uxCurrentNumberOfTasks,"aw",%nobits
 6531              		.align	2
 6534              	uxCurrentNumberOfTasks:
 6535 0000 00000000 		.space	4
 6536              		.section	.bss.xSuspendedTaskList,"aw",%nobits
 6537              		.align	2
 6540              	xSuspendedTaskList:
 6541 0000 00000000 		.space	20
 6541      00000000 
 6541      00000000 
 6541      00000000 
 6541      00000000 
 6542              		.section	.bss.uxDeletedTasksWaitingCleanUp,"aw",%nobits
 6543              		.align	2
 6546              	uxDeletedTasksWaitingCleanUp:
 6547 0000 00000000 		.space	4
 6548              		.section	.bss.xTasksWaitingTermination,"aw",%nobits
 6549              		.align	2
 6552              	xTasksWaitingTermination:
 6553 0000 00000000 		.space	20
 6553      00000000 
 6553      00000000 
ARM GAS  D:\temp\TMP\ccyP8bey.s 			page 240


 6553      00000000 
 6553      00000000 
 6554              		.section	.bss.xPendingReadyList,"aw",%nobits
 6555              		.align	2
 6558              	xPendingReadyList:
 6559 0000 00000000 		.space	20
 6559      00000000 
 6559      00000000 
 6559      00000000 
 6559      00000000 
 6560              		.section	.bss.pxOverflowDelayedTaskList,"aw",%nobits
 6561              		.align	2
 6564              	pxOverflowDelayedTaskList:
 6565 0000 00000000 		.space	4
 6566              		.section	.bss.pxDelayedTaskList,"aw",%nobits
 6567              		.align	2
 6570              	pxDelayedTaskList:
 6571 0000 00000000 		.space	4
 6572              		.section	.bss.xDelayedTaskList2,"aw",%nobits
 6573              		.align	2
 6576              	xDelayedTaskList2:
 6577 0000 00000000 		.space	20
 6577      00000000 
 6577      00000000 
 6577      00000000 
 6577      00000000 
 6578              		.section	.bss.xDelayedTaskList1,"aw",%nobits
 6579              		.align	2
 6582              	xDelayedTaskList1:
 6583 0000 00000000 		.space	20
 6583      00000000 
 6583      00000000 
 6583      00000000 
 6583      00000000 
 6584              		.section	.bss.pxReadyTasksLists,"aw",%nobits
 6585              		.align	2
 6588              	pxReadyTasksLists:
 6589 0000 00000000 		.space	140
 6589      00000000 
 6589      00000000 
 6589      00000000 
 6589      00000000 
 6590              		.global	pxCurrentTCB
 6591              		.section	.bss.pxCurrentTCB,"aw",%nobits
 6592              		.align	2
 6595              	pxCurrentTCB:
 6596 0000 00000000 		.space	4
 6597              		.text
 6598              	.Letext0:
 6599              		.file 3 "D:/VS_STM32/gcc-arm-15.2/lib/gcc/arm-none-eabi/15.2.1/include/stddef.h"
 6600              		.file 4 "D:/VS_STM32/gcc-arm-15.2/arm-none-eabi/include/machine/_default_types.h"
 6601              		.file 5 "D:/VS_STM32/gcc-arm-15.2/arm-none-eabi/include/sys/_stdint.h"
 6602              		.file 6 "Middlewares/Third_Party/FreeRTOS/Source/include/projdefs.h"
 6603              		.file 7 "Middlewares/Third_Party/FreeRTOS/Source/include/FreeRTOS.h"
 6604              		.file 8 "Middlewares/Third_Party/FreeRTOS/Source/include/list.h"
 6605              		.file 9 "Middlewares/Third_Party/FreeRTOS/Source/include/task.h"
 6606              		.file 10 "Middlewares/Third_Party/FreeRTOS/Source/include/portable.h"
ARM GAS  D:\temp\TMP\ccyP8bey.s 			page 241


ARM GAS  D:\temp\TMP\ccyP8bey.s 			page 242


DEFINED SYMBOLS
                            *ABS*:00000000 tasks.c
D:\temp\TMP\ccyP8bey.s:20     .text.prvTaskIsTaskSuspended:00000000 $t
D:\temp\TMP\ccyP8bey.s:25     .text.prvTaskIsTaskSuspended:00000000 prvTaskIsTaskSuspended
D:\temp\TMP\ccyP8bey.s:110    .text.prvTaskIsTaskSuspended:00000038 $d
D:\temp\TMP\ccyP8bey.s:6540   .bss.xSuspendedTaskList:00000000 xSuspendedTaskList
D:\temp\TMP\ccyP8bey.s:6558   .bss.xPendingReadyList:00000000 xPendingReadyList
D:\temp\TMP\ccyP8bey.s:116    .text.prvResetNextTaskUnblockTime:00000000 $t
D:\temp\TMP\ccyP8bey.s:121    .text.prvResetNextTaskUnblockTime:00000000 prvResetNextTaskUnblockTime
D:\temp\TMP\ccyP8bey.s:164    .text.prvResetNextTaskUnblockTime:00000024 $d
D:\temp\TMP\ccyP8bey.s:6570   .bss.pxDelayedTaskList:00000000 pxDelayedTaskList
D:\temp\TMP\ccyP8bey.s:6486   .bss.xNextTaskUnblockTime:00000000 xNextTaskUnblockTime
D:\temp\TMP\ccyP8bey.s:170    .text.prvInitialiseNewTask:00000000 $t
D:\temp\TMP\ccyP8bey.s:175    .text.prvInitialiseNewTask:00000000 prvInitialiseNewTask
D:\temp\TMP\ccyP8bey.s:331    .text.prvInitialiseTaskLists:00000000 $t
D:\temp\TMP\ccyP8bey.s:336    .text.prvInitialiseTaskLists:00000000 prvInitialiseTaskLists
D:\temp\TMP\ccyP8bey.s:410    .text.prvInitialiseTaskLists:00000048 $d
D:\temp\TMP\ccyP8bey.s:6588   .bss.pxReadyTasksLists:00000000 pxReadyTasksLists
D:\temp\TMP\ccyP8bey.s:6582   .bss.xDelayedTaskList1:00000000 xDelayedTaskList1
D:\temp\TMP\ccyP8bey.s:6576   .bss.xDelayedTaskList2:00000000 xDelayedTaskList2
D:\temp\TMP\ccyP8bey.s:6552   .bss.xTasksWaitingTermination:00000000 xTasksWaitingTermination
D:\temp\TMP\ccyP8bey.s:6564   .bss.pxOverflowDelayedTaskList:00000000 pxOverflowDelayedTaskList
D:\temp\TMP\ccyP8bey.s:422    .text.prvAddNewTaskToReadyList:00000000 $t
D:\temp\TMP\ccyP8bey.s:427    .text.prvAddNewTaskToReadyList:00000000 prvAddNewTaskToReadyList
D:\temp\TMP\ccyP8bey.s:563    .text.prvAddNewTaskToReadyList:00000090 $d
D:\temp\TMP\ccyP8bey.s:6534   .bss.uxCurrentNumberOfTasks:00000000 uxCurrentNumberOfTasks
D:\temp\TMP\ccyP8bey.s:6595   .bss.pxCurrentTCB:00000000 pxCurrentTCB
D:\temp\TMP\ccyP8bey.s:6516   .bss.xSchedulerRunning:00000000 xSchedulerRunning
D:\temp\TMP\ccyP8bey.s:6492   .bss.uxTaskNumber:00000000 uxTaskNumber
D:\temp\TMP\ccyP8bey.s:6522   .bss.uxTopReadyPriority:00000000 uxTopReadyPriority
D:\temp\TMP\ccyP8bey.s:573    .text.prvDeleteTCB:00000000 $t
D:\temp\TMP\ccyP8bey.s:578    .text.prvDeleteTCB:00000000 prvDeleteTCB
D:\temp\TMP\ccyP8bey.s:652    .text.prvCheckTasksWaitingTermination:00000000 $t
D:\temp\TMP\ccyP8bey.s:657    .text.prvCheckTasksWaitingTermination:00000000 prvCheckTasksWaitingTermination
D:\temp\TMP\ccyP8bey.s:730    .text.prvCheckTasksWaitingTermination:00000040 $d
D:\temp\TMP\ccyP8bey.s:6546   .bss.uxDeletedTasksWaitingCleanUp:00000000 uxDeletedTasksWaitingCleanUp
D:\temp\TMP\ccyP8bey.s:737    .text.prvIdleTask:00000000 $t
D:\temp\TMP\ccyP8bey.s:742    .text.prvIdleTask:00000000 prvIdleTask
D:\temp\TMP\ccyP8bey.s:791    .text.prvIdleTask:00000024 $d
D:\temp\TMP\ccyP8bey.s:796    .text.prvAddCurrentTaskToDelayedList:00000000 $t
D:\temp\TMP\ccyP8bey.s:801    .text.prvAddCurrentTaskToDelayedList:00000000 prvAddCurrentTaskToDelayedList
D:\temp\TMP\ccyP8bey.s:924    .text.prvAddCurrentTaskToDelayedList:00000084 $d
D:\temp\TMP\ccyP8bey.s:6528   .bss.xTickCount:00000000 xTickCount
D:\temp\TMP\ccyP8bey.s:935    .text.xTaskCreateStatic:00000000 $t
D:\temp\TMP\ccyP8bey.s:941    .text.xTaskCreateStatic:00000000 xTaskCreateStatic
D:\temp\TMP\ccyP8bey.s:1105   .text.xTaskCreate:00000000 $t
D:\temp\TMP\ccyP8bey.s:1111   .text.xTaskCreate:00000000 xTaskCreate
D:\temp\TMP\ccyP8bey.s:1228   .text.vTaskDelete:00000000 $t
D:\temp\TMP\ccyP8bey.s:1234   .text.vTaskDelete:00000000 vTaskDelete
D:\temp\TMP\ccyP8bey.s:1417   .text.vTaskDelete:000000bc $d
D:\temp\TMP\ccyP8bey.s:6474   .bss.uxSchedulerSuspended:00000000 uxSchedulerSuspended
D:\temp\TMP\ccyP8bey.s:1430   .text.uxTaskPriorityGet:00000000 $t
D:\temp\TMP\ccyP8bey.s:1436   .text.uxTaskPriorityGet:00000000 uxTaskPriorityGet
D:\temp\TMP\ccyP8bey.s:1482   .text.uxTaskPriorityGet:0000001c $d
D:\temp\TMP\ccyP8bey.s:1487   .text.uxTaskPriorityGetFromISR:00000000 $t
D:\temp\TMP\ccyP8bey.s:1493   .text.uxTaskPriorityGetFromISR:00000000 uxTaskPriorityGetFromISR
D:\temp\TMP\ccyP8bey.s:1572   .text.uxTaskPriorityGetFromISR:0000002c $d
ARM GAS  D:\temp\TMP\ccyP8bey.s 			page 243


D:\temp\TMP\ccyP8bey.s:1577   .text.vTaskPrioritySet:00000000 $t
D:\temp\TMP\ccyP8bey.s:1583   .text.vTaskPrioritySet:00000000 vTaskPrioritySet
D:\temp\TMP\ccyP8bey.s:1831   .text.vTaskPrioritySet:000000e4 $d
D:\temp\TMP\ccyP8bey.s:1838   .text.vTaskResume:00000000 $t
D:\temp\TMP\ccyP8bey.s:1844   .text.vTaskResume:00000000 vTaskResume
D:\temp\TMP\ccyP8bey.s:1973   .text.vTaskResume:0000007c $d
D:\temp\TMP\ccyP8bey.s:1980   .text.xTaskResumeFromISR:00000000 $t
D:\temp\TMP\ccyP8bey.s:1986   .text.xTaskResumeFromISR:00000000 xTaskResumeFromISR
D:\temp\TMP\ccyP8bey.s:2159   .text.xTaskResumeFromISR:0000009c $d
D:\temp\TMP\ccyP8bey.s:2168   .rodata.vTaskStartScheduler.str1.4:00000000 $d
D:\temp\TMP\ccyP8bey.s:2172   .text.vTaskStartScheduler:00000000 $t
D:\temp\TMP\ccyP8bey.s:2178   .text.vTaskStartScheduler:00000000 vTaskStartScheduler
D:\temp\TMP\ccyP8bey.s:2282   .text.vTaskStartScheduler:0000005c $d
D:\temp\TMP\ccyP8bey.s:6480   .bss.xIdleTaskHandle:00000000 xIdleTaskHandle
D:\temp\TMP\ccyP8bey.s:2292   .text.vTaskEndScheduler:00000000 $t
D:\temp\TMP\ccyP8bey.s:2298   .text.vTaskEndScheduler:00000000 vTaskEndScheduler
D:\temp\TMP\ccyP8bey.s:2341   .text.vTaskEndScheduler:00000020 $d
D:\temp\TMP\ccyP8bey.s:2346   .text.vTaskSuspendAll:00000000 $t
D:\temp\TMP\ccyP8bey.s:2352   .text.vTaskSuspendAll:00000000 vTaskSuspendAll
D:\temp\TMP\ccyP8bey.s:2371   .text.vTaskSuspendAll:0000000c $d
D:\temp\TMP\ccyP8bey.s:2376   .text.xTaskGetTickCount:00000000 $t
D:\temp\TMP\ccyP8bey.s:2382   .text.xTaskGetTickCount:00000000 xTaskGetTickCount
D:\temp\TMP\ccyP8bey.s:2403   .text.xTaskGetTickCount:00000008 $d
D:\temp\TMP\ccyP8bey.s:2408   .text.xTaskGetTickCountFromISR:00000000 $t
D:\temp\TMP\ccyP8bey.s:2414   .text.xTaskGetTickCountFromISR:00000000 xTaskGetTickCountFromISR
D:\temp\TMP\ccyP8bey.s:2443   .text.xTaskGetTickCountFromISR:0000000c $d
D:\temp\TMP\ccyP8bey.s:2448   .text.uxTaskGetNumberOfTasks:00000000 $t
D:\temp\TMP\ccyP8bey.s:2454   .text.uxTaskGetNumberOfTasks:00000000 uxTaskGetNumberOfTasks
D:\temp\TMP\ccyP8bey.s:2470   .text.uxTaskGetNumberOfTasks:00000008 $d
D:\temp\TMP\ccyP8bey.s:2475   .text.pcTaskGetName:00000000 $t
D:\temp\TMP\ccyP8bey.s:2481   .text.pcTaskGetName:00000000 pcTaskGetName
D:\temp\TMP\ccyP8bey.s:2537   .text.pcTaskGetName:00000024 $d
D:\temp\TMP\ccyP8bey.s:2542   .text.xTaskIncrementTick:00000000 $t
D:\temp\TMP\ccyP8bey.s:2548   .text.xTaskIncrementTick:00000000 xTaskIncrementTick
D:\temp\TMP\ccyP8bey.s:2821   .text.xTaskIncrementTick:000000f8 $d
D:\temp\TMP\ccyP8bey.s:6498   .bss.xNumOfOverflows:00000000 xNumOfOverflows
D:\temp\TMP\ccyP8bey.s:6504   .bss.xYieldPending:00000000 xYieldPending
D:\temp\TMP\ccyP8bey.s:6510   .bss.xPendedTicks:00000000 xPendedTicks
D:\temp\TMP\ccyP8bey.s:2836   .text.xTaskResumeAll:00000000 $t
D:\temp\TMP\ccyP8bey.s:2842   .text.xTaskResumeAll:00000000 xTaskResumeAll
D:\temp\TMP\ccyP8bey.s:3074   .text.xTaskResumeAll:000000d8 $d
D:\temp\TMP\ccyP8bey.s:3086   .text.vTaskDelay:00000000 $t
D:\temp\TMP\ccyP8bey.s:3092   .text.vTaskDelay:00000000 vTaskDelay
D:\temp\TMP\ccyP8bey.s:3181   .text.vTaskDelay:00000048 $d
D:\temp\TMP\ccyP8bey.s:3186   .text.xTaskCatchUpTicks:00000000 $t
D:\temp\TMP\ccyP8bey.s:3192   .text.xTaskCatchUpTicks:00000000 xTaskCatchUpTicks
D:\temp\TMP\ccyP8bey.s:3256   .text.xTaskCatchUpTicks:00000030 $d
D:\temp\TMP\ccyP8bey.s:3262   .text.vTaskSwitchContext:00000000 $t
D:\temp\TMP\ccyP8bey.s:3268   .text.vTaskSwitchContext:00000000 vTaskSwitchContext
D:\temp\TMP\ccyP8bey.s:3407   .text.vTaskSwitchContext:00000084 $d
D:\temp\TMP\ccyP8bey.s:3418   .text.vTaskSuspend:00000000 $t
D:\temp\TMP\ccyP8bey.s:3424   .text.vTaskSuspend:00000000 vTaskSuspend
D:\temp\TMP\ccyP8bey.s:3625   .text.vTaskSuspend:000000cc $d
D:\temp\TMP\ccyP8bey.s:3636   .text.vTaskPlaceOnEventList:00000000 $t
D:\temp\TMP\ccyP8bey.s:3642   .text.vTaskPlaceOnEventList:00000000 vTaskPlaceOnEventList
D:\temp\TMP\ccyP8bey.s:3706   .text.vTaskPlaceOnEventList:0000002c $d
D:\temp\TMP\ccyP8bey.s:3711   .text.vTaskPlaceOnUnorderedEventList:00000000 $t
ARM GAS  D:\temp\TMP\ccyP8bey.s 			page 244


D:\temp\TMP\ccyP8bey.s:3717   .text.vTaskPlaceOnUnorderedEventList:00000000 vTaskPlaceOnUnorderedEventList
D:\temp\TMP\ccyP8bey.s:3826   .text.vTaskPlaceOnUnorderedEventList:00000050 $d
D:\temp\TMP\ccyP8bey.s:3832   .text.xTaskRemoveFromEventList:00000000 $t
D:\temp\TMP\ccyP8bey.s:3838   .text.xTaskRemoveFromEventList:00000000 xTaskRemoveFromEventList
D:\temp\TMP\ccyP8bey.s:3969   .text.xTaskRemoveFromEventList:00000078 $d
D:\temp\TMP\ccyP8bey.s:3979   .text.vTaskRemoveFromUnorderedEventList:00000000 $t
D:\temp\TMP\ccyP8bey.s:3985   .text.vTaskRemoveFromUnorderedEventList:00000000 vTaskRemoveFromUnorderedEventList
D:\temp\TMP\ccyP8bey.s:4115   .text.vTaskRemoveFromUnorderedEventList:00000078 $d
D:\temp\TMP\ccyP8bey.s:4124   .text.vTaskSetTimeOutState:00000000 $t
D:\temp\TMP\ccyP8bey.s:4130   .text.vTaskSetTimeOutState:00000000 vTaskSetTimeOutState
D:\temp\TMP\ccyP8bey.s:4196   .text.vTaskSetTimeOutState:00000030 $d
D:\temp\TMP\ccyP8bey.s:4202   .text.vTaskInternalSetTimeOutState:00000000 $t
D:\temp\TMP\ccyP8bey.s:4208   .text.vTaskInternalSetTimeOutState:00000000 vTaskInternalSetTimeOutState
D:\temp\TMP\ccyP8bey.s:4231   .text.vTaskInternalSetTimeOutState:00000010 $d
D:\temp\TMP\ccyP8bey.s:4237   .text.xTaskCheckForTimeOut:00000000 $t
D:\temp\TMP\ccyP8bey.s:4243   .text.xTaskCheckForTimeOut:00000000 xTaskCheckForTimeOut
D:\temp\TMP\ccyP8bey.s:4423   .text.xTaskCheckForTimeOut:00000080 $d
D:\temp\TMP\ccyP8bey.s:4430   .text.vTaskMissedYield:00000000 $t
D:\temp\TMP\ccyP8bey.s:4436   .text.vTaskMissedYield:00000000 vTaskMissedYield
D:\temp\TMP\ccyP8bey.s:4453   .text.vTaskMissedYield:00000008 $d
D:\temp\TMP\ccyP8bey.s:4458   .text.xTaskGetCurrentTaskHandle:00000000 $t
D:\temp\TMP\ccyP8bey.s:4464   .text.xTaskGetCurrentTaskHandle:00000000 xTaskGetCurrentTaskHandle
D:\temp\TMP\ccyP8bey.s:4483   .text.xTaskGetCurrentTaskHandle:00000008 $d
D:\temp\TMP\ccyP8bey.s:4488   .text.xTaskGetSchedulerState:00000000 $t
D:\temp\TMP\ccyP8bey.s:4494   .text.xTaskGetSchedulerState:00000000 xTaskGetSchedulerState
D:\temp\TMP\ccyP8bey.s:4532   .text.xTaskGetSchedulerState:00000018 $d
D:\temp\TMP\ccyP8bey.s:4538   .text.xTaskPriorityInherit:00000000 $t
D:\temp\TMP\ccyP8bey.s:4544   .text.xTaskPriorityInherit:00000000 xTaskPriorityInherit
D:\temp\TMP\ccyP8bey.s:4703   .text.xTaskPriorityInherit:000000a0 $d
D:\temp\TMP\ccyP8bey.s:4710   .text.xTaskPriorityDisinherit:00000000 $t
D:\temp\TMP\ccyP8bey.s:4716   .text.xTaskPriorityDisinherit:00000000 xTaskPriorityDisinherit
D:\temp\TMP\ccyP8bey.s:4898   .text.xTaskPriorityDisinherit:000000a4 $d
D:\temp\TMP\ccyP8bey.s:4905   .text.vTaskPriorityDisinheritAfterTimeout:00000000 $t
D:\temp\TMP\ccyP8bey.s:4911   .text.vTaskPriorityDisinheritAfterTimeout:00000000 vTaskPriorityDisinheritAfterTimeout
D:\temp\TMP\ccyP8bey.s:5103   .text.vTaskPriorityDisinheritAfterTimeout:000000a8 $d
D:\temp\TMP\ccyP8bey.s:5110   .text.uxTaskResetEventItemValue:00000000 $t
D:\temp\TMP\ccyP8bey.s:5116   .text.uxTaskResetEventItemValue:00000000 uxTaskResetEventItemValue
D:\temp\TMP\ccyP8bey.s:5143   .text.uxTaskResetEventItemValue:00000014 $d
D:\temp\TMP\ccyP8bey.s:5148   .text.pvTaskIncrementMutexHeldCount:00000000 $t
D:\temp\TMP\ccyP8bey.s:5154   .text.pvTaskIncrementMutexHeldCount:00000000 pvTaskIncrementMutexHeldCount
D:\temp\TMP\ccyP8bey.s:5185   .text.pvTaskIncrementMutexHeldCount:00000018 $d
D:\temp\TMP\ccyP8bey.s:5190   .text.ulTaskNotifyTake:00000000 $t
D:\temp\TMP\ccyP8bey.s:5196   .text.ulTaskNotifyTake:00000000 ulTaskNotifyTake
D:\temp\TMP\ccyP8bey.s:5318   .text.ulTaskNotifyTake:00000074 $d
D:\temp\TMP\ccyP8bey.s:5323   .text.xTaskNotifyWait:00000000 $t
D:\temp\TMP\ccyP8bey.s:5329   .text.xTaskNotifyWait:00000000 xTaskNotifyWait
D:\temp\TMP\ccyP8bey.s:5471   .text.xTaskNotifyWait:00000094 $d
D:\temp\TMP\ccyP8bey.s:5476   .text.xTaskGenericNotify:00000000 $t
D:\temp\TMP\ccyP8bey.s:5482   .text.xTaskGenericNotify:00000000 xTaskGenericNotify
D:\temp\TMP\ccyP8bey.s:5744   .text.xTaskGenericNotify:000000f4 $d
D:\temp\TMP\ccyP8bey.s:5751   .text.xTaskGenericNotifyFromISR:00000000 $t
D:\temp\TMP\ccyP8bey.s:5757   .text.xTaskGenericNotifyFromISR:00000000 xTaskGenericNotifyFromISR
D:\temp\TMP\ccyP8bey.s:6083   .text.xTaskGenericNotifyFromISR:00000118 $d
D:\temp\TMP\ccyP8bey.s:6093   .text.vTaskNotifyGiveFromISR:00000000 $t
D:\temp\TMP\ccyP8bey.s:6099   .text.vTaskNotifyGiveFromISR:00000000 vTaskNotifyGiveFromISR
D:\temp\TMP\ccyP8bey.s:6313   .text.vTaskNotifyGiveFromISR:000000b8 $d
D:\temp\TMP\ccyP8bey.s:6323   .text.xTaskNotifyStateClear:00000000 $t
ARM GAS  D:\temp\TMP\ccyP8bey.s 			page 245


D:\temp\TMP\ccyP8bey.s:6329   .text.xTaskNotifyStateClear:00000000 xTaskNotifyStateClear
D:\temp\TMP\ccyP8bey.s:6397   .text.xTaskNotifyStateClear:00000034 $d
D:\temp\TMP\ccyP8bey.s:6402   .text.ulTaskNotifyValueClear:00000000 $t
D:\temp\TMP\ccyP8bey.s:6408   .text.ulTaskNotifyValueClear:00000000 ulTaskNotifyValueClear
D:\temp\TMP\ccyP8bey.s:6466   .text.ulTaskNotifyValueClear:00000028 $d
D:\temp\TMP\ccyP8bey.s:6471   .bss.uxSchedulerSuspended:00000000 $d
D:\temp\TMP\ccyP8bey.s:6477   .bss.xIdleTaskHandle:00000000 $d
D:\temp\TMP\ccyP8bey.s:6483   .bss.xNextTaskUnblockTime:00000000 $d
D:\temp\TMP\ccyP8bey.s:6489   .bss.uxTaskNumber:00000000 $d
D:\temp\TMP\ccyP8bey.s:6495   .bss.xNumOfOverflows:00000000 $d
D:\temp\TMP\ccyP8bey.s:6501   .bss.xYieldPending:00000000 $d
D:\temp\TMP\ccyP8bey.s:6507   .bss.xPendedTicks:00000000 $d
D:\temp\TMP\ccyP8bey.s:6513   .bss.xSchedulerRunning:00000000 $d
D:\temp\TMP\ccyP8bey.s:6519   .bss.uxTopReadyPriority:00000000 $d
D:\temp\TMP\ccyP8bey.s:6525   .bss.xTickCount:00000000 $d
D:\temp\TMP\ccyP8bey.s:6531   .bss.uxCurrentNumberOfTasks:00000000 $d
D:\temp\TMP\ccyP8bey.s:6537   .bss.xSuspendedTaskList:00000000 $d
D:\temp\TMP\ccyP8bey.s:6543   .bss.uxDeletedTasksWaitingCleanUp:00000000 $d
D:\temp\TMP\ccyP8bey.s:6549   .bss.xTasksWaitingTermination:00000000 $d
D:\temp\TMP\ccyP8bey.s:6555   .bss.xPendingReadyList:00000000 $d
D:\temp\TMP\ccyP8bey.s:6561   .bss.pxOverflowDelayedTaskList:00000000 $d
D:\temp\TMP\ccyP8bey.s:6567   .bss.pxDelayedTaskList:00000000 $d
D:\temp\TMP\ccyP8bey.s:6573   .bss.xDelayedTaskList2:00000000 $d
D:\temp\TMP\ccyP8bey.s:6579   .bss.xDelayedTaskList1:00000000 $d
D:\temp\TMP\ccyP8bey.s:6585   .bss.pxReadyTasksLists:00000000 $d
D:\temp\TMP\ccyP8bey.s:6592   .bss.pxCurrentTCB:00000000 $d

UNDEFINED SYMBOLS
vListInitialiseItem
pxPortInitialiseStack
vListInitialise
vPortEnterCritical
vListInsertEnd
vPortExitCritical
vPortFree
uxListRemove
vListInsert
pvPortMalloc
vPortValidateInterruptPriority
vApplicationGetIdleTaskMemory
xPortStartScheduler
vPortEndScheduler
